Category,Subcategory,Enrichment,p-value,observed,miRNAs/precursors
Diseases (HMDD2),Colorectal Neoplasms,enriched,5.05E-09,51,hsa-mir-210; hsa-mir-183; hsa-mir-147b; hsa-mir-139; hsa-mir-708; hsa-let-7c; hsa-mir-218-1; hsa-mir-30a; hsa-mir-200a; hsa-mir-9-1; hsa-mir-9-3; hsa-mir-96; hsa-mir-9-2; hsa-mir-133a-1; hsa-mir-451a; hsa-mir-196a-2; hsa-mir-7-1; hsa-mir-133a-2; hsa-mir-182; hsa-mir-133b; hsa-mir-144; hsa-mir-135b; hsa-mir-218-2; hsa-mir-195; hsa-mir-1-2; hsa-mir-31; hsa-mir-375; hsa-mir-206; hsa-mir-21; hsa-mir-1-1; hsa-mir-520a; hsa-mir-301a; hsa-mir-124-3; hsa-mir-143; hsa-mir-345; hsa-mir-372; hsa-mir-328; hsa-mir-216b; hsa-mir-137; hsa-mir-141; hsa-mir-124-1; hsa-mir-215; hsa-mir-135a-2; hsa-mir-194-2; hsa-mir-194-1; hsa-mir-124-2; hsa-mir-142; hsa-mir-1246; hsa-mir-211; hsa-mir-7-3; hsa-mir-373
Diseases (HMDD2),Breast Neoplasms,enriched,1.96E-08,65,hsa-mir-210; hsa-mir-183; hsa-mir-139; hsa-mir-708; hsa-let-7c; hsa-mir-153-2; hsa-mir-218-1; hsa-mir-196a-1; hsa-mir-30a; hsa-mir-200a; hsa-mir-9-1; hsa-mir-9-3; hsa-mir-96; hsa-mir-9-2; hsa-mir-133a-1; hsa-mir-451a; hsa-mir-196a-2; hsa-mir-7-1; hsa-mir-133a-2; hsa-mir-182; hsa-mir-133b; hsa-mir-135b; hsa-mir-218-2; hsa-mir-195; hsa-mir-1-2; hsa-mir-409; hsa-mir-301b; hsa-let-7d; hsa-mir-31; hsa-mir-375; hsa-mir-516b-1; hsa-mir-206; hsa-mir-21; hsa-mir-1-1; hsa-mir-520a; hsa-mir-3186; hsa-mir-301a; hsa-mir-124-3; hsa-mir-143; hsa-mir-345; hsa-mir-328; hsa-mir-493; hsa-mir-197; hsa-mir-137; hsa-mir-141; hsa-mir-520d; hsa-mir-1323; hsa-mir-124-1; hsa-mir-215; hsa-mir-135a-2; hsa-mir-194-2; hsa-mir-194-1; hsa-mir-124-2; hsa-mir-187; hsa-mir-516b-2; hsa-mir-7-3; hsa-mir-519c; hsa-mir-205; hsa-mir-495; hsa-mir-515-1; hsa-mir-519d; hsa-mir-515-2; hsa-mir-632; hsa-mir-383; hsa-mir-373
Diseases (HMDD2),Lung Neoplasms,enriched,5.60E-07,45,hsa-mir-210; hsa-mir-183; hsa-let-7c; hsa-mir-196a-1; hsa-mir-30a; hsa-mir-200a; hsa-mir-9-1; hsa-mir-9-3; hsa-mir-96; hsa-mir-9-2; hsa-mir-133a-1; hsa-mir-33b; hsa-mir-196a-2; hsa-mir-7-1; hsa-mir-182; hsa-mir-133b; hsa-mir-135b; hsa-mir-218-2; hsa-mir-1-2; hsa-let-7d; hsa-mir-31; hsa-mir-375; hsa-mir-206; hsa-mir-21; hsa-mir-134; hsa-mir-1-1; hsa-mir-301a; hsa-mir-124-3; hsa-mir-143; hsa-mir-487b; hsa-mir-216b; hsa-mir-197; hsa-mir-137; hsa-mir-376a-1; hsa-mir-192; hsa-mir-124-1; hsa-mir-135a-2; hsa-mir-124-2; hsa-mir-136; hsa-mir-381; hsa-mir-142; hsa-mir-376a-2; hsa-mir-7-3; hsa-mir-205; hsa-mir-216a
Diseases (HMDD2),Urinary Bladder Neoplasms,enriched,3.89E-06,37,hsa-mir-210; hsa-mir-183; hsa-mir-139; hsa-mir-708; hsa-mir-218-1; hsa-mir-200a; hsa-mir-9-1; hsa-mir-9-3; hsa-mir-96; hsa-mir-9-2; hsa-mir-133a-1; hsa-mir-196a-2; hsa-mir-7-1; hsa-mir-133a-2; hsa-mir-182; hsa-mir-133b; hsa-mir-135b; hsa-mir-517a; hsa-mir-218-2; hsa-mir-195; hsa-mir-1-2; hsa-mir-196b; hsa-mir-31; hsa-mir-21; hsa-mir-1-1; hsa-mir-143; hsa-mir-328; hsa-mir-493; hsa-mir-141; hsa-mir-192; hsa-mir-503; hsa-mir-142; hsa-mir-7-3; hsa-mir-205; hsa-mir-944; hsa-mir-449a; hsa-mir-1229
Diseases (HMDD2),"Carcinoma, Hepatocellular",enriched,5.84E-06,63,hsa-mir-210; hsa-mir-183; hsa-mir-139; hsa-let-7c; hsa-mir-130b; hsa-mir-218-1; hsa-mir-196a-1; hsa-mir-30a; hsa-mir-200a; hsa-mir-96; hsa-mir-105-1; hsa-mir-451a; hsa-mir-196a-2; hsa-mir-7-1; hsa-mir-182; hsa-mir-133b; hsa-mir-105-2; hsa-mir-144; hsa-mir-517a; hsa-mir-218-2; hsa-mir-323b; hsa-mir-195; hsa-mir-1-2; hsa-mir-518b; hsa-mir-409; hsa-let-7d; hsa-mir-31; hsa-mir-375; hsa-mir-21; hsa-mir-134; hsa-mir-1-1; hsa-mir-526b; hsa-mir-301a; hsa-mir-124-3; hsa-mir-345; hsa-mir-372; hsa-mir-493; hsa-mir-197; hsa-mir-141; hsa-mir-520d; hsa-mir-376a-1; hsa-mir-192; hsa-mir-124-1; hsa-mir-135a-2; hsa-mir-503; hsa-mir-517c; hsa-mir-217; hsa-mir-124-2; hsa-mir-187; hsa-mir-381; hsa-mir-142; hsa-mir-376a-2; hsa-mir-7-3; hsa-mir-205; hsa-mir-449b; hsa-mir-519d; hsa-mir-512-1; hsa-mir-490; hsa-mir-615; hsa-mir-373; hsa-mir-216a; hsa-mir-485; hsa-mir-512-2
Diseases (HMDD2),Prostatic Neoplasms,enriched,8.46E-06,37,hsa-mir-183; hsa-mir-708; hsa-let-7c; hsa-mir-130b; hsa-mir-153-2; hsa-mir-218-1; hsa-mir-200a; hsa-mir-96; hsa-mir-133a-1; hsa-mir-133a-2; hsa-mir-182; hsa-mir-133b; hsa-mir-135b; hsa-mir-195; hsa-mir-1-2; hsa-mir-196b; hsa-mir-409; hsa-mir-301b; hsa-let-7d; hsa-mir-31; hsa-mir-375; hsa-mir-21; hsa-mir-1-1; hsa-mir-301a; hsa-mir-124-3; hsa-mir-143; hsa-mir-616; hsa-mir-141; hsa-mir-124-1; hsa-mir-194-2; hsa-mir-194-1; hsa-mir-154; hsa-mir-124-2; hsa-mir-205; hsa-mir-519d; hsa-mir-373; hsa-mir-449a
Diseases (HMDD2),Thyroid Neoplasms,enriched,9.31E-06,22,hsa-mir-183; hsa-mir-200a; hsa-mir-9-1; hsa-mir-9-3; hsa-mir-9-2; hsa-mir-7-1; hsa-mir-133b; hsa-mir-144; hsa-mir-218-2; hsa-mir-323b; hsa-mir-1-2; hsa-mir-31; hsa-mir-375; hsa-mir-21; hsa-mir-1-1; hsa-mir-323a; hsa-mir-328; hsa-mir-197; hsa-mir-371a; hsa-mir-141; hsa-mir-154; hsa-mir-7-3
Diseases (HMDD2),Esophageal Neoplasms,enriched,2.51E-05,21,hsa-mir-210; hsa-mir-183; hsa-let-7c; hsa-mir-130b; hsa-mir-196a-1; hsa-mir-200a; hsa-mir-133a-1; hsa-mir-451a; hsa-mir-196a-2; hsa-mir-133a-2; hsa-mir-135b; hsa-mir-196b; hsa-mir-518b; hsa-mir-31; hsa-mir-375; hsa-mir-21; hsa-mir-143; hsa-mir-141; hsa-mir-1246; hsa-mir-519c; hsa-mir-205
Diseases (HMDD2),Pancreatic Neoplasms,enriched,2.51E-05,32,hsa-mir-210; hsa-mir-183; hsa-mir-708; hsa-let-7c; hsa-mir-218-1; hsa-mir-196a-1; hsa-mir-200a; hsa-mir-96; hsa-mir-451a; hsa-mir-196a-2; hsa-mir-182; hsa-mir-133b; hsa-mir-135b; hsa-mir-218-2; hsa-mir-196b; hsa-let-7d; hsa-mir-31; hsa-mir-375; hsa-mir-21; hsa-mir-124-3; hsa-mir-143; hsa-mir-216b; hsa-mir-197; hsa-mir-192; hsa-mir-124-1; hsa-mir-194-2; hsa-mir-194-1; hsa-mir-217; hsa-mir-124-2; hsa-mir-142; hsa-mir-211; hsa-mir-216a
Diseases (HMDD2),Myocardial Infarction,enriched,2.64E-05,14,hsa-mir-210; hsa-mir-30a; hsa-mir-133a-1; hsa-mir-451a; hsa-mir-133a-2; hsa-mir-133b; hsa-mir-195; hsa-mir-1-2; hsa-mir-31; hsa-mir-206; hsa-mir-21; hsa-mir-1-1; hsa-mir-328; hsa-mir-197
Diseases (HMDD2),"Carcinoma, Non-Small-Cell Lung",enriched,2.89E-05,34,hsa-mir-210; hsa-mir-183; hsa-mir-708; hsa-mir-218-1; hsa-mir-196a-1; hsa-mir-30a; hsa-mir-9-3; hsa-mir-96; hsa-mir-451a; hsa-mir-196a-2; hsa-mir-7-1; hsa-mir-182; hsa-mir-133b; hsa-mir-135b; hsa-mir-218-2; hsa-mir-1-2; hsa-let-7d; hsa-mir-21; hsa-mir-134; hsa-mir-1-1; hsa-mir-520a; hsa-mir-124-3; hsa-mir-143; hsa-mir-345; hsa-mir-328; hsa-mir-520d; hsa-mir-124-1; hsa-mir-135a-2; hsa-mir-124-2; hsa-mir-7-3; hsa-mir-205; hsa-mir-449b; hsa-mir-485; hsa-mir-449a
Diseases (HMDD2),Neoplasms,enriched,2.89E-05,28,hsa-mir-210; hsa-mir-708; hsa-let-7c; hsa-mir-218-1; hsa-mir-30a; hsa-mir-200a; hsa-mir-9-1; hsa-mir-9-3; hsa-mir-9-2; hsa-mir-451a; hsa-mir-7-1; hsa-mir-182; hsa-mir-218-2; hsa-mir-196b; hsa-let-7d; hsa-mir-31; hsa-mir-206; hsa-mir-21; hsa-mir-143; hsa-mir-372; hsa-mir-137; hsa-mir-371a; hsa-mir-141; hsa-mir-135a-2; hsa-mir-7-3; hsa-mir-519c; hsa-mir-205; hsa-mir-373
Diseases (HMDD2),Stomach Neoplasms,enriched,2.89E-05,64,hsa-mir-183; hsa-mir-139; hsa-mir-130b; hsa-mir-218-1; hsa-mir-196a-1; hsa-mir-200a; hsa-mir-9-1; hsa-mir-9-3; hsa-mir-9-2; hsa-mir-451a; hsa-mir-196a-2; hsa-mir-7-1; hsa-mir-182; hsa-mir-133b; hsa-mir-577; hsa-mir-135b; hsa-mir-517a; hsa-mir-218-2; hsa-mir-195; hsa-mir-1-2; hsa-mir-196b; hsa-mir-409; hsa-mir-31; hsa-mir-375; hsa-mir-516b-1; hsa-mir-206; hsa-mir-21; hsa-mir-1-1; hsa-mir-520a; hsa-mir-301a; hsa-mir-124-3; hsa-mir-143; hsa-mir-372; hsa-mir-328; hsa-mir-487b; hsa-mir-137; hsa-mir-371a; hsa-mir-141; hsa-mir-520d; hsa-mir-192; hsa-mir-124-1; hsa-mir-135a-2; hsa-mir-503; hsa-mir-194-2; hsa-mir-194-1; hsa-mir-184; hsa-mir-124-2; hsa-mir-187; hsa-mir-449c; hsa-mir-516b-2; hsa-mir-142; hsa-mir-7-3; hsa-mir-519c; hsa-mir-605; hsa-mir-449b; hsa-mir-495; hsa-mir-515-1; hsa-mir-544a; hsa-mir-515-2; hsa-mir-518f; hsa-mir-524; hsa-mir-373; hsa-mir-513c; hsa-mir-449a
Diseases (HMDD2),"Cardiomyopathy, Hypertrophic",enriched,5.75E-05,9,hsa-mir-9-1; hsa-mir-9-3; hsa-mir-9-2; hsa-mir-133a-1; hsa-mir-133a-2; hsa-mir-195; hsa-mir-1-2; hsa-mir-21; hsa-mir-1-1
Diseases (HMDD2),Biliary Tract Neoplasms,enriched,5.79E-05,6,hsa-mir-147b; hsa-mir-9-1; hsa-mir-9-3; hsa-mir-9-2; hsa-mir-105-1; hsa-mir-105-2
Diseases (HMDD2),Glioblastoma,enriched,7.71E-05,38,hsa-mir-210; hsa-mir-183; hsa-mir-139; hsa-mir-708; hsa-mir-153-2; hsa-mir-218-1; hsa-mir-30a; hsa-mir-9-1; hsa-mir-9-3; hsa-mir-9-2; hsa-mir-451a; hsa-mir-7-1; hsa-mir-218-2; hsa-mir-323b; hsa-mir-195; hsa-mir-539; hsa-mir-196b; hsa-let-7d; hsa-mir-31; hsa-mir-206; hsa-mir-21; hsa-mir-134; hsa-mir-124-3; hsa-mir-323a; hsa-mir-143; hsa-mir-328; hsa-mir-137; hsa-mir-376a-1; hsa-mir-124-1; hsa-mir-184; hsa-mir-124-2; hsa-mir-381; hsa-mir-142; hsa-mir-376a-2; hsa-mir-7-3; hsa-mir-205; hsa-mir-1305; hsa-mir-873
Diseases (HMDD2),Melanoma,enriched,7.71E-05,45,hsa-mir-210; hsa-mir-183; hsa-let-7c; hsa-mir-153-2; hsa-mir-218-1; hsa-mir-196a-1; hsa-mir-30a; hsa-mir-200a; hsa-mir-9-1; hsa-mir-9-3; hsa-mir-96; hsa-mir-9-2; hsa-mir-196a-2; hsa-mir-7-1; hsa-mir-767; hsa-mir-133a-2; hsa-mir-182; hsa-mir-135b; hsa-mir-517a; hsa-mir-218-2; hsa-mir-195; hsa-let-7d; hsa-mir-31; hsa-mir-375; hsa-mir-21; hsa-mir-1-1; hsa-mir-124-3; hsa-mir-143; hsa-mir-328; hsa-mir-137; hsa-mir-141; hsa-mir-124-1; hsa-mir-215; hsa-mir-194-1; hsa-mir-217; hsa-mir-124-2; hsa-mir-518e; hsa-mir-142; hsa-mir-211; hsa-mir-7-3; hsa-mir-205; hsa-mir-383; hsa-mir-216a; hsa-mir-509-2; hsa-mir-513c
Diseases (HMDD2),"Myocytes, Cardiac",enriched,0.000100862,8,hsa-mir-9-1; hsa-mir-9-3; hsa-mir-9-2; hsa-mir-133a-1; hsa-mir-133a-2; hsa-mir-133b; hsa-mir-195; hsa-mir-21
Diseases (HMDD2),"Carcinoma, Renal Cell",enriched,0.000121975,33,hsa-mir-210; hsa-mir-139; hsa-mir-708; hsa-let-7c; hsa-mir-130b; hsa-mir-218-1; hsa-mir-196a-1; hsa-mir-200a; hsa-mir-9-1; hsa-mir-9-3; hsa-mir-9-2; hsa-mir-451a; hsa-mir-7-1; hsa-mir-144; hsa-mir-218-2; hsa-mir-195; hsa-let-7d; hsa-mir-206; hsa-mir-21; hsa-mir-134; hsa-mir-124-3; hsa-mir-143; hsa-mir-141; hsa-mir-124-1; hsa-mir-215; hsa-mir-135a-2; hsa-mir-184; hsa-mir-124-2; hsa-mir-381; hsa-mir-142; hsa-mir-205; hsa-mir-655; hsa-mir-509-2
Diseases (HMDD2),Laryngeal Neoplasms,enriched,0.000129422,11,hsa-mir-708; hsa-mir-133a-1; hsa-mir-133a-2; hsa-mir-144; hsa-mir-1-2; hsa-mir-31; hsa-mir-375; hsa-mir-206; hsa-mir-21; hsa-mir-1-1; hsa-mir-205
Diseases (HMDD2),Glioma,enriched,0.000158888,31,hsa-mir-183; hsa-mir-139; hsa-mir-218-1; hsa-mir-196a-1; hsa-mir-30a; hsa-mir-9-1; hsa-mir-96; hsa-mir-9-2; hsa-mir-451a; hsa-mir-196a-2; hsa-mir-7-1; hsa-mir-182; hsa-mir-218-2; hsa-mir-195; hsa-mir-196b; hsa-mir-31; hsa-mir-375; hsa-mir-21; hsa-mir-410; hsa-mir-124-3; hsa-mir-143; hsa-mir-371a; hsa-mir-124-1; hsa-mir-215; hsa-mir-135a-2; hsa-mir-124-2; hsa-mir-211; hsa-mir-7-3; hsa-mir-544a; hsa-mir-383; hsa-mir-373
Diseases (HMDD2),"Muscular Dystrophy, Duchenne",enriched,0.000158888,8,hsa-mir-133a-1; hsa-mir-133a-2; hsa-mir-133b; hsa-mir-1-2; hsa-mir-31; hsa-mir-206; hsa-mir-21; hsa-mir-1-1
Diseases (HMDD2),Ovarian Neoplasms,enriched,0.00016675,27,hsa-mir-183; hsa-let-7c; hsa-mir-153-2; hsa-mir-218-1; hsa-mir-30a; hsa-mir-200a; hsa-mir-9-1; hsa-mir-96; hsa-mir-133a-1; hsa-mir-133a-2; hsa-mir-182; hsa-mir-133b; hsa-mir-135b; hsa-let-7d; hsa-mir-31; hsa-mir-375; hsa-mir-21; hsa-mir-1-1; hsa-mir-141; hsa-mir-192; hsa-mir-215; hsa-mir-194-2; hsa-mir-194-1; hsa-mir-187; hsa-mir-449b; hsa-mir-383; hsa-mir-449a
Diseases (HMDD2),Medulloblastoma,enriched,0.000314106,29,hsa-mir-183; hsa-mir-153-2; hsa-mir-218-1; hsa-mir-30a; hsa-mir-9-1; hsa-mir-9-3; hsa-mir-96; hsa-mir-9-2; hsa-mir-33b; hsa-mir-182; hsa-mir-144; hsa-mir-135b; hsa-mir-218-2; hsa-mir-539; hsa-mir-409; hsa-mir-31; hsa-mir-21; hsa-mir-124-3; hsa-mir-323a; hsa-mir-143; hsa-mir-376a-1; hsa-mir-124-1; hsa-mir-135a-2; hsa-mir-124-2; hsa-mir-376a-2; hsa-mir-495; hsa-mir-383; hsa-mir-373; hsa-mir-512-2
Diseases (HMDD2),Head and Neck Neoplasms,enriched,0.000361151,22,hsa-let-7c; hsa-mir-130b; hsa-mir-9-1; hsa-mir-9-3; hsa-mir-9-2; hsa-mir-133a-1; hsa-mir-7-1; hsa-mir-133a-2; hsa-mir-195; hsa-mir-1-2; hsa-let-7d; hsa-mir-31; hsa-mir-375; hsa-mir-21; hsa-mir-1-1; hsa-mir-143; hsa-mir-197; hsa-mir-141; hsa-mir-142; hsa-mir-211; hsa-mir-7-3; hsa-mir-205
Diseases (HMDD2),"Carcinoma, Squamous Cell",enriched,0.000383373,26,hsa-mir-210; hsa-mir-218-1; hsa-mir-30a; hsa-mir-9-1; hsa-mir-9-3; hsa-mir-133a-1; hsa-mir-133a-2; hsa-mir-182; hsa-mir-133b; hsa-mir-218-2; hsa-mir-195; hsa-mir-1-2; hsa-let-7d; hsa-mir-31; hsa-mir-375; hsa-mir-21; hsa-mir-1-1; hsa-mir-143; hsa-mir-197; hsa-mir-137; hsa-mir-124-1; hsa-mir-184; hsa-mir-124-2; hsa-mir-142; hsa-mir-211; hsa-mir-205
Diseases (HMDD2),Hypertrophy,enriched,0.000383373,10,hsa-let-7c; hsa-mir-133a-1; hsa-mir-133a-2; hsa-mir-133b; hsa-mir-1-2; hsa-let-7d; hsa-mir-206; hsa-mir-21; hsa-mir-1-1; hsa-mir-142
Diseases (HMDD2),Lymphoma,enriched,0.000398164,15,hsa-mir-210; hsa-mir-139; hsa-mir-708; hsa-mir-218-1; hsa-mir-200a; hsa-mir-133b; hsa-mir-135b; hsa-mir-218-2; hsa-mir-539; hsa-mir-518b; hsa-mir-21; hsa-mir-345; hsa-mir-124-1; hsa-mir-135a-2; hsa-mir-184
Diseases (HMDD2),Endometrial Neoplasms,enriched,0.000727616,22,hsa-mir-210; hsa-mir-183; hsa-let-7c; hsa-mir-130b; hsa-mir-153-2; hsa-mir-200a; hsa-mir-9-1; hsa-mir-9-3; hsa-mir-96; hsa-mir-9-2; hsa-mir-182; hsa-let-7d; hsa-mir-21; hsa-mir-1-1; hsa-mir-124-3; hsa-mir-141; hsa-mir-124-1; hsa-mir-194-2; hsa-mir-194-1; hsa-mir-124-2; hsa-mir-142; hsa-mir-205
Diseases (HMDD2),Colonic Neoplasms,enriched,0.000963653,22,hsa-let-7c; hsa-mir-218-1; hsa-mir-30a; hsa-mir-9-1; hsa-mir-9-3; hsa-mir-9-2; hsa-mir-133b; hsa-mir-218-2; hsa-let-7d; hsa-mir-31; hsa-mir-21; hsa-mir-1-1; hsa-mir-518c; hsa-mir-143; hsa-mir-493; hsa-mir-137; hsa-mir-141; hsa-mir-192; hsa-mir-142; hsa-mir-205; hsa-mir-615; hsa-mir-449a
Diseases (HMDD2),Osteosarcoma,enriched,0.000994597,13,hsa-mir-210; hsa-mir-183; hsa-mir-133a-1; hsa-mir-133a-2; hsa-mir-133b; hsa-mir-135b; hsa-mir-195; hsa-mir-1-2; hsa-mir-21; hsa-mir-1-1; hsa-mir-143; hsa-mir-431; hsa-mir-142
Diseases (HMDD2),Adrenocortical Carcinoma,enriched,0.00122357,28,hsa-mir-210; hsa-mir-139; hsa-let-7c; hsa-mir-196a-1; hsa-mir-30a; hsa-mir-133a-1; hsa-mir-196a-2; hsa-mir-7-1; hsa-mir-133a-2; hsa-mir-195; hsa-mir-1-2; hsa-mir-301b; hsa-let-7d; hsa-mir-375; hsa-mir-1-1; hsa-mir-301a; hsa-mir-143; hsa-mir-137; hsa-mir-376a-1; hsa-mir-192; hsa-mir-135a-2; hsa-mir-194-2; hsa-mir-194-1; hsa-mir-376b; hsa-mir-376a-2; hsa-mir-7-3; hsa-mir-449b; hsa-mir-449a
Diseases (HMDD2),"Pulmonary Disease, Chronic Obstructive",enriched,0.00123443,9,hsa-mir-133a-1; hsa-mir-196a-2; hsa-mir-7-1; hsa-mir-133a-2; hsa-mir-133b; hsa-mir-1-2; hsa-mir-206; hsa-mir-1-1; hsa-mir-7-3
Diseases (HMDD2),"Hypertrophy, Left Ventricular",enriched,0.00161169,4,hsa-mir-30a; hsa-mir-133a-1; hsa-mir-133a-2; hsa-mir-133b
Diseases (HMDD2),"Aortic Aneurysm, Thoracic",enriched,0.00161883,6,hsa-mir-30a; hsa-mir-133a-1; hsa-mir-133a-2; hsa-mir-1-2; hsa-mir-21; hsa-mir-1-1
Diseases (HMDD2),Nasopharyngeal Neoplasms,enriched,0.0017654,11,hsa-let-7c; hsa-mir-218-1; hsa-mir-9-1; hsa-mir-9-2; hsa-mir-144; hsa-mir-218-2; hsa-mir-1-2; hsa-let-7d; hsa-mir-1-1; hsa-mir-216b; hsa-mir-205
Diseases (HMDD2),Hodgkin Disease,enriched,0.00265074,8,hsa-mir-183; hsa-mir-9-1; hsa-mir-9-3; hsa-mir-96; hsa-mir-9-2; hsa-mir-182; hsa-mir-21; hsa-mir-205
Diseases (HMDD2),Liver Neoplasms,enriched,0.00287297,7,hsa-mir-210; hsa-mir-30a; hsa-mir-200a; hsa-mir-133b; hsa-mir-375; hsa-mir-21; hsa-mir-372
Diseases (HMDD2),Barrett Esophagus,enriched,0.0029529,9,hsa-mir-196a-1; hsa-mir-200a; hsa-mir-196a-2; hsa-mir-31; hsa-mir-375; hsa-mir-21; hsa-mir-143; hsa-mir-141; hsa-mir-192
Diseases (HMDD2),Neuroblastoma,enriched,0.00362401,12,hsa-mir-210; hsa-mir-9-1; hsa-mir-9-3; hsa-mir-9-2; hsa-mir-7-1; hsa-mir-21; hsa-mir-410; hsa-mir-124-3; hsa-mir-487b; hsa-mir-137; hsa-mir-124-1; hsa-mir-124-2
Diseases (HMDD2),Pre-Eclampsia,enriched,0.00362401,6,hsa-mir-210; hsa-mir-130b; hsa-mir-182; hsa-mir-133b; hsa-mir-21; hsa-mir-518c
Diseases (HMDD2),Inflammation,enriched,0.00373001,5,hsa-mir-210; hsa-let-7c; hsa-mir-33b; hsa-let-7d; hsa-mir-21
Diseases (HMDD2),Atherosclerosis,enriched,0.00456023,6,hsa-mir-210; hsa-mir-133a-1; hsa-mir-133a-2; hsa-mir-133b; hsa-mir-21; hsa-mir-143
Diseases (HMDD2),"Lymphoma, B-Cell",enriched,0.00456023,6,hsa-mir-9-1; hsa-mir-9-3; hsa-mir-9-2; hsa-mir-195; hsa-mir-21; hsa-mir-143
Diseases (HMDD2),Acute Coronary Syndrome,enriched,0.00471022,5,hsa-mir-133a-1; hsa-mir-133a-2; hsa-mir-133b; hsa-mir-1-2; hsa-mir-1-1
Diseases (HMDD2),Coronary Artery Disease,enriched,0.00471022,5,hsa-mir-196a-2; hsa-mir-1-2; hsa-mir-21; hsa-mir-134; hsa-mir-1-1
Diseases (HMDD2),Distal Myopathies,enriched,0.00471022,5,hsa-mir-133a-1; hsa-mir-133a-2; hsa-mir-1-2; hsa-mir-206; hsa-mir-1-1
Diseases (HMDD2),Musculoskeletal Abnormalities,enriched,0.00471022,5,hsa-mir-133a-1; hsa-mir-133a-2; hsa-mir-1-2; hsa-mir-206; hsa-mir-1-1
Diseases (HMDD2),Alzheimer Disease,enriched,0.00550276,11,hsa-mir-153-2; hsa-mir-9-1; hsa-mir-9-3; hsa-mir-9-2; hsa-mir-144; hsa-mir-195; hsa-mir-21; hsa-mir-124-3; hsa-mir-137; hsa-mir-124-1; hsa-mir-124-2
Diseases (HMDD2),"Heart Defects, Congenital",enriched,0.00568385,4,hsa-mir-133a-1; hsa-mir-133a-2; hsa-mir-195; hsa-mir-1-2
Diseases (HMDD2),Uterine Cervical Neoplasms,enriched,0.00642708,24,hsa-mir-218-1; hsa-mir-196a-1; hsa-mir-200a; hsa-mir-9-1; hsa-mir-9-3; hsa-mir-9-2; hsa-mir-196a-2; hsa-mir-7-1; hsa-mir-182; hsa-mir-133b; hsa-mir-218-2; hsa-mir-375; hsa-mir-21; hsa-mir-143; hsa-mir-345; hsa-mir-372; hsa-mir-215; hsa-mir-194-1; hsa-mir-7-3; hsa-mir-205; hsa-mir-518a-2; hsa-mir-512-1; hsa-mir-518a-1; hsa-mir-512-2
Diseases (HMDD2),Adenocarcinoma,enriched,0.0071543,19,hsa-mir-210; hsa-mir-183; hsa-mir-196a-1; hsa-mir-200a; hsa-mir-196a-2; hsa-mir-133a-2; hsa-mir-182; hsa-mir-195; hsa-mir-31; hsa-mir-21; hsa-mir-143; hsa-mir-192; hsa-mir-215; hsa-mir-135a-2; hsa-mir-194-2; hsa-mir-194-1; hsa-mir-205; hsa-mir-449b; hsa-mir-449a
Diseases (HMDD2),"Carcinoma, Basal Cell",enriched,0.00769257,3,hsa-mir-183; hsa-mir-139; hsa-mir-182
Diseases (HMDD2),Pain,enriched,0.00769257,3,hsa-mir-183; hsa-mir-96; hsa-mir-182
Diseases (HMDD2),Schizophrenia,enriched,0.00834369,9,hsa-mir-30a; hsa-mir-9-1; hsa-mir-9-3; hsa-mir-9-2; hsa-mir-7-1; hsa-mir-195; hsa-mir-206; hsa-mir-137; hsa-mir-7-3
Diseases (HMDD2),Hypertension,enriched,0.00876329,8,hsa-mir-133a-1; hsa-mir-133a-2; hsa-mir-133b; hsa-mir-1-2; hsa-mir-21; hsa-mir-1-1; hsa-mir-328; hsa-mir-503
