Category,Subcategory,Enrichment,p-value,observed,miRNAs/precursors
Diseases (HMDD2),Heart Failure,enriched,4.43E-05,15,hsa-mir-139; hsa-mir-196a-2; hsa-mir-21; hsa-mir-196a-1; hsa-mir-133a-2; hsa-mir-133a-1; hsa-mir-18a; hsa-mir-145; hsa-mir-1-2; hsa-mir-1-1; hsa-mir-133b; hsa-mir-30a; hsa-mir-204; hsa-mir-211; hsa-mir-508
Diseases (HMDD2),Lung Neoplasms,enriched,4.43E-05,15,hsa-mir-196a-2; hsa-mir-21; hsa-mir-196a-1; hsa-mir-133a-1; hsa-mir-18a; hsa-mir-145; hsa-mir-146b; hsa-mir-1-2; hsa-mir-135b; hsa-mir-1-1; hsa-mir-133b; hsa-mir-30a; hsa-mir-183; hsa-mir-143; hsa-mir-96
Diseases (HMDD2),Hepatitis C,enriched,0.000215242,7,hsa-mir-196a-2; hsa-mir-21; hsa-mir-196a-1; hsa-mir-196b; hsa-mir-1-2; hsa-mir-1-1; hsa-mir-30a
Diseases (HMDD2),Urinary Bladder Neoplasms,enriched,0.000215242,17,hsa-mir-139; hsa-mir-196a-2; hsa-mir-21; hsa-mir-196b; hsa-mir-133a-2; hsa-mir-133a-1; hsa-mir-18a; hsa-mir-145; hsa-mir-1-2; hsa-mir-135b; hsa-mir-1-1; hsa-mir-133b; hsa-mir-183; hsa-mir-378d-2; hsa-mir-143; hsa-mir-96; hsa-mir-1224
Diseases (HMDD2),"Aortic Aneurysm, Thoracic",enriched,0.000255157,6,hsa-mir-21; hsa-mir-133a-2; hsa-mir-133a-1; hsa-mir-1-2; hsa-mir-1-1; hsa-mir-30a
Diseases (HMDD2),Breast Neoplasms,enriched,0.000255157,24,hsa-mir-139; hsa-mir-196a-2; hsa-mir-21; hsa-mir-196a-1; hsa-mir-133a-2; hsa-mir-133a-1; hsa-mir-18a; hsa-mir-145; hsa-mir-146b; hsa-mir-1-2; hsa-mir-135b; hsa-mir-1-1; hsa-mir-133b; hsa-mir-30a; hsa-mir-183; hsa-mir-143; hsa-mir-204; hsa-mir-1258; hsa-mir-451a; hsa-mir-301b; hsa-mir-96; hsa-mir-187; hsa-mir-506; hsa-mir-383
Diseases (HMDD2),"Carcinoma, Non-Small-Cell Lung",enriched,0.000255157,15,hsa-mir-196a-2; hsa-mir-21; hsa-mir-196a-1; hsa-mir-145; hsa-mir-146b; hsa-mir-1-2; hsa-mir-135b; hsa-mir-1-1; hsa-mir-133b; hsa-mir-30a; hsa-mir-183; hsa-mir-143; hsa-mir-1258; hsa-mir-451a; hsa-mir-96
Diseases (HMDD2),"Carcinoma, Squamous Cell",enriched,0.000255157,13,hsa-mir-21; hsa-mir-133a-2; hsa-mir-133a-1; hsa-mir-18a; hsa-mir-145; hsa-mir-1-2; hsa-mir-1-1; hsa-mir-133b; hsa-mir-184; hsa-mir-30a; hsa-mir-143; hsa-mir-211; hsa-mir-885
Diseases (HMDD2),"Cardiomyopathy, Hypertrophic",enriched,0.000255157,5,hsa-mir-21; hsa-mir-133a-2; hsa-mir-133a-1; hsa-mir-1-2; hsa-mir-1-1
Diseases (HMDD2),Crohn Disease,enriched,0.000255157,3,hsa-mir-196a-2; hsa-mir-196a-1; hsa-mir-196b
Diseases (HMDD2),Hypertrophy,enriched,0.000255157,6,hsa-mir-21; hsa-mir-133a-2; hsa-mir-133a-1; hsa-mir-1-2; hsa-mir-1-1; hsa-mir-133b
Diseases (HMDD2),Lymphoma,enriched,0.000255157,6,hsa-mir-139; hsa-mir-21; hsa-mir-18a; hsa-mir-135b; hsa-mir-133b; hsa-mir-184
Diseases (HMDD2),Mouth Neoplasms,enriched,0.000255157,3,hsa-mir-196a-2; hsa-mir-21; hsa-mir-196a-1
Diseases (HMDD2),"Muscular Dystrophy, Duchenne",enriched,0.000255157,6,hsa-mir-21; hsa-mir-133a-2; hsa-mir-133a-1; hsa-mir-1-2; hsa-mir-1-1; hsa-mir-133b
Diseases (HMDD2),Musculoskeletal Abnormalities,enriched,0.000255157,5,hsa-mir-133a-2; hsa-mir-133a-1; hsa-mir-18a; hsa-mir-1-2; hsa-mir-1-1
Diseases (HMDD2),Osteosarcoma,enriched,0.000255157,11,hsa-mir-21; hsa-mir-133a-2; hsa-mir-133a-1; hsa-mir-18a; hsa-mir-145; hsa-mir-1-2; hsa-mir-135b; hsa-mir-1-1; hsa-mir-133b; hsa-mir-183; hsa-mir-143
Diseases (HMDD2),Pancreatic Neoplasms,enriched,0.000255157,15,hsa-mir-196a-2; hsa-mir-21; hsa-mir-196a-1; hsa-mir-196b; hsa-mir-18a; hsa-mir-145; hsa-mir-146b; hsa-mir-135b; hsa-mir-133b; hsa-mir-183; hsa-mir-143; hsa-mir-204; hsa-mir-451a; hsa-mir-211; hsa-mir-96
Diseases (HMDD2),Prostatic Neoplasms,enriched,0.000255157,16,hsa-mir-21; hsa-mir-196b; hsa-mir-133a-2; hsa-mir-133a-1; hsa-mir-145; hsa-mir-146b; hsa-mir-1-2; hsa-mir-135b; hsa-mir-1-1; hsa-mir-133b; hsa-mir-183; hsa-mir-378d-2; hsa-mir-143; hsa-mir-204; hsa-mir-301b; hsa-mir-96
Diseases (HMDD2),"Pulmonary Disease, Chronic Obstructive",enriched,0.000255157,6,hsa-mir-196a-2; hsa-mir-133a-2; hsa-mir-133a-1; hsa-mir-1-2; hsa-mir-1-1; hsa-mir-133b
Diseases (HMDD2),Stomach Neoplasms,enriched,0.000255157,20,hsa-mir-139; hsa-mir-196a-2; hsa-mir-21; hsa-mir-196a-1; hsa-mir-196b; hsa-mir-18a; hsa-mir-145; hsa-mir-146b; hsa-mir-1-2; hsa-mir-135b; hsa-mir-1-1; hsa-mir-133b; hsa-mir-184; hsa-mir-183; hsa-mir-143; hsa-mir-204; hsa-mir-451a; hsa-mir-187; hsa-mir-551a; hsa-mir-513c
Diseases (HMDD2),Stroke,enriched,0.000255157,5,hsa-mir-133a-2; hsa-mir-133a-1; hsa-mir-145; hsa-mir-1-2; hsa-mir-1-1
Diseases (HMDD2),Colorectal Neoplasms,enriched,0.000280665,21,hsa-mir-139; hsa-mir-196a-2; hsa-mir-21; hsa-mir-133a-2; hsa-mir-133a-1; hsa-mir-18a; hsa-mir-145; hsa-mir-146b; hsa-mir-1-2; hsa-mir-135b; hsa-mir-1-1; hsa-mir-133b; hsa-mir-30a; hsa-mir-183; hsa-mir-144; hsa-mir-143; hsa-mir-451a; hsa-mir-211; hsa-mir-96; hsa-mir-483; hsa-mir-1246
Diseases (HMDD2),Hypertension,enriched,0.000377236,8,hsa-mir-21; hsa-mir-133a-2; hsa-mir-133a-1; hsa-mir-145; hsa-mir-1-2; hsa-mir-1-1; hsa-mir-133b; hsa-mir-204
Diseases (HMDD2),Esophageal Neoplasms,enriched,0.000544098,12,hsa-mir-196a-2; hsa-mir-21; hsa-mir-196a-1; hsa-mir-196b; hsa-mir-133a-2; hsa-mir-133a-1; hsa-mir-145; hsa-mir-135b; hsa-mir-183; hsa-mir-143; hsa-mir-451a; hsa-mir-1246
Diseases (HMDD2),Ovarian Neoplasms,enriched,0.000544098,14,hsa-mir-21; hsa-mir-133a-2; hsa-mir-133a-1; hsa-mir-18a; hsa-mir-145; hsa-mir-146b; hsa-mir-135b; hsa-mir-1-1; hsa-mir-133b; hsa-mir-30a; hsa-mir-183; hsa-mir-96; hsa-mir-187; hsa-mir-383
Diseases (HMDD2),Myocardial Infarction,enriched,0.000552132,8,hsa-mir-21; hsa-mir-133a-2; hsa-mir-133a-1; hsa-mir-1-2; hsa-mir-1-1; hsa-mir-133b; hsa-mir-30a; hsa-mir-451a
Diseases (HMDD2),Astrocytoma,enriched,0.000655482,3,hsa-mir-21; hsa-mir-133a-2; hsa-mir-133a-1
Diseases (HMDD2),"Carcinoma, Hepatocellular",enriched,0.000655482,24,hsa-mir-139; hsa-mir-196a-2; hsa-mir-21; hsa-mir-196a-1; hsa-mir-18a; hsa-mir-145; hsa-mir-146b; hsa-mir-1-2; hsa-mir-1-1; hsa-mir-105-1; hsa-mir-105-2; hsa-mir-133b; hsa-mir-30a; hsa-mir-615; hsa-mir-490; hsa-mir-183; hsa-mir-144; hsa-mir-451a; hsa-mir-96; hsa-mir-1224; hsa-mir-187; hsa-mir-483; hsa-mir-508; hsa-mir-346
Diseases (HMDD2),Laryngeal Neoplasms,enriched,0.000672924,7,hsa-mir-21; hsa-mir-133a-2; hsa-mir-133a-1; hsa-mir-145; hsa-mir-1-2; hsa-mir-1-1; hsa-mir-144
Diseases (HMDD2),Acute Coronary Syndrome,enriched,0.00070145,5,hsa-mir-133a-2; hsa-mir-133a-1; hsa-mir-1-2; hsa-mir-1-1; hsa-mir-133b
Diseases (HMDD2),"Leukemia, Myeloid, Acute",enriched,0.000881002,6,hsa-mir-196a-2; hsa-mir-196a-1; hsa-mir-196b; hsa-mir-18a; hsa-mir-145; hsa-mir-143
Diseases (HMDD2),Atrial Fibrillation,enriched,0.00103833,5,hsa-mir-133a-2; hsa-mir-133a-1; hsa-mir-146b; hsa-mir-133b; hsa-mir-30a
Diseases (HMDD2),Colonic Neoplasms,enriched,0.00117312,10,hsa-mir-21; hsa-mir-18a; hsa-mir-145; hsa-mir-552; hsa-mir-1-1; hsa-mir-133b; hsa-mir-30a; hsa-mir-615; hsa-mir-143; hsa-mir-506
Diseases (HMDD2),"Arrhythmias, Cardiac",enriched,0.0013344,4,hsa-mir-133a-2; hsa-mir-133a-1; hsa-mir-1-2; hsa-mir-1-1
Diseases (HMDD2),Cardiomegaly,enriched,0.0013344,4,hsa-mir-133a-2; hsa-mir-133a-1; hsa-mir-1-2; hsa-mir-1-1
Diseases (HMDD2),Coronary Artery Disease,enriched,0.0013344,4,hsa-mir-196a-2; hsa-mir-21; hsa-mir-1-2; hsa-mir-1-1
Diseases (HMDD2),Distal Myopathies,enriched,0.0013344,4,hsa-mir-133a-2; hsa-mir-133a-1; hsa-mir-1-2; hsa-mir-1-1
Diseases (HMDD2),Head and Neck Neoplasms,enriched,0.00134333,12,hsa-mir-21; hsa-mir-133a-2; hsa-mir-133a-1; hsa-mir-18a; hsa-mir-145; hsa-mir-146b; hsa-mir-1-2; hsa-mir-1-1; hsa-mir-143; hsa-mir-204; hsa-mir-211; hsa-mir-885
Diseases (HMDD2),Adrenocortical Carcinoma,enriched,0.00146085,13,hsa-mir-139; hsa-mir-196a-2; hsa-mir-196a-1; hsa-mir-133a-2; hsa-mir-133a-1; hsa-mir-145; hsa-mir-1-2; hsa-mir-1-1; hsa-mir-30a; hsa-mir-143; hsa-mir-301b; hsa-mir-483; hsa-mir-675
Diseases (HMDD2),Atherosclerosis,enriched,0.00146085,7,hsa-mir-21; hsa-mir-133a-2; hsa-mir-133a-1; hsa-mir-145; hsa-mir-146b; hsa-mir-133b; hsa-mir-143
Diseases (HMDD2),Vascular Diseases,enriched,0.00153479,3,hsa-mir-21; hsa-mir-18a; hsa-mir-145
Diseases (HMDD2),"Cardiomyopathy, Dilated",enriched,0.00163558,2,hsa-mir-196a-2; hsa-mir-21
Diseases (HMDD2),Thyroid Neoplasms,enriched,0.00166627,7,hsa-mir-21; hsa-mir-146b; hsa-mir-1-2; hsa-mir-1-1; hsa-mir-133b; hsa-mir-183; hsa-mir-144
Diseases (HMDD2),Adenocarcinoma,enriched,0.00176805,8,hsa-mir-196a-2; hsa-mir-21; hsa-mir-196a-1; hsa-mir-133a-2; hsa-mir-145; hsa-mir-183; hsa-mir-143; hsa-mir-204
Diseases (HMDD2),"Scleroderma, Systemic",enriched,0.00192274,3,hsa-mir-21; hsa-mir-145; hsa-mir-146b
Diseases (HMDD2),Glioblastoma,enriched,0.00202879,12,hsa-mir-139; hsa-mir-21; hsa-mir-196b; hsa-mir-18a; hsa-mir-145; hsa-mir-146b; hsa-mir-184; hsa-mir-30a; hsa-mir-183; hsa-mir-143; hsa-mir-451a; hsa-mir-885
Diseases (HMDD2),"Heart Defects, Congenital",enriched,0.00245457,3,hsa-mir-133a-2; hsa-mir-133a-1; hsa-mir-1-2
Diseases (HMDD2),Cerebral Infarction,enriched,0.0026939,2,hsa-mir-196a-2; hsa-mir-196a-1
Diseases (HMDD2),Glioma,enriched,0.0026939,17,hsa-mir-139; hsa-mir-196a-2; hsa-mir-21; hsa-mir-196a-1; hsa-mir-196b; hsa-mir-18a; hsa-mir-145; hsa-mir-146b; hsa-mir-30a; hsa-mir-183; hsa-mir-143; hsa-mir-204; hsa-mir-451a; hsa-mir-211; hsa-mir-96; hsa-mir-483; hsa-mir-383
Diseases (HMDD2),HBV Infection,enriched,0.0026939,2,hsa-mir-196a-2; hsa-mir-196a-1
Diseases (HMDD2),Keloid,enriched,0.0026939,2,hsa-mir-196a-2; hsa-mir-196a-1
Diseases (HMDD2),"Neoplasms, Squamous Cell",enriched,0.00288412,3,hsa-mir-21; hsa-mir-146b; hsa-mir-135b
Diseases (HMDD2),"Myocytes, Cardiac",enriched,0.00332423,5,hsa-mir-21; hsa-mir-133a-2; hsa-mir-133a-1; hsa-mir-133b; hsa-mir-188
Diseases (HMDD2),"Hypertrophy, Left Ventricular",enriched,0.00371104,4,hsa-mir-133a-2; hsa-mir-133a-1; hsa-mir-133b; hsa-mir-30a
Diseases (HMDD2),Parkinson Disease,enriched,0.00371104,4,hsa-mir-1-2; hsa-mir-1-1; hsa-mir-133b; hsa-mir-30a
Diseases (HMDD2),"Carcinoma, Renal Cell",enriched,0.00391616,15,hsa-mir-139; hsa-mir-21; hsa-mir-196a-1; hsa-mir-145; hsa-mir-146b; hsa-mir-184; hsa-mir-144; hsa-mir-509-1; hsa-mir-378d-2; hsa-mir-143; hsa-mir-204; hsa-mir-451a; hsa-mir-509-3; hsa-mir-508; hsa-mir-509-2
Diseases (HMDD2),Neutropenia,enriched,0.00401721,2,hsa-mir-21; hsa-mir-196b
Diseases (HMDD2),Barrett Esophagus,enriched,0.00428456,5,hsa-mir-196a-2; hsa-mir-21; hsa-mir-196a-1; hsa-mir-145; hsa-mir-143
Diseases (HMDD2),"Leukemia, Lymphocytic, Chronic, B-Cell",enriched,0.00495618,5,hsa-mir-21; hsa-mir-196b; hsa-mir-18a; hsa-mir-146b; hsa-mir-187
Diseases (HMDD2),Uterine Cervical Neoplasms,enriched,0.00542626,6,hsa-mir-196a-2; hsa-mir-21; hsa-mir-196a-1; hsa-mir-145; hsa-mir-133b; hsa-mir-143
Diseases (HMDD2),Hepatitis B,enriched,0.00668592,3,hsa-mir-18a; hsa-mir-1-2; hsa-mir-1-1
Diseases (HMDD2),Myocardium,enriched,0.00668592,3,hsa-mir-21; hsa-mir-1-2; hsa-mir-1-1
Diseases (HMDD2),Myotonic Dystrophy,enriched,0.00668592,3,hsa-mir-146b; hsa-mir-1-2; hsa-mir-1-1
Diseases (HMDD2),Rhabdomyosarcoma,enriched,0.00668592,3,hsa-mir-133a-1; hsa-mir-1-2; hsa-mir-1-1
Diseases (HMDD2),Long QT Syndrome,enriched,0.00728576,2,hsa-mir-133a-2; hsa-mir-133a-1
Diseases (HMDD2),Osteoporosis,enriched,0.00728576,2,hsa-mir-133a-2; hsa-mir-133a-1
Diseases (HMDD2),Melanoma,enriched,0.00782334,23,hsa-mir-196a-2; hsa-mir-21; hsa-mir-196a-1; hsa-mir-133a-2; hsa-mir-18a; hsa-mir-145; hsa-mir-146b; hsa-mir-135b; hsa-mir-1-1; hsa-mir-767; hsa-mir-30a; hsa-mir-183; hsa-mir-509-1; hsa-mir-143; hsa-mir-204; hsa-mir-509-3; hsa-mir-211; hsa-mir-96; hsa-mir-508; hsa-mir-509-2; hsa-mir-506; hsa-mir-383; hsa-mir-513c
