Category,Subcategory,Enrichment,p-value,observed,miRNAs/precursors
Diseases (HMDD2),Acute Coronary Syndrome,enriched,0.00463773,5,hsa-mir-1-2; hsa-mir-133a-1; hsa-mir-1-1; hsa-mir-133b; hsa-mir-133a-2
Diseases (HMDD2),Adenocarcinoma,enriched,0.00010206,15,hsa-mir-210; hsa-mir-195; hsa-mir-31; hsa-mir-196a-1; hsa-mir-183; hsa-mir-196a-2; hsa-mir-205; hsa-mir-143; hsa-mir-193b; hsa-mir-135a-2; hsa-mir-182; hsa-mir-133a-2; hsa-mir-126; hsa-mir-135a-1; hsa-mir-204
Diseases (HMDD2),Adenoviridae Infections,enriched,0.000357392,13,hsa-mir-210; hsa-mir-196b; hsa-mir-101-2; hsa-mir-101-1; hsa-mir-30b; hsa-mir-30a; hsa-mir-30c-2; hsa-mir-345; hsa-mir-338; hsa-mir-33a; hsa-mir-519a-1; hsa-mir-1246; hsa-mir-7-3
Diseases (HMDD2),Adrenocortical Adenoma,enriched,0.00214712,2,hsa-mir-210; hsa-mir-195
Diseases (HMDD2),Adrenocortical Carcinoma,enriched,0.000199784,18,hsa-mir-210; hsa-mir-195; hsa-mir-30a; hsa-mir-196a-1; hsa-mir-196a-2; hsa-mir-301b; hsa-mir-139; hsa-mir-143; hsa-mir-1-2; hsa-mir-133a-1; hsa-mir-1-1; hsa-mir-135a-2; hsa-mir-133a-2; hsa-mir-126; hsa-mir-675; hsa-mir-135a-1; hsa-mir-7-3; hsa-mir-137
Diseases (HMDD2),Alzheimer Disease,enriched,0.00522644,8,hsa-mir-195; hsa-mir-101-1; hsa-mir-144; hsa-mir-9-1; hsa-mir-9-3; hsa-mir-9-2; hsa-mir-137; hsa-mir-34c
Diseases (HMDD2),"Aortic Aneurysm, Thoracic",enriched,7.87104e-05,9,hsa-mir-30b; hsa-mir-30a; hsa-mir-30c-2; hsa-mir-30d; hsa-mir-29c; hsa-mir-1-2; hsa-mir-133a-1; hsa-mir-1-1; hsa-mir-133a-2
Diseases (HMDD2),Aortic Valve Insufficiency,enriched,0.00414825,2,hsa-mir-195; hsa-mir-30b
Diseases (HMDD2),Aortic Valve Stenosis,enriched,0.00414825,2,hsa-mir-195; hsa-mir-30b
Diseases (HMDD2),Atherosclerosis,enriched,0.00168446,7,hsa-mir-210; hsa-mir-143; hsa-mir-133a-1; hsa-mir-133b; hsa-mir-133a-2; hsa-mir-126; hsa-mir-296
Diseases (HMDD2),Atrial Fibrillation,enriched,0.000840433,9,hsa-mir-30b; hsa-mir-30a; hsa-mir-30c-2; hsa-mir-30d; hsa-mir-193b; hsa-mir-133a-1; hsa-mir-133b; hsa-mir-133a-2; hsa-mir-519b
Diseases (HMDD2),Barrett Esophagus,enriched,0.00122266,4,hsa-mir-31; hsa-mir-196a-1; hsa-mir-196a-2; hsa-mir-143
Diseases (HMDD2),Brain Neoplasms,enriched,0.00641771,6,hsa-mir-9-1; hsa-mir-9-3; hsa-mir-9-2; hsa-mir-129-1; hsa-mir-129-2; hsa-mir-326
Diseases (HMDD2),Breast Neoplasms,enriched,7.30706e-07,70,hsa-mir-210; hsa-mir-140; hsa-mir-195; hsa-mir-101-2; hsa-mir-101-1; hsa-mir-708; hsa-mir-30b; hsa-mir-30a; hsa-mir-30c-2; hsa-mir-31; hsa-mir-196a-1; hsa-mir-183; hsa-mir-196a-2; hsa-mir-301b; hsa-mir-149; hsa-mir-218-2; hsa-mir-218-1; hsa-mir-205; hsa-mir-30d; hsa-mir-345; hsa-mir-29c; hsa-mir-451a; hsa-mir-139; hsa-mir-224; hsa-mir-338; hsa-mir-143; hsa-mir-96; hsa-mir-193b; hsa-mir-9-1; hsa-mir-9-3; hsa-mir-9-2; hsa-mir-1-2; hsa-mir-133a-1; hsa-mir-206; hsa-mir-1-1; hsa-mir-135a-2; hsa-mir-133b; hsa-mir-129-1; hsa-mir-182; hsa-mir-133a-2; hsa-mir-126; hsa-mir-129-2; hsa-mir-296; hsa-mir-520h; hsa-mir-326; hsa-mir-373; hsa-mir-520b; hsa-mir-516b-1; hsa-mir-520d; hsa-mir-516b-2; hsa-mir-516a-1; hsa-mir-135b; hsa-mir-519c; hsa-mir-516a-2; hsa-mir-520a; hsa-mir-1915; hsa-mir-135a-1; hsa-mir-1323; hsa-mir-519d; hsa-mir-383; hsa-mir-1258; hsa-mir-202; hsa-mir-7-3; hsa-mir-137; hsa-mir-519e; hsa-mir-515-1; hsa-mir-515-2; hsa-mir-520c; hsa-mir-34c; hsa-mir-204
Diseases (HMDD2),Carcinoma,enriched,0.000437296,10,hsa-mir-30a; hsa-mir-31; hsa-mir-183; hsa-mir-149; hsa-mir-205; hsa-mir-96; hsa-mir-371a; hsa-mir-182; hsa-mir-372; hsa-mir-373
Diseases (HMDD2),"Carcinoma, Basal Cell",enriched,0.00106548,6,hsa-mir-140; hsa-mir-183; hsa-mir-29c; hsa-mir-139; hsa-mir-455; hsa-mir-182
Diseases (HMDD2),"Carcinoma, Hepatocellular",enriched,7.8816e-07,65,hsa-mir-210; hsa-mir-140; hsa-mir-130b; hsa-mir-195; hsa-mir-101-2; hsa-mir-101-1; hsa-mir-30b; hsa-mir-30a; hsa-mir-30c-2; hsa-mir-31; hsa-mir-196a-1; hsa-mir-183; hsa-mir-196a-2; hsa-mir-218-2; hsa-mir-218-1; hsa-mir-205; hsa-mir-30d; hsa-mir-345; hsa-mir-29c; hsa-mir-451a; hsa-mir-139; hsa-mir-224; hsa-mir-615; hsa-mir-144; hsa-mir-338; hsa-mir-96; hsa-mir-1-2; hsa-mir-1-1; hsa-mir-135a-2; hsa-mir-133b; hsa-mir-323b; hsa-mir-129-1; hsa-mir-182; hsa-mir-372; hsa-mir-503; hsa-mir-190a; hsa-mir-527; hsa-mir-126; hsa-mir-129-2; hsa-mir-296; hsa-mir-326; hsa-mir-105-2; hsa-mir-105-1; hsa-mir-373; hsa-mir-520b; hsa-mir-522; hsa-mir-520d; hsa-mir-517c; hsa-mir-520e; hsa-mir-518b; hsa-mir-512-2; hsa-mir-512-1; hsa-mir-517a; hsa-mir-498; hsa-mir-526b; hsa-mir-135a-1; hsa-mir-612; hsa-mir-519d; hsa-mir-202; hsa-mir-7-3; hsa-mir-519e; hsa-mir-1231; hsa-mir-492; hsa-mir-485; hsa-mir-34c
Diseases (HMDD2),"Carcinoma, Non-Small-Cell Lung",enriched,3.70424e-06,38,hsa-mir-210; hsa-mir-101-2; hsa-mir-101-1; hsa-mir-708; hsa-mir-30a; hsa-mir-196a-1; hsa-mir-183; hsa-mir-196a-2; hsa-mir-149; hsa-mir-218-2; hsa-mir-218-1; hsa-mir-205; hsa-mir-30d; hsa-mir-345; hsa-mir-29c; hsa-mir-451a; hsa-mir-143; hsa-mir-96; hsa-mir-193b; hsa-mir-9-3; hsa-mir-1-2; hsa-mir-1-1; hsa-mir-135a-2; hsa-mir-133b; hsa-mir-182; hsa-mir-126; hsa-mir-520b; hsa-mir-520d; hsa-mir-520e; hsa-mir-135b; hsa-mir-520a; hsa-mir-135a-1; hsa-mir-1258; hsa-mir-7-3; hsa-mir-1254-1; hsa-mir-485; hsa-mir-520c; hsa-mir-34c
Diseases (HMDD2),"Carcinoma, Renal Cell",enriched,1.26109e-09,30,hsa-mir-210; hsa-mir-130b; hsa-mir-195; hsa-mir-101-2; hsa-mir-101-1; hsa-mir-708; hsa-mir-30c-2; hsa-mir-196a-1; hsa-mir-760; hsa-mir-218-2; hsa-mir-218-1; hsa-mir-205; hsa-mir-30d; hsa-mir-29c; hsa-mir-451a; hsa-mir-139; hsa-mir-224; hsa-mir-144; hsa-mir-143; hsa-mir-9-1; hsa-mir-9-3; hsa-mir-9-2; hsa-mir-206; hsa-mir-135a-2; hsa-mir-126; hsa-mir-129-2; hsa-mir-135a-1; hsa-mir-1285-1; hsa-mir-34c; hsa-mir-204
Diseases (HMDD2),"Carcinoma, Squamous Cell",enriched,9.21884e-09,28,hsa-mir-210; hsa-mir-140; hsa-mir-195; hsa-mir-101-2; hsa-mir-101-1; hsa-mir-30a; hsa-mir-31; hsa-mir-218-2; hsa-mir-218-1; hsa-mir-205; hsa-mir-30d; hsa-mir-29c; hsa-mir-143; hsa-mir-9-1; hsa-mir-9-3; hsa-mir-1-2; hsa-mir-133a-1; hsa-mir-1-1; hsa-mir-133b; hsa-mir-182; hsa-mir-133a-2; hsa-mir-126; hsa-mir-129-2; hsa-mir-296; hsa-mir-519a-1; hsa-mir-519a-2; hsa-mir-137; hsa-mir-34c
Diseases (HMDD2),"Cardiomyopathy, Hypertrophic",enriched,0.000230288,8,hsa-mir-195; hsa-mir-9-1; hsa-mir-9-3; hsa-mir-9-2; hsa-mir-1-2; hsa-mir-133a-1; hsa-mir-1-1; hsa-mir-133a-2
Diseases (HMDD2),Cerebral Infarction,enriched,0.00126527,3,hsa-mir-196a-1; hsa-mir-196a-2; hsa-mir-149
Diseases (HMDD2),Colonic Neoplasms,enriched,3.02366e-05,22,hsa-mir-140; hsa-mir-101-2; hsa-mir-101-1; hsa-mir-30a; hsa-mir-30c-2; hsa-mir-31; hsa-mir-218-2; hsa-mir-218-1; hsa-mir-205; hsa-mir-615; hsa-mir-143; hsa-mir-9-1; hsa-mir-9-3; hsa-mir-9-2; hsa-mir-1-1; hsa-mir-133b; hsa-mir-126; hsa-mir-296; hsa-mir-518c; hsa-mir-498; hsa-mir-137; hsa-mir-552
Diseases (HMDD2),Colorectal Neoplasms,enriched,3.20709e-10,48,hsa-mir-210; hsa-mir-140; hsa-mir-195; hsa-mir-708; hsa-mir-30a; hsa-mir-31; hsa-mir-183; hsa-mir-196a-2; hsa-mir-149; hsa-mir-760; hsa-mir-218-2; hsa-mir-218-1; hsa-mir-345; hsa-mir-451a; hsa-mir-139; hsa-mir-224; hsa-mir-144; hsa-mir-338; hsa-mir-143; hsa-mir-96; hsa-mir-9-1; hsa-mir-9-3; hsa-mir-9-2; hsa-mir-1-2; hsa-mir-133a-1; hsa-mir-206; hsa-mir-1-1; hsa-mir-135a-2; hsa-mir-133b; hsa-mir-129-1; hsa-mir-182; hsa-mir-372; hsa-mir-133a-2; hsa-mir-190a; hsa-mir-33a; hsa-mir-126; hsa-mir-129-2; hsa-mir-373; hsa-mir-135b; hsa-mir-147b; hsa-mir-1246; hsa-mir-520a; hsa-mir-1915; hsa-mir-135a-1; hsa-mir-7-3; hsa-mir-137; hsa-mir-492; hsa-mir-34c
Diseases (HMDD2),Distal Myopathies,enriched,0.00463773,5,hsa-mir-1-2; hsa-mir-133a-1; hsa-mir-206; hsa-mir-1-1; hsa-mir-133a-2
Diseases (HMDD2),Endometrial Neoplasms,enriched,2.38789e-06,14,hsa-mir-210; hsa-mir-130b; hsa-mir-30c-2; hsa-mir-183; hsa-mir-205; hsa-mir-29c; hsa-mir-96; hsa-mir-193b; hsa-mir-9-1; hsa-mir-9-3; hsa-mir-9-2; hsa-mir-1-1; hsa-mir-182; hsa-mir-204
Diseases (HMDD2),Endomyocardial Fibrosis,enriched,0.00301254,2,hsa-mir-101-2; hsa-mir-101-1
Diseases (HMDD2),Esophageal Neoplasms,enriched,4.04772e-05,26,hsa-mir-210; hsa-mir-196b; hsa-mir-130b; hsa-mir-101-2; hsa-mir-101-1; hsa-mir-30b; hsa-mir-31; hsa-mir-196a-1; hsa-mir-183; hsa-mir-196a-2; hsa-mir-205; hsa-mir-29c; hsa-mir-451a; hsa-mir-455; hsa-mir-143; hsa-mir-133a-1; hsa-mir-133a-2; hsa-mir-126; hsa-mir-129-2; hsa-mir-296; hsa-mir-135b; hsa-mir-519c; hsa-mir-518b; hsa-mir-1246; hsa-mir-1286; hsa-mir-34c
Diseases (HMDD2),Gastrointestinal Neoplasms,enriched,0.00264319,9,hsa-mir-31; hsa-mir-196a-1; hsa-mir-196a-2; hsa-mir-451a; hsa-mir-338; hsa-mir-1-1; hsa-mir-133b; hsa-mir-126; hsa-mir-7-3
Diseases (HMDD2),Glioblastoma,enriched,2.85741e-09,32,hsa-mir-210; hsa-mir-196b; hsa-mir-195; hsa-mir-101-2; hsa-mir-101-1; hsa-mir-708; hsa-mir-30a; hsa-mir-30c-2; hsa-mir-31; hsa-mir-183; hsa-mir-149; hsa-mir-218-2; hsa-mir-218-1; hsa-mir-205; hsa-mir-29c; hsa-mir-451a; hsa-mir-139; hsa-mir-455; hsa-mir-224; hsa-mir-143; hsa-mir-9-1; hsa-mir-9-3; hsa-mir-9-2; hsa-mir-206; hsa-mir-323b; hsa-mir-326; hsa-mir-323a; hsa-mir-873; hsa-mir-539; hsa-mir-7-3; hsa-mir-137; hsa-mir-1305
Diseases (HMDD2),Glioma,enriched,1.1682e-06,26,hsa-mir-196b; hsa-mir-195; hsa-mir-30a; hsa-mir-31; hsa-mir-196a-1; hsa-mir-183; hsa-mir-196a-2; hsa-mir-149; hsa-mir-218-2; hsa-mir-218-1; hsa-mir-451a; hsa-mir-139; hsa-mir-224; hsa-mir-143; hsa-mir-96; hsa-mir-9-1; hsa-mir-9-2; hsa-mir-371a; hsa-mir-135a-2; hsa-mir-182; hsa-mir-326; hsa-mir-373; hsa-mir-135a-1; hsa-mir-383; hsa-mir-7-3; hsa-mir-204
Diseases (HMDD2),HIV,enriched,0.00291015,4,hsa-mir-101-2; hsa-mir-101-1; hsa-mir-9-1; hsa-mir-9-2
Diseases (HMDD2),Head and Neck Neoplasms,enriched,4.38648e-07,19,hsa-mir-130b; hsa-mir-195; hsa-mir-101-2; hsa-mir-101-1; hsa-mir-31; hsa-mir-205; hsa-mir-29c; hsa-mir-455; hsa-mir-143; hsa-mir-193b; hsa-mir-9-1; hsa-mir-9-3; hsa-mir-9-2; hsa-mir-1-2; hsa-mir-133a-1; hsa-mir-1-1; hsa-mir-133a-2; hsa-mir-7-3; hsa-mir-204
Diseases (HMDD2),"Heart Defects, Congenital",enriched,0.00463773,5,hsa-mir-195; hsa-mir-30b; hsa-mir-1-2; hsa-mir-133a-1; hsa-mir-133a-2
Diseases (HMDD2),Heart Failure,enriched,0.00419017,43,hsa-mir-210; hsa-mir-130b; hsa-mir-195; hsa-mir-30b; hsa-mir-30a; hsa-mir-30c-2; hsa-mir-196a-1; hsa-mir-196a-2; hsa-mir-218-2; hsa-mir-218-1; hsa-mir-205; hsa-mir-139; hsa-mir-1-2; hsa-mir-133a-1; hsa-mir-1-1; hsa-mir-135a-2; hsa-mir-133b; hsa-mir-182; hsa-mir-372; hsa-mir-133a-2; hsa-mir-126; hsa-mir-129-2; hsa-mir-296; hsa-mir-520g; hsa-mir-520h; hsa-mir-373; hsa-mir-520b; hsa-mir-520d; hsa-mir-520e; hsa-mir-525; hsa-mir-512-2; hsa-mir-512-1; hsa-mir-520a; hsa-mir-526b; hsa-mir-135a-1; hsa-mir-520f; hsa-mir-523; hsa-mir-515-1; hsa-mir-515-2; hsa-mir-520c; hsa-mir-507; hsa-mir-34c; hsa-mir-204
Diseases (HMDD2),"Hepatitis, Chronic",enriched,0.00660241,5,hsa-mir-224; hsa-mir-143; hsa-mir-182; hsa-mir-372; hsa-mir-126
Diseases (HMDD2),Hepatitis B,enriched,0.00414825,7,hsa-mir-101-2; hsa-mir-101-1; hsa-mir-338; hsa-mir-1-2; hsa-mir-1-1; hsa-mir-372; hsa-mir-373
Diseases (HMDD2),Hepatitis C,enriched,4.04772e-05,13,hsa-mir-196b; hsa-mir-30b; hsa-mir-30a; hsa-mir-30c-2; hsa-mir-196a-1; hsa-mir-196a-2; hsa-mir-149; hsa-mir-30d; hsa-mir-29c; hsa-mir-1-2; hsa-mir-1-1; hsa-mir-296; hsa-mir-448
Diseases (HMDD2),Hodgkin Disease,enriched,0.000357392,7,hsa-mir-183; hsa-mir-205; hsa-mir-96; hsa-mir-9-1; hsa-mir-9-3; hsa-mir-9-2; hsa-mir-182
Diseases (HMDD2),Hypertension,enriched,0.00827762,8,hsa-mir-1-2; hsa-mir-133a-1; hsa-mir-1-1; hsa-mir-133b; hsa-mir-503; hsa-mir-133a-2; hsa-mir-296; hsa-mir-204
Diseases (HMDD2),Hypertrophy,enriched,0.00187428,6,hsa-mir-1-2; hsa-mir-133a-1; hsa-mir-206; hsa-mir-1-1; hsa-mir-133b; hsa-mir-133a-2
Diseases (HMDD2),"Hypertrophy, Left Ventricular",enriched,0.00463773,5,hsa-mir-30b; hsa-mir-30a; hsa-mir-133a-1; hsa-mir-133b; hsa-mir-133a-2
Diseases (HMDD2),Keloid,enriched,0.00848474,2,hsa-mir-196a-1; hsa-mir-196a-2
Diseases (HMDD2),Laryngeal Neoplasms,enriched,7.87104e-05,9,hsa-mir-708; hsa-mir-31; hsa-mir-205; hsa-mir-144; hsa-mir-1-2; hsa-mir-133a-1; hsa-mir-206; hsa-mir-1-1; hsa-mir-133a-2
Diseases (HMDD2),Leukemia,enriched,0.00150029,7,hsa-mir-196b; hsa-mir-31; hsa-mir-143; hsa-mir-9-1; hsa-mir-9-3; hsa-mir-9-2; hsa-mir-485
Diseases (HMDD2),"Leukemia, Myelogenous, Chronic, BCR-ABL Positive",enriched,0.000167849,5,hsa-mir-30a; hsa-mir-31; hsa-mir-451a; hsa-mir-615; hsa-mir-144
Diseases (HMDD2),"Leukemia, Myeloid, Acute",enriched,0.00106548,9,hsa-mir-196b; hsa-mir-30c-2; hsa-mir-196a-1; hsa-mir-196a-2; hsa-mir-224; hsa-mir-143; hsa-mir-193b; hsa-mir-126; hsa-mir-323a
Diseases (HMDD2),Lung Neoplasms,enriched,3.20709e-10,39,hsa-mir-210; hsa-mir-140; hsa-mir-101-2; hsa-mir-101-1; hsa-mir-30b; hsa-mir-30a; hsa-mir-30c-2; hsa-mir-31; hsa-mir-196a-1; hsa-mir-183; hsa-mir-196a-2; hsa-mir-218-2; hsa-mir-205; hsa-mir-30d; hsa-mir-29c; hsa-mir-224; hsa-mir-338; hsa-mir-143; hsa-mir-96; hsa-mir-9-1; hsa-mir-9-3; hsa-mir-9-2; hsa-mir-1-2; hsa-mir-133a-1; hsa-mir-206; hsa-mir-1-1; hsa-mir-135a-2; hsa-mir-133b; hsa-mir-33b; hsa-mir-182; hsa-mir-33a; hsa-mir-126; hsa-mir-520h; hsa-mir-326; hsa-mir-135b; hsa-mir-135a-1; hsa-mir-7-3; hsa-mir-137; hsa-mir-34c
Diseases (HMDD2),"Lupus Erythematosus, Systemic",enriched,0.000377891,7,hsa-mir-101-2; hsa-mir-101-1; hsa-mir-30a; hsa-mir-31; hsa-mir-205; hsa-mir-224; hsa-mir-126
Diseases (HMDD2),Lymphoma,enriched,0.00199695,16,hsa-mir-210; hsa-mir-101-2; hsa-mir-101-1; hsa-mir-708; hsa-mir-218-2; hsa-mir-218-1; hsa-mir-345; hsa-mir-29c; hsa-mir-139; hsa-mir-135a-2; hsa-mir-133b; hsa-mir-126; hsa-mir-135b; hsa-mir-518b; hsa-mir-135a-1; hsa-mir-539
Diseases (HMDD2),"Lymphoma, B-Cell",enriched,3.05471e-05,7,hsa-mir-195; hsa-mir-29c; hsa-mir-143; hsa-mir-193b; hsa-mir-9-1; hsa-mir-9-3; hsa-mir-9-2
Diseases (HMDD2),"Lymphoma, Large-Cell, Anaplastic",enriched,0.00301254,2,hsa-mir-101-2; hsa-mir-101-1
Diseases (HMDD2),"Lymphoma, T-Cell",enriched,0.00301254,2,hsa-mir-101-2; hsa-mir-101-1
Diseases (HMDD2),Medulloblastoma,enriched,0.000172058,25,hsa-mir-30a; hsa-mir-31; hsa-mir-183; hsa-mir-218-2; hsa-mir-218-1; hsa-mir-224; hsa-mir-144; hsa-mir-338; hsa-mir-143; hsa-mir-96; hsa-mir-193b; hsa-mir-9-1; hsa-mir-9-3; hsa-mir-9-2; hsa-mir-135a-2; hsa-mir-33b; hsa-mir-182; hsa-mir-126; hsa-mir-373; hsa-mir-323a; hsa-mir-135b; hsa-mir-512-2; hsa-mir-135a-1; hsa-mir-383; hsa-mir-539
Diseases (HMDD2),Melanoma,enriched,3.05471e-05,36,hsa-mir-210; hsa-mir-195; hsa-mir-30b; hsa-mir-30a; hsa-mir-31; hsa-mir-196a-1; hsa-mir-183; hsa-mir-196a-2; hsa-mir-149; hsa-mir-218-2; hsa-mir-218-1; hsa-mir-205; hsa-mir-30d; hsa-mir-338; hsa-mir-143; hsa-mir-96; hsa-mir-193b; hsa-mir-9-1; hsa-mir-9-3; hsa-mir-9-2; hsa-mir-1-1; hsa-mir-182; hsa-mir-133a-2; hsa-mir-126; hsa-mir-296; hsa-mir-519b; hsa-mir-767; hsa-mir-135b; hsa-mir-518e; hsa-mir-517a; hsa-mir-383; hsa-mir-7-3; hsa-mir-137; hsa-mir-507; hsa-mir-34c; hsa-mir-204
Diseases (HMDD2),Mouth Neoplasms,enriched,0.000959114,10,hsa-mir-140; hsa-mir-30b; hsa-mir-31; hsa-mir-196a-1; hsa-mir-196a-2; hsa-mir-205; hsa-mir-29c; hsa-mir-126; hsa-mir-7-3; hsa-mir-137
Diseases (HMDD2),Multiple Myeloma,enriched,0.00414825,2,hsa-mir-130b; hsa-mir-30b
Diseases (HMDD2),"Muscular Disorders, Atrophic",enriched,0.000632733,7,hsa-mir-210; hsa-mir-140; hsa-mir-195; hsa-mir-30a; hsa-mir-29c; hsa-mir-143; hsa-mir-126
Diseases (HMDD2),"Muscular Dystrophy, Duchenne",enriched,0.000230288,8,hsa-mir-31; hsa-mir-29c; hsa-mir-1-2; hsa-mir-133a-1; hsa-mir-206; hsa-mir-1-1; hsa-mir-133b; hsa-mir-133a-2
Diseases (HMDD2),Musculoskeletal Abnormalities,enriched,0.00463773,5,hsa-mir-1-2; hsa-mir-133a-1; hsa-mir-206; hsa-mir-1-1; hsa-mir-133a-2
Diseases (HMDD2),Myelodysplastic Syndromes,enriched,0.0054487,4,hsa-mir-210; hsa-mir-143; hsa-mir-1-2; hsa-mir-1-1
Diseases (HMDD2),Myocardial Infarction,enriched,6.48561e-06,12,hsa-mir-210; hsa-mir-195; hsa-mir-30a; hsa-mir-31; hsa-mir-451a; hsa-mir-1-2; hsa-mir-133a-1; hsa-mir-206; hsa-mir-1-1; hsa-mir-133b; hsa-mir-133a-2; hsa-mir-126
Diseases (HMDD2),"Myocytes, Cardiac",enriched,0.000416787,8,hsa-mir-195; hsa-mir-9-1; hsa-mir-9-3; hsa-mir-9-2; hsa-mir-133a-1; hsa-mir-133b; hsa-mir-133a-2; hsa-mir-126
Diseases (HMDD2),Myotonic Dystrophy,enriched,0.00532313,8,hsa-mir-29c; hsa-mir-193b; hsa-mir-1-2; hsa-mir-206; hsa-mir-1-1; hsa-mir-33b; hsa-mir-33a; hsa-mir-34c
Diseases (HMDD2),Nasopharyngeal Neoplasms,enriched,1.77331e-06,13,hsa-mir-101-2; hsa-mir-101-1; hsa-mir-149; hsa-mir-218-2; hsa-mir-218-1; hsa-mir-205; hsa-mir-29c; hsa-mir-144; hsa-mir-9-1; hsa-mir-9-2; hsa-mir-1-2; hsa-mir-1-1; hsa-mir-34c
Diseases (HMDD2),Neoplasms,enriched,8.48338e-07,37,hsa-mir-210; hsa-mir-196b; hsa-mir-101-2; hsa-mir-101-1; hsa-mir-708; hsa-mir-30a; hsa-mir-30c-2; hsa-mir-31; hsa-mir-149; hsa-mir-218-2; hsa-mir-218-1; hsa-mir-205; hsa-mir-30d; hsa-mir-29c; hsa-mir-451a; hsa-mir-224; hsa-mir-143; hsa-mir-193b; hsa-mir-9-1; hsa-mir-9-3; hsa-mir-9-2; hsa-mir-371a; hsa-mir-206; hsa-mir-135a-2; hsa-mir-182; hsa-mir-372; hsa-mir-126; hsa-mir-520h; hsa-mir-373; hsa-mir-520b; hsa-mir-519c; hsa-mir-498; hsa-mir-135a-1; hsa-mir-7-3; hsa-mir-137; hsa-mir-34c; hsa-mir-204
Diseases (HMDD2),Osteosarcoma,enriched,0.000906255,12,hsa-mir-210; hsa-mir-140; hsa-mir-195; hsa-mir-183; hsa-mir-143; hsa-mir-1-2; hsa-mir-133a-1; hsa-mir-1-1; hsa-mir-133b; hsa-mir-133a-2; hsa-mir-135b; hsa-mir-34c
Diseases (HMDD2),Ovarian Neoplasms,enriched,2.28374e-06,27,hsa-mir-140; hsa-mir-101-2; hsa-mir-101-1; hsa-mir-30b; hsa-mir-30a; hsa-mir-30c-2; hsa-mir-31; hsa-mir-183; hsa-mir-218-1; hsa-mir-30d; hsa-mir-224; hsa-mir-338; hsa-mir-96; hsa-mir-193b; hsa-mir-9-1; hsa-mir-133a-1; hsa-mir-1-1; hsa-mir-133b; hsa-mir-182; hsa-mir-133a-2; hsa-mir-126; hsa-mir-296; hsa-mir-516a-1; hsa-mir-135b; hsa-mir-516a-2; hsa-mir-383; hsa-mir-34c
Diseases (HMDD2),Pancreatic Neoplasms,enriched,4.38648e-07,26,hsa-mir-210; hsa-mir-196b; hsa-mir-101-2; hsa-mir-101-1; hsa-mir-708; hsa-mir-30c-2; hsa-mir-31; hsa-mir-196a-1; hsa-mir-183; hsa-mir-196a-2; hsa-mir-218-2; hsa-mir-218-1; hsa-mir-451a; hsa-mir-224; hsa-mir-338; hsa-mir-143; hsa-mir-96; hsa-mir-133b; hsa-mir-182; hsa-mir-190a; hsa-mir-126; hsa-mir-296; hsa-mir-520h; hsa-mir-135b; hsa-mir-34c; hsa-mir-204
Diseases (HMDD2),Parkinson Disease,enriched,0.00382777,11,hsa-mir-30b; hsa-mir-30a; hsa-mir-30c-2; hsa-mir-205; hsa-mir-29c; hsa-mir-1-2; hsa-mir-1-1; hsa-mir-133b; hsa-mir-126; hsa-mir-7-3; hsa-mir-34c
Diseases (HMDD2),Pheochromocytoma,enriched,0.000798126,3,hsa-mir-101-2; hsa-mir-101-1; hsa-mir-183
Diseases (HMDD2),Precursor Cell Lymphoblastic Leukemia-Lymphoma,enriched,0.00291015,6,hsa-mir-196b; hsa-mir-708; hsa-mir-29c; hsa-mir-143; hsa-mir-182; hsa-mir-126
Diseases (HMDD2),Prostatic Neoplasms,enriched,1.73594e-06,34,hsa-mir-196b; hsa-mir-130b; hsa-mir-195; hsa-mir-101-2; hsa-mir-101-1; hsa-mir-708; hsa-mir-30c-2; hsa-mir-31; hsa-mir-183; hsa-mir-301b; hsa-mir-218-1; hsa-mir-205; hsa-mir-30d; hsa-mir-224; hsa-mir-143; hsa-mir-96; hsa-mir-193b; hsa-mir-616; hsa-mir-1-2; hsa-mir-133a-1; hsa-mir-1-1; hsa-mir-133b; hsa-mir-182; hsa-mir-133a-2; hsa-mir-126; hsa-mir-296; hsa-mir-373; hsa-mir-521-1; hsa-mir-521-2; hsa-mir-135b; hsa-mir-519d; hsa-mir-520c; hsa-mir-34c; hsa-mir-204
Diseases (HMDD2),Retinal Degeneration,enriched,0.00636475,7,hsa-mir-183; hsa-mir-96; hsa-mir-1-2; hsa-mir-1-1; hsa-mir-133b; hsa-mir-182; hsa-mir-204
Diseases (HMDD2),Salivary Gland Neoplasms,enriched,0.000959114,4,hsa-mir-140; hsa-mir-301b; hsa-mir-29c; hsa-mir-144
Diseases (HMDD2),Schizophrenia,enriched,0.0003706,11,hsa-mir-195; hsa-mir-30b; hsa-mir-30a; hsa-mir-30d; hsa-mir-29c; hsa-mir-9-1; hsa-mir-9-3; hsa-mir-9-2; hsa-mir-206; hsa-mir-7-3; hsa-mir-137
Diseases (HMDD2),Stomach Neoplasms,enriched,4.44079e-06,62,hsa-mir-140; hsa-mir-196b; hsa-mir-130b; hsa-mir-195; hsa-mir-101-2; hsa-mir-101-1; hsa-mir-30b; hsa-mir-30c-2; hsa-mir-31; hsa-mir-196a-1; hsa-mir-183; hsa-mir-196a-2; hsa-mir-149; hsa-mir-218-2; hsa-mir-218-1; hsa-mir-29c; hsa-mir-451a; hsa-mir-139; hsa-mir-224; hsa-mir-143; hsa-mir-193b; hsa-mir-9-1; hsa-mir-9-3; hsa-mir-9-2; hsa-mir-577; hsa-mir-1-2; hsa-mir-371a; hsa-mir-206; hsa-mir-1-1; hsa-mir-135a-2; hsa-mir-133b; hsa-mir-129-1; hsa-mir-182; hsa-mir-372; hsa-mir-503; hsa-mir-126; hsa-mir-129-2; hsa-mir-296; hsa-mir-519a-1; hsa-mir-373; hsa-mir-519a-2; hsa-mir-516b-1; hsa-mir-520d; hsa-mir-518f; hsa-mir-516b-2; hsa-mir-516a-1; hsa-mir-135b; hsa-mir-519c; hsa-mir-524; hsa-mir-516a-2; hsa-mir-520a; hsa-mir-517a; hsa-mir-135a-1; hsa-mir-570; hsa-mir-7-3; hsa-mir-137; hsa-mir-519e; hsa-mir-515-1; hsa-mir-515-2; hsa-mir-520c; hsa-mir-34c; hsa-mir-204
Diseases (HMDD2),Stomach Neoplasms ,enriched,0.00301254,2,hsa-mir-101-2; hsa-mir-101-1
Diseases (HMDD2),Thyroid Neoplasms,enriched,6.28562e-06,18,hsa-mir-31; hsa-mir-183; hsa-mir-218-2; hsa-mir-30d; hsa-mir-144; hsa-mir-9-1; hsa-mir-9-3; hsa-mir-9-2; hsa-mir-1-2; hsa-mir-371a; hsa-mir-1-1; hsa-mir-133b; hsa-mir-323b; hsa-mir-129-1; hsa-mir-126; hsa-mir-129-2; hsa-mir-323a; hsa-mir-7-3
Diseases (HMDD2),Trophoblasts,enriched,0.00419017,3,hsa-mir-205; hsa-mir-451a; hsa-mir-224
Diseases (HMDD2),Urinary Bladder Neoplasms,enriched,1.66719e-10,35,hsa-mir-210; hsa-mir-196b; hsa-mir-944; hsa-mir-195; hsa-mir-101-2; hsa-mir-101-1; hsa-mir-708; hsa-mir-31; hsa-mir-183; hsa-mir-196a-2; hsa-mir-149; hsa-mir-218-2; hsa-mir-218-1; hsa-mir-205; hsa-mir-29c; hsa-mir-139; hsa-mir-224; hsa-mir-143; hsa-mir-96; hsa-mir-9-1; hsa-mir-9-3; hsa-mir-9-2; hsa-mir-1-2; hsa-mir-133a-1; hsa-mir-1-1; hsa-mir-133b; hsa-mir-182; hsa-mir-503; hsa-mir-133a-2; hsa-mir-126; hsa-mir-296; hsa-mir-135b; hsa-mir-517a; hsa-mir-7-3; hsa-mir-34c
Diseases (HMDD2),Uterine Cervical Neoplasms,enriched,0.00013586,22,hsa-mir-196a-1; hsa-mir-196a-2; hsa-mir-218-2; hsa-mir-218-1; hsa-mir-205; hsa-mir-345; hsa-mir-338; hsa-mir-143; hsa-mir-193b; hsa-mir-9-1; hsa-mir-9-3; hsa-mir-9-2; hsa-mir-133b; hsa-mir-182; hsa-mir-372; hsa-mir-126; hsa-mir-518a-2; hsa-mir-518a-1; hsa-mir-512-2; hsa-mir-512-1; hsa-mir-7-3; hsa-mir-34c
Diseases (HMDD2),Vascular Calcification,enriched,0.00498439,2,hsa-mir-30b; hsa-mir-30c-2
Diseases (HMDD2),Waldenstrom Macroglobulinemia,enriched,0.00476818,4,hsa-mir-9-1; hsa-mir-9-3; hsa-mir-9-2; hsa-mir-206
Diseases (HMDD2),Wounds and Injuries,enriched,0.00291015,4,hsa-mir-143; hsa-mir-9-1; hsa-mir-9-3; hsa-mir-9-2
