Category,Subcategory,Enrichment,p-value,observed,miRNAs/precursors
Diseases (HMDD2),Heart Failure,enriched,1.67E-08,26,hsa-mir-139; hsa-mir-21; hsa-mir-145; hsa-mir-195; hsa-mir-210; hsa-mir-10b; hsa-mir-182; hsa-mir-204; hsa-mir-130b; hsa-let-7c; hsa-mir-381; hsa-mir-196a-1; hsa-mir-92b; hsa-mir-133a-2; hsa-mir-133a-1; hsa-mir-196a-2; hsa-mir-429; hsa-mir-1-1; hsa-mir-1-2; hsa-mir-133b; hsa-mir-192; hsa-mir-142; hsa-mir-342; hsa-mir-452; hsa-mir-211; hsa-mir-499a
Diseases (HMDD2),"Carcinoma, Hepatocellular",enriched,3.38E-08,46,hsa-mir-183; hsa-mir-96; hsa-mir-139; hsa-mir-21; hsa-mir-145; hsa-mir-195; hsa-mir-1301; hsa-mir-210; hsa-mir-99a; hsa-mir-10b; hsa-mir-451a; hsa-mir-182; hsa-mir-144; hsa-mir-130b; hsa-let-7c; hsa-mir-381; hsa-mir-378a; hsa-mir-196a-1; hsa-mir-92b; hsa-mir-125b-2; hsa-mir-196a-2; hsa-mir-125b-1; hsa-mir-1-1; hsa-mir-1-2; hsa-mir-100; hsa-mir-133b; hsa-mir-301a; hsa-mir-192; hsa-mir-142; hsa-mir-335; hsa-mir-141; hsa-mir-200a; hsa-mir-105-1; hsa-mir-449b; hsa-mir-105-2; hsa-mir-187; hsa-mir-375; hsa-mir-483; hsa-mir-7-3; hsa-mir-615; hsa-mir-200b; hsa-mir-492; hsa-mir-208b; hsa-mir-1224; hsa-mir-499a; hsa-mir-522
Diseases (HMDD2),Pancreatic Neoplasms,enriched,6.71E-07,25,hsa-mir-183; hsa-mir-96; hsa-mir-21; hsa-mir-145; hsa-mir-210; hsa-mir-99a; hsa-mir-10b; hsa-mir-451a; hsa-mir-182; hsa-mir-204; hsa-let-7c; hsa-mir-196a-1; hsa-mir-125b-2; hsa-mir-196a-2; hsa-mir-125b-1; hsa-mir-429; hsa-mir-100; hsa-mir-133b; hsa-mir-192; hsa-mir-142; hsa-mir-200a; hsa-mir-375; hsa-mir-200b; hsa-mir-211; hsa-mir-135b
Diseases (HMDD2),Colorectal Neoplasms,enriched,1.93E-06,49,hsa-mir-183; hsa-mir-96; hsa-mir-139; hsa-mir-21; hsa-mir-145; hsa-mir-195; hsa-mir-210; hsa-mir-99a; hsa-mir-10b; hsa-mir-451a; hsa-mir-182; hsa-mir-144; hsa-let-7c; hsa-mir-378a; hsa-mir-92b; hsa-mir-125b-2; hsa-mir-133a-2; hsa-mir-133a-1; hsa-mir-196a-2; hsa-mir-125b-1; hsa-mir-429; hsa-mir-1-1; hsa-mir-760; hsa-mir-1-2; hsa-mir-133b; hsa-mir-301a; hsa-mir-142; hsa-mir-335; hsa-mir-454; hsa-mir-141; hsa-mir-337; hsa-mir-200a; hsa-mir-147b; hsa-mir-342; hsa-mir-206; hsa-mir-33a; hsa-mir-584; hsa-mir-375; hsa-mir-483; hsa-mir-7-3; hsa-mir-200b; hsa-mir-9-1; hsa-mir-9-2; hsa-mir-9-3; hsa-mir-492; hsa-mir-211; hsa-mir-135b; hsa-mir-499a; hsa-mir-137
Diseases (HMDD2),Prostatic Neoplasms,enriched,1.93E-06,35,hsa-mir-183; hsa-mir-96; hsa-mir-21; hsa-mir-145; hsa-mir-195; hsa-mir-99a; hsa-mir-182; hsa-mir-204; hsa-mir-130b; hsa-let-7c; hsa-mir-378a; hsa-mir-378c; hsa-mir-125b-2; hsa-mir-133a-2; hsa-mir-133a-1; hsa-mir-301b; hsa-mir-125b-1; hsa-mir-1-1; hsa-mir-449a; hsa-mir-1-2; hsa-mir-100; hsa-mir-133b; hsa-mir-301a; hsa-mir-335; hsa-mir-141; hsa-mir-200a; hsa-mir-375; hsa-mir-378d-2; hsa-mir-200b; hsa-mir-452; hsa-mir-488; hsa-mir-378d-1; hsa-mir-135b; hsa-mir-153-2; hsa-mir-153-1
Diseases (HMDD2),Osteosarcoma,enriched,5.37E-06,14,hsa-mir-183; hsa-mir-21; hsa-mir-145; hsa-mir-195; hsa-mir-210; hsa-mir-125b-2; hsa-mir-133a-2; hsa-mir-133a-1; hsa-mir-125b-1; hsa-mir-1-1; hsa-mir-1-2; hsa-mir-133b; hsa-mir-142; hsa-mir-135b
Diseases (HMDD2),Adenocarcinoma,enriched,6.33E-06,17,hsa-mir-183; hsa-mir-21; hsa-mir-145; hsa-mir-195; hsa-mir-210; hsa-mir-10b; hsa-mir-182; hsa-mir-204; hsa-mir-196a-1; hsa-mir-133a-2; hsa-mir-196a-2; hsa-mir-429; hsa-mir-449a; hsa-mir-192; hsa-mir-200a; hsa-mir-449b; hsa-mir-200b
Diseases (HMDD2),Urinary Bladder Neoplasms,enriched,6.33E-06,39,hsa-mir-183; hsa-mir-96; hsa-mir-139; hsa-mir-21; hsa-mir-145; hsa-mir-195; hsa-mir-210; hsa-mir-99a; hsa-mir-10b; hsa-mir-182; hsa-mir-378a; hsa-mir-378c; hsa-mir-125b-2; hsa-mir-133a-2; hsa-mir-133a-1; hsa-mir-196a-2; hsa-mir-125b-1; hsa-mir-429; hsa-mir-1-1; hsa-mir-449a; hsa-mir-1-2; hsa-mir-100; hsa-mir-133b; hsa-mir-192; hsa-mir-142; hsa-mir-141; hsa-mir-200a; hsa-mir-7-3; hsa-mir-378d-2; hsa-mir-200b; hsa-mir-9-1; hsa-mir-9-2; hsa-mir-9-3; hsa-mir-452; hsa-mir-378d-1; hsa-mir-1224; hsa-mir-1229; hsa-mir-135b; hsa-mir-944
Diseases (HMDD2),Adrenocortical Carcinoma,enriched,6.40E-06,25,hsa-mir-139; hsa-mir-145; hsa-mir-195; hsa-mir-210; hsa-let-7c; hsa-mir-196a-1; hsa-mir-125b-2; hsa-mir-133a-2; hsa-mir-133a-1; hsa-mir-196a-2; hsa-mir-301b; hsa-mir-125b-1; hsa-mir-1-1; hsa-mir-449a; hsa-mir-1-2; hsa-mir-100; hsa-mir-301a; hsa-mir-192; hsa-mir-335; hsa-mir-449b; hsa-mir-375; hsa-mir-483; hsa-mir-7-3; hsa-mir-200b; hsa-mir-137
Diseases (HMDD2),Breast Neoplasms,enriched,6.40E-06,47,hsa-mir-183; hsa-mir-96; hsa-mir-139; hsa-mir-21; hsa-mir-145; hsa-mir-195; hsa-mir-210; hsa-mir-10b; hsa-mir-451a; hsa-mir-182; hsa-mir-204; hsa-let-7c; hsa-mir-196a-1; hsa-mir-125b-2; hsa-mir-133a-2; hsa-mir-133a-1; hsa-mir-196a-2; hsa-mir-301b; hsa-mir-125b-1; hsa-mir-383; hsa-mir-429; hsa-mir-1-1; hsa-mir-1-2; hsa-mir-100; hsa-mir-133b; hsa-mir-301a; hsa-mir-495; hsa-mir-335; hsa-mir-141; hsa-mir-200a; hsa-mir-342; hsa-mir-1258; hsa-mir-187; hsa-mir-206; hsa-mir-584; hsa-mir-375; hsa-mir-7-3; hsa-mir-200b; hsa-mir-9-1; hsa-mir-9-2; hsa-mir-9-3; hsa-mir-452; hsa-mir-488; hsa-mir-135b; hsa-mir-499a; hsa-mir-153-2; hsa-mir-137
Diseases (HMDD2),"Carcinoma, Non-Small-Cell Lung",enriched,6.40E-06,26,hsa-mir-183; hsa-mir-96; hsa-mir-21; hsa-mir-145; hsa-mir-210; hsa-mir-451a; hsa-mir-182; hsa-mir-378a; hsa-mir-196a-1; hsa-mir-125b-2; hsa-mir-196a-2; hsa-mir-125b-1; hsa-mir-429; hsa-mir-1-1; hsa-mir-449a; hsa-mir-1-2; hsa-mir-100; hsa-mir-133b; hsa-mir-337; hsa-mir-449b; hsa-mir-1258; hsa-mir-7-3; hsa-mir-200b; hsa-mir-9-3; hsa-mir-135b; hsa-mir-499a
Diseases (HMDD2),Stomach Neoplasms,enriched,7.44E-06,45,hsa-mir-183; hsa-mir-139; hsa-mir-21; hsa-mir-145; hsa-mir-195; hsa-mir-10b; hsa-mir-451a; hsa-mir-182; hsa-mir-204; hsa-mir-130b; hsa-mir-378a; hsa-mir-196a-1; hsa-mir-125b-2; hsa-mir-196a-2; hsa-mir-125b-1; hsa-mir-429; hsa-mir-1-1; hsa-mir-449a; hsa-mir-1-2; hsa-mir-100; hsa-mir-133b; hsa-mir-301a; hsa-mir-192; hsa-mir-495; hsa-mir-142; hsa-mir-335; hsa-mir-141; hsa-mir-200a; hsa-mir-449c; hsa-mir-449b; hsa-mir-342; hsa-mir-187; hsa-mir-206; hsa-mir-375; hsa-mir-7-3; hsa-mir-200b; hsa-mir-184; hsa-mir-9-1; hsa-mir-9-2; hsa-mir-9-3; hsa-mir-135b; hsa-mir-658; hsa-mir-137; hsa-mir-519a-1; hsa-mir-577
Diseases (HMDD2),"Carcinoma, Renal Cell",enriched,8.37E-06,33,hsa-mir-139; hsa-mir-21; hsa-mir-145; hsa-mir-195; hsa-mir-210; hsa-mir-99a; hsa-mir-10b; hsa-mir-451a; hsa-mir-144; hsa-mir-204; hsa-mir-130b; hsa-let-7c; hsa-mir-381; hsa-mir-378a; hsa-mir-196a-1; hsa-mir-378c; hsa-mir-429; hsa-mir-760; hsa-mir-100; hsa-mir-142; hsa-mir-335; hsa-mir-454; hsa-mir-141; hsa-mir-200a; hsa-mir-206; hsa-mir-378d-2; hsa-mir-200b; hsa-mir-184; hsa-mir-9-1; hsa-mir-9-2; hsa-mir-9-3; hsa-mir-452; hsa-mir-378d-1
Diseases (HMDD2),Ovarian Neoplasms,enriched,1.48E-05,32,hsa-mir-183; hsa-mir-96; hsa-mir-21; hsa-mir-145; hsa-mir-99a; hsa-mir-10b; hsa-mir-182; hsa-let-7c; hsa-mir-92b; hsa-mir-125b-2; hsa-mir-133a-2; hsa-mir-133a-1; hsa-mir-125b-1; hsa-mir-383; hsa-mir-429; hsa-mir-1-1; hsa-mir-449a; hsa-mir-100; hsa-mir-133b; hsa-mir-192; hsa-mir-335; hsa-mir-141; hsa-mir-200a; hsa-mir-449b; hsa-mir-187; hsa-mir-375; hsa-mir-200b; hsa-mir-9-1; hsa-mir-488; hsa-mir-135b; hsa-mir-499a; hsa-mir-153-2
Diseases (HMDD2),Myelodysplastic Syndromes,enriched,2.11E-05,8,hsa-mir-21; hsa-mir-145; hsa-mir-210; hsa-let-7c; hsa-mir-378a; hsa-mir-125b-1; hsa-mir-1-1; hsa-mir-1-2
Diseases (HMDD2),Glioma,enriched,2.69E-05,23,hsa-mir-183; hsa-mir-96; hsa-mir-139; hsa-mir-21; hsa-mir-145; hsa-mir-195; hsa-mir-10b; hsa-mir-451a; hsa-mir-182; hsa-mir-204; hsa-mir-196a-1; hsa-mir-92b; hsa-mir-196a-2; hsa-mir-125b-1; hsa-mir-383; hsa-mir-335; hsa-mir-375; hsa-mir-483; hsa-mir-7-3; hsa-mir-200b; hsa-mir-9-1; hsa-mir-9-2; hsa-mir-211
Diseases (HMDD2),Lung Neoplasms,enriched,7.69E-05,34,hsa-mir-183; hsa-mir-96; hsa-mir-21; hsa-mir-145; hsa-mir-210; hsa-mir-10b; hsa-mir-182; hsa-let-7c; hsa-mir-33b; hsa-mir-381; hsa-mir-196a-1; hsa-mir-133a-1; hsa-mir-196a-2; hsa-mir-125b-1; hsa-mir-1-1; hsa-mir-1-2; hsa-mir-100; hsa-mir-133b; hsa-mir-301a; hsa-mir-192; hsa-mir-142; hsa-mir-335; hsa-mir-200a; hsa-mir-206; hsa-mir-33a; hsa-mir-375; hsa-mir-7-3; hsa-mir-200b; hsa-mir-9-1; hsa-mir-9-2; hsa-mir-9-3; hsa-mir-135b; hsa-mir-499a; hsa-mir-137
Diseases (HMDD2),Laryngeal Neoplasms,enriched,0.000101049,12,hsa-mir-21; hsa-mir-145; hsa-mir-144; hsa-mir-378a; hsa-mir-125b-2; hsa-mir-133a-2; hsa-mir-133a-1; hsa-mir-125b-1; hsa-mir-1-1; hsa-mir-1-2; hsa-mir-206; hsa-mir-375
Diseases (HMDD2),Endometrial Neoplasms,enriched,0.000154292,24,hsa-mir-183; hsa-mir-96; hsa-mir-21; hsa-mir-210; hsa-mir-99a; hsa-mir-182; hsa-mir-204; hsa-mir-130b; hsa-let-7c; hsa-mir-378a; hsa-mir-125b-2; hsa-mir-125b-1; hsa-mir-429; hsa-mir-1-1; hsa-mir-100; hsa-mir-142; hsa-mir-141; hsa-mir-200a; hsa-mir-200b; hsa-mir-9-1; hsa-mir-9-2; hsa-mir-9-3; hsa-mir-153-2; hsa-mir-153-1
Diseases (HMDD2),Esophageal Neoplasms,enriched,0.000159541,21,hsa-mir-183; hsa-mir-21; hsa-mir-145; hsa-mir-210; hsa-mir-99a; hsa-mir-451a; hsa-mir-130b; hsa-let-7c; hsa-mir-196a-1; hsa-mir-133a-2; hsa-mir-133a-1; hsa-mir-196a-2; hsa-mir-100; hsa-mir-454; hsa-mir-141; hsa-mir-200a; hsa-mir-342; hsa-mir-375; hsa-mir-452; hsa-mir-135b; hsa-mir-499a
Diseases (HMDD2),Retinal Degeneration,enriched,0.000159541,8,hsa-mir-183; hsa-mir-96; hsa-mir-182; hsa-mir-204; hsa-mir-1-1; hsa-mir-1-2; hsa-mir-133b; hsa-mir-142
Diseases (HMDD2),Melanoma,enriched,0.000249767,37,hsa-mir-183; hsa-mir-96; hsa-mir-21; hsa-mir-145; hsa-mir-195; hsa-mir-210; hsa-mir-99a; hsa-mir-182; hsa-mir-204; hsa-let-7c; hsa-mir-378a; hsa-mir-196a-1; hsa-mir-125b-2; hsa-mir-133a-2; hsa-mir-196a-2; hsa-mir-125b-1; hsa-mir-383; hsa-mir-429; hsa-mir-1-1; hsa-mir-142; hsa-mir-767; hsa-mir-141; hsa-mir-200a; hsa-mir-342; hsa-mir-584; hsa-mir-375; hsa-mir-7-3; hsa-mir-200b; hsa-mir-9-1; hsa-mir-9-2; hsa-mir-9-3; hsa-mir-452; hsa-mir-488; hsa-mir-211; hsa-mir-135b; hsa-mir-153-2; hsa-mir-137
Diseases (HMDD2),Hypertension,enriched,0.000347052,9,hsa-mir-21; hsa-mir-145; hsa-mir-204; hsa-mir-133a-2; hsa-mir-133a-1; hsa-mir-1-1; hsa-mir-1-2; hsa-mir-133b; hsa-mir-208b
Diseases (HMDD2),"Carcinoma, Small Cell",enriched,0.000504836,6,hsa-mir-21; hsa-mir-145; hsa-let-7c; hsa-mir-125b-2; hsa-mir-125b-1; hsa-mir-100
Diseases (HMDD2),Myocardial Infarction,enriched,0.000514651,13,hsa-mir-21; hsa-mir-195; hsa-mir-210; hsa-mir-10b; hsa-mir-451a; hsa-mir-133a-2; hsa-mir-133a-1; hsa-mir-1-1; hsa-mir-1-2; hsa-mir-133b; hsa-mir-206; hsa-mir-208b; hsa-mir-499a
Diseases (HMDD2),Hepatitis C,enriched,0.000529268,7,hsa-mir-21; hsa-mir-196a-1; hsa-mir-196a-2; hsa-mir-1-1; hsa-mir-449a; hsa-mir-1-2; hsa-mir-142
Diseases (HMDD2),Endometriosis,enriched,0.00054696,17,hsa-mir-145; hsa-mir-99a; hsa-mir-10b; hsa-let-7c; hsa-mir-125b-2; hsa-mir-125b-1; hsa-mir-429; hsa-mir-1-1; hsa-mir-1-2; hsa-mir-100; hsa-mir-142; hsa-mir-141; hsa-mir-200a; hsa-mir-449b; hsa-mir-375; hsa-mir-200b; hsa-mir-135b
Diseases (HMDD2),"Leukemia, Myeloid, Acute",enriched,0.000577908,9,hsa-mir-145; hsa-let-7c; hsa-mir-196a-1; hsa-mir-196a-2; hsa-mir-125b-1; hsa-mir-100; hsa-mir-142; hsa-mir-337; hsa-mir-342
Diseases (HMDD2),"Muscular Disorders, Atrophic",enriched,0.000577908,10,hsa-mir-21; hsa-mir-145; hsa-mir-195; hsa-mir-210; hsa-let-7c; hsa-mir-381; hsa-mir-100; hsa-mir-495; hsa-mir-335; hsa-mir-452
Diseases (HMDD2),Prostate Neoplasms,enriched,0.000608679,5,hsa-mir-183; hsa-mir-145; hsa-mir-99a; hsa-mir-125b-2; hsa-mir-125b-1
Diseases (HMDD2),Head and Neck Neoplasms,enriched,0.000789669,23,hsa-mir-21; hsa-mir-145; hsa-mir-195; hsa-mir-99a; hsa-mir-204; hsa-mir-130b; hsa-let-7c; hsa-mir-125b-2; hsa-mir-133a-2; hsa-mir-133a-1; hsa-mir-125b-1; hsa-mir-1-1; hsa-mir-1-2; hsa-mir-100; hsa-mir-142; hsa-mir-141; hsa-mir-375; hsa-mir-7-3; hsa-mir-9-1; hsa-mir-9-2; hsa-mir-9-3; hsa-mir-211; hsa-mir-499a
Diseases (HMDD2),Neoplasms,enriched,0.000861651,25,hsa-mir-21; hsa-mir-145; hsa-mir-210; hsa-mir-99a; hsa-mir-10b; hsa-mir-451a; hsa-mir-182; hsa-mir-204; hsa-let-7c; hsa-mir-378a; hsa-mir-92b; hsa-mir-125b-2; hsa-mir-125b-1; hsa-mir-429; hsa-mir-335; hsa-mir-141; hsa-mir-200a; hsa-mir-206; hsa-mir-7-3; hsa-mir-200b; hsa-mir-9-1; hsa-mir-9-2; hsa-mir-9-3; hsa-mir-1224; hsa-mir-137
Diseases (HMDD2),"Carcinoma, Squamous Cell",enriched,0.000928943,23,hsa-mir-21; hsa-mir-145; hsa-mir-195; hsa-mir-210; hsa-mir-10b; hsa-mir-182; hsa-mir-125b-2; hsa-mir-133a-2; hsa-mir-133a-1; hsa-mir-125b-1; hsa-mir-1-1; hsa-mir-1-2; hsa-mir-100; hsa-mir-133b; hsa-mir-142; hsa-mir-375; hsa-mir-184; hsa-mir-9-1; hsa-mir-9-3; hsa-mir-211; hsa-mir-499a; hsa-mir-137; hsa-mir-519a-1
Diseases (HMDD2),Atherosclerosis,enriched,0.00112923,8,hsa-mir-21; hsa-mir-145; hsa-mir-210; hsa-mir-133a-2; hsa-mir-133a-1; hsa-mir-100; hsa-mir-133b; hsa-mir-342
Diseases (HMDD2),Hypertrophy,enriched,0.00112923,9,hsa-mir-21; hsa-let-7c; hsa-mir-133a-2; hsa-mir-133a-1; hsa-mir-1-1; hsa-mir-1-2; hsa-mir-133b; hsa-mir-142; hsa-mir-206
Diseases (HMDD2),Myotonic Dystrophy,enriched,0.00130824,10,hsa-mir-33b; hsa-mir-381; hsa-mir-378a; hsa-mir-125b-2; hsa-mir-125b-1; hsa-mir-1-1; hsa-mir-1-2; hsa-mir-335; hsa-mir-206; hsa-mir-33a
Diseases (HMDD2),"Aortic Aneurysm, Thoracic",enriched,0.00146405,5,hsa-mir-21; hsa-mir-133a-2; hsa-mir-133a-1; hsa-mir-1-1; hsa-mir-1-2
Diseases (HMDD2),Cardiomegaly,enriched,0.00146405,5,hsa-mir-378a; hsa-mir-133a-2; hsa-mir-133a-1; hsa-mir-1-1; hsa-mir-1-2
Diseases (HMDD2),"Lupus Erythematosus, Systemic",enriched,0.00146405,10,hsa-mir-21; hsa-mir-145; hsa-mir-125b-2; hsa-mir-125b-1; hsa-mir-429; hsa-mir-192; hsa-mir-142; hsa-mir-141; hsa-mir-200a; hsa-mir-200b
Diseases (HMDD2),Stroke,enriched,0.00146405,5,hsa-mir-145; hsa-mir-133a-2; hsa-mir-133a-1; hsa-mir-1-1; hsa-mir-1-2
Diseases (HMDD2),Precursor Cell Lymphoblastic Leukemia-Lymphoma,enriched,0.00159633,5,hsa-mir-99a; hsa-mir-182; hsa-mir-125b-2; hsa-mir-125b-1; hsa-mir-100
Diseases (HMDD2),Medulloblastoma,enriched,0.00163528,21,hsa-mir-183; hsa-mir-96; hsa-mir-21; hsa-mir-145; hsa-mir-10b; hsa-mir-182; hsa-mir-144; hsa-mir-33b; hsa-mir-92b; hsa-mir-125b-2; hsa-mir-125b-1; hsa-mir-383; hsa-mir-495; hsa-mir-483; hsa-mir-9-1; hsa-mir-9-2; hsa-mir-9-3; hsa-mir-452; hsa-mir-135b; hsa-mir-153-2; hsa-mir-153-1
Diseases (HMDD2),Pain,enriched,0.00165275,3,hsa-mir-183; hsa-mir-96; hsa-mir-182
Diseases (HMDD2),Multiple Sclerosis,enriched,0.00240207,2,hsa-mir-96; hsa-mir-21
Diseases (HMDD2),"Carcinoma, Basal Cell",enriched,0.00280654,8,hsa-mir-183; hsa-mir-139; hsa-mir-145; hsa-mir-182; hsa-mir-378a; hsa-mir-378c; hsa-mir-378d-2; hsa-mir-378d-1
Diseases (HMDD2),Carcinoma,enriched,0.00295723,14,hsa-mir-183; hsa-mir-96; hsa-mir-21; hsa-mir-145; hsa-mir-10b; hsa-mir-182; hsa-mir-125b-2; hsa-mir-125b-1; hsa-mir-192; hsa-mir-142; hsa-mir-200a; hsa-mir-375; hsa-mir-200b; hsa-mir-184
Diseases (HMDD2),Multiple Myeloma,enriched,0.00297647,7,hsa-mir-21; hsa-mir-130b; hsa-mir-125b-2; hsa-mir-125b-1; hsa-mir-192; hsa-mir-335; hsa-mir-342
Diseases (HMDD2),"Cardiomyopathy, Hypertrophic",enriched,0.0031067,11,hsa-mir-21; hsa-mir-195; hsa-mir-125b-2; hsa-mir-133a-2; hsa-mir-133a-1; hsa-mir-125b-1; hsa-mir-1-1; hsa-mir-1-2; hsa-mir-9-1; hsa-mir-9-2; hsa-mir-9-3
Diseases (HMDD2),"Colitis, Ulcerative",enriched,0.0031067,2,hsa-mir-21; hsa-mir-145
Diseases (HMDD2),Psoriasis,enriched,0.0031067,8,hsa-mir-21; hsa-mir-99a; hsa-mir-378a; hsa-mir-125b-2; hsa-mir-125b-1; hsa-mir-100; hsa-mir-142; hsa-mir-492
Diseases (HMDD2),"Sarcoma, Ewing",enriched,0.0031067,2,hsa-mir-21; hsa-mir-145
Diseases (HMDD2),Vascular Diseases,enriched,0.0031067,2,hsa-mir-21; hsa-mir-145
Diseases (HMDD2),"Muscular Dystrophy, Duchenne",enriched,0.00352372,7,hsa-mir-21; hsa-mir-133a-2; hsa-mir-133a-1; hsa-mir-1-1; hsa-mir-1-2; hsa-mir-133b; hsa-mir-206
Diseases (HMDD2),Polycythemia Vera,enriched,0.00445442,3,hsa-mir-21; hsa-mir-451a; hsa-mir-378a
Diseases (HMDD2),"Arrhythmias, Cardiac",enriched,0.00559327,4,hsa-mir-133a-2; hsa-mir-133a-1; hsa-mir-1-1; hsa-mir-1-2
Diseases (HMDD2),"Heart Defects, Congenital",enriched,0.00559327,4,hsa-mir-195; hsa-mir-133a-2; hsa-mir-133a-1; hsa-mir-1-2
Diseases (HMDD2),Salivary Gland Neoplasms,enriched,0.00598949,9,hsa-mir-21; hsa-mir-144; hsa-mir-301b; hsa-mir-449a; hsa-mir-301a; hsa-mir-495; hsa-mir-337; hsa-mir-449b; hsa-mir-375
Diseases (HMDD2),Pre-Eclampsia,enriched,0.00696196,6,hsa-mir-21; hsa-mir-210; hsa-mir-182; hsa-mir-130b; hsa-mir-133b; hsa-mir-342
Diseases (HMDD2),Inflammation,enriched,0.00866781,5,hsa-mir-21; hsa-mir-210; hsa-let-7c; hsa-mir-33b; hsa-mir-33a
Diseases (HMDD2),Eosinophilic Esophagitis,enriched,0.00889449,10,hsa-mir-592; hsa-mir-21; hsa-mir-145; hsa-mir-210; hsa-mir-144; hsa-let-7c; hsa-mir-142; hsa-mir-375; hsa-mir-7-3; hsa-mir-211
Diseases (HMDD2),"Leukemia, Lymphocytic, Chronic, B-Cell",enriched,0.00889449,7,hsa-mir-21; hsa-mir-195; hsa-mir-125b-2; hsa-mir-125b-1; hsa-mir-342; hsa-mir-187; hsa-mir-206
