Category,Subcategory,Enrichment,p-value,observed,miRNAs/precursors
Diseases (HMDD2),Biliary Tract Neoplasms,enriched,0.0068699,6,hsa-mir-105-2; hsa-mir-105-1; hsa-mir-9-1; hsa-mir-9-3; hsa-mir-9-2; hsa-mir-147b
Diseases (HMDD2),Breast Neoplasms,enriched,0.00250759,38,hsa-mir-10b; hsa-mir-183; hsa-mir-182; hsa-mir-139; hsa-mir-96; hsa-mir-9-1; hsa-mir-520c; hsa-mir-9-3; hsa-mir-9-2; hsa-mir-519c; hsa-mir-452; hsa-mir-520h; hsa-mir-224; hsa-mir-34c; hsa-mir-516b-1; hsa-mir-520b; hsa-mir-135a-2; hsa-mir-519d; hsa-mir-520d; hsa-mir-516a-1; hsa-mir-520a; hsa-mir-1323; hsa-mir-1258; hsa-mir-515-2; hsa-mir-526a-2; hsa-mir-135a-1; hsa-mir-516a-2; hsa-mir-515-1; hsa-mir-516b-2; hsa-mir-34b; hsa-mir-526a-1; hsa-mir-196a-1; hsa-mir-196a-2; hsa-mir-137; hsa-mir-519e; hsa-mir-200c; hsa-mir-1915; hsa-mir-202
Diseases (HMDD2),"Carcinoma, Basal Cell",enriched,0.00331885,3,hsa-mir-183; hsa-mir-182; hsa-mir-139
Diseases (HMDD2),"Carcinoma, Ehrlich Tumor",enriched,0.00521323,3,hsa-mir-183; hsa-mir-182; hsa-mir-96
Diseases (HMDD2),"Carcinoma, Hepatocellular",enriched,0.00331885,38,hsa-mir-10b; hsa-mir-105-2; hsa-mir-183; hsa-mir-130a; hsa-mir-105-1; hsa-mir-182; hsa-mir-139; hsa-mir-96; hsa-mir-512-1; hsa-mir-520e; hsa-mir-522; hsa-mir-512-2; hsa-mir-490; hsa-mir-224; hsa-mir-34c; hsa-mir-527; hsa-mir-520b; hsa-mir-135a-2; hsa-mir-519d; hsa-mir-520d; hsa-mir-517c; hsa-mir-615; hsa-mir-498; hsa-mir-518b; hsa-mir-217; hsa-mir-526a-2; hsa-mir-216a; hsa-mir-135a-1; hsa-mir-526a-1; hsa-mir-526b; hsa-mir-196a-1; hsa-mir-196a-2; hsa-mir-765; hsa-mir-519e; hsa-mir-200c; hsa-mir-517a; hsa-mir-202; hsa-mir-372
Diseases (HMDD2),Endometrial Neoplasms,enriched,0.00250759,7,hsa-mir-183; hsa-mir-182; hsa-mir-96; hsa-mir-9-1; hsa-mir-9-3; hsa-mir-9-2; hsa-mir-200c
Diseases (HMDD2),Gout,enriched,0.00594936,13,hsa-mir-520f; hsa-mir-519c; hsa-mir-520e; hsa-mir-520h; hsa-mir-519b; hsa-mir-520b; hsa-mir-520g; hsa-mir-519d; hsa-mir-520d; hsa-mir-519a-2; hsa-mir-520a; hsa-mir-519a-1; hsa-mir-519e
Diseases (HMDD2),Heart Failure,enriched,0.00217041,33,hsa-mir-10b; hsa-mir-130a; hsa-mir-182; hsa-mir-139; hsa-mir-424; hsa-mir-520c; hsa-mir-520f; hsa-mir-512-1; hsa-mir-520e; hsa-mir-452; hsa-mir-512-2; hsa-mir-520h; hsa-mir-34c; hsa-mir-520b; hsa-mir-520g; hsa-mir-135a-2; hsa-mir-520d; hsa-mir-520a; hsa-mir-515-2; hsa-mir-526a-2; hsa-mir-216a; hsa-mir-135a-1; hsa-mir-523; hsa-mir-525; hsa-mir-515-1; hsa-mir-34b; hsa-mir-526a-1; hsa-mir-526b; hsa-mir-196a-1; hsa-mir-196a-2; hsa-mir-200c; hsa-mir-211; hsa-mir-372
Diseases (HMDD2),Hodgkin Disease,enriched,0.000391088,6,hsa-mir-183; hsa-mir-182; hsa-mir-96; hsa-mir-9-1; hsa-mir-9-3; hsa-mir-9-2
Diseases (HMDD2),Medulloblastoma,enriched,0.000462197,12,hsa-mir-10b; hsa-mir-183; hsa-mir-182; hsa-mir-96; hsa-mir-9-1; hsa-mir-9-3; hsa-mir-9-2; hsa-mir-452; hsa-mir-512-2; hsa-mir-224; hsa-mir-135a-2; hsa-mir-135a-1
Diseases (HMDD2),Pain,enriched,0.00521323,3,hsa-mir-183; hsa-mir-182; hsa-mir-96
Diseases (HMDD2),Retinal Degeneration,enriched,0.00521323,3,hsa-mir-183; hsa-mir-182; hsa-mir-96
Diseases (HMDD2),Thyroid Neoplasms,enriched,0.0068699,8,hsa-mir-10b; hsa-mir-183; hsa-mir-130a; hsa-mir-9-1; hsa-mir-9-3; hsa-mir-9-2; hsa-mir-34b; hsa-mir-200c
