Category,Subcategory,Enrichment,p-value,observed,miRNAs/precursors
Diseases (HMDD2),"Arrhythmias, Cardiac",depleted,0.000823507,4,hsa-mir-1-2; hsa-mir-1-1; hsa-mir-133a-2; hsa-mir-133a-1
Diseases (HMDD2),"Carcinoma, Hepatocellular",enriched,0.00257654,40,hsa-mir-101-1; hsa-mir-101-2; hsa-mir-99a; hsa-mir-615; hsa-mir-135a-2; hsa-mir-139; hsa-mir-196a-2; hsa-mir-196a-1; hsa-mir-135a-1; hsa-let-7c; hsa-mir-30a; hsa-mir-100; hsa-mir-375; hsa-mir-1301; hsa-mir-105-1; hsa-mir-105-2; hsa-mir-183; hsa-mir-29c; hsa-mir-195; hsa-mir-503; hsa-mir-224; hsa-mir-379; hsa-mir-381; hsa-mir-378a; hsa-mir-7-3; hsa-mir-499a; hsa-mir-7-2; hsa-mir-202; hsa-mir-210; hsa-mir-208b; hsa-mir-31; hsa-mir-451a; hsa-mir-208a; hsa-mir-636; hsa-mir-508; hsa-mir-490; hsa-mir-1231; hsa-mir-449b; hsa-mir-1-2; hsa-mir-1-1
Diseases (HMDD2),"Carcinoma, Renal Cell",enriched,0.00790403,30,hsa-mir-101-1; hsa-mir-101-2; hsa-mir-99a; hsa-mir-135a-2; hsa-mir-139; hsa-mir-196a-1; hsa-mir-135a-1; hsa-let-7c; hsa-mir-100; hsa-mir-29c; hsa-mir-378i; hsa-mir-378c; hsa-mir-195; hsa-mir-224; hsa-mir-381; hsa-mir-378d-1; hsa-mir-378a; hsa-mir-9-1; hsa-mir-9-2; hsa-mir-9-3; hsa-mir-378d-2; hsa-mir-655; hsa-mir-210; hsa-mir-509-2; hsa-mir-378f; hsa-mir-509-1; hsa-mir-451a; hsa-mir-509-3; hsa-mir-508; hsa-mir-34b
Diseases (HMDD2),Crohn Disease,enriched,0.00324653,3,hsa-mir-196b; hsa-mir-196a-2; hsa-mir-196a-1
Diseases (HMDD2),Distal Myopathies,depleted,0.000823507,4,hsa-mir-1-2; hsa-mir-1-1; hsa-mir-133a-2; hsa-mir-133a-1
Diseases (HMDD2),Esophageal Neoplasms,enriched,0.00203562,20,hsa-mir-101-1; hsa-mir-101-2; hsa-mir-99a; hsa-mir-196b; hsa-mir-196a-2; hsa-mir-196a-1; hsa-let-7c; hsa-mir-455; hsa-mir-100; hsa-mir-375; hsa-mir-183; hsa-mir-29c; hsa-mir-499a; hsa-mir-210; hsa-mir-31; hsa-mir-1246; hsa-mir-451a; hsa-mir-133a-2; hsa-mir-133a-1; hsa-mir-34b
Diseases (HMDD2),Glioma,enriched,0.00748123,20,hsa-mir-135a-2; hsa-mir-139; hsa-mir-196b; hsa-mir-196a-2; hsa-mir-196a-1; hsa-mir-135a-1; hsa-mir-30a; hsa-mir-375; hsa-mir-211; hsa-mir-183; hsa-mir-195; hsa-mir-224; hsa-mir-410; hsa-mir-9-1; hsa-mir-9-2; hsa-mir-7-3; hsa-mir-7-2; hsa-mir-31; hsa-mir-451a; hsa-mir-383
Diseases (HMDD2),Long QT Syndrome,depleted,0.00556546,2,hsa-mir-133a-2; hsa-mir-133a-1
Diseases (HMDD2),"Lymphoma, Large-Cell, Anaplastic",enriched,0.00162326,2,hsa-mir-101-1; hsa-mir-101-2
Diseases (HMDD2),"Lymphoma, T-Cell",enriched,0.00162326,2,hsa-mir-101-1; hsa-mir-101-2
Diseases (HMDD2),"Muscular Disorders, Atrophic",enriched,0.00258488,11,hsa-let-7c; hsa-mir-30a; hsa-mir-100; hsa-mir-29c; hsa-mir-195; hsa-mir-376c; hsa-mir-495; hsa-mir-379; hsa-mir-381; hsa-mir-299; hsa-mir-210
Diseases (HMDD2),Musculoskeletal Abnormalities,depleted,0.000823507,4,hsa-mir-1-2; hsa-mir-1-1; hsa-mir-133a-2; hsa-mir-133a-1
Diseases (HMDD2),Osteoporosis,depleted,0.00556546,2,hsa-mir-133a-2; hsa-mir-133a-1
Diseases (HMDD2),Pancreatic Neoplasms,enriched,0.000823507,16,hsa-mir-101-1; hsa-mir-101-2; hsa-mir-99a; hsa-mir-196b; hsa-mir-196a-2; hsa-mir-196a-1; hsa-let-7c; hsa-mir-100; hsa-mir-375; hsa-mir-211; hsa-mir-183; hsa-mir-224; hsa-mir-210; hsa-mir-31; hsa-mir-451a; hsa-mir-34b
Diseases (HMDD2),Precursor Cell Lymphoblastic Leukemia-Lymphoma,enriched,0.00748123,4,hsa-mir-99a; hsa-mir-196b; hsa-mir-100; hsa-mir-29c
Diseases (HMDD2),Stomach Neoplasms ,enriched,0.00162326,2,hsa-mir-101-1; hsa-mir-101-2
Diseases (HMDD2),Stroke,depleted,0.000823507,4,hsa-mir-1-2; hsa-mir-1-1; hsa-mir-133a-2; hsa-mir-133a-1
