Category,Subcategory,Enrichment,p-value,observed,miRNAs/precursors
Diseases (HMDD2),Atrial Fibrillation,enriched,0.0033769,11,hsa-mir-142; hsa-mir-328; hsa-mir-193a; hsa-mir-133a-1; hsa-mir-133a-2; hsa-mir-19a; hsa-mir-19b-1; hsa-mir-19b-2; hsa-mir-193b; hsa-mir-223; hsa-mir-30b
Diseases (HMDD2),"Carcinoma, Squamous Cell",enriched,0.00624089,54,hsa-mir-21; hsa-mir-142; hsa-mir-148a; hsa-mir-101-2; hsa-mir-101-1; hsa-mir-197; hsa-mir-106a; hsa-mir-16-2; hsa-mir-145; hsa-mir-143; hsa-mir-16-1; hsa-mir-20a; hsa-mir-193a; hsa-mir-133a-1; hsa-mir-126; hsa-mir-133a-2; hsa-mir-542; hsa-mir-182; hsa-let-7d; hsa-mir-19b-2; hsa-mir-125a; hsa-mir-92a-2; hsa-mir-129-2; hsa-mir-10b; hsa-mir-504; hsa-mir-27a; hsa-mir-10a; hsa-mir-125b-1; hsa-mir-125b-2; hsa-mir-24-1; hsa-mir-423; hsa-mir-18a; hsa-mir-24-2; hsa-mir-29c; hsa-mir-375; hsa-mir-181a-1; hsa-mir-223; hsa-mir-15a; hsa-mir-31; hsa-mir-499a; hsa-mir-1-1; hsa-mir-140; hsa-mir-1-2; hsa-mir-34a; hsa-mir-146a; hsa-mir-181a-2; hsa-mir-200c; hsa-mir-130a; hsa-mir-27b; hsa-mir-296; hsa-mir-874; hsa-mir-421; hsa-mir-885; hsa-mir-363
Diseases (HMDD2),Glioblastoma,enriched,0.00440913,59,hsa-mir-21; hsa-mir-142; hsa-mir-148a; hsa-mir-328; hsa-mir-101-2; hsa-mir-101-1; hsa-mir-106a; hsa-mir-16-2; hsa-mir-145; hsa-mir-143; hsa-mir-16-1; hsa-mir-20a; hsa-mir-139; hsa-mir-193a; hsa-mir-19a; hsa-mir-19b-1; hsa-let-7d; hsa-mir-19b-2; hsa-mir-149; hsa-mir-92a-1; hsa-mir-196b; hsa-mir-451a; hsa-mir-92a-2; hsa-mir-452; hsa-mir-10b; hsa-mir-7-1; hsa-mir-504; hsa-mir-10a; hsa-mir-17; hsa-mir-125b-1; hsa-mir-183; hsa-mir-125b-2; hsa-mir-32; hsa-mir-224; hsa-mir-18a; hsa-mir-29c; hsa-mir-181a-1; hsa-mir-15a; hsa-mir-31; hsa-mir-151a; hsa-mir-200b; hsa-mir-26a-1; hsa-mir-153-2; hsa-mir-342; hsa-mir-26a-2; hsa-mir-425; hsa-mir-95; hsa-mir-34a; hsa-mir-146a; hsa-mir-181a-2; hsa-mir-130a; hsa-mir-708; hsa-let-7a-1; hsa-let-7a-3; hsa-let-7a-2; hsa-mir-7-2; hsa-mir-27b; hsa-mir-7-3; hsa-mir-885
Diseases (HMDD2),Glioma,enriched,0.000188272,42,hsa-mir-21; hsa-mir-215; hsa-mir-106a; hsa-mir-16-2; hsa-mir-145; hsa-mir-143; hsa-mir-16-1; hsa-mir-20a; hsa-mir-139; hsa-mir-542; hsa-mir-182; hsa-mir-335; hsa-mir-149; hsa-mir-196b; hsa-mir-451a; hsa-mir-10b; hsa-mir-7-1; hsa-mir-92b; hsa-mir-483; hsa-mir-27a; hsa-mir-17; hsa-mir-125b-1; hsa-mir-183; hsa-mir-196a-2; hsa-mir-24-1; hsa-mir-30e; hsa-mir-152; hsa-mir-224; hsa-mir-18a; hsa-mir-24-2; hsa-mir-375; hsa-mir-181a-1; hsa-mir-96; hsa-mir-196a-1; hsa-mir-31; hsa-mir-26b; hsa-mir-200b; hsa-mir-34a; hsa-mir-181a-2; hsa-mir-7-2; hsa-mir-27b; hsa-mir-7-3
Diseases (HMDD2),"Leukemia-Lymphoma, Adult T-Cell",enriched,0.00170466,12,hsa-mir-142; hsa-mir-16-2; hsa-mir-16-1; hsa-mir-20a; hsa-mir-19a; hsa-mir-19b-1; hsa-mir-19b-2; hsa-mir-92a-1; hsa-mir-451a; hsa-mir-92a-2; hsa-mir-17; hsa-mir-18a
Diseases (HMDD2),"Lymphoma, Large-Cell, Anaplastic",enriched,0.00624089,10,hsa-mir-101-2; hsa-mir-101-1; hsa-mir-20a; hsa-mir-19a; hsa-mir-19b-1; hsa-mir-19b-2; hsa-mir-92a-1; hsa-mir-92a-2; hsa-mir-17; hsa-mir-18a
Diseases (HMDD2),Medulloblastoma,enriched,0.000159596,45,hsa-mir-21; hsa-mir-148a; hsa-mir-106a; hsa-mir-145; hsa-mir-143; hsa-mir-135b; hsa-mir-20a; hsa-mir-144; hsa-mir-193a; hsa-mir-126; hsa-mir-19a; hsa-mir-182; hsa-mir-19b-1; hsa-mir-379; hsa-mir-19b-2; hsa-mir-193b; hsa-mir-125a; hsa-mir-92a-1; hsa-mir-199b; hsa-mir-92a-2; hsa-mir-452; hsa-mir-10b; hsa-mir-504; hsa-mir-92b; hsa-mir-483; hsa-mir-10a; hsa-mir-17; hsa-mir-125b-1; hsa-mir-183; hsa-mir-125b-2; hsa-mir-224; hsa-mir-18a; hsa-mir-223; hsa-mir-96; hsa-mir-31; hsa-mir-33b; hsa-mir-186; hsa-mir-153-2; hsa-mir-34a; hsa-mir-146a; hsa-mir-495; hsa-mir-376c; hsa-mir-338; hsa-mir-361; hsa-mir-935
Diseases (HMDD2),Multiple Myeloma,enriched,0.0033769,27,hsa-mir-21; hsa-mir-192; hsa-mir-148a; hsa-mir-215; hsa-mir-99b; hsa-mir-16-2; hsa-mir-16-1; hsa-mir-20a; hsa-mir-29b-1; hsa-mir-19a; hsa-mir-19b-1; hsa-mir-335; hsa-mir-92a-1; hsa-mir-194-1; hsa-mir-17; hsa-mir-125b-1; hsa-mir-125b-2; hsa-mir-24-1; hsa-mir-18a; hsa-mir-181a-1; hsa-mir-223; hsa-mir-30b; hsa-mir-15a; hsa-mir-342; hsa-mir-29b-2; hsa-mir-181a-2; hsa-mir-194-2
Diseases (HMDD2),Neoplasms,enriched,0.0033769,73,hsa-mir-21; hsa-mir-101-2; hsa-mir-101-1; hsa-mir-429; hsa-mir-106a; hsa-mir-16-2; hsa-mir-145; hsa-mir-141; hsa-mir-143; hsa-mir-16-1; hsa-mir-20a; hsa-mir-29b-1; hsa-mir-126; hsa-mir-19a; hsa-mir-542; hsa-mir-182; hsa-mir-19b-1; hsa-let-7d; hsa-mir-335; hsa-mir-19b-2; hsa-mir-193b; hsa-mir-125a; hsa-mir-149; hsa-mir-92a-1; hsa-mir-196b; hsa-mir-451a; hsa-mir-199b; hsa-mir-92a-2; hsa-mir-10b; hsa-mir-7-1; hsa-let-7b; hsa-mir-92b; hsa-mir-27a; hsa-mir-17; hsa-mir-125b-1; hsa-mir-125b-2; hsa-mir-24-1; hsa-mir-30e; hsa-mir-150; hsa-mir-199a-2; hsa-mir-224; hsa-mir-1224; hsa-mir-18a; hsa-mir-24-2; hsa-mir-29c; hsa-mir-181a-1; hsa-let-7c; hsa-mir-15a; hsa-mir-31; hsa-mir-98; hsa-mir-199a-1; hsa-let-7f-1; hsa-let-7f-2; hsa-mir-151a; hsa-mir-378a; hsa-mir-200b; hsa-mir-200a; hsa-let-7e; hsa-mir-28; hsa-mir-29b-2; hsa-mir-34a; hsa-let-7g; hsa-mir-146a; hsa-mir-181a-2; hsa-mir-200c; hsa-mir-370; hsa-mir-132; hsa-mir-708; hsa-let-7a-1; hsa-let-7a-3; hsa-let-7a-2; hsa-mir-7-2; hsa-mir-7-3
Diseases (HMDD2),Stomach Neoplasms ,enriched,0.00508524,4,hsa-mir-101-2; hsa-mir-101-1; hsa-mir-16-2; hsa-mir-16-1
Diseases (HMDD2),Urinary Bladder Neoplasms,enriched,0.000159596,63,hsa-mir-21; hsa-mir-192; hsa-mir-142; hsa-mir-328; hsa-mir-101-2; hsa-mir-101-1; hsa-mir-429; hsa-mir-99b; hsa-mir-145; hsa-mir-141; hsa-mir-143; hsa-mir-135b; hsa-mir-20a; hsa-mir-139; hsa-mir-29b-1; hsa-mir-133a-1; hsa-mir-126; hsa-mir-133a-2; hsa-mir-19a; hsa-mir-182; hsa-mir-19b-1; hsa-mir-574; hsa-mir-19b-2; hsa-mir-149; hsa-mir-92a-1; hsa-mir-196b; hsa-mir-199b; hsa-mir-92a-2; hsa-mir-452; hsa-mir-10b; hsa-mir-7-1; hsa-mir-27a; hsa-mir-10a; hsa-mir-17; hsa-mir-125b-1; hsa-mir-183; hsa-mir-125b-2; hsa-mir-196a-2; hsa-mir-24-1; hsa-mir-199a-2; hsa-mir-224; hsa-mir-1224; hsa-mir-18a; hsa-mir-29c; hsa-mir-96; hsa-mir-15a; hsa-mir-31; hsa-mir-642a; hsa-mir-199a-1; hsa-mir-1-1; hsa-mir-378a; hsa-mir-200b; hsa-mir-200a; hsa-mir-1-2; hsa-mir-34a; hsa-mir-146a; hsa-mir-200c; hsa-mir-493; hsa-mir-708; hsa-mir-7-2; hsa-mir-27b; hsa-mir-7-3; hsa-mir-296
Diseases (HMDD2),Uterine Cervical Neoplasms,enriched,0.00595622,33,hsa-mir-21; hsa-mir-215; hsa-mir-424; hsa-mir-16-2; hsa-mir-145; hsa-mir-143; hsa-mir-16-1; hsa-mir-20a; hsa-mir-126; hsa-mir-19a; hsa-mir-182; hsa-mir-19b-1; hsa-mir-19b-2; hsa-mir-193b; hsa-mir-194-1; hsa-mir-7-1; hsa-mir-27a; hsa-mir-10a; hsa-mir-17; hsa-mir-125b-1; hsa-mir-125b-2; hsa-mir-196a-2; hsa-mir-375; hsa-mir-181a-1; hsa-mir-196a-1; hsa-mir-200a; hsa-mir-28; hsa-mir-34a; hsa-mir-146a; hsa-mir-181a-2; hsa-mir-7-2; hsa-mir-7-3; hsa-mir-338
