Category,Subcategory,Enrichment,p-value,observed,miRNAs/precursors
Diseases (HMDD2),"Carcinoma, Non-Small-Cell Lung",enriched,0.00613142,25,hsa-mir-126; hsa-mir-21; hsa-mir-145; hsa-mir-214; hsa-mir-497; hsa-mir-199a-2; hsa-mir-199a-1; hsa-mir-199b; hsa-mir-520b; hsa-mir-133b; hsa-mir-520a; hsa-mir-485; hsa-mir-183; hsa-mir-520c; hsa-mir-1254-1; hsa-mir-182; hsa-mir-337; hsa-mir-205; hsa-mir-210; hsa-mir-520d; hsa-mir-520e; hsa-mir-1-2; hsa-mir-1-1; hsa-mir-135a-1; hsa-mir-124-2
Diseases (HMDD2),"Carcinoma, Small Cell",enriched,0.00613142,4,hsa-mir-21; hsa-mir-145; hsa-mir-199a-2; hsa-mir-199a-1
Diseases (HMDD2),Cardiomyopathies,enriched,0.00245179,5,hsa-mir-21; hsa-mir-214; hsa-mir-199a-2; hsa-mir-199a-1; hsa-mir-199b
Diseases (HMDD2),"Cardiomyopathy, Dilated",enriched,0.00508219,2,hsa-mir-126; hsa-mir-21
Diseases (HMDD2),"Colitis, Ulcerative",enriched,0.00266492,3,hsa-mir-126; hsa-mir-21; hsa-mir-145
Diseases (HMDD2),Colorectal Neoplasms,enriched,0.000502614,36,hsa-mir-126; hsa-mir-21; hsa-mir-216b; hsa-mir-195; hsa-mir-206; hsa-mir-145; hsa-mir-760; hsa-mir-129-1; hsa-mir-33a; hsa-mir-497; hsa-mir-199a-2; hsa-mir-10b; hsa-mir-199a-1; hsa-mir-199b; hsa-mir-129-2; hsa-mir-584; hsa-mir-133b; hsa-mir-520a; hsa-mir-338; hsa-mir-183; hsa-mir-362; hsa-mir-182; hsa-mir-337; hsa-mir-133a-2; hsa-mir-133a-1; hsa-mir-127; hsa-mir-210; hsa-mir-483; hsa-mir-375; hsa-mir-31; hsa-mir-1-2; hsa-mir-1-1; hsa-mir-135a-1; hsa-mir-373; hsa-mir-124-2; hsa-mir-211
Diseases (HMDD2),"Hepatitis, Chronic",enriched,0.00463212,7,hsa-mir-126; hsa-mir-145; hsa-mir-199a-2; hsa-mir-199a-1; hsa-mir-199b; hsa-mir-376c; hsa-mir-182
Diseases (HMDD2),"Lymphoma, B-Cell",enriched,0.000502614,6,hsa-mir-21; hsa-mir-195; hsa-mir-145; hsa-mir-214; hsa-mir-199a-2; hsa-mir-199a-1
Diseases (HMDD2),"Muscular Disorders, Atrophic",enriched,0.00613142,17,hsa-mir-126; hsa-mir-21; hsa-mir-195; hsa-mir-145; hsa-mir-214; hsa-mir-497; hsa-mir-154; hsa-mir-199a-2; hsa-mir-199a-1; hsa-mir-199b; hsa-mir-376c; hsa-mir-362; hsa-mir-299; hsa-mir-210; hsa-mir-487b; hsa-mir-379; hsa-mir-495
Diseases (HMDD2),"Myocytes, Cardiac",enriched,0.00463212,8,hsa-mir-126; hsa-mir-21; hsa-mir-195; hsa-mir-199a-2; hsa-mir-199a-1; hsa-mir-133b; hsa-mir-133a-2; hsa-mir-133a-1
Diseases (HMDD2),Reperfusion Injury,enriched,0.00245179,5,hsa-mir-21; hsa-mir-214; hsa-mir-494; hsa-mir-199a-2; hsa-mir-199a-1
Diseases (HMDD2),Urinary Bladder Neoplasms,enriched,0.00826427,22,hsa-mir-126; hsa-mir-21; hsa-mir-195; hsa-mir-145; hsa-mir-199a-2; hsa-mir-10b; hsa-mir-199a-1; hsa-mir-199b; hsa-mir-517a; hsa-mir-133b; hsa-mir-183; hsa-mir-196b; hsa-mir-182; hsa-mir-133a-2; hsa-mir-133a-1; hsa-mir-127; hsa-mir-205; hsa-mir-210; hsa-mir-31; hsa-mir-1-2; hsa-mir-1-1; hsa-mir-378i
Diseases (HMDD2),Vascular Diseases,enriched,0.00266492,3,hsa-mir-126; hsa-mir-21; hsa-mir-145
