TCGA- MARK,REAL-NAME
TCGA-UCEC,Uterine Corpus Endometrial Carcinoma
TCGA-THCA,Thyroid carcinoma
TCGA-STAD,Stomach adenocarcinoma
TCGA-READ,Rectum adenocarcinoma
TCGA-PRAD,Prostate adenocarcinoma
TCGA-PCPG,Pheochromocytoma and Paraganglioma
TCGA-PAAD,Pancreatic adenocarcinoma
TCGA-LUSC,Lung squamous cell carcinoma
TCGA-LUAD,Lung adenocarcinoma
TCGA-LIHC,Liver hepatocellular carcinoma
TCGA-KIRP,Kidney renal papillary cell carcinoma
TCGA-KIRC,Kidney renal clear cell carcinoma
TCGA-KICH,Kidney Chromophobe
TCGA-HNSC,Head and Neck squamous cell carcinoma
TCGA-ESCA,Esophageal carcinoma
TCGA-COAD,Colon adenocarcinoma
TCGA-CHOL,Cholangiocarcinoma
TCGA-CESC,Cervical squamous cell carcinoma and endocervical adenocarcinoma
TCGA-BRCA,Breast invasive carcinoma
TCGA-BLCA,Bladder Urothelial Carcinoma
