Category,Term,Count,Percent,Fold,P-value,Bonferroni,FDR,miRNA
Disease,Gestational Trophoblastic Disease,12,0.92307692,9.51170569,4.87E-12,2.35E-09,1.15E-09,"hsa-mir-516a-2,hsa-mir-516a-1,hsa-mir-526a-1,hsa-mir-517a,hsa-mir-516b-2,hsa-mir-517b,hsa-mir-517c,hsa-mir-518b,hsa-mir-520h,hsa-mir-520a,hsa-mir-525,hsa-mir-516b-1"
Disease,Habitual Abortion,7,0.5,5.15217391,0.000131,0.0632,0.0194,"hsa-mir-522,hsa-mir-519a-1,hsa-mir-520f,hsa-mir-517c,hsa-mir-520h,hsa-mir-184,hsa-mir-187"
Disease,Medulloepithelioma,5,0.625,6.44021739,0.000349,0.1684,0.046,"hsa-mir-211,hsa-mir-509-2,hsa-mir-509-3,hsa-mir-509-1,hsa-mir-216b"
Disease,"Carcinoma, Oral",11,0.2972973,3.06345476,0.000434,0.2091,0.0514,"hsa-mir-34a,hsa-mir-31,hsa-mir-146b,hsa-mir-373,hsa-mir-21,hsa-mir-196b,hsa-mir-518c,hsa-mir-205,hsa-mir-520h,hsa-mir-372,hsa-mir-181a-2"
Disease,Bronchiolitis Obliterans Syndrome,3,1,10.30434783,0.000893,0.4302,0.0962,"hsa-mir-34a,hsa-mir-21,hsa-mir-144"
Disease,Heart Diseases [unspecific],10,0.26315789,2.71167048,0.00227,1,0.1925,"hsa-mir-516a-1,hsa-mir-873,hsa-mir-34a,hsa-mir-146b,hsa-mir-208b,hsa-mir-513a-2,hsa-mir-184,hsa-mir-513a-1,hsa-mir-21,hsa-mir-516a-2"
Disease,Thyroid Neoplasms,6,0.375,3.86413043,0.00261,1,0.1933,"hsa-mir-181a-2,hsa-mir-146b,hsa-mir-222,hsa-mir-144,hsa-mir-221,hsa-mir-21"
Disease,"Systemic Lupus Erythematosus, With Pericarditis",3,0.75,7.72826087,0.00332,1,0.2312,"hsa-mir-516a-2,hsa-mir-525,hsa-mir-516a-1"
Disease,Oral Leukoplakia,5,0.41666667,4.29347826,0.00359,1,0.2023,"hsa-mir-205,hsa-mir-525,hsa-mir-21,hsa-mir-31,hsa-mir-181b-2"
Disease,Prostate Neoplasms,15,0.2,2.06086957,0.00385,1,0.2076,"hsa-mir-34a,hsa-mir-486-2,hsa-mir-521-1,hsa-mir-221,hsa-mir-105-2,hsa-mir-521-2,hsa-mir-486-1,hsa-mir-146b,hsa-mir-222,hsa-mir-373,hsa-mir-105-1,hsa-mir-21,hsa-mir-181b-2,hsa-mir-520c,hsa-mir-205"
Disease,"Carcinoma, Gastric",39,0.14181818,1.46134387,0.00393,1,0.2026,"hsa-mir-520b,hsa-mir-506,hsa-mir-486-1,hsa-mir-509-3,hsa-mir-146b,hsa-mir-513b,hsa-mir-196b,hsa-mir-519c,hsa-mir-375,hsa-mir-144,hsa-mir-181a-2,hsa-mir-524,hsa-mir-4758,hsa-mir-519a-2,hsa-mir-519b,hsa-mir-4732,hsa-mir-222,hsa-mir-451a,hsa-mir-34a,hsa-mir-221,hsa-mir-520e,hsa-mir-503,hsa-mir-508,hsa-mir-519d,hsa-mir-509-2,hsa-mir-675,hsa-mir-363,hsa-mir-187,hsa-mir-205,hsa-mir-490,hsa-mir-486-2,hsa-mir-551b,hsa-mir-520d,hsa-mir-519a-1,hsa-mir-519e,hsa-mir-509-1,hsa-mir-31,hsa-mir-21,hsa-mir-181b-2"
Disease,"Carcinoma, Colon",43,0.13650794,1.40662526,0.00491,1,0.2424,"hsa-mir-522,hsa-mir-525,hsa-mir-506,hsa-mir-520g,hsa-mir-486-1,hsa-mir-509-3,hsa-mir-146b,hsa-mir-888,hsa-mir-373,hsa-mir-196b,hsa-mir-375,hsa-mir-144,hsa-mir-519c,hsa-mir-181a-2,hsa-mir-222,hsa-mir-451a,hsa-mir-372,hsa-mir-518a-1,hsa-mir-34a,hsa-mir-518a-2,hsa-mir-221,hsa-mir-892a,hsa-mir-371a,hsa-mir-503,hsa-mir-509-2,hsa-mir-675,hsa-mir-363,hsa-mir-187,hsa-mir-512-2,hsa-mir-205,hsa-mir-520a,hsa-mir-490,hsa-mir-216b,hsa-mir-486-2,hsa-mir-523,hsa-mir-512-1,hsa-mir-509-1,hsa-mir-498,hsa-mir-31,hsa-mir-211,hsa-mir-1269a,hsa-mir-21,hsa-mir-181b-2"
Disease,"Muscular Dystrophy, Facioscapulohumeral",6,0.33333333,3.43478261,0.00514,1,0.2437,"hsa-mir-34a,hsa-mir-516b-2,hsa-mir-517a,hsa-mir-517b,hsa-mir-517c,hsa-mir-516b-1"
Disease,Vascular Injuries,5,0.38461538,3.9632107,0.00538,1,0.2452,"hsa-mir-147b,hsa-mir-1283-2,hsa-mir-222,hsa-mir-1283-1,hsa-mir-21"
Disease,"Carcinoma, Thyroid, Papillary",12,0.21428571,2.20807453,0.00545,1,0.2392,"hsa-mir-34a,hsa-mir-221,hsa-mir-31,hsa-mir-146b,hsa-mir-222,hsa-mir-451a,hsa-mir-1179,hsa-mir-21,hsa-mir-181b-2,hsa-mir-375,hsa-mir-144,hsa-mir-181a-2"
Disease,"Carcinoma, Thyroid",9,0.25,2.57608696,0.00552,1,0.2336,"hsa-mir-486-2,hsa-mir-221,hsa-mir-551b,hsa-mir-486-1,hsa-mir-146b,hsa-mir-222,hsa-mir-21,hsa-mir-205,hsa-mir-144"
Disease,Brain Neoplasms,7,0.29166667,3.00543478,0.00577,1,0.236,"hsa-mir-34a,hsa-mir-520g,hsa-mir-222,hsa-mir-451a,hsa-mir-21,hsa-mir-181b-2,hsa-mir-181a-2"
Disease,Thyroid Lymphoma,3,0.6,6.1826087,0.0077,1,0.2853,"hsa-mir-222,hsa-mir-221,hsa-mir-146b"
Disease,"Adenocarcinoma, Ampullary",2,1,10.30434783,0.00934,1,0.3355,"hsa-mir-222,hsa-mir-221"
Disease,Neutropenia,2,1,10.30434783,0.00934,1,0.3355,"hsa-mir-21,hsa-mir-196b"
Disease,Germ Cell And Embryonal Neoplasms,2,1,10.30434783,0.00934,1,0.3355,"hsa-mir-373,hsa-mir-372"
Disease,Craniofacial Abnormalities,2,1,10.30434783,0.00934,1,0.3355,"hsa-mir-876,hsa-mir-873"
Disease,Hypertension,9,0.23076923,2.37792642,0.00966,1,0.2386,"hsa-mir-527,hsa-mir-105-2,hsa-mir-31,hsa-mir-1283-2,hsa-mir-208b,hsa-mir-518e,hsa-mir-105-1,hsa-mir-21,hsa-mir-1283-1"
Disease,Viral Myocarditis,4,0.4,4.12173913,0.0111,1,0.2696,"hsa-mir-222,hsa-mir-208b,hsa-mir-146b,hsa-mir-221"
Disease,Testicular Germ Cell Tumor,4,0.4,4.12173913,0.0111,1,0.2696,"hsa-mir-371a,hsa-mir-373,hsa-mir-513b,hsa-mir-372"
Disease,"Squamous Cell Carcinoma, Laryngeal or Hypopharyngeal",7,0.25,2.57608696,0.0142,1,0.3304,"hsa-mir-34a,hsa-mir-519a-2,hsa-mir-519a-1,hsa-mir-451a,hsa-mir-21,hsa-mir-205,hsa-mir-375"
Disease,Chronic Heart Failure,3,0.5,5.15217391,0.0143,1,0.3264,"hsa-mir-222,hsa-mir-221,hsa-mir-21"
Disease,Uveal Melanoma,4,0.36363636,3.74703557,0.0162,1,0.3628,"hsa-mir-34a,hsa-mir-144,hsa-mir-21,hsa-mir-181a-2"
Disease,"Carcinoma, Esophageal",12,0.18181818,1.87351779,0.0206,1,0.4284,"hsa-mir-34a,hsa-mir-221,hsa-mir-506,hsa-mir-503,hsa-mir-31,hsa-mir-146b,hsa-mir-451a,hsa-mir-21,hsa-mir-205,hsa-mir-375,hsa-mir-144,hsa-mir-181a-2"
Disease,"Carcinoma, Breast",42,0.12068966,1.24362819,0.0208,1,0.4243,"hsa-mir-373,hsa-mir-375,hsa-mir-451a,hsa-mir-34a,hsa-mir-567,hsa-mir-184,hsa-mir-486-2,hsa-mir-520c,hsa-mir-506,hsa-mir-486-1,hsa-mir-509-3,hsa-mir-196b,hsa-mir-873,hsa-mir-892b,hsa-mir-105-2,hsa-mir-892a,hsa-mir-519d,hsa-mir-1258,hsa-mir-146b,hsa-mir-888,hsa-mir-144,hsa-mir-221,hsa-mir-363,hsa-mir-205,hsa-mir-216b,hsa-mir-509-1,hsa-mir-31,hsa-mir-21,hsa-mir-515-1,hsa-mir-181b-2,hsa-mir-526b,hsa-mir-181a-2,hsa-mir-519a-2,hsa-mir-1225,hsa-mir-222,hsa-mir-105-1,hsa-mir-503,hsa-mir-509-2,hsa-mir-675,hsa-mir-515-2,hsa-mir-519a-1,hsa-mir-520h"
Disease,Down Syndrome,4,0.33333333,3.43478261,0.0225,1,0.4528,"hsa-mir-518a-1,hsa-mir-518f,hsa-mir-518a-2,hsa-mir-518e"
Disease,Retinal Neovascularization,3,0.42857143,4.41614907,0.0233,1,0.4604,"hsa-mir-451a,hsa-mir-184,hsa-mir-31"
Disease,"Lymphoma, Large B-Cell, Diffuse",8,0.21052632,2.16933638,0.025,1,0.4709,"hsa-mir-147b,hsa-mir-34a,hsa-mir-221,hsa-mir-520d,hsa-mir-146b,hsa-mir-222,hsa-mir-520c,hsa-mir-21"
Disease,Carotid Artery Diseases,2,0.66666667,6.86956522,0.0262,1,0.486,"hsa-mir-222,hsa-mir-221"
Disease,Granular Corneal Dystrophy,2,0.66666667,6.86956522,0.0262,1,0.486,"hsa-mir-21,hsa-mir-181a-2"
Disease,Growth Disorders,2,0.66666667,6.86956522,0.0262,1,0.486,"hsa-mir-503,hsa-mir-21"
Disease,Testicular Neoplasms,2,0.66666667,6.86956522,0.0262,1,0.486,"hsa-mir-373,hsa-mir-372"
Disease,Liver Neoplasms,6,0.24,2.47304348,0.0279,1,0.4784,"hsa-mir-486-2,hsa-mir-486-1,hsa-mir-31,hsa-mir-21,hsa-mir-375,hsa-mir-372"
Disease,"Adenocarcinoma, Lung",16,0.15841584,1.63237193,0.028,1,0.4735,"hsa-mir-520b,hsa-mir-373,hsa-mir-196b,hsa-mir-375,hsa-mir-181a-2,hsa-mir-451a,hsa-mir-34a,hsa-mir-519d,hsa-mir-512-2,hsa-mir-187,hsa-mir-205,hsa-mir-551b,hsa-mir-519a-1,hsa-mir-512-1,hsa-mir-31,hsa-mir-21"
Disease,Keloid,4,0.30769231,3.17056856,0.0302,1,0.5036,"hsa-mir-205,hsa-mir-21,hsa-mir-181a-2,hsa-mir-181b-2"
Disease,"Carcinoma, Rectal",9,0.1875,1.93206522,0.0361,1,0.5633,"hsa-mir-34a,hsa-mir-486-2,hsa-mir-221,hsa-mir-486-1,hsa-mir-31,hsa-mir-146b,hsa-mir-1179,hsa-mir-181b-2,hsa-mir-21"
Disease,"Leukemia, Lymphocytic, Chronic, B-Cell",7,0.20588235,2.12148338,0.0396,1,0.6092,"hsa-mir-34a,hsa-mir-221,hsa-mir-146b,hsa-mir-222,hsa-mir-21,hsa-mir-181b-2,hsa-mir-181a-2"
Disease,"Aortic Aneurysm, Abdominal",5,0.23809524,2.45341615,0.0452,1,0.6784,"hsa-mir-550b-2,hsa-mir-205,hsa-mir-550b-1,hsa-mir-21,hsa-mir-181b-2"
Disease,Cholangiocarcinoma,7,0.2,2.06086957,0.0456,1,0.6758,"hsa-mir-34a,hsa-mir-221,hsa-mir-222,hsa-mir-373,hsa-mir-21,hsa-mir-205,hsa-mir-144"
Disease,Myelodysplastic Syndromes,6,0.21428571,2.20807453,0.0466,1,0.6817,"hsa-mir-34a,hsa-mir-221,hsa-mir-222,hsa-mir-21,hsa-mir-196b,hsa-mir-205"
Disease,Autism Spectrum Disorder,6,0.21428571,2.20807453,0.0466,1,0.6817,"hsa-mir-486-2,hsa-mir-486-1,hsa-mir-146b,hsa-mir-363,hsa-mir-21,hsa-mir-181b-2"
Disease,"Carcinoma, Thyroid, Follicular",3,0.33333333,3.43478261,0.0484,1,0.6914,"hsa-mir-146b,hsa-mir-375,hsa-mir-221"
Disease,"Leukemia-Lymphoma, Precursor B-Cell Lymphoblastic",3,0.33333333,3.43478261,0.0484,1,0.6914,"hsa-mir-222,hsa-mir-451a,hsa-mir-373"
Disease,Myeloproliferative Neoplasms,3,0.33333333,3.43478261,0.0484,1,0.6914,"hsa-mir-34a,hsa-mir-146b,hsa-mir-375"
Disease,Marek Disease,2,0.5,5.15217391,0.0492,1,0.6776,"hsa-mir-222,hsa-mir-221"
Disease,Allergic Asthma,2,0.5,5.15217391,0.0492,1,0.6776,"hsa-mir-34a,hsa-mir-144"
Disease,Chronic Pancreatitis,2,0.5,5.15217391,0.0492,1,0.6776,"hsa-mir-34a,hsa-mir-21"
Disease,"Carcinoma, Salivary Adenoid Cystic",2,0.5,5.15217391,0.0492,1,0.6776,"hsa-mir-21,hsa-mir-181a-2"
Disease,Prolactinoma,4,0.26666667,2.74782609,0.0495,1,0.6445,"hsa-mir-486-2,hsa-mir-451a,hsa-mir-486-1,hsa-mir-144"
Disease,"Carcinoma, Hepatocellular",40,0.1179941,1.21585225,0.0529,1,0.6666,"hsa-mir-520b,hsa-mir-522,hsa-mir-525,hsa-mir-506,hsa-mir-520g,hsa-mir-486-1,hsa-mir-509-3,hsa-mir-146b,hsa-mir-888,hsa-mir-375,hsa-mir-144,hsa-mir-181a-2,hsa-mir-222,hsa-mir-451a,hsa-mir-105-1,hsa-mir-3131,hsa-mir-372,hsa-mir-34a,hsa-mir-221,hsa-mir-105-2,hsa-mir-503,hsa-mir-508,hsa-mir-509-2,hsa-mir-675,hsa-mir-184,hsa-mir-363,hsa-mir-187,hsa-mir-512-2,hsa-mir-205,hsa-mir-520a,hsa-mir-490,hsa-mir-216b,hsa-mir-486-2,hsa-mir-520d,hsa-mir-512-1,hsa-mir-509-1,hsa-mir-31,hsa-mir-211,hsa-mir-1269a,hsa-mir-21"
Disease,Lung Fibrosis,5,0.22727273,2.34189723,0.0541,1,0.6752,"hsa-mir-34a,hsa-mir-486-2,hsa-mir-221,hsa-mir-486-1,hsa-mir-21"
Disease,"Carcinoma, Lung. Non-Small-Cell",28,0.12785388,1.31745086,0.0603,1,0.7443,"hsa-mir-486-1,hsa-mir-509-3,hsa-mir-373,hsa-mir-196b,hsa-mir-375,hsa-mir-144,hsa-mir-181a-2,hsa-mir-222,hsa-mir-372,hsa-mir-34a,hsa-mir-221,hsa-mir-520e,hsa-mir-503,hsa-mir-519d,hsa-mir-509-2,hsa-mir-675,hsa-mir-184,hsa-mir-187,hsa-mir-512-2,hsa-mir-205,hsa-mir-520a,hsa-mir-216b,hsa-mir-486-2,hsa-mir-512-1,hsa-mir-509-1,hsa-mir-31,hsa-mir-21,hsa-mir-181b-2"
Disease,Bronchopulmonary Dysplasia,4,0.25,2.57608696,0.0612,1,0.7477,"hsa-mir-503,hsa-mir-34a,hsa-mir-146b,hsa-mir-21"
Disease,Cystic Fibrosis,4,0.25,2.57608696,0.0612,1,0.7477,"hsa-mir-509-3,hsa-mir-509-1,hsa-mir-509-2,hsa-mir-31"
Disease,Breast Neoplasms,20,0.13513514,1.39247944,0.0678,1,0.7954,"hsa-mir-486-1,hsa-mir-146b,hsa-mir-516a-2,hsa-mir-519c,hsa-mir-181a-2,hsa-mir-222,hsa-mir-451a,hsa-mir-516a-1,hsa-mir-34a,hsa-mir-221,hsa-mir-519d,hsa-mir-184,hsa-mir-205,hsa-mir-520a,hsa-mir-486-2,hsa-mir-519e,hsa-mir-31,hsa-mir-21,hsa-mir-181b-2,hsa-mir-520h"
Disease,Acute Myocardial Infarction,8,0.17391304,1.79206049,0.0692,1,0.8044,"hsa-mir-34a,hsa-mir-486-2,hsa-mir-221,hsa-mir-486-1,hsa-mir-208b,hsa-mir-21,hsa-mir-144,hsa-mir-181a-2"
Disease,"Carcinoma, Lung",27,0.12676056,1.30618494,0.0712,1,0.8189,"hsa-mir-522,hsa-mir-526b,hsa-mir-506,hsa-mir-486-1,hsa-mir-509-3,hsa-mir-1323,hsa-mir-373,hsa-mir-517a,hsa-mir-375,hsa-mir-144,hsa-mir-181a-2,hsa-mir-222,hsa-mir-451a,hsa-mir-34a,hsa-mir-221,hsa-mir-520e,hsa-mir-503,hsa-mir-512-2,hsa-mir-187,hsa-mir-205,hsa-mir-490,hsa-mir-486-2,hsa-mir-512-1,hsa-mir-1258,hsa-mir-498,hsa-mir-31,hsa-mir-21"
Disease,Peritoneal Dialysis Failure,6,0.19354839,1.9943899,0.0717,1,0.8171,"hsa-mir-34a,hsa-mir-221,hsa-mir-31,hsa-mir-146b,hsa-mir-21,hsa-mir-205"
Disease,Muscle Atrophy,4,0.23529412,2.42455243,0.0742,1,0.8299,"hsa-mir-146b,hsa-mir-208b,hsa-mir-21,hsa-mir-181a-2"
Disease,"Squamous Cell Carcinoma, Cerevial",4,0.23529412,2.42455243,0.0742,1,0.8299,"hsa-mir-490,hsa-mir-205,hsa-mir-144,hsa-mir-181a-2"
Disease,"Carcinoma, Ovarian, Serous",5,0.20833333,2.14673913,0.0748,1,0.8206,"hsa-mir-508,hsa-mir-509-3,hsa-mir-509-1,hsa-mir-509-2,hsa-mir-21"
Disease,"Carcinoma, Laryngeal",10,0.15873016,1.63561077,0.0756,1,0.8222,"hsa-mir-34a,hsa-mir-486-2,hsa-mir-221,hsa-mir-519b,hsa-mir-486-1,hsa-mir-31,hsa-mir-373,hsa-mir-205,hsa-mir-375,hsa-mir-144"
Disease,"Adenocarcinoma, Prostate",2,0.4,4.12173913,0.0768,1,0.8202,"hsa-mir-221,hsa-mir-21"
Disease,"Carcinoma, Supraglottic",2,0.4,4.12173913,0.0768,1,0.8202,"hsa-mir-21,hsa-mir-375"
Disease,"Carcinoma, Periampullary",2,0.4,4.12173913,0.0768,1,0.8202,"hsa-mir-31,hsa-mir-375"
Disease,Glioblastoma,22,0.13017751,1.34139439,0.0796,1,0.8133,"hsa-mir-522,hsa-mir-506,hsa-mir-486-1,hsa-mir-146b,hsa-mir-144,hsa-mir-181a-2,hsa-mir-524,hsa-mir-147b,hsa-mir-873,hsa-mir-520f,hsa-mir-222,hsa-mir-451a,hsa-mir-518b,hsa-mir-221,hsa-mir-513c,hsa-mir-503,hsa-mir-205,hsa-mir-486-2,hsa-mir-3189,hsa-mir-31,hsa-mir-21,hsa-mir-181b-2"
Disease,"Squamous Cell Carcinoma, Esophageal",19,0.13380282,1.37875077,0.0807,1,0.8177,"hsa-mir-526b,hsa-mir-375,hsa-mir-181a-2,hsa-mir-507,hsa-mir-518c,hsa-mir-518d,hsa-mir-518a-1,hsa-mir-34a,hsa-mir-518b,hsa-mir-518a-2,hsa-mir-508,hsa-mir-518f,hsa-mir-205,hsa-mir-520a,hsa-mir-498,hsa-mir-31,hsa-mir-518e,hsa-mir-1179,hsa-mir-21"
Disease,Gastric Neoplasms,3,0.27272727,2.81027668,0.0825,1,0.8282,"hsa-mir-516a-2,hsa-mir-516a-1,hsa-mir-21"
Disease,Kidney Transplant Rejection,3,0.27272727,2.81027668,0.0825,1,0.8282,"hsa-mir-486-2,hsa-mir-486-1,hsa-mir-21"
Disease,Necrotizing Enterocolitis,3,0.27272727,2.81027668,0.0825,1,0.8282,"hsa-mir-451a,hsa-mir-21,hsa-mir-31"
Disease,Azoospermia,3,0.27272727,2.81027668,0.0825,1,0.8282,"hsa-mir-371a,hsa-mir-373,hsa-mir-372"
Disease,"Squamous Cell Carcinoma, Head and Neck",8,0.16666667,1.7173913,0.0851,1,0.8194,"hsa-mir-147b,hsa-mir-934,hsa-mir-34a,hsa-mir-675,hsa-mir-373,hsa-mir-21,hsa-mir-375,hsa-mir-372"
Disease,"Squamous Cell Carcinoma, Skin or Unspecific",4,0.22222222,2.28985507,0.0886,1,0.8463,"hsa-mir-205,hsa-mir-490,hsa-mir-21,hsa-mir-31"
Disease,Preeclampsia,11,0.14864865,1.53172738,0.0938,1,0.8826,"hsa-mir-34a,hsa-mir-519d,hsa-mir-222,hsa-mir-517b,hsa-mir-517c,hsa-mir-518e,hsa-mir-21,hsa-mir-363,hsa-mir-205,hsa-mir-517a,hsa-mir-181a-2"
Disease,Osteoarthritis,7,0.17073171,1.7592789,0.094,1,0.8768,"hsa-mir-34a,hsa-mir-519b,hsa-mir-146b,hsa-mir-373,hsa-mir-21,hsa-mir-181b-2,hsa-mir-181a-2"
Disease,Hepatoblastoma,5,0.19230769,1.98160535,0.0992,1,0.9181,"hsa-mir-34a,hsa-mir-221,hsa-mir-222,hsa-mir-21,hsa-mir-181a-2"
Disease,"Carcinoma, Renal Cell",16,0.13445378,1.38545853,0.1017,1,0.934,"hsa-mir-509-3,hsa-mir-144,hsa-mir-3065,hsa-mir-181a-2,hsa-mir-222,hsa-mir-451a,hsa-mir-372,hsa-mir-34a,hsa-mir-221,hsa-mir-509-2,hsa-mir-184,hsa-mir-363,hsa-mir-205,hsa-mir-216b,hsa-mir-509-1,hsa-mir-21"
Disease,"Carcinoma, Thyroid, Anaplastic",3,0.25,2.57608696,0.1024,1,0.9338,"hsa-mir-222,hsa-mir-146b,hsa-mir-221"
Disease,Hepatitis [unspecific],3,0.25,2.57608696,0.1024,1,0.9338,"hsa-mir-34a,hsa-mir-208b,hsa-mir-21"
Disease,Hematologic Neoplasms,6,0.17647059,1.81841432,0.1033,1,0.9276,"hsa-mir-221,hsa-mir-222,hsa-mir-373,hsa-mir-520c,hsa-mir-21,hsa-mir-372"
Disease,Sepsis,6,0.17647059,1.81841432,0.1033,1,0.9276,"hsa-mir-34a,hsa-mir-486-2,hsa-mir-486-1,hsa-mir-31,hsa-mir-21,hsa-mir-375"
Disease,Pituitary Adenoma,4,0.21052632,2.16933638,0.1041,1,0.9207,"hsa-mir-520b,hsa-mir-523,hsa-mir-181a-2,hsa-mir-181b-2"
Disease,Fibromyalgia,2,0.33333333,3.43478261,0.1081,1,0.9487,"hsa-mir-451a,hsa-mir-21"
Disease,Kawasaki's Syndrome,2,0.33333333,3.43478261,0.1081,1,0.9487,"hsa-mir-371a,hsa-mir-31"
Disease,Germ Cell Tumor,2,0.33333333,3.43478261,0.1081,1,0.9487,"hsa-mir-371a,hsa-mir-373"
Disease,"Carcinoma, Ovarian",24,0.12371134,1.27476468,0.1096,1,0.9274,"hsa-mir-506,hsa-mir-509-3,hsa-mir-146b,hsa-mir-373,hsa-mir-196b,hsa-mir-517a,hsa-mir-181a-2,hsa-mir-873,hsa-mir-451a,hsa-mir-372,hsa-mir-34a,hsa-mir-519d,hsa-mir-509-2,hsa-mir-184,hsa-mir-187,hsa-mir-205,hsa-mir-490,hsa-mir-551b,hsa-mir-509-1,hsa-mir-498,hsa-mir-31,hsa-mir-211,hsa-mir-21,hsa-mir-181b-2"
Disease,"Carcinoma, Gallbladder",5,0.18518519,1.90821256,0.1127,1,0.9471,"hsa-mir-34a,hsa-mir-146b,hsa-mir-21,hsa-mir-187,hsa-mir-181a-2"
Disease,"Squamous Cell Carcinoma, Tongue",5,0.18518519,1.90821256,0.1127,1,0.9471,"hsa-mir-34a,hsa-mir-498,hsa-mir-373,hsa-mir-21,hsa-mir-375"
Disease,Atrial Fibrillation,9,0.15,1.54565217,0.1184,1,0.9808,"hsa-mir-486-2,hsa-mir-892a,hsa-mir-486-1,hsa-mir-146b,hsa-mir-208b,hsa-mir-451a,hsa-mir-21,hsa-mir-363,hsa-mir-144"
Disease,Polycythemia Vera,4,0.2,2.06086957,0.1208,1,0.9943,"hsa-mir-222,hsa-mir-451a,hsa-mir-221,hsa-mir-21"
Disease,Ectopic Pregnancy,3,0.23076923,2.37792642,0.1241,1,1,"hsa-mir-873,hsa-mir-451a,hsa-mir-196b"
Disease,Melanoma,17,0.12878788,1.3270751,0.1265,1,1,"hsa-mir-506,hsa-mir-146b,hsa-mir-373,hsa-mir-767,hsa-mir-375,hsa-mir-181a-2,hsa-mir-524,hsa-mir-507,hsa-mir-222,hsa-mir-451a,hsa-mir-34a,hsa-mir-221,hsa-mir-508,hsa-mir-205,hsa-mir-211,hsa-mir-520c,hsa-mir-21"
Disease,Autoimmune Diseases [unspecific],6,0.16666667,1.7173913,0.1279,1,1,"hsa-mir-34a,hsa-mir-221,hsa-mir-31,hsa-mir-222,hsa-mir-21,hsa-mir-181a-2"
Disease,Glioma,25,0.12019231,1.23850334,0.1337,1,1,"hsa-mir-506,hsa-mir-146b,hsa-mir-373,hsa-mir-767,hsa-mir-196b,hsa-mir-144,hsa-mir-181a-2,hsa-mir-524,hsa-mir-873,hsa-mir-222,hsa-mir-451a,hsa-mir-105-1,hsa-mir-372,hsa-mir-34a,hsa-mir-221,hsa-mir-105-2,hsa-mir-508,hsa-mir-675,hsa-mir-184,hsa-mir-363,hsa-mir-205,hsa-mir-31,hsa-mir-520c,hsa-mir-21,hsa-mir-181b-2"
Disease,Allergy,4,0.19047619,1.96273292,0.1386,1,1,"hsa-mir-31,hsa-mir-221,hsa-mir-375,hsa-mir-21"
Disease,"Adenocarcinoma, Pancreatic Ductal",10,0.14084507,1.4513166,0.141,1,1,"hsa-mir-34a,hsa-mir-221,hsa-mir-506,hsa-mir-31,hsa-mir-211,hsa-mir-222,hsa-mir-181b-2,hsa-mir-196b,hsa-mir-21,hsa-mir-375"
Disease,"Carcinoma, Adenoid Cystic",2,0.28571429,2.94409938,0.142,1,1,"hsa-mir-222,hsa-mir-181a-2"
Disease,"Carcinoma, Biliary Tract",2,0.28571429,2.94409938,0.142,1,1,"hsa-mir-205,hsa-mir-21"
Disease,Glaucoma,5,0.17241379,1.77661169,0.1422,1,1,"hsa-mir-451a,hsa-mir-184,hsa-mir-21,hsa-mir-205,hsa-mir-144"
Disease,Chordoma,3,0.21428571,2.20807453,0.1473,1,1,"hsa-mir-34a,hsa-mir-222,hsa-mir-31"
Disease,Congenital Heart Diseases,4,0.18181818,1.87351779,0.1574,1,1,"hsa-mir-518a-1,hsa-mir-518a-2,hsa-mir-518f,hsa-mir-518e"
Disease,Pancreatic Neoplasms,9,0.140625,1.44904891,0.1591,1,1,"hsa-mir-34a,hsa-mir-486-2,hsa-mir-221,hsa-mir-486-1,hsa-mir-146b,hsa-mir-222,hsa-mir-21,hsa-mir-181b-2,hsa-mir-520h"
Disease,Coronary Heart Diseases,8,0.14285714,1.47204969,0.1676,1,1,"hsa-mir-34a,hsa-mir-486-2,hsa-mir-221,hsa-mir-526b,hsa-mir-486-1,hsa-mir-31,hsa-mir-451a,hsa-mir-21"
Disease,"Leukemia, Promyelocytic, Acute",3,0.2,2.06086957,0.1718,1,1,"hsa-mir-34a,hsa-mir-181a-2,hsa-mir-181b-2"
Disease,Vasculitis,2,0.25,2.57608696,0.1777,1,1,"hsa-mir-34a,hsa-mir-221"
Disease,Nephrotic Syndrome,2,0.25,2.57608696,0.1777,1,1,"hsa-mir-503,hsa-mir-181a-2"
Disease,"Carcinoma, Skin",2,0.25,2.57608696,0.1777,1,1,"hsa-mir-205,hsa-mir-21"
Disease,Hemophagocytic Lymphohistiocytosis,2,0.25,2.57608696,0.1777,1,1,"hsa-mir-144,hsa-mir-21"
Disease,Gastrojejunal Ulcer,1,0.5,5.15217391,0.1847,1,1,hsa-mir-146b
Disease,Fetal Alcohol Syndrome,1,0.5,5.15217391,0.1847,1,1,hsa-mir-21
Disease,Hamartoma Syndrome,1,0.5,5.15217391,0.1847,1,1,hsa-mir-21
Disease,Periodontitis,1,0.5,5.15217391,0.1847,1,1,hsa-mir-21
Disease,Thyroid-Associated Ophthalmopathy,1,0.5,5.15217391,0.1847,1,1,hsa-mir-21
Disease,Type 2 Diabetes Complications,1,0.5,5.15217391,0.1847,1,1,hsa-mir-21
Disease,Uterine Leiomyosarcoma,1,0.5,5.15217391,0.1847,1,1,hsa-mir-31
Disease,Cataract,1,0.5,5.15217391,0.1847,1,1,hsa-mir-184
Disease,"Leukemia, Lymphoblastic, Acute",4,0.16666667,1.7173913,0.1975,1,1,"hsa-mir-221,hsa-mir-222,hsa-mir-196b,hsa-mir-181a-2"
Disease,"Leukemia, Lymphocytic, Chronic",6,0.14634146,1.50795334,0.2,1,1,"hsa-mir-34a,hsa-mir-31,hsa-mir-21,hsa-mir-363,hsa-mir-181b-2,hsa-mir-181a-2"
Disease,Metabolic Syndrome,2,0.22222222,2.28985507,0.2147,1,1,"hsa-mir-146b,hsa-mir-21"
Disease,Systemic Sclerosis,2,0.22222222,2.28985507,0.2147,1,1,"hsa-mir-34a,hsa-mir-21"
Disease,Salivary Gland Neoplasms,2,0.22222222,2.28985507,0.2147,1,1,"hsa-mir-375,hsa-mir-21"
Disease,Astrocytoma,3,0.17647059,1.81841432,0.2236,1,1,"hsa-mir-221,hsa-mir-21,hsa-mir-181b-2"
Disease,Acute Kidney Injury,3,0.17647059,1.81841432,0.2236,1,1,"hsa-mir-216b,hsa-mir-146b,hsa-mir-21"
Disease,"Colitis, Ulcerative",4,0.15384615,1.58528428,0.2404,1,1,"hsa-mir-4732,hsa-mir-31,hsa-mir-146b,hsa-mir-21"
Disease,"Lymphoma, T-Cell",4,0.15384615,1.58528428,0.2404,1,1,"hsa-mir-146b,hsa-mir-373,hsa-mir-21,hsa-mir-181a-2"
Disease,Arteriosclerosis Obliterans,3,0.16666667,1.7173913,0.2506,1,1,"hsa-mir-222,hsa-mir-221,hsa-mir-21"
Disease,Celiac Disease,2,0.2,2.06086957,0.2523,1,1,"hsa-mir-551b,hsa-mir-31"
Disease,"Carcinoma, Basal Cell",2,0.2,2.06086957,0.2523,1,1,"hsa-mir-375,hsa-mir-21"
Disease,"Carcinoma, Cervical",16,0.11594203,1.19470699,0.2536,1,1,"hsa-mir-506,hsa-mir-146b,hsa-mir-373,hsa-mir-196b,hsa-mir-375,hsa-mir-181a-2,hsa-mir-222,hsa-mir-34a,hsa-mir-503,hsa-mir-187,hsa-mir-205,hsa-mir-31,hsa-mir-211,hsa-mir-21,hsa-mir-181b-2,hsa-mir-520h"
Disease,"Leukemia, Myeloid, Acute",14,0.11764706,1.21227621,0.2553,1,1,"hsa-mir-196b,hsa-mir-519c,hsa-mir-181a-2,hsa-mir-519a-2,hsa-mir-519b,hsa-mir-222,hsa-mir-34a,hsa-mir-221,hsa-mir-519d,hsa-mir-551b,hsa-mir-519a-1,hsa-mir-519e,hsa-mir-21,hsa-mir-181b-2"
Disease,Hereditary Breast Carcinoma,1,0.33333333,3.43478261,0.264,1,1,hsa-mir-221
Disease,Chronic Atrial Fibrillation,1,0.33333333,3.43478261,0.264,1,1,hsa-mir-21
Disease,Diabetic Foot,1,0.33333333,3.43478261,0.264,1,1,hsa-mir-31
Disease,Endometrial Stromal Sarcoma,1,0.33333333,3.43478261,0.264,1,1,hsa-mir-31
Disease,Thyroid Adenomas,1,0.33333333,3.43478261,0.264,1,1,hsa-mir-144
Disease,"Carcinoma, Merkel Cell",1,0.33333333,3.43478261,0.264,1,1,hsa-mir-375
Disease,Liver Failure,1,0.33333333,3.43478261,0.264,1,1,hsa-mir-375
Disease,Coxsackievirus Infection,1,0.33333333,3.43478261,0.264,1,1,hsa-mir-490
Disease,Chikungunya Virus Infection,1,0.33333333,3.43478261,0.264,1,1,hsa-mir-503
Disease,Endomyocardial Fibrosis,1,0.33333333,3.43478261,0.264,1,1,hsa-mir-208b
Disease,"Carcinoma, Bladder",14,0.11666667,1.20217391,0.2659,1,1,"hsa-mir-146b,hsa-mir-373,hsa-mir-375,hsa-mir-144,hsa-mir-892b,hsa-mir-222,hsa-mir-451a,hsa-mir-34a,hsa-mir-221,hsa-mir-205,hsa-mir-490,hsa-mir-31,hsa-mir-518e,hsa-mir-21"
Disease,Head And Neck Neoplasms,5,0.13888889,1.43115942,0.2663,1,1,"hsa-mir-221,hsa-mir-21,hsa-mir-181b-2,hsa-mir-205,hsa-mir-181a-2"
Disease,Cutaneous Melanoma,3,0.15789474,1.62700229,0.2781,1,1,"hsa-mir-205,hsa-mir-21,hsa-mir-524"
Disease,"Squamous Cell Carcinoma, Oral",10,0.12048193,1.24148769,0.2789,1,1,"hsa-mir-34a,hsa-mir-221,hsa-mir-31,hsa-mir-211,hsa-mir-222,hsa-mir-184,hsa-mir-21,hsa-mir-205,hsa-mir-144,hsa-mir-375"
Disease,"Cardiomyopathy, Hypertrophic",7,0.12727273,1.31146245,0.2802,1,1,"hsa-mir-34a,hsa-mir-222,hsa-mir-208b,hsa-mir-451a,hsa-mir-184,hsa-mir-21,hsa-mir-181b-2"
Disease,Diabetes Mellitus,9,0.12162162,1.25323149,0.2848,1,1,"hsa-mir-34a,hsa-mir-486-2,hsa-mir-503,hsa-mir-486-1,hsa-mir-1179,hsa-mir-196b,hsa-mir-21,hsa-mir-375,hsa-mir-518d"
Disease,Bladder Neoplasms,5,0.13513514,1.39247944,0.2859,1,1,"hsa-mir-34a,hsa-mir-503,hsa-mir-21,hsa-mir-181b-2,hsa-mir-205"
Disease,Pulmonary Sarcoidosis,2,0.18181818,1.87351779,0.29,1,1,"hsa-mir-222,hsa-mir-221"
Disease,Non-Traumatic Subarachnoid Hemorrhage,2,0.18181818,1.87351779,0.29,1,1,"hsa-mir-34a,hsa-mir-146b"
Disease,Barrett's Esophagus,2,0.18181818,1.87351779,0.29,1,1,"hsa-mir-205,hsa-mir-21"
Disease,"Carcinoma, Thyroid, Medullary",2,0.18181818,1.87351779,0.29,1,1,"hsa-mir-375,hsa-mir-21"
Disease,Mesothelioma,2,0.18181818,1.87351779,0.29,1,1,"hsa-mir-31,hsa-mir-21"
Disease,Human Immunodeficiency Virus Infection,6,0.12765957,1.31544866,0.3015,1,1,"hsa-mir-34a,hsa-mir-146b,hsa-mir-222,hsa-mir-196b,hsa-mir-21,hsa-mir-181a-2"
Disease,"Adenocarcinoma, Gastric",5,0.13157895,1.35583524,0.3057,1,1,"hsa-mir-34a,hsa-mir-486-2,hsa-mir-486-1,hsa-mir-21,hsa-mir-205"
Disease,Muscular Dystrophy,4,0.13793103,1.42128936,0.3081,1,1,"hsa-mir-34a,hsa-mir-221,hsa-mir-222,hsa-mir-21"
Disease,Polycystic Ovarian Syndrome,4,0.13793103,1.42128936,0.3081,1,1,"hsa-mir-486-2,hsa-mir-486-1,hsa-mir-21,hsa-mir-375"
Disease,"Leukemia, Myeloid, Chronic",8,0.11940299,1.23036989,0.3209,1,1,"hsa-mir-34a,hsa-mir-518b,hsa-mir-525,hsa-mir-498,hsa-mir-21,hsa-mir-196b,hsa-mir-520a,hsa-mir-181a-2"
Disease,Lofgren's Syndrome,2,0.16666667,1.7173913,0.3275,1,1,"hsa-mir-146b,hsa-mir-21"
Disease,Ewing's Sarcoma,2,0.16666667,1.7173913,0.3275,1,1,"hsa-mir-31,hsa-mir-34a"
Disease,Colitis,2,0.16666667,1.7173913,0.3275,1,1,"hsa-mir-21,hsa-mir-31"
Disease,Renal Fibrosis,2,0.16666667,1.7173913,0.3275,1,1,"hsa-mir-21,hsa-mir-196b"
Disease,"Lymphoma, Large-Cell, Anaplastic",2,0.16666667,1.7173913,0.3275,1,1,"hsa-mir-512-1,hsa-mir-512-2"
Disease,"Leukemia, Lymphoblastic",3,0.14285714,1.47204969,0.3338,1,1,"hsa-mir-34a,hsa-mir-221,hsa-mir-181a-2"
Disease,Diabetic Retinopathy,3,0.14285714,1.47204969,0.3338,1,1,"hsa-mir-34a,hsa-mir-146b,hsa-mir-21"
Disease,Chondrosarcoma,3,0.14285714,1.47204969,0.3338,1,1,"hsa-mir-519d,hsa-mir-181a-2,hsa-mir-518b"
Disease,Pain[unspecific],1,0.25,2.57608696,0.3356,1,1,hsa-mir-34a
Disease,"Carcinoma, Oropharyngeal",1,0.25,2.57608696,0.3356,1,1,hsa-mir-21
Disease,"Carcinoma, Ovarian, Clear Cell",1,0.25,2.57608696,0.3356,1,1,hsa-mir-21
Disease,Cholesteatoma,1,0.25,2.57608696,0.3356,1,1,hsa-mir-21
Disease,Cryptosporidium infection,1,0.25,2.57608696,0.3356,1,1,hsa-mir-21
Disease,Meningioma,1,0.25,2.57608696,0.3356,1,1,hsa-mir-21
Disease,"Lymphoma, Follicular",1,0.25,2.57608696,0.3356,1,1,hsa-mir-31
Disease,Non-Alcoholic Steatohepatitis,1,0.25,2.57608696,0.3356,1,1,hsa-mir-144
Disease,Fungal Keratitis,1,0.25,2.57608696,0.3356,1,1,hsa-mir-451a
Disease,Liposarcoma,1,0.25,2.57608696,0.3356,1,1,hsa-mir-451a
Disease,Plasmodium vivax Infection,1,0.25,2.57608696,0.3356,1,1,hsa-mir-451a
Disease,Diabetic Vasculopathy,1,0.25,2.57608696,0.3356,1,1,hsa-mir-503
Disease,"Carcinoma, Spindle Cell",1,0.25,2.57608696,0.3356,1,1,hsa-mir-205
Disease,Acute Coronary Syndrome,3,0.13636364,1.40513834,0.3616,1,1,"hsa-mir-486-2,hsa-mir-486-1,hsa-mir-21"
Disease,Lymphoma,7,0.11666667,1.20217391,0.3624,1,1,"hsa-mir-34a,hsa-mir-486-2,hsa-mir-486-1,hsa-mir-31,hsa-mir-21,hsa-mir-144,hsa-mir-520a"
Disease,"Leukemia, Lymphoblastic, Acute, B-Cell",2,0.15384615,1.58528428,0.3645,1,1,"hsa-mir-451a,hsa-mir-221"
Disease,"Lymphoma, Primary Effusion",2,0.15384615,1.58528428,0.3645,1,1,"hsa-mir-222,hsa-mir-221"
Disease,Mycobacterium Tuberculosis Infection,2,0.15384615,1.58528428,0.3645,1,1,"hsa-mir-146b,hsa-mir-21"
Disease,"Carcinoma, Head And Neck",2,0.15384615,1.58528428,0.3645,1,1,"hsa-mir-363,hsa-mir-375"
Disease,Parkinson's Disease,5,0.12195122,1.25662778,0.3662,1,1,"hsa-mir-34a,hsa-mir-221,hsa-mir-21,hsa-mir-144,hsa-mir-181a-2"
Disease,Lung Neoplasms,12,0.10909091,1.12411067,0.3772,1,1,"hsa-mir-486-1,hsa-mir-146b,hsa-mir-375,hsa-mir-181a-2,hsa-mir-34a,hsa-mir-187,hsa-mir-205,hsa-mir-486-2,hsa-mir-1258,hsa-mir-31,hsa-mir-21,hsa-mir-181b-2"
Disease,Pleural Mesothelioma,4,0.125,1.28804348,0.3775,1,1,"hsa-mir-221,hsa-mir-31,hsa-mir-222,hsa-mir-21"
Disease,"Squamous Cell Carcinoma, Lung",3,0.13043478,1.34404537,0.3893,1,1,"hsa-mir-21,hsa-mir-205,hsa-mir-375"
Disease,Pediatric Astrocytoma,1,0.2,2.06086957,0.4003,1,1,hsa-mir-221
Disease,Acquired Immunodeficiency Syndrome,1,0.2,2.06086957,0.4003,1,1,hsa-mir-146b
Disease,Cerebral Cavernous Malformations,1,0.2,2.06086957,0.4003,1,1,hsa-mir-181a-2
Disease,"Leukemia, T-Cell",1,0.2,2.06086957,0.4003,1,1,hsa-mir-181b-2
Disease,Mycosis Fungoides,1,0.2,2.06086957,0.4003,1,1,hsa-mir-181b-2
Disease,IgA Nephropathy,1,0.2,2.06086957,0.4003,1,1,hsa-mir-21
Disease,Gallstones,1,0.2,2.06086957,0.4003,1,1,hsa-mir-375
Disease,Varicella,1,0.2,2.06086957,0.4003,1,1,hsa-mir-363
Disease,Psoriasis,4,0.12121212,1.24901186,0.4006,1,1,"hsa-mir-31,hsa-mir-146b,hsa-mir-21,hsa-mir-181b-2"
Disease,Coronary Atherosclerosis,2,0.14285714,1.47204969,0.4007,1,1,"hsa-mir-221,hsa-mir-21"
Disease,Macular Degeneration,2,0.14285714,1.47204969,0.4007,1,1,"hsa-mir-34a,hsa-mir-184"
Disease,"Carcinoma, Nasopharyngeal",12,0.10526316,1.08466819,0.4283,1,1,"hsa-mir-506,hsa-mir-1323,hsa-mir-181a-2,hsa-mir-451a,hsa-mir-372,hsa-mir-34a,hsa-mir-371a,hsa-mir-184,hsa-mir-205,hsa-mir-216b,hsa-mir-31,hsa-mir-21"
Disease,Rheumatoid Arthritis,6,0.11111111,1.14492754,0.4288,1,1,"hsa-mir-34a,hsa-mir-221,hsa-mir-222,hsa-mir-451a,hsa-mir-21,hsa-mir-363"
Disease,Cardiovascular Diseases [unspecific],7,0.109375,1.12703804,0.4297,1,1,"hsa-mir-34a,hsa-mir-221,hsa-mir-222,hsa-mir-451a,hsa-mir-21,hsa-mir-144,hsa-mir-181a-2"
Disease,Liver Injury,2,0.13333333,1.37391304,0.4359,1,1,"hsa-mir-221,hsa-mir-21"
Disease,Maternal Obesity During Childbirth,2,0.13333333,1.37391304,0.4359,1,1,"hsa-mir-221,hsa-mir-375"
Disease,"Adenocarcinoma, Gastric-Esophageal Junction",2,0.13333333,1.37391304,0.4359,1,1,"hsa-mir-222,hsa-mir-21"
Disease,"Fatty Liver, Non-Alcoholic",2,0.13333333,1.37391304,0.4359,1,1,"hsa-mir-34a,hsa-mir-21"
Disease,Idiopathic Pulmonary Fibrosis,2,0.13333333,1.37391304,0.4359,1,1,"hsa-mir-34a,hsa-mir-21"
Disease,Atherosclerosis,10,0.10526316,1.08466819,0.4435,1,1,"hsa-mir-146b,hsa-mir-144,hsa-mir-181a-2,hsa-mir-222,hsa-mir-34a,hsa-mir-221,hsa-mir-503,hsa-mir-490,hsa-mir-21,hsa-mir-181b-2"
Disease,Aortic Stenosis,3,0.12,1.23652174,0.4437,1,1,"hsa-mir-31,hsa-mir-211,hsa-mir-451a"
Disease,Systemic Lupus Erythematosus,6,0.10909091,1.12411067,0.447,1,1,"hsa-mir-34a,hsa-mir-221,hsa-mir-31,hsa-mir-21,hsa-mir-181b-2,hsa-mir-181a-2"
Disease,Retinoblastoma,5,0.11111111,1.14492754,0.4471,1,1,"hsa-mir-31,hsa-mir-373,hsa-mir-21,hsa-mir-181b-2,hsa-mir-181a-2"
Disease,Essential Thrombocythemia,1,0.16666667,1.7173913,0.4587,1,1,hsa-mir-221
Disease,Non-Traumatic Osteonecrosis,1,0.16666667,1.7173913,0.4587,1,1,hsa-mir-146b
Disease,Acute Cerebral Infarction,1,0.16666667,1.7173913,0.4587,1,1,hsa-mir-21
Disease,Biliary Atresia,1,0.16666667,1.7173913,0.4587,1,1,hsa-mir-21
Disease,"Lymphoma, Non-Hodgkin",1,0.16666667,1.7173913,0.4587,1,1,hsa-mir-520a
Disease,Nephrosclerosis,1,0.16666667,1.7173913,0.4587,1,1,hsa-mir-205
Disease,Spinal Muscular Atrophy,1,0.16666667,1.7173913,0.4587,1,1,hsa-mir-208b
Disease,Myocardial Fibrosis,2,0.125,1.28804348,0.47,1,1,"hsa-mir-34a,hsa-mir-21"
Disease,"Tuberculosis, Pulmonary",3,0.11538462,1.18896321,0.4702,1,1,"hsa-mir-31,hsa-mir-21,hsa-mir-196b"
Disease,Colon Neoplasms,8,0.1038961,1.07058159,0.4768,1,1,"hsa-mir-34a,hsa-mir-486-2,hsa-mir-221,hsa-mir-486-1,hsa-mir-498,hsa-mir-21,hsa-mir-518c,hsa-mir-205"
Disease,Hepatitis B Virus Infection,7,0.10447761,1.07657365,0.4798,1,1,"hsa-mir-520b,hsa-mir-221,hsa-mir-31,hsa-mir-181b-2,hsa-mir-21,hsa-mir-205,hsa-mir-181a-2"
Disease,Liver Cirrhosis,6,0.10526316,1.08466819,0.483,1,1,"hsa-mir-34a,hsa-mir-221,hsa-mir-519d,hsa-mir-222,hsa-mir-21,hsa-mir-144"
Disease,Epilepsy,3,0.11111111,1.14492754,0.4961,1,1,"hsa-mir-34a,hsa-mir-221,hsa-mir-21"
Disease,Kaposi's Sarcoma,3,0.11111111,1.14492754,0.4961,1,1,"hsa-mir-221,hsa-mir-1258,hsa-mir-222"
Disease,Osteosarcoma,17,0.0994152,1.02440885,0.4998,1,1,"hsa-mir-486-1,hsa-mir-146b,hsa-mir-208b,hsa-mir-196b,hsa-mir-375,hsa-mir-144,hsa-mir-181a-2,hsa-mir-451a,hsa-mir-34a,hsa-mir-221,hsa-mir-519d,hsa-mir-503,hsa-mir-205,hsa-mir-490,hsa-mir-486-2,hsa-mir-21,hsa-mir-181b-2"
Disease,Focal Segmental Glomerulosclerosis,2,0.11764706,1.21227621,0.5029,1,1,"hsa-mir-1225,hsa-mir-490"
Disease,Heart Failure,12,0.1,1.03043478,0.5048,1,1,"hsa-mir-208b,hsa-mir-375,hsa-mir-181a-2,hsa-mir-222,hsa-mir-451a,hsa-mir-105-1,hsa-mir-34a,hsa-mir-221,hsa-mir-105-2,hsa-mir-205,hsa-mir-211,hsa-mir-21"
Disease,Oral Lichen Planus,1,0.14285714,1.47204969,0.5115,1,1,hsa-mir-146b
Disease,Cocaine Abuse,1,0.14285714,1.47204969,0.5115,1,1,hsa-mir-181a-2
Disease,Kidney Diseases [unspecific],1,0.14285714,1.47204969,0.5115,1,1,hsa-mir-21
Disease,"Carcinoma, Endometrioid Endometrial",1,0.14285714,1.47204969,0.5115,1,1,hsa-mir-205
Disease,Acute Pancreatitis,1,0.14285714,1.47204969,0.5115,1,1,hsa-mir-216b
Disease,Neuroblastoma,6,0.10169492,1.04789978,0.5184,1,1,"hsa-mir-34a,hsa-mir-363,hsa-mir-21,hsa-mir-205,hsa-mir-375,hsa-mir-181a-2"
Disease,Chronic Obstructive Pulmonary Disease,3,0.10714286,1.10403727,0.5215,1,1,"hsa-mir-34a,hsa-mir-21,hsa-mir-181a-2"
Disease,Epstein-Barr Virus Infection,2,0.11111111,1.14492754,0.5344,1,1,"hsa-mir-222,hsa-mir-221"
Disease,Graft-Versus-Host Disease,2,0.11111111,1.14492754,0.5344,1,1,"hsa-mir-21,hsa-mir-181a-2"
Disease,"Leukemia, Myeloid",2,0.11111111,1.14492754,0.5344,1,1,"hsa-mir-486-2,hsa-mir-486-1"
Disease,Choriocarcinoma,6,0.1,1.03043478,0.5357,1,1,"hsa-mir-34a,hsa-mir-221,hsa-mir-31,hsa-mir-21,hsa-mir-181b-2,hsa-mir-205"
Disease,Multiple Myeloma,6,0.1,1.03043478,0.5357,1,1,"hsa-mir-34a,hsa-mir-221,hsa-mir-451a,hsa-mir-520c,hsa-mir-21,hsa-mir-181a-2"
Disease,Liver Diseases [unspecific],3,0.10344828,1.06596702,0.5461,1,1,"hsa-mir-34a,hsa-mir-146b,hsa-mir-21"
Disease,Gastrointestinal Neoplasms,8,0.09756098,1.00530223,0.5526,1,1,"hsa-mir-34a,hsa-mir-221,hsa-mir-31,hsa-mir-222,hsa-mir-451a,hsa-mir-21,hsa-mir-181b-2,hsa-mir-375"
Disease,Bipolar Disorder,1,0.125,1.28804348,0.5592,1,1,hsa-mir-34a
Disease,Soft Tissue Sarcoma,1,0.125,1.28804348,0.5592,1,1,hsa-mir-34a
Disease,Arrhythmia,1,0.125,1.28804348,0.5592,1,1,hsa-mir-21
Disease,Alcoholic Cardiomyopathy,1,0.125,1.28804348,0.5592,1,1,hsa-mir-506
Disease,Obesity,5,0.09803922,1.01023018,0.5627,1,1,"hsa-mir-34a,hsa-mir-221,hsa-mir-503,hsa-mir-146b,hsa-mir-21"
Disease,"Cardiomyopathy, Ischemic",2,0.10526316,1.08466819,0.5645,1,1,"hsa-mir-34a,hsa-mir-21"
Disease,Neurodegenerative Diseases [unspecific],2,0.10526316,1.08466819,0.5645,1,1,"hsa-mir-34a,hsa-mir-144"
Disease,Essential Hypertension,2,0.10526316,1.08466819,0.5645,1,1,"hsa-mir-208b,hsa-mir-21"
Disease,"Carcinoma, Adrenocortical",3,0.1,1.03043478,0.57,1,1,"hsa-mir-34a,hsa-mir-205,hsa-mir-375"
Disease,Asthma,4,0.09756098,1.00530223,0.5755,1,1,"hsa-mir-221,hsa-mir-498,hsa-mir-187,hsa-mir-21"
Disease,Myocardial Infarction,5,0.09615385,0.99080268,0.5809,1,1,"hsa-mir-31,hsa-mir-208b,hsa-mir-451a,hsa-mir-21,hsa-mir-144"
Disease,Alopecia,1,0.11111111,1.14492754,0.6023,1,1,hsa-mir-221
Disease,Ankylosing Spondylitis,1,0.11111111,1.14492754,0.6023,1,1,hsa-mir-21
Disease,Atopic Dermatitis,1,0.11111111,1.14492754,0.6023,1,1,hsa-mir-21
Disease,Esophageal Neoplasms,1,0.11111111,1.14492754,0.6023,1,1,hsa-mir-21
Disease,Human Cytomegalovirus Infection,1,0.11111111,1.14492754,0.6023,1,1,hsa-mir-21
Disease,"Carcinoma, Vulvar",1,0.11111111,1.14492754,0.6023,1,1,hsa-mir-519b
Disease,Colon Adenoma,2,0.0952381,0.98136646,0.6206,1,1,"hsa-mir-503,hsa-mir-21"
Disease,Allergic Rhinitis,2,0.0952381,0.98136646,0.6206,1,1,"hsa-mir-498,hsa-mir-187"
Disease,Hepatitis C Virus Infection,8,0.09195402,0.94752624,0.6238,1,1,"hsa-mir-522,hsa-mir-373,hsa-mir-196b,hsa-mir-181a-2,hsa-mir-34a,hsa-mir-221,hsa-mir-503,hsa-mir-21"
Disease,"Carcinoma, Prostate",24,0.09338521,0.96227373,0.6281,1,1,"hsa-mir-146b,hsa-mir-208b,hsa-mir-888,hsa-mir-373,hsa-mir-375,hsa-mir-519c,hsa-mir-181a-2,hsa-mir-222,hsa-mir-372,hsa-mir-34a,hsa-mir-221,hsa-mir-513c,hsa-mir-371a,hsa-mir-503,hsa-mir-675,hsa-mir-187,hsa-mir-512-2,hsa-mir-205,hsa-mir-512-1,hsa-mir-3189,hsa-mir-31,hsa-mir-1179,hsa-mir-21,hsa-mir-181b-2"
Disease,Crohn Disease,3,0.09090909,0.93675889,0.6369,1,1,"hsa-mir-31,hsa-mir-21,hsa-mir-196b"
Disease,Carotid Atherosclerosis,1,0.1,1.03043478,0.6412,1,1,hsa-mir-221
Disease,Aplastic Anemia,1,0.1,1.03043478,0.6412,1,1,hsa-mir-146b
Disease,Alcoholic Hepatitis,1,0.1,1.03043478,0.6412,1,1,hsa-mir-34a
Disease,Helicobacter Pylori Infection,1,0.1,1.03043478,0.6412,1,1,hsa-mir-375
Disease,Hirschsprung's Disease,2,0.09090909,0.93675889,0.6465,1,1,"hsa-mir-34a,hsa-mir-146b"
Disease,"Adenocarcinoma, Esophageal",2,0.09090909,0.93675889,0.6465,1,1,"hsa-mir-21,hsa-mir-205"
Disease,"Lymphoma, Hodgkin",2,0.09090909,0.93675889,0.6465,1,1,"hsa-mir-21,hsa-mir-520a"
Disease,Leukemia,6,0.08955224,0.92277742,0.6487,1,1,"hsa-mir-34a,hsa-mir-486-2,hsa-mir-486-1,hsa-mir-196b,hsa-mir-21,hsa-mir-181a-2"
Disease,Alzheimer's Disease,9,0.09,0.9273913,0.6523,1,1,"hsa-mir-375,hsa-mir-181a-2,hsa-mir-222,hsa-mir-34a,hsa-mir-512-2,hsa-mir-512-1,hsa-mir-31,hsa-mir-21,hsa-mir-181b-2"
Disease,Human Papilloma Virus Infection,3,0.08823529,0.90920716,0.6575,1,1,"hsa-mir-34a,hsa-mir-21,hsa-mir-205"
Disease,"Carcinoma, Pancreatic",15,0.09036145,0.93111577,0.6674,1,1,"hsa-mir-506,hsa-mir-146b,hsa-mir-208b,hsa-mir-373,hsa-mir-196b,hsa-mir-375,hsa-mir-181a-2,hsa-mir-222,hsa-mir-34a,hsa-mir-221,hsa-mir-205,hsa-mir-216b,hsa-mir-211,hsa-mir-21,hsa-mir-181b-2"
Disease,"Diabetes Mellitus, Gestational",2,0.08695652,0.89603025,0.671,1,1,"hsa-mir-508,hsa-mir-222"
Disease,"Adenocarcinoma, Colon",2,0.08695652,0.89603025,0.671,1,1,"hsa-mir-503,hsa-mir-21"
Disease,Ischemia-Reperfusion Injury,2,0.08695652,0.89603025,0.671,1,1,"hsa-mir-21,hsa-mir-187"
Disease,Synovial Sarcoma,1,0.09090909,0.93675889,0.6763,1,1,hsa-mir-146b
Disease,Kidney Neoplasms,1,0.09090909,0.93675889,0.6763,1,1,hsa-mir-34a
Disease,Machado-Joseph Disease,1,0.09090909,0.93675889,0.6763,1,1,hsa-mir-181a-2
Disease,ACTH-Secreting Pituitary Adenoma,1,0.09090909,0.93675889,0.6763,1,1,hsa-mir-21
Disease,"Diabetes Mellitus, Type 2",13,0.08843537,0.91126886,0.6925,1,1,"hsa-mir-486-1,hsa-mir-146b,hsa-mir-375,hsa-mir-144,hsa-mir-222,hsa-mir-451a,hsa-mir-34a,hsa-mir-221,hsa-mir-503,hsa-mir-187,hsa-mir-486-2,hsa-mir-21,hsa-mir-181b-2"
Disease,Diabetic Nephropathy,2,0.08333333,0.85869565,0.6941,1,1,"hsa-mir-34a,hsa-mir-21"
Disease,"Lymphoma, B-Cell",2,0.08333333,0.85869565,0.6941,1,1,"hsa-mir-34a,hsa-mir-181a-2"
Disease,Cardiomyopathy,2,0.08333333,0.85869565,0.6941,1,1,"hsa-mir-451a,hsa-mir-21"
Disease,Adenovirus Infection,3,0.08333333,0.85869565,0.6963,1,1,"hsa-mir-34a,hsa-mir-146b,hsa-mir-181b-2"
Disease,Pulmonary Hypertension,3,0.08333333,0.85869565,0.6963,1,1,"hsa-mir-34a,hsa-mir-503,hsa-mir-21"
Disease,"Leukemia, Lymphoblastic, Acute, Childhood",1,0.08333333,0.85869565,0.708,1,1,hsa-mir-181a-2
Disease,Adrenal Cortex Neoplasms,1,0.08333333,0.85869565,0.708,1,1,hsa-mir-503
Disease,Stroke,3,0.08108108,0.83548766,0.7144,1,1,"hsa-mir-221,hsa-mir-21,hsa-mir-181a-2"
Disease,Influenza,2,0.07692308,0.79264214,0.7363,1,1,"hsa-mir-34a,hsa-mir-144"
Disease,Intervertebral Disc Degeneration,1,0.07692308,0.79264214,0.7366,1,1,hsa-mir-222
Disease,Rhinosinusitis,1,0.07692308,0.79264214,0.7366,1,1,hsa-mir-181b-2
Disease,Spinal Cord Injuries,1,0.07692308,0.79264214,0.7366,1,1,hsa-mir-21
Disease,"Lymphoma, Burkitt's",1,0.07692308,0.79264214,0.7366,1,1,hsa-mir-520a
Disease,Vascular Diseases [unspecific],2,0.07407407,0.76328502,0.7556,1,1,"hsa-mir-21,hsa-mir-181a-2"
Disease,Bladder Outlet Obstruction,1,0.07142857,0.73602484,0.7625,1,1,hsa-mir-221
Disease,Myasthenia Gravis,1,0.07142857,0.73602484,0.7625,1,1,hsa-mir-21
Disease,Peripheral Vascular Disease,1,0.07142857,0.73602484,0.7625,1,1,hsa-mir-363
Disease,Polycystic Kidney Disease,1,0.07142857,0.73602484,0.7625,1,1,hsa-mir-205
Disease,Kidney Injury,2,0.07142857,0.73602484,0.7736,1,1,"hsa-mir-211,hsa-mir-21"
Disease,"Carcinoma, Urothelial",1,0.06666667,0.68695652,0.7858,1,1,hsa-mir-21
Disease,Medulloblastoma,2,0.06666667,0.68695652,0.8062,1,1,"hsa-mir-34a,hsa-mir-31"
Disease,Myocardial Ischemic-Reperfusion Injury,1,0.0625,0.64402174,0.8069,1,1,hsa-mir-21
Disease,"Carcinoma, Endometrial",4,0.06896552,0.71064468,0.8334,1,1,"hsa-mir-34a,hsa-mir-31,hsa-mir-222,hsa-mir-205"
Disease,"Carcinoma, Renal Cell, Clear-Cell",4,0.06896552,0.71064468,0.8334,1,1,"hsa-mir-34a,hsa-mir-506,hsa-mir-21,hsa-mir-187"
Disease,Chronic Hepatitis B,2,0.0625,0.64402174,0.8346,1,1,"hsa-mir-181b-2,hsa-mir-181a-2"
Disease,Inflammatory Bowel Diseases,2,0.0625,0.64402174,0.8346,1,1,"hsa-mir-31,hsa-mir-21"
Disease,Respiratory Syncytial Virus Pneumonia,1,0.05555556,0.57246377,0.843,1,1,hsa-mir-31
Disease,Mesial Temporal Lobe Epilepsy,1,0.05555556,0.57246377,0.843,1,1,hsa-mir-196b
Disease,Cervical Neoplasms,1,0.05263158,0.5423341,0.8585,1,1,hsa-mir-34a
Disease,"Stroke, Ischemic",2,0.05882353,0.60613811,0.8592,1,1,"hsa-mir-34a,hsa-mir-144"
Disease,Chronic Hepatitis C,2,0.05555556,0.57246377,0.8804,1,1,"hsa-mir-222,hsa-mir-196b"
Disease,"Carcinoma, Lung, Small-Cell",1,0.04761905,0.49068323,0.885,1,1,hsa-mir-181a-2
Disease,Intrahepatic Cholangiocarcinoma,1,0.04545455,0.46837945,0.8964,1,1,hsa-mir-675
Disease,Schizophrenia,3,0.05660377,0.58326497,0.9041,1,1,"hsa-mir-34a,hsa-mir-146b,hsa-mir-181b-2"
Disease,Depression Disorder,1,0.04347826,0.44801512,0.9066,1,1,hsa-mir-451a
Disease,Ovarian Neoplasms,7,0.06603774,0.6804758,0.9094,1,1,"hsa-mir-486-1,hsa-mir-516a-2,hsa-mir-516a-1,hsa-mir-34a,hsa-mir-486-2,hsa-mir-31,hsa-mir-21"
Disease,Endometriosis,2,0.04878049,0.50265111,0.9214,1,1,"hsa-mir-451a,hsa-mir-196b"
Disease,HIV-Associated Lipodystrophy,1,0.03571429,0.36801242,0.9446,1,1,hsa-mir-196b
Disease,Chronic Kidney Disease,1,0.03125,0.32201087,0.9636,1,1,hsa-mir-21
Disease,Multiple Sclerosis,1,0.0212766,0.21924144,0.9925,1,1,hsa-mir-146b
