Category,Term,Count,Percent,Fold,P-value,Bonferroni,FDR,miRNA
Disease,"Adenocarcinoma, Lung",12,0.11881188,2.16603199,0.0066,1.0,0.0966,"hsa-mir-99a,hsa-mir-375,hsa-mir-132,hsa-mir-215,hsa-mir-202,hsa-mir-592,hsa-mir-195,hsa-mir-483,hsa-mir-551b,hsa-mir-149,hsa-mir-31,hsa-mir-218-1"
Disease,"Carcinoma, Breast",41,0.11781609,2.14787798,1.09e-09,4.5e-07,2.15e-07,"hsa-mir-365a,hsa-mir-124-3,hsa-mir-375,hsa-mir-132,hsa-mir-135b,hsa-mir-215,hsa-mir-202,hsa-mir-196a-2,hsa-mir-153-1,hsa-mir-135a-1,hsa-mir-365b,hsa-mir-346,hsa-mir-506,hsa-mir-509-3,hsa-mir-99a,hsa-mir-138-1,hsa-mir-873,hsa-mir-195,hsa-let-7c,hsa-mir-212,hsa-mir-1258,hsa-mir-193b,hsa-mir-129-1,hsa-mir-181c,hsa-mir-129-2,hsa-mir-196a-1,hsa-mir-455,hsa-mir-217,hsa-mir-153-2,hsa-mir-149,hsa-mir-509-1,hsa-mir-31,hsa-mir-124-1,hsa-mir-218-1,hsa-mir-124-2,hsa-mir-137,hsa-mir-592,hsa-mir-218-2,hsa-mir-509-2,hsa-mir-138-2,hsa-mir-148a"
Disease,"Carcinoma, Colon",39,0.12380952,2.25714286,5.24e-09,2.16e-06,6.21e-07,"hsa-mir-506,hsa-mir-124-2,hsa-mir-129-1,hsa-mir-509-3,hsa-mir-137,hsa-mir-365a,hsa-mir-124-3,hsa-mir-99a,hsa-mir-138-1,hsa-mir-375,hsa-mir-132,hsa-mir-135b,hsa-mir-215,hsa-mir-202,hsa-mir-129-2,hsa-mir-196a-2,hsa-mir-195,hsa-mir-592,hsa-mir-153-1,hsa-mir-218-2,hsa-mir-509-2,hsa-mir-135a-1,hsa-mir-365b,hsa-mir-138-2,hsa-mir-431,hsa-mir-196a-1,hsa-mir-455,hsa-mir-483,hsa-mir-582,hsa-let-7c,hsa-mir-217,hsa-mir-148a,hsa-mir-153-2,hsa-mir-149,hsa-mir-509-1,hsa-mir-31,hsa-mir-124-1,hsa-mir-1269a,hsa-mir-218-1"
Disease,"Carcinoma, Gallbladder",3,0.11111111,2.02564103,0.1809,1.0,0.897,"hsa-mir-202,hsa-mir-138-2,hsa-mir-138-1"
Disease,"Carcinoma, Gastric",38,0.13818182,2.51916084,3.08e-10,1.2699999999999999e-07,9.12e-08,"hsa-mir-506,hsa-mir-124-2,hsa-mir-193b,hsa-mir-129-1,hsa-mir-509-3,hsa-mir-513b,hsa-mir-137,hsa-mir-99a,hsa-mir-365a,hsa-mir-383,hsa-mir-124-3,hsa-mir-375,hsa-mir-132,hsa-mir-135b,hsa-mir-215,hsa-mir-202,hsa-mir-181c,hsa-mir-129-2,hsa-mir-196a-2,hsa-mir-508,hsa-mir-218-2,hsa-mir-509-2,hsa-mir-135a-1,hsa-mir-365b,hsa-mir-196a-1,hsa-mir-504,hsa-mir-455,hsa-mir-483,hsa-let-7c,hsa-mir-551b,hsa-mir-217,hsa-mir-148a,hsa-mir-149,hsa-mir-212,hsa-mir-509-1,hsa-mir-31,hsa-mir-124-1,hsa-mir-218-1"
Disease,"Carcinoma, Hepatocellular",40,0.1179941,2.15112321,5.21e-09,2.15e-06,6.85e-07,"hsa-mir-506,hsa-mir-193b,hsa-mir-129-1,hsa-mir-509-3,hsa-mir-137,hsa-mir-99a,hsa-mir-365a,hsa-mir-138-1,hsa-mir-375,hsa-mir-132,hsa-mir-135b,hsa-mir-215,hsa-mir-202,hsa-mir-181c,hsa-mir-129-2,hsa-mir-196a-2,hsa-mir-195,hsa-mir-592,hsa-mir-508,hsa-mir-153-1,hsa-mir-218-2,hsa-mir-509-2,hsa-mir-135a-1,hsa-mir-138-2,hsa-mir-365b,hsa-mir-431,hsa-mir-196a-1,hsa-mir-455,hsa-mir-483,hsa-mir-582,hsa-let-7c,hsa-mir-217,hsa-mir-148a,hsa-mir-153-2,hsa-mir-149,hsa-mir-212,hsa-mir-509-1,hsa-mir-31,hsa-mir-1269a,hsa-mir-218-1"
Disease,"Carcinoma, Pancreatic",25,0.15060241,2.74559778,3.7299999999999997e-07,0.000154,2.95e-05,"hsa-mir-506,hsa-mir-124-2,hsa-mir-193b,hsa-mir-99a,hsa-mir-365a,hsa-mir-124-3,hsa-mir-138-1,hsa-mir-375,hsa-mir-135b,hsa-mir-215,hsa-mir-202,hsa-mir-196a-2,hsa-mir-195,hsa-mir-218-2,hsa-mir-365b,hsa-mir-138-2,hsa-mir-196a-1,hsa-mir-483,hsa-let-7c,hsa-mir-217,hsa-mir-148a,hsa-mir-212,hsa-mir-124-1,hsa-mir-218-1,hsa-mir-1247"
Disease,Endometriosis,5,0.12195122,2.22326454,0.0688,1.0,0.5131,"hsa-mir-202,hsa-mir-365b,hsa-mir-99a,hsa-mir-195,hsa-mir-365a"
Disease,Glaucoma,3,0.10344828,1.88594164,0.2096,1.0,0.9896,"hsa-mir-483,hsa-mir-202,hsa-mir-149"
Disease,Multiple Myeloma,6,0.1,1.82307692,0.1048,1.0,0.6974,"hsa-mir-135b,hsa-mir-215,hsa-mir-148a,hsa-mir-202,hsa-mir-149,hsa-mir-137"
Disease,Osteosarcoma,24,0.14035088,2.55870445,2.83e-06,0.00117,0.000198,"hsa-mir-124-2,hsa-mir-129-1,hsa-mir-137,hsa-mir-124-3,hsa-mir-138-1,hsa-mir-375,hsa-mir-132,hsa-mir-135b,hsa-mir-202,hsa-mir-181c,hsa-mir-129-2,hsa-mir-196a-2,hsa-mir-195,hsa-mir-153-1,hsa-mir-218-2,hsa-mir-138-2,hsa-mir-196a-1,hsa-mir-217,hsa-mir-148a,hsa-mir-153-2,hsa-mir-212,hsa-mir-124-1,hsa-mir-218-1,hsa-mir-1247"
Disease,Preeclampsia,6,0.08108108,1.47817048,0.2146,1.0,1.0,"hsa-mir-135b,hsa-mir-582,hsa-mir-202,hsa-mir-149,hsa-mir-195,hsa-mir-346"
Disease,"Scleroderma, Systemic",1,0.33333333,6.07692308,0.1558,1.0,0.8431,hsa-mir-202
Disease,"Squamous Cell Carcinoma, Esophageal",19,0.13380282,2.43932828,9.240000000000001e-05,0.0381,0.00405,"hsa-mir-193b,hsa-mir-129-1,hsa-mir-383,hsa-mir-375,hsa-mir-507,hsa-mir-202,hsa-mir-129-2,hsa-mir-196a-2,hsa-mir-195,hsa-mir-508,hsa-mir-218-2,hsa-mir-196a-1,hsa-mir-483,hsa-let-7c,hsa-mir-217,hsa-mir-148a,hsa-mir-31,hsa-mir-124-1,hsa-mir-218-1"
Disease,"Carcinoma, Lung",33,0.15492958,2.82448537,5.12e-10,2.1100000000000002e-07,1.2099999999999998e-07,"hsa-mir-506,hsa-mir-124-2,hsa-mir-129-1,hsa-mir-509-3,hsa-mir-137,hsa-mir-99a,hsa-mir-383,hsa-mir-124-3,hsa-mir-138-1,hsa-mir-375,hsa-mir-132,hsa-mir-215,hsa-mir-4423,hsa-mir-129-2,hsa-mir-196a-2,hsa-mir-592,hsa-mir-153-1,hsa-mir-218-2,hsa-mir-135a-1,hsa-mir-138-2,hsa-mir-196a-1,hsa-mir-582,hsa-let-7c,hsa-mir-217,hsa-mir-148a,hsa-mir-153-2,hsa-mir-149,hsa-mir-212,hsa-mir-1258,hsa-mir-31,hsa-mir-124-1,hsa-mir-218-1,hsa-mir-346"
Disease,"Carcinoma, Lung. Non-Small-Cell",33,0.15068493,2.74710221,1.14e-09,4.7e-07,1.93e-07,"hsa-mir-124-2,hsa-mir-193b,hsa-mir-129-1,hsa-mir-509-3,hsa-mir-137,hsa-mir-99a,hsa-mir-365a,hsa-mir-124-3,hsa-mir-138-1,hsa-mir-375,hsa-mir-132,hsa-mir-135b,hsa-mir-129-2,hsa-mir-196a-2,hsa-mir-592,hsa-mir-195,hsa-mir-153-1,hsa-mir-218-2,hsa-mir-509-2,hsa-mir-135a-1,hsa-mir-365b,hsa-mir-138-2,hsa-mir-196a-1,hsa-mir-483,hsa-let-7c,hsa-mir-148a,hsa-mir-153-2,hsa-mir-149,hsa-mir-212,hsa-mir-509-1,hsa-mir-31,hsa-mir-124-1,hsa-mir-218-1"
Disease,"Carcinoma, Ovarian",27,0.13917526,2.53727201,5.57e-07,0.00022999999999999998,4.13e-05,"hsa-mir-506,hsa-mir-193b,hsa-mir-129-1,hsa-mir-509-3,hsa-mir-137,hsa-mir-99a,hsa-mir-383,hsa-mir-138-1,hsa-mir-132,hsa-mir-873,hsa-mir-135b,hsa-mir-129-2,hsa-mir-196a-2,hsa-mir-195,hsa-mir-153-1,hsa-mir-509-2,hsa-mir-135a-1,hsa-mir-138-2,hsa-mir-196a-1,hsa-mir-483,hsa-mir-551b,hsa-mir-148a,hsa-mir-153-2,hsa-mir-149,hsa-mir-212,hsa-mir-509-1,hsa-mir-31"
Disease,"Carcinoma, Ovarian, Serous",5,0.20833333,3.79807692,0.008029999999999999,1.0,0.1093,"hsa-mir-483,hsa-mir-508,hsa-mir-509-3,hsa-mir-509-1,hsa-mir-509-2"
Disease,"Carcinoma, Renal Cell",18,0.1512605,2.75759535,2.6899999999999997e-05,0.0111,0.00139,"hsa-mir-124-2,hsa-mir-193b,hsa-mir-509-3,hsa-mir-124-3,hsa-mir-138-1,hsa-mir-129-2,hsa-mir-196a-2,hsa-mir-195,hsa-mir-218-2,hsa-mir-509-2,hsa-mir-135a-1,hsa-mir-138-2,hsa-mir-196a-1,hsa-let-7c,hsa-mir-148a,hsa-mir-509-1,hsa-mir-124-1,hsa-mir-218-1"
Disease,Cystic Fibrosis,4,0.25,4.55769231,0.00911,1.0,0.1125,"hsa-mir-509-3,hsa-mir-509-1,hsa-mir-509-2,hsa-mir-31"
Disease,Medulloepithelioma,4,0.5,9.11538462,0.00049,0.2023,0.0153,"hsa-mir-509-2,hsa-mir-509-3,hsa-mir-509-1,hsa-mir-217"
Disease,"Diabetes Mellitus, Gestational",3,0.13043478,2.37792642,0.1275,1.0,0.7197,"hsa-mir-148a,hsa-mir-508,hsa-mir-137"
Disease,Glioma,32,0.15384615,2.80473373,1.4000000000000001e-09,5.77e-07,2.07e-07,"hsa-mir-506,hsa-mir-124-2,hsa-mir-193b,hsa-mir-137,hsa-mir-365a,hsa-mir-124-3,hsa-mir-383,hsa-mir-138-1,hsa-mir-132,hsa-mir-873,hsa-mir-135b,hsa-mir-215,hsa-mir-181c,hsa-mir-129-2,hsa-mir-196a-2,hsa-mir-592,hsa-mir-195,hsa-mir-508,hsa-mir-153-1,hsa-mir-218-2,hsa-mir-135a-1,hsa-mir-365b,hsa-mir-138-2,hsa-mir-504,hsa-mir-196a-1,hsa-mir-455,hsa-mir-148a,hsa-mir-153-2,hsa-mir-149,hsa-mir-31,hsa-mir-124-1,hsa-mir-218-1"
Disease,Melanoma,15,0.11363636,2.07167832,0.00351,1.0,0.0563,"hsa-mir-506,hsa-mir-124-2,hsa-mir-193b,hsa-mir-137,hsa-mir-124-3,hsa-mir-375,hsa-mir-507,hsa-mir-196a-2,hsa-mir-508,hsa-mir-218-2,hsa-mir-196a-1,hsa-mir-455,hsa-let-7c,hsa-mir-124-1,hsa-mir-218-1"
Disease,"Adenocarcinoma, Pancreatic Ductal",20,0.28169014,5.13542795,8.73e-11,3.61e-08,3.4500000000000005e-08,"hsa-mir-483,hsa-mir-506,hsa-mir-217,hsa-mir-148a,hsa-mir-124-2,hsa-mir-153-2,hsa-mir-212,hsa-mir-153-1,hsa-mir-218-2,hsa-mir-31,hsa-mir-124-1,hsa-mir-135a-1,hsa-mir-138-2,hsa-mir-196a-2,hsa-mir-218-1,hsa-mir-196a-1,hsa-mir-99a,hsa-mir-124-3,hsa-mir-138-1,hsa-mir-375"
Disease,Allergy,5,0.23809524,4.34065934,0.004370000000000001,1.0,0.0655,"hsa-mir-124-2,hsa-mir-124-1,hsa-mir-31,hsa-mir-124-3,hsa-mir-375"
Disease,Alzheimer's Disease,17,0.17,3.09923077,9.42e-06,0.00389,0.000588,"hsa-mir-124-2,hsa-mir-193b,hsa-mir-137,hsa-mir-124-3,hsa-mir-138-1,hsa-mir-375,hsa-mir-132,hsa-mir-181c,hsa-mir-195,hsa-mir-153-1,hsa-mir-135a-1,hsa-mir-138-2,hsa-mir-483,hsa-mir-153-2,hsa-mir-212,hsa-mir-31,hsa-mir-124-1"
Disease,Aortic Stenosis,3,0.12,2.18769231,0.1535,1.0,0.8342,"hsa-mir-148a,hsa-mir-31,hsa-mir-195"
Disease,Autoimmune Diseases [unspecific],2,0.05555556,1.01282051,0.5986,1.0,1.0,"hsa-mir-149,hsa-mir-31"
Disease,Breast Neoplasms,18,0.12162162,2.21725572,0.00053,0.21899999999999997,0.0153,"hsa-mir-124-2,hsa-mir-193b,hsa-mir-383,hsa-mir-124-3,hsa-mir-132,hsa-mir-135b,hsa-mir-215,hsa-mir-129-2,hsa-mir-196a-2,hsa-mir-195,hsa-mir-153-1,hsa-mir-218-2,hsa-mir-196a-1,hsa-mir-153-2,hsa-mir-149,hsa-mir-31,hsa-mir-124-1,hsa-mir-218-1"
Disease,"Carcinoma, Bladder",17,0.14166667,2.58269231,0.00011599999999999999,0.0478,0.0049,"hsa-mir-124-2,hsa-mir-137,hsa-mir-99a,hsa-mir-124-3,hsa-mir-138-1,hsa-mir-375,hsa-mir-196a-2,hsa-mir-195,hsa-mir-218-2,hsa-mir-135a-1,hsa-mir-138-2,hsa-mir-196a-1,hsa-let-7c,hsa-mir-148a,hsa-mir-31,hsa-mir-124-1,hsa-mir-218-1"
Disease,"Carcinoma, Cervical",24,0.17391304,3.17056856,3.7999999999999996e-08,1.57e-05,4.09e-06,"hsa-mir-506,hsa-mir-124-2,hsa-mir-129-1,hsa-mir-99a,hsa-mir-124-3,hsa-mir-138-1,hsa-mir-375,hsa-mir-132,hsa-mir-135b,hsa-mir-215,hsa-mir-181c,hsa-mir-129-2,hsa-mir-196a-2,hsa-mir-195,hsa-mir-218-2,hsa-mir-135a-1,hsa-mir-138-2,hsa-mir-196a-1,hsa-mir-148a,hsa-mir-212,hsa-mir-31,hsa-mir-124-1,hsa-mir-218-1,hsa-mir-346"
Disease,"Carcinoma, Endometrial",6,0.10344828,1.88594164,0.0922,1.0,0.6391,"hsa-mir-135b,hsa-let-7c,hsa-mir-218-2,hsa-mir-31,hsa-mir-196a-2,hsa-mir-218-1"
Disease,"Carcinoma, Esophageal",14,0.21212121,3.86713287,4.61e-06,0.0019100000000000002,0.000304,"hsa-mir-483,hsa-mir-506,hsa-mir-217,hsa-mir-181c,hsa-mir-193b,hsa-mir-212,hsa-mir-218-2,hsa-mir-31,hsa-mir-138-2,hsa-mir-196a-2,hsa-mir-218-1,hsa-mir-196a-1,hsa-mir-138-1,hsa-mir-375"
Disease,"Carcinoma, Laryngeal",6,0.0952381,1.73626374,0.1252,1.0,0.7096,"hsa-mir-193b,hsa-mir-31,hsa-mir-196a-2,hsa-mir-196a-1,hsa-mir-195,hsa-mir-375"
Disease,"Carcinoma, Nasopharyngeal",13,0.11403509,2.07894737,0.00663,1.0,0.0947,"hsa-mir-506,hsa-mir-124-2,hsa-mir-124-3,hsa-mir-138-1,hsa-mir-195,hsa-mir-138-2,hsa-mir-504,hsa-mir-483,hsa-let-7c,hsa-mir-148a,hsa-mir-31,hsa-mir-124-1,hsa-mir-346"
Disease,"Carcinoma, Oral",10,0.27027027,4.92723493,1.32e-05,0.0054600000000000004,0.000784,"hsa-mir-135b,hsa-mir-124-2,hsa-mir-181c,hsa-mir-31,hsa-mir-124-1,hsa-mir-138-2,hsa-mir-196a-2,hsa-mir-196a-1,hsa-mir-124-3,hsa-mir-138-1"
Disease,"Carcinoma, Periampullary",4,0.8,14.58461538,3.97e-05,0.0164,0.00196,"hsa-mir-196a-2,hsa-mir-31,hsa-mir-196a-1,hsa-mir-375"
Disease,"Carcinoma, Prostate",29,0.11284047,2.05716851,1.76e-05,0.00728,0.000995,"hsa-mir-124-2,hsa-mir-193b,hsa-mir-129-1,hsa-mir-99a,hsa-mir-124-3,hsa-mir-138-1,hsa-mir-375,hsa-mir-383,hsa-mir-132,hsa-mir-135b,hsa-mir-181c,hsa-mir-129-2,hsa-mir-196a-2,hsa-mir-195,hsa-mir-513c,hsa-mir-218-2,hsa-mir-135a-1,hsa-mir-138-2,hsa-mir-455,hsa-mir-483,hsa-mir-582,hsa-let-7c,hsa-mir-148a,hsa-mir-149,hsa-mir-212,hsa-mir-31,hsa-mir-124-1,hsa-mir-218-1,hsa-mir-1247"
Disease,"Carcinoma, Rectal",6,0.125,2.27884615,0.0429,1.0,0.3532,"hsa-mir-135b,hsa-mir-31,hsa-mir-135a-1,hsa-mir-196a-2,hsa-mir-196a-1,hsa-mir-195"
Disease,"Carcinoma, Thyroid, Papillary",4,0.07142857,1.3021978,0.3693,1.0,1.0,"hsa-mir-135b,hsa-mir-31,hsa-mir-99a,hsa-mir-375"
Disease,Celiac Disease,2,0.2,3.64615385,0.1003,1.0,0.6833,"hsa-mir-551b,hsa-mir-31"
Disease,Chordoma,3,0.21428571,3.90659341,0.0371,1.0,0.336,"hsa-mir-148a,hsa-mir-149,hsa-mir-31"
Disease,Choriocarcinoma,9,0.15,2.73461538,0.00405,1.0,0.0624,"hsa-mir-215,hsa-mir-193b,hsa-mir-218-2,hsa-mir-31,hsa-mir-135a-1,hsa-mir-196a-2,hsa-mir-218-1,hsa-mir-196a-1,hsa-mir-195"
Disease,Colitis,3,0.25,4.55769231,0.0243,1.0,0.2418,"hsa-mir-138-1,hsa-mir-138-2,hsa-mir-31"
Disease,"Colitis, Ulcerative",6,0.23076923,4.20710059,0.00209,0.8626,0.0458,"hsa-mir-124-2,hsa-mir-31,hsa-mir-124-1,hsa-mir-196a-2,hsa-mir-195,hsa-mir-124-3"
Disease,Coronary Heart Diseases,3,0.05357143,0.97664835,0.6048,1.0,1.0,"hsa-mir-149,hsa-mir-31,hsa-mir-196a-2"
Disease,Crohn Disease,8,0.24242424,4.41958042,0.00024700000000000004,0.1021,0.00861,"hsa-mir-124-2,hsa-mir-149,hsa-mir-31,hsa-mir-124-1,hsa-mir-196a-2,hsa-mir-196a-1,hsa-mir-99a,hsa-mir-124-3"
Disease,Diabetic Foot,1,0.33333333,6.07692308,0.1558,1.0,0.8431,hsa-mir-31
Disease,Endometrial Stromal Sarcoma,1,0.33333333,6.07692308,0.1558,1.0,0.8431,hsa-mir-31
Disease,Ewing's Sarcoma,1,0.08333333,1.51923077,0.4935,1.0,1.0,hsa-mir-31
Disease,Gastrointestinal Neoplasms,14,0.17073171,3.11257036,6.59e-05,0.0272,0.00312,"hsa-mir-148a,hsa-mir-181c,hsa-mir-212,hsa-mir-218-2,hsa-mir-129-1,hsa-mir-31,hsa-mir-129-2,hsa-mir-196a-2,hsa-mir-218-1,hsa-mir-137,hsa-mir-196a-1,hsa-mir-195,hsa-mir-375,hsa-mir-132"
Disease,Glioblastoma,26,0.15384615,2.80473373,1.2e-07,4.96e-05,1.09e-05,"hsa-mir-506,hsa-mir-124-2,hsa-mir-193b,hsa-mir-129-1,hsa-mir-137,hsa-mir-124-3,hsa-mir-873,hsa-mir-135b,hsa-mir-181c,hsa-mir-129-2,hsa-mir-195,hsa-mir-513c,hsa-mir-153-1,hsa-mir-218-2,hsa-mir-504,hsa-mir-431,hsa-mir-455,hsa-let-7c,hsa-mir-148a,hsa-mir-153-2,hsa-mir-149,hsa-mir-212,hsa-mir-31,hsa-mir-124-1,hsa-mir-218-1,hsa-mir-1247"
Disease,Hepatitis B Virus Infection,11,0.16417910000000002,2.99311137,0.000647,0.2671,0.017,"hsa-mir-215,hsa-let-7c,hsa-mir-124-2,hsa-mir-149,hsa-mir-218-2,hsa-mir-31,hsa-mir-124-1,hsa-mir-196a-2,hsa-mir-218-1,hsa-mir-99a,hsa-mir-124-3"
Disease,Hypertension,3,0.07692308,1.40236686,0.3623,1.0,1.0,"hsa-mir-135b,hsa-mir-31,hsa-mir-196a-2"
Disease,Inflammatory Bowel Diseases,8,0.25,4.55769231,0.000196,0.0808,0.00725,"hsa-mir-124-2,hsa-mir-129-1,hsa-mir-31,hsa-mir-129-2,hsa-mir-124-1,hsa-mir-346,hsa-mir-124-3,hsa-mir-132"
Disease,Kawasaki's Syndrome,2,0.33333333,6.07692308,0.0385,1.0,0.3381,"hsa-mir-483,hsa-mir-31"
Disease,"Leukemia, Lymphocytic, Chronic",3,0.07317073,1.33395872,0.3931,1.0,1.0,"hsa-mir-212,hsa-mir-132,hsa-mir-31"
Disease,Liver Neoplasms,2,0.08,1.45846154,0.4031,1.0,1.0,"hsa-mir-31,hsa-mir-375"
Disease,Lung Neoplasms,15,0.13636364,2.48601399,0.0005,0.2065,0.0148,"hsa-mir-124-2,hsa-mir-124-3,hsa-mir-375,hsa-mir-132,hsa-mir-181c,hsa-mir-129-2,hsa-mir-196a-2,hsa-mir-218-2,hsa-mir-196a-1,hsa-let-7c,hsa-mir-212,hsa-mir-1258,hsa-mir-31,hsa-mir-124-1,hsa-mir-218-1"
Disease,Lymphoma,3,0.05,0.91153846,0.6528,1.0,1.0,"hsa-mir-212,hsa-mir-31,hsa-mir-504"
Disease,"Lymphoma, Follicular",1,0.25,4.55769231,0.2022,1.0,0.9822,hsa-mir-31
Disease,Medulloblastoma,7,0.23333333,4.25384615,0.000805,0.3325,0.0207,"hsa-mir-135b,hsa-mir-124-2,hsa-mir-31,hsa-mir-124-1,hsa-mir-135a-1,hsa-mir-431,hsa-mir-124-3"
Disease,Mesothelioma,2,0.18181818,3.31468531,0.1184,1.0,0.6846,"hsa-mir-31,hsa-mir-132"
Disease,Myocardial Infarction,5,0.09615385,1.75295858,0.1509,1.0,0.8242,"hsa-mir-149,hsa-mir-218-2,hsa-mir-31,hsa-mir-196a-2,hsa-mir-218-1"
Disease,Necrotizing Enterocolitis,2,0.18181818,3.31468531,0.1184,1.0,0.6846,"hsa-mir-431,hsa-mir-31"
Disease,Oral Leukoplakia,3,0.25,4.55769231,0.0243,1.0,0.2418,"hsa-mir-129-2,hsa-mir-129-1,hsa-mir-31"
Disease,Ovarian Neoplasms,10,0.09433962,1.71988389,0.0571,1.0,0.4397,"hsa-mir-99a,hsa-mir-383,hsa-mir-135b,hsa-mir-215,hsa-mir-153-1,hsa-mir-218-2,hsa-let-7c,hsa-mir-153-2,hsa-mir-31,hsa-mir-218-1"
Disease,Peritoneal Dialysis Failure,6,0.19354839,3.52853598,0.005370000000000001,1.0,0.0796,"hsa-mir-148a,hsa-mir-193b,hsa-mir-129-1,hsa-mir-31,hsa-mir-129-2,hsa-mir-132"
Disease,Pleural Mesothelioma,1,0.03125,0.56971154,0.8396,1.0,1.0,hsa-mir-31
Disease,Psoriasis,6,0.18181818,3.31468531,0.007409999999999999,1.0,0.1021,"hsa-mir-217,hsa-mir-193b,hsa-mir-31,hsa-mir-138-2,hsa-mir-99a,hsa-mir-138-1"
Disease,Respiratory Syncytial Virus Pneumonia,1,0.05555556,1.01282051,0.6405,1.0,1.0,hsa-mir-31
Disease,Retinal Neovascularization,1,0.14285714,2.6043956,0.3269,1.0,1.0,hsa-mir-31
Disease,Retinoblastoma,8,0.17777778,3.24102564,0.0022600000000000003,0.9329999999999999,0.0478,"hsa-mir-215,hsa-let-7c,hsa-mir-124-2,hsa-mir-218-2,hsa-mir-31,hsa-mir-124-1,hsa-mir-218-1,hsa-mir-124-3"
Disease,Sepsis,7,0.20588235,3.75339367,0.0017800000000000001,0.7368,0.0415,"hsa-mir-124-2,hsa-mir-31,hsa-mir-124-1,hsa-mir-135a-1,hsa-mir-466,hsa-mir-124-3,hsa-mir-375"
Disease,"Squamous Cell Carcinoma, Oral",13,0.15662651,2.85542169,0.00031600000000000004,0.1305,0.0101,"hsa-mir-124-2,hsa-mir-218-2,hsa-mir-31,hsa-mir-124-1,hsa-mir-138-2,hsa-mir-196a-2,hsa-mir-218-1,hsa-mir-196a-1,hsa-mir-455,hsa-mir-99a,hsa-mir-124-3,hsa-mir-138-1,hsa-mir-375"
Disease,"Squamous Cell Carcinoma, Skin or Unspecific",9,0.5,9.11538462,8.5e-08,3.5100000000000006e-05,8.4e-06,"hsa-mir-148a,hsa-mir-124-2,hsa-mir-124-1,hsa-mir-193b,hsa-mir-135b,hsa-mir-124-3,hsa-mir-365a,hsa-mir-365b,hsa-mir-31"
Disease,Systemic Lupus Erythematosus,5,0.09090909,1.65734266,0.1785,1.0,0.8888,"hsa-mir-148a,hsa-mir-181c,hsa-mir-31,hsa-mir-196a-2,hsa-mir-196a-1"
Disease,"Tuberculosis, Pulmonary",7,0.26923077,4.90828402,0.00031,0.1281,0.0102,"hsa-mir-124-2,hsa-mir-149,hsa-mir-31,hsa-mir-124-1,hsa-mir-196a-2,hsa-mir-196a-1,hsa-mir-124-3"
Disease,Uterine Leiomyosarcoma,1,0.5,9.11538462,0.1067,1.0,0.7066,hsa-mir-31
Disease,Alcoholic Cardiomyopathy,3,0.375,6.83653846,0.007240000000000001,1.0,0.1021,"hsa-mir-138-1,hsa-mir-506,hsa-mir-138-2"
Disease,"Carcinoma, Renal Cell, Clear-Cell",6,0.10344828,1.88594164,0.0922,1.0,0.6391,"hsa-mir-506,hsa-mir-217,hsa-mir-124-2,hsa-mir-124-1,hsa-mir-195,hsa-mir-124-3"
Disease,"Adenocarcinoma, Esophageal",2,0.09090909,1.65734266,0.3424,1.0,1.0,"hsa-mir-193b,hsa-mir-149"
Disease,Adenovirus Infection,3,0.08333333,1.51923077,0.3158,1.0,1.0,"hsa-mir-148a,hsa-mir-193b,hsa-mir-466"
Disease,Chronic Hepatitis C,6,0.16666667,3.03846154,0.0114,1.0,0.1316,"hsa-mir-193b,hsa-mir-149,hsa-mir-196a-2,hsa-mir-431,hsa-mir-196a-1,hsa-mir-99a"
Disease,Chronic Kidney Disease,2,0.0625,1.13942308,0.5332,1.0,1.0,"hsa-mir-217,hsa-mir-193b"
Disease,Head And Neck Neoplasms,3,0.08333333,1.51923077,0.3158,1.0,1.0,"hsa-let-7c,hsa-mir-193b,hsa-mir-455"
Disease,Leukemia,8,0.11940299,2.17680827,0.0259,1.0,0.2496,"hsa-mir-217,hsa-mir-181c,hsa-mir-193b,hsa-mir-365b,hsa-mir-138-2,hsa-mir-195,hsa-mir-365a,hsa-mir-138-1"
Disease,"Leukemia, Lymphoblastic, Acute, T-Cell",1,0.08333333,1.51923077,0.4935,1.0,1.0,hsa-mir-193b
Disease,Liver Cirrhosis,1,0.01754386,0.31983806,0.963,1.0,1.0,hsa-mir-193b
Disease,Metabolic Syndrome,1,0.11111111,2.02564103,0.3992,1.0,1.0,hsa-mir-193b
Disease,Polycystic Kidney Disease,1,0.07142857,1.3021978,0.5481,1.0,1.0,hsa-mir-193b
Disease,Polycystic Ovarian Syndrome,4,0.13793103,2.51458886,0.0696,1.0,0.5125,"hsa-mir-483,hsa-mir-193b,hsa-mir-592,hsa-mir-375"
Disease,Prediabetes,1,0.14285714,2.6043956,0.3269,1.0,1.0,hsa-mir-193b
Disease,Prostate Neoplasms,5,0.06666667,1.21538462,0.3943,1.0,1.0,"hsa-mir-135b,hsa-mir-148a,hsa-mir-193b,hsa-mir-99a,hsa-mir-132"
Disease,Pulmonary Hypertension,6,0.16666667,3.03846154,0.0114,1.0,0.1316,"hsa-mir-124-2,hsa-mir-193b,hsa-mir-124-1,hsa-mir-138-2,hsa-mir-124-3,hsa-mir-138-1"
Disease,"Squamous Cell Carcinoma, Head and Neck",7,0.14583333,2.65865385,0.0132,1.0,0.1477,"hsa-mir-582,hsa-mir-193b,hsa-mir-138-2,hsa-mir-196a-2,hsa-mir-196a-1,hsa-mir-138-1,hsa-mir-375"
Disease,"Adenocarcinoma, Gastric",3,0.07894737,1.43927126,0.3468,1.0,1.0,"hsa-mir-483,hsa-let-7c,hsa-mir-455"
Disease,Alcoholic Hepatitis,1,0.1,1.82307692,0.4324,1.0,1.0,hsa-mir-483
Disease,Atrial Fibrillation,7,0.11666667,2.12692308,0.040999999999999995,1.0,0.3399,"hsa-mir-215,hsa-mir-483,hsa-mir-124-2,hsa-mir-124-1,hsa-mir-196a-2,hsa-mir-466,hsa-mir-124-3"
Disease,"Carcinoma, Adrenocortical",4,0.13333333,2.43076923,0.0771,1.0,0.5643,"hsa-mir-483,hsa-mir-195,hsa-mir-375,hsa-mir-132"
Disease,"Cardiomyopathy, Ischemic",1,0.05263158,0.95951417,0.6605,1.0,1.0,hsa-mir-483
Disease,Cholangiocarcinoma,2,0.05714286,1.04175824,0.5829,1.0,1.0,"hsa-mir-483,hsa-mir-181c"
Disease,Essential Hypertension,2,0.10526316,1.91902834,0.2801,1.0,1.0,"hsa-mir-483,hsa-let-7c"
Disease,Immune Thrombocytopenic Purpura,1,0.07692308,1.40236686,0.5216,1.0,1.0,hsa-mir-483
Disease,Intrahepatic Cholangiocarcinoma,2,0.09090909,1.65734266,0.3424,1.0,1.0,"hsa-mir-483,hsa-mir-195"
Disease,"Leukemia, Myeloid, Chronic",2,0.02985075,0.54420207,0.8953,1.0,1.0,"hsa-mir-483,hsa-let-7c"
Disease,Obesity,4,0.07843137,1.42986425,0.3048,1.0,1.0,"hsa-mir-483,hsa-mir-148a,hsa-mir-138-2,hsa-mir-138-1"
Disease,Osteoarthritis,5,0.12195122,2.22326454,0.0688,1.0,0.5131,"hsa-mir-483,hsa-mir-148a,hsa-mir-181c,hsa-mir-365b,hsa-mir-365a"
Disease,Osteoporosis,2,0.22222222,4.05128205,0.0831,1.0,0.5935,"hsa-mir-148a,hsa-mir-483"
Disease,"Squamous Cell Carcinoma, Tongue",4,0.14814815,2.7008547000000003,0.0558,1.0,0.4353,"hsa-mir-483,hsa-mir-137,hsa-mir-195,hsa-mir-375"
Disease,Vascular Diseases [unspecific],2,0.07407407,1.35042735,0.4421,1.0,1.0,"hsa-mir-483,hsa-mir-196a-2"
Disease,Endometrial Neoplasms,2,0.16666667,3.03846154,0.1373,1.0,0.7636,"hsa-mir-153-2,hsa-mir-153-1"
Disease,Lung Fibrosis,3,0.13636364,2.48601399,0.1152,1.0,0.6726,"hsa-mir-153-2,hsa-mir-149,hsa-mir-153-1"
Disease,Neuroblastoma,7,0.11864407,2.16297262,0.0379,1.0,0.3372,"hsa-mir-153-2,hsa-mir-181c,hsa-mir-212,hsa-mir-153-1,hsa-mir-137,hsa-mir-375,hsa-mir-132"
Disease,Parkinson's Disease,6,0.14634146,2.66791745,0.0213,1.0,0.2154,"hsa-mir-153-2,hsa-mir-153-1,hsa-mir-129-1,hsa-mir-129-2,hsa-mir-195,hsa-mir-132"
Disease,Azoospermia,1,0.09090909,1.65734266,0.4638,1.0,1.0,hsa-mir-383
Disease,Brain Neoplasms,4,0.16666667,3.03846154,0.0382,1.0,0.3381,"hsa-mir-181c,hsa-mir-129-1,hsa-mir-129-2,hsa-mir-383"
Disease,"Carcinoma, Embryonal",1,0.5,9.11538462,0.1067,1.0,0.7066,hsa-mir-383
Disease,"Carcinoma, Skin",2,0.25,4.55769231,0.067,1.0,0.5088,"hsa-mir-148a,hsa-mir-383"
Disease,"Cardiomyopathy, Hypertrophic",3,0.05454545,0.99440559,0.5922,1.0,1.0,"hsa-mir-195,hsa-mir-99a,hsa-mir-383"
Disease,"Diabetes Mellitus, Type 2",16,0.10884354,1.98430141,0.00395,1.0,0.0616,"hsa-mir-124-2,hsa-mir-124-3,hsa-mir-383,hsa-mir-138-1,hsa-mir-375,hsa-mir-132,hsa-mir-196a-2,hsa-mir-195,hsa-mir-138-2,hsa-mir-196a-1,hsa-mir-455,hsa-let-7c,hsa-mir-217,hsa-mir-148a,hsa-mir-212,hsa-mir-124-1"
Disease,Pituitary Adenoma,1,0.05263158,0.95951417,0.6605,1.0,1.0,hsa-mir-383
Disease,Spinal Cord Injuries,1,0.07692308,1.40236686,0.5216,1.0,1.0,hsa-mir-383
Disease,Vasculitis,1,0.125,2.27884615,0.3641,1.0,1.0,hsa-mir-383
Disease,"Adenocarcinoma, Cervical",1,0.2,3.64615385,0.2461,1.0,1.0,hsa-mir-135b
Disease,"Adenocarcinoma, Colon",1,0.04347826,0.79264214,0.7302,1.0,1.0,hsa-mir-135b
Disease,"Adenocarcinoma, Gastric-Esophageal Junction",3,0.2,3.64615385,0.0446,1.0,0.3649,"hsa-mir-196a-1,hsa-mir-135b,hsa-mir-196a-2"
Disease,Atherosclerosis,6,0.06315789,1.151417,0.4231,1.0,1.0,"hsa-mir-99a,hsa-mir-365a,hsa-mir-132,hsa-mir-135b,hsa-mir-365b,hsa-mir-431"
Disease,Colon Neoplasms,8,0.1038961,1.89410589,0.0539,1.0,0.4227,"hsa-mir-135b,hsa-mir-582,hsa-let-7c,hsa-mir-148a,hsa-mir-365b,hsa-mir-137,hsa-mir-365a,hsa-mir-132"
Disease,Enterovirus Infection,1,0.14285714,2.6043956,0.3269,1.0,1.0,hsa-mir-135b
Disease,"Lymphoma, Large-Cell, Anaplastic",1,0.08333333,1.51923077,0.4935,1.0,1.0,hsa-mir-135b
Disease,Barrett's Esophagus,3,0.27272727,4.97202797,0.0189,1.0,0.1935,"hsa-mir-196a-1,hsa-mir-215,hsa-mir-196a-2"
Disease,"Carcinoma, Head And Neck",4,0.30769231,5.60946746,0.00406,1.0,0.0616,"hsa-mir-196a-1,hsa-mir-149,hsa-mir-375,hsa-mir-196a-2"
Disease,"Cardiomyopathy, Dilated",2,0.5,9.11538462,0.0166,1.0,0.1751,"hsa-mir-196a-2,hsa-mir-196a-1"
Disease,Cervical Dysplasia,2,0.33333333,6.07692308,0.0385,1.0,0.3381,"hsa-mir-196a-1,hsa-mir-196a-2"
Disease,Diabetes Mellitus,5,0.06756757,1.23180873,0.3829,1.0,1.0,"hsa-mir-181c,hsa-mir-149,hsa-mir-196a-2,hsa-mir-196a-1,hsa-mir-375"
Disease,Focal Segmental Glomerulosclerosis,2,0.11764706,2.14479638,0.2383,1.0,1.0,"hsa-mir-196a-1,hsa-mir-196a-2"
Disease,Human Immunodeficiency Virus Infection,6,0.12765957,2.32733224,0.0392,1.0,0.3272,"hsa-let-7c,hsa-mir-124-2,hsa-mir-124-1,hsa-mir-196a-2,hsa-mir-196a-1,hsa-mir-124-3"
Disease,Human Papilloma Virus Infection,2,0.05882353,1.07239819,0.5668,1.0,1.0,"hsa-mir-196a-2,hsa-mir-196a-1"
Disease,Huntington's Disease,2,0.33333333,6.07692308,0.0385,1.0,0.3381,"hsa-mir-196a-1,hsa-mir-196a-2"
Disease,"Lymphoma, Hodgkin",1,0.04545455,0.82867133,0.7142,1.0,1.0,hsa-mir-196a-1
Disease,"Lymphoma, Non-Hodgkin",2,0.33333333,6.07692308,0.0385,1.0,0.3381,"hsa-mir-196a-1,hsa-mir-196a-2"
Disease,Neuroendocrine Tumors,2,0.33333333,6.07692308,0.0385,1.0,0.3381,"hsa-mir-196a-1,hsa-mir-196a-2"
Disease,Pancreatic Neoplasms,6,0.09375,1.70913462,0.1324,1.0,0.7399,"hsa-let-7c,hsa-mir-217,hsa-mir-148a,hsa-mir-196a-2,hsa-mir-196a-1,hsa-mir-132"
Disease,Renal Fibrosis,2,0.16666667,3.03846154,0.1373,1.0,0.7636,"hsa-mir-196a-1,hsa-mir-196a-2"
Disease,"Scleroderma, Localized",2,0.66666667,12.15384615,0.008579999999999999,1.0,0.1155,"hsa-mir-196a-2,hsa-mir-196a-1"
Disease,"Stroke, Ischemic",6,0.17647059,3.21719457,0.00861,1.0,0.1075,"hsa-mir-124-2,hsa-mir-149,hsa-mir-124-1,hsa-mir-196a-2,hsa-mir-196a-1,hsa-mir-124-3"
Disease,Heart Diseases [unspecific],3,0.07894737,1.43927126,0.3468,1.0,1.0,"hsa-mir-873,hsa-mir-513a-2,hsa-mir-513a-1"
Disease,"Muscular Dystrophy, Facioscapulohumeral",1,0.05555556,1.01282051,0.6405,1.0,1.0,hsa-mir-582
Disease,Tuberculosis,1,0.07692308,1.40236686,0.5216,1.0,1.0,hsa-mir-582
Disease,Craniofacial Abnormalities,1,0.5,9.11538462,0.1067,1.0,0.7066,hsa-mir-873
Disease,Ectopic Pregnancy,1,0.07692308,1.40236686,0.5216,1.0,1.0,hsa-mir-873
Disease,HIV-Associated Lipodystrophy,6,0.21428571,3.90659341,0.00313,1.0,0.0508,"hsa-mir-149,hsa-mir-218-2,hsa-mir-365b,hsa-mir-218-1,hsa-mir-346,hsa-mir-365a"
Disease,Heart Failure,14,0.11666667,2.12692308,0.0038299999999999996,1.0,0.0605,"hsa-mir-129-1,hsa-mir-365a,hsa-mir-375,hsa-mir-132,hsa-mir-181c,hsa-mir-129-2,hsa-mir-195,hsa-mir-218-2,hsa-mir-135a-1,hsa-mir-365b,hsa-let-7c,hsa-mir-148a,hsa-mir-212,hsa-mir-218-1"
Disease,Mesial Temporal Lobe Epilepsy,7,0.38888889,7.08974359,2.13e-05,0.00881,0.00115,"hsa-mir-218-1,hsa-mir-124-2,hsa-mir-124-1,hsa-mir-365a,hsa-mir-124-3,hsa-mir-218-2,hsa-mir-132"
Disease,Schizophrenia,7,0.13207547,2.40783745,0.0222,1.0,0.2232,"hsa-mir-212,hsa-mir-365b,hsa-mir-137,hsa-mir-195,hsa-mir-346,hsa-mir-365a,hsa-mir-132"
Disease,Allergic Rhinitis,2,0.0952381,1.73626374,0.3217,1.0,1.0,"hsa-mir-149,hsa-mir-196a-2"
Disease,Asthma,3,0.07317073,1.33395872,0.3931,1.0,1.0,"hsa-mir-148a,hsa-mir-149,hsa-mir-196a-2"
Disease,Behcet's Disease,1,0.14285714,2.6043956,0.3269,1.0,1.0,hsa-mir-196a-2
Disease,Chronic Hepatitis B,4,0.125,2.27884615,0.0933,1.0,0.6393,"hsa-mir-124-2,hsa-mir-124-1,hsa-mir-196a-2,hsa-mir-124-3"
Disease,Chronic Obstructive Pulmonary Disease,5,0.17857143,3.25549451,0.0156,1.0,0.1701,"hsa-mir-149,hsa-mir-218-2,hsa-mir-196a-2,hsa-mir-218-1,hsa-mir-132"
Disease,Congenital Heart Diseases,2,0.09090909,1.65734266,0.3424,1.0,1.0,"hsa-mir-196a-2,hsa-mir-195"
Disease,Habitual Abortion,2,0.14285714,2.6043956,0.1766,1.0,0.8868,"hsa-mir-149,hsa-mir-196a-2"
Disease,"Leukemia, Lymphoblastic, Acute",6,0.25,4.55769231,0.00133,0.5502,0.0336,"hsa-mir-124-2,hsa-mir-149,hsa-mir-124-1,hsa-mir-196a-2,hsa-mir-99a,hsa-mir-124-3"
Disease,Ossification of Posterior Longitudinal Ligament,2,0.4,7.29230769,0.0266,1.0,0.2543,"hsa-mir-196a-2,hsa-mir-149"
Disease,Vitiligo,1,0.5,9.11538462,0.1067,1.0,0.7066,hsa-mir-196a-2
Disease,Acute Myocardial Infarction,4,0.08695652,1.58528428,0.242,1.0,1.0,"hsa-mir-124-2,hsa-mir-124-1,hsa-mir-99a,hsa-mir-124-3"
Disease,Ankylosing Spondylitis,3,0.33333333,6.07692308,0.0104,1.0,0.1262,"hsa-mir-124-2,hsa-mir-124-1,hsa-mir-124-3"
Disease,Astrocytoma,4,0.23529412,4.28959276,0.0114,1.0,0.1355,"hsa-mir-124-2,hsa-mir-137,hsa-mir-124-1,hsa-mir-124-3"
Disease,Cocaine Abuse,4,0.57142857,10.41758242,0.00025499999999999996,0.1055,0.00865,"hsa-mir-124-2,hsa-mir-124-1,hsa-mir-124-3,hsa-mir-212"
Disease,Depression Disorder,5,0.2173913,3.9632107000000003,0.00663,1.0,0.0958,"hsa-mir-124-2,hsa-mir-181c,hsa-mir-124-1,hsa-mir-135a-1,hsa-mir-124-3"
Disease,Diabetic Nephropathy,6,0.25,4.55769231,0.00133,0.5502,0.0336,"hsa-mir-124-2,hsa-mir-218-2,hsa-mir-124-1,hsa-mir-135a-1,hsa-mir-218-1,hsa-mir-124-3"
Disease,Epilepsy,5,0.18518519,3.37606838,0.0134,1.0,0.1485,"hsa-mir-124-2,hsa-mir-181c,hsa-mir-124-1,hsa-mir-124-3,hsa-mir-132"
Disease,Hematologic Neoplasms,5,0.14705882,2.68099548,0.0343,1.0,0.3154,"hsa-mir-148a,hsa-mir-124-2,hsa-mir-149,hsa-mir-124-1,hsa-mir-124-3"
Disease,Hepatitis C Virus Infection,10,0.11494253,2.09549072,0.0167,1.0,0.1749,"hsa-mir-124-2,hsa-mir-99a,hsa-mir-124-3,hsa-mir-215,hsa-mir-181c,hsa-mir-195,hsa-let-7c,hsa-mir-217,hsa-mir-148a,hsa-mir-124-1"
Disease,"Leukemia, Myeloid, Acute",9,0.07563025,1.37879767,0.1966,1.0,0.9625,"hsa-mir-124-2,hsa-mir-124-3,hsa-mir-215,hsa-mir-181c,hsa-mir-135a-1,hsa-let-7c,hsa-mir-551b,hsa-mir-149,hsa-mir-124-1"
Disease,Myelodysplastic Syndromes,3,0.10714286,1.9532967,0.1951,1.0,0.9595,"hsa-mir-124-2,hsa-mir-124-1,hsa-mir-124-3"
Disease,Neurodegenerative Diseases [unspecific],4,0.21052632,3.83805668,0.0171,1.0,0.1782,"hsa-mir-124-2,hsa-mir-124-1,hsa-mir-124-3,hsa-mir-132"
Disease,Pediatric Astrocytoma,3,0.6,10.93846154,0.00146,0.6019,0.0352,"hsa-mir-124-2,hsa-mir-124-1,hsa-mir-124-3"
Disease,Rhinosinusitis,3,0.23076923,4.20710059,0.0304,1.0,0.2832,"hsa-mir-124-2,hsa-mir-124-1,hsa-mir-124-3"
Disease,Stroke,3,0.08108108,1.47817048,0.3313,1.0,1.0,"hsa-mir-124-2,hsa-mir-124-1,hsa-mir-124-3"
Disease,"Stroke, Hemorrhagic",3,0.6,10.93846154,0.00146,0.6019,0.0352,"hsa-mir-124-2,hsa-mir-124-1,hsa-mir-124-3"
Disease,Toxic Epidermal Necrolysis,3,0.75,13.67307692,0.000607,0.2506,0.0167,"hsa-mir-124-2,hsa-mir-124-1,hsa-mir-124-3"
Disease,Acute Kidney Injury,1,0.05882353,1.07239819,0.6193,1.0,1.0,hsa-mir-217
Disease,Cardiac Myxoma,3,1.0,18.23076923,0.00015800000000000002,0.0652,0.00645,"hsa-mir-218-1,hsa-mir-218-2,hsa-mir-217"
Disease,Chronic Pancreatitis,1,0.25,4.55769231,0.2022,1.0,0.9822,hsa-mir-217
Disease,Human Cytomegalovirus Infection,3,0.33333333,6.07692308,0.0104,1.0,0.1262,"hsa-mir-218-1,hsa-mir-217,hsa-mir-218-2"
Disease,"Carcinoma, Thyroid",3,0.08333333,1.51923077,0.3158,1.0,1.0,"hsa-mir-551b,hsa-mir-148a,hsa-mir-149"
Disease,Cardiovascular Diseases [unspecific],5,0.078125,1.42427885,0.2708,1.0,1.0,"hsa-mir-148a,hsa-mir-149,hsa-mir-138-2,hsa-mir-99a,hsa-mir-138-1"
Disease,Chondrosarcoma,4,0.19047619,3.47252747,0.0244,1.0,0.2366,"hsa-mir-129-2,hsa-mir-138-1,hsa-mir-129-1,hsa-mir-138-2"
Disease,Costello Syndrome,2,0.33333333,6.07692308,0.0385,1.0,0.3381,"hsa-mir-138-1,hsa-mir-138-2"
Disease,Intervertebral Disc Degeneration,2,0.15384615,2.80473373,0.1567,1.0,0.7901,"hsa-mir-138-1,hsa-mir-138-2"
Disease,"Lymphoma, Large B-Cell, Diffuse",3,0.07894737,1.43927126,0.3468,1.0,1.0,"hsa-mir-138-2,hsa-mir-455,hsa-mir-138-1"
Disease,Nervous System Diseases [unspecific],2,0.2,3.64615385,0.1003,1.0,0.6833,"hsa-mir-138-1,hsa-mir-138-2"
Disease,"Squamous Cell Carcinoma, Cerevial",2,0.11764706,2.14479638,0.2383,1.0,1.0,"hsa-mir-138-1,hsa-mir-138-2"
Disease,"Carcinoma, Lung, Small-Cell",1,0.04761905,0.86813187,0.6973,1.0,1.0,hsa-mir-137
Disease,Gastric Neoplasms,2,0.18181818,3.31468531,0.1184,1.0,0.6846,"hsa-mir-129-2,hsa-mir-137"
Disease,Rectal Neoplasms,1,0.33333333,6.07692308,0.1558,1.0,0.8431,hsa-mir-137
Disease,Vascular Injuries,1,0.07692308,1.40236686,0.5216,1.0,1.0,hsa-mir-137
Disease,Amyotrophic Lateral Sclerosis,2,0.22222222,4.05128205,0.0831,1.0,0.5935,"hsa-mir-129-2,hsa-mir-132"
Disease,Aneurysmal Subarachnoid Hemorrhage,1,0.5,9.11538462,0.1067,1.0,0.7066,hsa-mir-132
Disease,Autism Spectrum Disorder,5,0.17857143,3.25549451,0.0156,1.0,0.1701,"hsa-mir-212,hsa-mir-129-1,hsa-mir-129-2,hsa-mir-431,hsa-mir-132"
Disease,Bipolar Disorder,1,0.125,2.27884615,0.3641,1.0,1.0,hsa-mir-132
Disease,Bladder Outlet Obstruction,2,0.14285714,2.6043956,0.1766,1.0,0.8868,"hsa-mir-212,hsa-mir-132"
Disease,Chronic Pain,1,0.2,3.64615385,0.2461,1.0,1.0,hsa-mir-132
Disease,Encephalomyelitis,1,0.25,4.55769231,0.2022,1.0,0.9822,hsa-mir-132
Disease,Influenza,1,0.03846154,0.70118343,0.773,1.0,1.0,hsa-mir-132
Disease,Mild Cognitive Impairment,1,0.09090909,1.65734266,0.4638,1.0,1.0,hsa-mir-132
Disease,Multiple Sclerosis,1,0.0212766,0.38788871,0.9332,1.0,1.0,hsa-mir-132
Disease,Muscular Dystrophy,3,0.10344828,1.88594164,0.2096,1.0,0.9896,"hsa-let-7c,hsa-mir-132,hsa-mir-195"
Disease,Pituitary Neoplasms,2,0.125,2.27884615,0.2175,1.0,1.0,"hsa-let-7c,hsa-mir-132"
Disease,Pregnancy Complications [unspecific],1,0.2,3.64615385,0.2461,1.0,1.0,hsa-mir-132
Disease,"Squamous Cell Carcinoma, Laryngeal or Hypopharyngeal",5,0.17857143,3.25549451,0.0156,1.0,0.1701,"hsa-mir-148a,hsa-mir-149,hsa-mir-504,hsa-mir-375,hsa-mir-132"
Disease,Toxoplasma gondii Infection,1,0.16666667,3.03846154,0.2877,1.0,1.0,hsa-mir-132
Disease,Varicella,1,0.2,3.64615385,0.2461,1.0,1.0,hsa-mir-132
Disease,Acute Ischemic Stroke,1,0.07142857,1.3021978,0.5481,1.0,1.0,hsa-mir-148a
Disease,Atopic Dermatitis,1,0.11111111,2.02564103,0.3992,1.0,1.0,hsa-mir-148a
Disease,Hepatoblastoma,2,0.07692308,1.40236686,0.4227,1.0,1.0,"hsa-mir-148a,hsa-mir-195"
Disease,"Leukemia, Lymphocytic, Chronic, B-Cell",3,0.08823529,1.60859729,0.2849,1.0,1.0,"hsa-mir-148a,hsa-mir-181c,hsa-mir-195"
Disease,Lupus Nephritis,1,0.07692308,1.40236686,0.5216,1.0,1.0,hsa-mir-148a
Disease,Panic Disorder,2,0.4,7.29230769,0.0266,1.0,0.2543,"hsa-mir-148a,hsa-mir-138-2"
Disease,"Carcinoma, Basal Cell",1,0.1,1.82307692,0.4324,1.0,1.0,hsa-mir-375
Disease,"Carcinoma, Merkel Cell",1,0.33333333,6.07692308,0.1558,1.0,0.8431,hsa-mir-375
Disease,"Carcinoma, Supraglottic",1,0.2,3.64615385,0.2461,1.0,1.0,hsa-mir-375
Disease,"Carcinoma, Thyroid, Follicular",1,0.11111111,2.02564103,0.3992,1.0,1.0,hsa-mir-375
Disease,"Carcinoma, Thyroid, Medullary",4,0.36363636,6.62937063,0.0020399999999999997,0.841,0.0464,"hsa-mir-129-2,hsa-mir-99a,hsa-mir-375,hsa-mir-129-1"
Disease,Gallstones,1,0.2,3.64615385,0.2461,1.0,1.0,hsa-mir-375
Disease,Helicobacter Pylori Infection,2,0.2,3.64615385,0.1003,1.0,0.6833,"hsa-mir-181c,hsa-mir-375"
Disease,Liver Failure,1,0.33333333,6.07692308,0.1558,1.0,0.8431,hsa-mir-375
Disease,Maternal Obesity During Childbirth,1,0.06666667,1.21538462,0.5732,1.0,1.0,hsa-mir-375
Disease,Myeloproliferative Neoplasms,1,0.11111111,2.02564103,0.3992,1.0,1.0,hsa-mir-375
Disease,Salivary Gland Neoplasms,1,0.11111111,2.02564103,0.3992,1.0,1.0,hsa-mir-375
Disease,"Squamous Cell Carcinoma, Lung",3,0.13043478,2.37792642,0.1275,1.0,0.7197,"hsa-mir-218-2,hsa-mir-218-1,hsa-mir-375"
Disease,Acute Megakaryoblastic Leukemia,1,0.33333333,6.07692308,0.1558,1.0,0.8431,hsa-mir-99a
Disease,Adrenal Cortex Neoplasms,1,0.08333333,1.51923077,0.4935,1.0,1.0,hsa-mir-99a
Disease,Bladder Neoplasms,3,0.08108108,1.47817048,0.3313,1.0,1.0,"hsa-mir-149,hsa-mir-212,hsa-mir-99a"
Disease,"Carcinoma, Thyroid, Anaplastic",1,0.08333333,1.51923077,0.4935,1.0,1.0,hsa-mir-99a
Disease,"Carcinoma, Urothelial",2,0.13333333,2.43076923,0.1969,1.0,0.9603,"hsa-mir-129-2,hsa-mir-99a"
Disease,Down Syndrome,2,0.16666667,3.03846154,0.1373,1.0,0.7636,"hsa-mir-99a,hsa-let-7c"
Disease,Kaposi's Sarcoma,4,0.14814815,2.7008547000000003,0.0558,1.0,0.4353,"hsa-let-7c,hsa-mir-149,hsa-mir-1258,hsa-mir-99a"
Disease,Kidney Transplant Rejection,1,0.09090909,1.65734266,0.4638,1.0,1.0,hsa-mir-99a
Disease,"Leukemia, Lymphoblastic, Acute, Childhood",1,0.08333333,1.51923077,0.4935,1.0,1.0,hsa-mir-99a
Disease,Pancreatic Intraductal Papillary Mucinous Neoplasms,1,0.16666667,3.03846154,0.2877,1.0,1.0,hsa-mir-99a
Disease,Synovial Sarcoma,2,0.18181818,3.31468531,0.1184,1.0,0.6846,"hsa-mir-195,hsa-mir-99a"
Disease,Thrombocytopenia,1,0.5,9.11538462,0.1067,1.0,0.7066,hsa-mir-99a
Disease,Rheumatoid Arthritis,3,0.05555556,1.01282051,0.5794,1.0,1.0,"hsa-mir-149,hsa-mir-3926-2,hsa-mir-3926-1"
Disease,Biliary Atresia,2,0.33333333,6.07692308,0.0385,1.0,0.3381,"hsa-mir-129-2,hsa-mir-129-1"
Disease,Cervical Neoplasms,3,0.15789474,2.87854251,0.0814,1.0,0.5845,"hsa-mir-218-1,hsa-mir-215,hsa-mir-218-2"
Disease,Cerebral Aneurysm,1,0.05,0.91153846,0.6794,1.0,1.0,hsa-mir-455
Disease,Testicular Germ Cell Tumor,1,0.1,1.82307692,0.4324,1.0,1.0,hsa-mir-513b
Disease,Hirschsprung's Disease,3,0.13636364,2.48601399,0.1152,1.0,0.6726,"hsa-mir-215,hsa-mir-218-1,hsa-mir-195"
Disease,Cerebral Ischemia,1,0.09090909,1.65734266,0.4638,1.0,1.0,hsa-let-7c
Disease,Hemoglobin Diseases,1,0.07692308,1.40236686,0.5216,1.0,1.0,hsa-let-7c
Disease,Kidney Injury,1,0.03571429,0.6510989,0.7978,1.0,1.0,hsa-let-7c
Disease,Liver Diseases [unspecific],1,0.03448276,0.62864721,0.8091,1.0,1.0,hsa-let-7c
Disease,"Lymphoma, Primary Effusion",1,0.07692308,1.40236686,0.5216,1.0,1.0,hsa-let-7c
Disease,Nevus,1,0.33333333,6.07692308,0.1558,1.0,0.8431,hsa-let-7c
Disease,Non-Traumatic Osteonecrosis,1,0.16666667,3.03846154,0.2877,1.0,1.0,hsa-let-7c
Disease,Graves' Disease,1,0.1,1.82307692,0.4324,1.0,1.0,hsa-mir-346
Disease,Liver Injury,1,0.06666667,1.21538462,0.5732,1.0,1.0,hsa-mir-212
Disease,Lofgren's Syndrome,1,0.08333333,1.51923077,0.4935,1.0,1.0,hsa-mir-212
Disease,Post-Traumatic Stress Disorder,1,0.5,9.11538462,0.1067,1.0,0.7066,hsa-mir-212
Disease,Preterm Labor,1,0.33333333,6.07692308,0.1558,1.0,0.8431,hsa-mir-212
Disease,"Carcinoma, Gastrointestinal",1,0.16666667,3.03846154,0.2877,1.0,1.0,hsa-mir-149
Disease,Cutaneous Melanoma,1,0.05263158,0.95951417,0.6605,1.0,1.0,hsa-mir-149
Disease,"Fatty Liver, Non-Alcoholic",1,0.06666667,1.21538462,0.5732,1.0,1.0,hsa-mir-149
Disease,Chronic Hepatitis,1,0.09090909,1.65734266,0.4638,1.0,1.0,hsa-mir-215
Disease,Diabetic Vasculopathy,1,0.25,4.55769231,0.2022,1.0,0.9822,hsa-mir-181c
Disease,Digeorge Syndrome,1,0.16666667,3.03846154,0.2877,1.0,1.0,hsa-mir-181c
Disease,Keloid,1,0.07692308,1.40236686,0.5216,1.0,1.0,hsa-mir-181c
Disease,"Leukemia, Lymphoblastic",1,0.04761905,0.86813187,0.6973,1.0,1.0,hsa-mir-181c
Disease,Myasthenia Gravis,1,0.07142857,1.3021978,0.5481,1.0,1.0,hsa-mir-181c
Disease,Silicosis,1,0.5,9.11538462,0.1067,1.0,0.7066,hsa-mir-181c
Disease,Aortic Aneurysm,1,0.09090909,1.65734266,0.4638,1.0,1.0,hsa-mir-195
Disease,Aortic Insufficiency,1,0.25,4.55769231,0.2022,1.0,0.9822,hsa-mir-195
Disease,Diabetic Retinopathy,1,0.04761905,0.86813187,0.6973,1.0,1.0,hsa-mir-195
Disease,"Lymphoma, B-Cell",1,0.04166667,0.75961538,0.7453,1.0,1.0,hsa-mir-195
Disease,Peripheral Vascular Disease,1,0.07142857,1.3021978,0.5481,1.0,1.0,hsa-mir-195
Disease,Coxsackievirus Infection,1,0.33333333,6.07692308,0.1558,1.0,0.8431,hsa-mir-466
Disease,Acute Pancreatitis,1,0.14285714,2.6043956,0.3269,1.0,1.0,hsa-mir-135a-1
Disease,Chronic Post-Traumatic Headache,1,0.33333333,6.07692308,0.1558,1.0,0.8431,hsa-mir-135a-1
Disease,Bronchopulmonary Dysplasia,1,0.0625,1.13942308,0.5969,1.0,1.0,hsa-mir-431
