Category,Term,Count,Percent,Fold,P-value,Bonferroni,FDR,miRNA
Disease,"Carcinoma, Colon",21,0.06666667,3.29166667,4.41E-10,1.69E-07,5.23E-07,"hsa-mir-203a,hsa-mir-486-1,hsa-mir-196b,hsa-mir-210,hsa-mir-144,hsa-mir-215,hsa-mir-206,hsa-mir-451a,hsa-mir-150,hsa-mir-139,hsa-mir-196a-1,hsa-mir-205,hsa-mir-552,hsa-mir-216b,hsa-mir-486-2,hsa-mir-217,hsa-mir-31,hsa-mir-216a,hsa-mir-1269a,hsa-mir-223,hsa-mir-142"
Disease,"Carcinoma, Breast",20,0.05747126,2.83764368,1.70E-08,6.50E-06,1.00E-05,"hsa-mir-215,hsa-mir-451a,hsa-mir-184,hsa-mir-486-2,hsa-mir-223,hsa-mir-486-1,hsa-mir-196b,hsa-mir-210,hsa-mir-150,hsa-mir-802,hsa-mir-142,hsa-mir-203a,hsa-mir-144,hsa-mir-206,hsa-mir-139,hsa-mir-196a-1,hsa-mir-205,hsa-mir-216b,hsa-mir-217,hsa-mir-31"
Disease,"Carcinoma, Hepatocellular",20,0.05899705,2.91297935,1.70E-08,6.50E-06,1.00E-05,"hsa-mir-203a,hsa-mir-486-1,hsa-mir-210,hsa-mir-144,hsa-mir-215,hsa-mir-206,hsa-mir-451a,hsa-mir-150,hsa-mir-139,hsa-mir-184,hsa-mir-196a-1,hsa-mir-205,hsa-mir-216b,hsa-mir-486-2,hsa-mir-217,hsa-mir-31,hsa-mir-216a,hsa-mir-1269a,hsa-mir-223,hsa-mir-142"
Disease,Osteosarcoma,15,0.0877193,4.33114035,5.59E-08,2.14E-05,1.66E-05,"hsa-mir-203a,hsa-mir-486-1,hsa-mir-196b,hsa-mir-210,hsa-mir-144,hsa-mir-206,hsa-mir-451a,hsa-mir-150,hsa-mir-802,hsa-mir-196a-1,hsa-mir-205,hsa-mir-486-2,hsa-mir-217,hsa-mir-223,hsa-mir-142"
Disease,"Squamous Cell Carcinoma, Oral",11,0.13253012,6.5436747,1.23E-07,4.69E-05,2.90E-05,"hsa-mir-139,hsa-mir-203a,hsa-mir-31,hsa-mir-216a,hsa-mir-184,hsa-mir-223,hsa-mir-196a-1,hsa-mir-210,hsa-mir-205,hsa-mir-142,hsa-mir-144"
Disease,"Carcinoma, Oral",8,0.21621622,10.67567568,2.11E-07,8.09E-05,3.58E-05,"hsa-mir-139,hsa-mir-203a,hsa-mir-31,hsa-mir-196b,hsa-mir-223,hsa-mir-196a-1,hsa-mir-205,hsa-mir-142"
Disease,"Carcinoma, Lung",15,0.07042254,3.47711268,1.20E-06,0.000461,0.000178,"hsa-mir-203a,hsa-mir-486-1,hsa-mir-144,hsa-mir-215,hsa-mir-206,hsa-mir-451a,hsa-mir-150,hsa-mir-139,hsa-mir-196a-1,hsa-mir-205,hsa-mir-486-2,hsa-mir-217,hsa-mir-31,hsa-mir-223,hsa-mir-142"
Disease,"Carcinoma, Lung. Non-Small-Cell",15,0.06849315,3.38184932,1.76E-06,0.000674,0.000232,"hsa-mir-203a,hsa-mir-486-1,hsa-mir-196b,hsa-mir-210,hsa-mir-144,hsa-mir-150,hsa-mir-139,hsa-mir-184,hsa-mir-196a-1,hsa-mir-205,hsa-mir-216b,hsa-mir-486-2,hsa-mir-31,hsa-mir-223,hsa-mir-142"
Disease,Lung Neoplasms,11,0.1,4.9375,2.41E-06,0.000925,0.000286,"hsa-mir-203a,hsa-mir-486-1,hsa-mir-210,hsa-mir-206,hsa-mir-150,hsa-mir-196a-1,hsa-mir-205,hsa-mir-486-2,hsa-mir-31,hsa-mir-216a,hsa-mir-142"
Disease,Retinal Neovascularization,4,0.57142857,28.21428571,4.37E-06,0.00167,0.000398,"hsa-mir-451a,hsa-mir-184,hsa-mir-150,hsa-mir-31"
Disease,"Carcinoma, Gastric",16,0.05818182,2.87272727,5.69E-06,0.00218,0.000482,"hsa-mir-203a,hsa-mir-486-1,hsa-mir-196b,hsa-mir-210,hsa-mir-144,hsa-mir-215,hsa-mir-206,hsa-mir-451a,hsa-mir-139,hsa-mir-196a-1,hsa-mir-205,hsa-mir-486-2,hsa-mir-217,hsa-mir-31,hsa-mir-223,hsa-mir-142"
Disease,Prolactinoma,5,0.33333333,16.45833333,5.77E-06,0.00221,0.000456,"hsa-mir-486-2,hsa-mir-451a,hsa-mir-486-1,hsa-mir-142,hsa-mir-144"
Disease,Breast Neoplasms,12,0.08108108,4.00337838,6.70E-06,0.00257,0.000496,"hsa-mir-486-1,hsa-mir-210,hsa-mir-215,hsa-mir-206,hsa-mir-451a,hsa-mir-184,hsa-mir-196a-1,hsa-mir-205,hsa-mir-486-2,hsa-mir-31,hsa-mir-223,hsa-mir-142"
Disease,"Adenocarcinoma, Lung",10,0.0990099,4.88861386,9.35E-06,0.00358,0.000583,"hsa-mir-203a,hsa-mir-196b,hsa-mir-210,hsa-mir-215,hsa-mir-206,hsa-mir-451a,hsa-mir-150,hsa-mir-205,hsa-mir-552,hsa-mir-31"
Disease,"Carcinoma, Laryngeal",8,0.12698413,6.26984127,1.53E-05,0.00587,0.000908,"hsa-mir-486-2,hsa-mir-486-1,hsa-mir-31,hsa-mir-206,hsa-mir-196a-1,hsa-mir-210,hsa-mir-205,hsa-mir-144"
Disease,Pancreatic Neoplasms,8,0.125,6.171875,1.73E-05,0.00662,0.000976,"hsa-mir-203a,hsa-mir-486-2,hsa-mir-217,hsa-mir-486-1,hsa-mir-216a,hsa-mir-223,hsa-mir-196a-1,hsa-mir-210"
Disease,"Carcinoma, Pancreatic",12,0.07228916,3.56927711,2.31E-05,0.00884,0.00124,"hsa-mir-196b,hsa-mir-210,hsa-mir-215,hsa-mir-206,hsa-mir-150,hsa-mir-139,hsa-mir-196a-1,hsa-mir-205,hsa-mir-216b,hsa-mir-217,hsa-mir-216a,hsa-mir-223"
Disease,"Carcinoma, Rectal",7,0.14583333,7.20052083,2.35E-05,0.00901,0.00121,"hsa-mir-139,hsa-mir-203a,hsa-mir-486-2,hsa-mir-486-1,hsa-mir-31,hsa-mir-196a-1,hsa-mir-150"
Disease,"Carcinoma, Cervical",11,0.07971014,3.93568841,2.39E-05,0.00915,0.00118,"hsa-mir-203a,hsa-mir-196b,hsa-mir-215,hsa-mir-206,hsa-mir-150,hsa-mir-139,hsa-mir-196a-1,hsa-mir-205,hsa-mir-31,hsa-mir-223,hsa-mir-142"
Disease,Psoriasis,6,0.18181818,8.97727273,2.75E-05,0.0105,0.00125,"hsa-mir-203a,hsa-mir-217,hsa-mir-31,hsa-mir-223,hsa-mir-210,hsa-mir-150"
Disease,Glioblastoma,12,0.07100592,3.50591716,2.79E-05,0.0107,0.00123,"hsa-mir-203a,hsa-mir-486-1,hsa-mir-210,hsa-mir-144,hsa-mir-206,hsa-mir-451a,hsa-mir-139,hsa-mir-205,hsa-mir-486-2,hsa-mir-31,hsa-mir-223,hsa-mir-142"
Disease,Sepsis,6,0.17647059,8.71323529,3.29E-05,0.0126,0.00139,"hsa-mir-486-2,hsa-mir-486-1,hsa-mir-31,hsa-mir-223,hsa-mir-210,hsa-mir-150"
Disease,Allergy,5,0.23809524,11.75595238,3.61E-05,0.0138,0.00147,"hsa-mir-223,hsa-mir-31,hsa-mir-210,hsa-mir-142,hsa-mir-150"
Disease,Barrett's Esophagus,4,0.36363636,17.95454545,3.90E-05,0.0149,0.00154,"hsa-mir-196a-1,hsa-mir-203a,hsa-mir-205,hsa-mir-215"
Disease,Kidney Transplant Rejection,4,0.36363636,17.95454545,3.90E-05,0.0149,0.00154,"hsa-mir-486-2,hsa-mir-486-1,hsa-mir-142,hsa-mir-150"
Disease,"Carcinoma, Renal Cell",10,0.08403361,4.14915966,4.20E-05,0.0161,0.00155,"hsa-mir-203a,hsa-mir-210,hsa-mir-144,hsa-mir-206,hsa-mir-451a,hsa-mir-184,hsa-mir-196a-1,hsa-mir-205,hsa-mir-216b,hsa-mir-142"
Disease,Glioma,13,0.0625,3.0859375,4.32E-05,0.0165,0.00155,"hsa-mir-203a,hsa-mir-196b,hsa-mir-210,hsa-mir-144,hsa-mir-215,hsa-mir-451a,hsa-mir-150,hsa-mir-139,hsa-mir-184,hsa-mir-196a-1,hsa-mir-205,hsa-mir-31,hsa-mir-142"
Disease,"Diabetes Mellitus, Type 2",11,0.07482993,3.69472789,4.44E-05,0.017,0.00155,"hsa-mir-486-1,hsa-mir-144,hsa-mir-206,hsa-mir-451a,hsa-mir-150,hsa-mir-802,hsa-mir-196a-1,hsa-mir-486-2,hsa-mir-217,hsa-mir-223,hsa-mir-142"
Disease,"Carcinoma, Thyroid",6,0.16666667,8.22916667,4.64E-05,0.0178,0.00157,"hsa-mir-486-2,hsa-mir-486-1,hsa-mir-205,hsa-mir-142,hsa-mir-144,hsa-mir-150"
Disease,Liver Neoplasms,5,0.2,9.875,8.92E-05,0.0342,0.00294,"hsa-mir-486-2,hsa-mir-486-1,hsa-mir-31,hsa-mir-223,hsa-mir-210"
Disease,Choriocarcinoma,7,0.11666667,5.76041667,0.000106,0.0404,0.00338,"hsa-mir-203a,hsa-mir-215,hsa-mir-31,hsa-mir-223,hsa-mir-196a-1,hsa-mir-210,hsa-mir-205"
Disease,"Tuberculosis, Pulmonary",5,0.19230769,9.49519231,0.000109,0.0417,0.0034,"hsa-mir-31,hsa-mir-206,hsa-mir-196b,hsa-mir-223,hsa-mir-196a-1"
Disease,"Squamous Cell Carcinoma, Laryngeal or Hypopharyngeal",5,0.17857143,8.81696429,0.000158,0.0607,0.00469,"hsa-mir-139,hsa-mir-203a,hsa-mir-206,hsa-mir-451a,hsa-mir-205"
Disease,"Carcinoma, Nasopharyngeal",9,0.07894737,3.89802632,0.000196,0.0751,0.00554,"hsa-mir-203a,hsa-mir-451a,hsa-mir-150,hsa-mir-184,hsa-mir-205,hsa-mir-216b,hsa-mir-31,hsa-mir-223,hsa-mir-142"
Disease,"Carcinoma, Esophageal",7,0.10606061,5.23674242,0.000197,0.0754,0.00542,"hsa-mir-203a,hsa-mir-217,hsa-mir-31,hsa-mir-451a,hsa-mir-196a-1,hsa-mir-205,hsa-mir-144"
Disease,"Carcinoma, Bladder",9,0.075,3.703125,0.000294,0.1125,0.00791,"hsa-mir-210,hsa-mir-144,hsa-mir-451a,hsa-mir-150,hsa-mir-139,hsa-mir-196a-1,hsa-mir-205,hsa-mir-31,hsa-mir-223"
Disease,"Leukemia, Myeloid",4,0.22222222,10.97222222,0.000329,0.1258,0.00865,"hsa-mir-150,hsa-mir-139,hsa-mir-486-2,hsa-mir-486-1"
Disease,Medulloepithelioma,3,0.375,18.515625,0.000383,0.1468,0.00987,"hsa-mir-216a,hsa-mir-217,hsa-mir-216b"
Disease,Hemophagocytic Lymphohistiocytosis,3,0.375,18.515625,0.000383,0.1468,0.00987,"hsa-mir-223,hsa-mir-142,hsa-mir-144"
Disease,Myocardial Infarction,6,0.11538462,5.69711538,0.000391,0.1498,0.00946,"hsa-mir-31,hsa-mir-206,hsa-mir-451a,hsa-mir-210,hsa-mir-144,hsa-mir-150"
Disease,"Stroke, Ischemic",5,0.14705882,7.26102941,0.000413,0.1583,0.00907,"hsa-mir-223,hsa-mir-196a-1,hsa-mir-210,hsa-mir-144,hsa-mir-150"
Disease,Colon Neoplasms,7,0.09090909,4.48863636,0.000526,0.2014,0.0113,"hsa-mir-486-2,hsa-mir-486-1,hsa-mir-223,hsa-mir-210,hsa-mir-205,hsa-mir-142,hsa-mir-552"
Disease,Coronary Heart Diseases,6,0.10714286,5.29017857,0.000591,0.2265,0.0123,"hsa-mir-486-2,hsa-mir-486-1,hsa-mir-31,hsa-mir-206,hsa-mir-451a,hsa-mir-223"
Disease,Melanoma,9,0.06818182,3.36647727,0.000614,0.2351,0.0125,"hsa-mir-203a,hsa-mir-210,hsa-mir-206,hsa-mir-451a,hsa-mir-150,hsa-mir-196a-1,hsa-mir-205,hsa-mir-216a,hsa-mir-142"
Disease,"Adenocarcinoma, Gastric",5,0.13157895,6.49671053,0.000706,0.2704,0.0142,"hsa-mir-203a,hsa-mir-486-2,hsa-mir-486-1,hsa-mir-223,hsa-mir-205"
Disease,Gastrointestinal Neoplasms,7,0.08536585,4.21493902,0.000778,0.298,0.0154,"hsa-mir-150,hsa-mir-139,hsa-mir-31,hsa-mir-451a,hsa-mir-223,hsa-mir-196a-1,hsa-mir-210"
Disease,Atrial Fibrillation,6,0.1,4.9375,0.000864,0.3309,0.0165,"hsa-mir-486-2,hsa-mir-215,hsa-mir-486-1,hsa-mir-451a,hsa-mir-144,hsa-mir-150"
Disease,Lymphoma,6,0.1,4.9375,0.000864,0.3309,0.0165,"hsa-mir-203a,hsa-mir-486-2,hsa-mir-486-1,hsa-mir-31,hsa-mir-144,hsa-mir-150"
Disease,Endometriosis,5,0.12195122,6.02134146,0.00101,0.3874,0.0187,"hsa-mir-451a,hsa-mir-196b,hsa-mir-223,hsa-mir-142,hsa-mir-150"
Disease,Necrotizing Enterocolitis,3,0.27272727,13.46590909,0.00108,0.4154,0.0198,"hsa-mir-203a,hsa-mir-451a,hsa-mir-31"
Disease,Endometrial Stromal Sarcoma,2,0.66666667,32.91666667,0.00117,0.4464,0.0209,"hsa-mir-142,hsa-mir-31"
Disease,Diabetic Foot,2,0.66666667,32.91666667,0.00117,0.4464,0.0209,"hsa-mir-203a,hsa-mir-31"
Disease,Cardiovascular Diseases [unspecific],6,0.09375,4.62890625,0.00123,0.4694,0.0207,"hsa-mir-216a,hsa-mir-451a,hsa-mir-223,hsa-mir-210,hsa-mir-144,hsa-mir-150"
Disease,Colitis,3,0.25,12.34375,0.00143,0.5464,0.0238,"hsa-mir-139,hsa-mir-150,hsa-mir-31"
Disease,Adrenal Cortex Neoplasms,3,0.25,12.34375,0.00143,0.5464,0.0238,"hsa-mir-210,hsa-mir-203a,hsa-mir-142"
Disease,Traumatic Brain Injury,3,0.25,12.34375,0.00143,0.5464,0.0238,"hsa-mir-223,hsa-mir-142,hsa-mir-150"
Disease,Ectopic Pregnancy,3,0.23076923,11.39423077,0.00183,0.7009,0.0293,"hsa-mir-223,hsa-mir-451a,hsa-mir-196b"
Disease,Atherosclerosis,7,0.07368421,3.63815789,0.0019,0.7289,0.0301,"hsa-mir-210,hsa-mir-144,hsa-mir-206,hsa-mir-150,hsa-mir-216a,hsa-mir-223,hsa-mir-142"
Disease,Human Immunodeficiency Virus Infection,5,0.10638298,5.25265957,0.00191,0.7306,0.0297,"hsa-mir-196b,hsa-mir-223,hsa-mir-196a-1,hsa-mir-210,hsa-mir-150"
Disease,"Adenocarcinoma, Pancreatic Ductal",6,0.08450704,4.17253521,0.00213,0.8157,0.0328,"hsa-mir-217,hsa-mir-31,hsa-mir-206,hsa-mir-196b,hsa-mir-196a-1,hsa-mir-210"
Disease,Glaucoma,4,0.13793103,6.81034483,0.00219,0.8404,0.0333,"hsa-mir-451a,hsa-mir-184,hsa-mir-205,hsa-mir-144"
Disease,Fungal Keratitis,2,0.5,24.6875,0.0023,0.8818,0.0345,"hsa-mir-142,hsa-mir-451a"
Disease,"Lymphoma, Follicular",2,0.5,24.6875,0.0023,0.8818,0.0345,"hsa-mir-142,hsa-mir-31"
Disease,Marek Disease,2,0.5,24.6875,0.0023,0.8818,0.0345,"hsa-mir-223,hsa-mir-150"
Disease,"Carcinoma, Adrenocortical",4,0.13333333,6.58333333,0.0025,0.9565,0.0357,"hsa-mir-139,hsa-mir-203a,hsa-mir-210,hsa-mir-205"
Disease,"Carcinoma, Ovarian",10,0.05154639,2.54510309,0.00262,1,0.037,"hsa-mir-203a,hsa-mir-196b,hsa-mir-210,hsa-mir-206,hsa-mir-451a,hsa-mir-150,hsa-mir-184,hsa-mir-196a-1,hsa-mir-205,hsa-mir-31"
Disease,Preeclampsia,6,0.08108108,4.00337838,0.00265,1,0.0369,"hsa-mir-203a,hsa-mir-206,hsa-mir-223,hsa-mir-210,hsa-mir-205,hsa-mir-142"
Disease,Peritoneal Dialysis Failure,4,0.12903226,6.37096774,0.00283,1,0.039,"hsa-mir-31,hsa-mir-223,hsa-mir-205,hsa-mir-142"
Disease,Crohn Disease,4,0.12121212,5.98484848,0.00358,1,0.0488,"hsa-mir-31,hsa-mir-196b,hsa-mir-196a-1,hsa-mir-142"
Disease,"Carcinoma, Periampullary",2,0.4,19.75,0.00379,1,0.0505,"hsa-mir-31,hsa-mir-196a-1"
Disease,Systemic Lupus Erythematosus,5,0.09090909,4.48863636,0.00388,1,0.0505,"hsa-mir-31,hsa-mir-223,hsa-mir-196a-1,hsa-mir-142,hsa-mir-150"
Disease,Human Papilloma Virus Infection,4,0.11764706,5.80882353,0.004,1,0.051,"hsa-mir-203a,hsa-mir-196a-1,hsa-mir-205,hsa-mir-150"
Disease,Acute Kidney Injury,3,0.17647059,8.71323529,0.00412,1,0.052,"hsa-mir-216a,hsa-mir-216b,hsa-mir-217"
Disease,Cholangiocarcinoma,4,0.11428571,5.64285714,0.00446,1,0.0556,"hsa-mir-203a,hsa-mir-205,hsa-mir-144,hsa-mir-150"
Disease,"Squamous Cell Carcinoma, Esophageal",8,0.05633803,2.78169014,0.0048,1,0.0593,"hsa-mir-203a,hsa-mir-150,hsa-mir-139,hsa-mir-196a-1,hsa-mir-205,hsa-mir-217,hsa-mir-31,hsa-mir-223"
Disease,Autoimmune Diseases [unspecific],4,0.11111111,5.48611111,0.00495,1,0.0604,"hsa-mir-31,hsa-mir-223,hsa-mir-142,hsa-mir-150"
Disease,Fibromyalgia,2,0.33333333,16.45833333,0.00561,1,0.0679,"hsa-mir-223,hsa-mir-451a"
Disease,"Leukemia, Myeloid, Acute",7,0.05882353,2.90441176,0.007,1,0.0829,"hsa-mir-203a,hsa-mir-196b,hsa-mir-210,hsa-mir-215,hsa-mir-150,hsa-mir-223,hsa-mir-142"
Disease,Acute Pancreatitis,2,0.28571429,14.10714286,0.00776,1,0.0902,"hsa-mir-216a,hsa-mir-216b"
Disease,"Adenocarcinoma, Esophageal",3,0.13636364,6.73295455,0.00874,1,0.0986,"hsa-mir-203a,hsa-mir-210,hsa-mir-205"
Disease,Hirschsprung's Disease,3,0.13636364,6.73295455,0.00874,1,0.0986,"hsa-mir-215,hsa-mir-206,hsa-mir-142"
Disease,Acute Coronary Syndrome,3,0.13636364,6.73295455,0.00874,1,0.0986,"hsa-mir-486-2,hsa-mir-486-1,hsa-mir-223"
Disease,Leukemia,5,0.07462687,3.68470149,0.00913,1,0.1002,"hsa-mir-139,hsa-mir-486-2,hsa-mir-217,hsa-mir-486-1,hsa-mir-196b"
Disease,"Leukemia, Lymphoblastic, Acute",3,0.125,6.171875,0.0112,1,0.1194,"hsa-mir-196b,hsa-mir-142,hsa-mir-150"
Disease,Acute Myocardial Infarction,4,0.08695652,4.29347826,0.0119,1,0.1264,"hsa-mir-486-2,hsa-mir-486-1,hsa-mir-144,hsa-mir-150"
Disease,Aortic Stenosis,3,0.12,5.925,0.0125,1,0.1315,"hsa-mir-31,hsa-mir-451a,hsa-mir-210"
Disease,"Leukemia-Lymphoma, Precursor B-Cell Lymphoblastic",2,0.22222222,10.97222222,0.013,1,0.1349,"hsa-mir-451a,hsa-mir-142"
Disease,Osteoporosis,2,0.22222222,10.97222222,0.013,1,0.1349,"hsa-mir-216a,hsa-mir-150"
Disease,"Leukemia-Lymphoma, Adult T-Cell",2,0.22222222,10.97222222,0.013,1,0.1349,"hsa-mir-223,hsa-mir-150"
Disease,Diabetes Mellitus,5,0.06756757,3.33614865,0.0138,1,0.1389,"hsa-mir-486-2,hsa-mir-486-1,hsa-mir-196b,hsa-mir-223,hsa-mir-196a-1"
Disease,"Squamous Cell Carcinoma, Head and Neck",4,0.08333333,4.11458333,0.0139,1,0.138,"hsa-mir-206,hsa-mir-196a-1,hsa-mir-210,hsa-mir-150"
Disease,Hepatoblastoma,3,0.11538462,5.69711538,0.014,1,0.1381,"hsa-mir-223,hsa-mir-210,hsa-mir-150"
Disease,Prostate Neoplasms,5,0.06666667,3.29166667,0.0146,1,0.1431,"hsa-mir-203a,hsa-mir-486-2,hsa-mir-486-1,hsa-mir-223,hsa-mir-205"
Disease,Testicular Germ Cell Tumor,2,0.2,9.875,0.016,1,0.1557,"hsa-mir-223,hsa-mir-142"
Disease,Helicobacter Pylori Infection,2,0.2,9.875,0.016,1,0.1557,"hsa-mir-223,hsa-mir-203a"
Disease,Aplastic Anemia,2,0.2,9.875,0.016,1,0.1557,"hsa-mir-223,hsa-mir-150"
Disease,Polycystic Ovarian Syndrome,3,0.10344828,5.10775862,0.0189,1,0.1776,"hsa-mir-486-2,hsa-mir-486-1,hsa-mir-223"
Disease,Muscular Dystrophy,3,0.10344828,5.10775862,0.0189,1,0.1776,"hsa-mir-206,hsa-mir-223,hsa-mir-150"
Disease,Uveal Melanoma,2,0.18181818,8.97727273,0.0193,1,0.1791,"hsa-mir-223,hsa-mir-144"
Disease,Chronic Hepatitis,2,0.18181818,8.97727273,0.0193,1,0.1791,"hsa-mir-203a,hsa-mir-215"
Disease,Non-Traumatic Subarachnoid Hemorrhage,2,0.18181818,8.97727273,0.0193,1,0.1791,"hsa-mir-142,hsa-mir-150"
Disease,Oral Leukoplakia,2,0.16666667,8.22916667,0.0229,1,0.2075,"hsa-mir-205,hsa-mir-31"
Disease,Renal Fibrosis,2,0.16666667,8.22916667,0.0229,1,0.2075,"hsa-mir-196a-1,hsa-mir-196b"
Disease,"Leukemia, Lymphoblastic, Acute, T-Cell",2,0.16666667,8.22916667,0.0229,1,0.2075,"hsa-mir-223,hsa-mir-150"
Disease,Chronic Kidney Disease,3,0.09375,4.62890625,0.0246,1,0.2146,"hsa-mir-217,hsa-mir-210,hsa-mir-150"
Disease,Inflammatory Bowel Diseases,3,0.09375,4.62890625,0.0246,1,0.2146,"hsa-mir-31,hsa-mir-206,hsa-mir-223"
Disease,"Carcinoma, Renal Cell, Clear-Cell",4,0.06896552,3.40517241,0.0264,1,0.2264,"hsa-mir-217,hsa-mir-223,hsa-mir-210,hsa-mir-142"
Disease,Hepatitis C Virus Infection,5,0.05747126,2.83764368,0.0265,1,0.2261,"hsa-mir-196b,hsa-mir-215,hsa-mir-217,hsa-mir-223,hsa-mir-142"
Disease,"Leukemia, Lymphoblastic, Acute, B-Cell",2,0.15384615,7.59615385,0.0268,1,0.2266,"hsa-mir-223,hsa-mir-451a"
Disease,Hemoglobin Diseases,2,0.15384615,7.59615385,0.0268,1,0.2266,"hsa-mir-223,hsa-mir-210"
Disease,"Carcinoma, Head And Neck",2,0.15384615,7.59615385,0.0268,1,0.2266,"hsa-mir-196a-1,hsa-mir-203a"
Disease,Mycobacterium Tuberculosis Infection,2,0.15384615,7.59615385,0.0268,1,0.2266,"hsa-mir-206,hsa-mir-150"
Disease,Heart Failure,6,0.05,2.46875,0.0278,1,0.2288,"hsa-mir-210,hsa-mir-451a,hsa-mir-150,hsa-mir-139,hsa-mir-205,hsa-mir-142"
Disease,Multiple Myeloma,4,0.06666667,3.29166667,0.0295,1,0.2409,"hsa-mir-215,hsa-mir-451a,hsa-mir-223,hsa-mir-150"
Disease,Polycystic Kidney Disease,2,0.14285714,7.05357143,0.0308,1,0.2504,"hsa-mir-223,hsa-mir-205"
Disease,Pulmonary Hypertension,3,0.08333333,4.11458333,0.0336,1,0.271,"hsa-mir-206,hsa-mir-223,hsa-mir-210"
Disease,Dengue Virus Infection,2,0.13333333,6.58333333,0.0352,1,0.2796,"hsa-mir-223,hsa-mir-150"
Disease,Bladder Neoplasms,3,0.08108108,4.00337838,0.0361,1,0.2852,"hsa-mir-203a,hsa-mir-210,hsa-mir-205"
Disease,Cataract,1,0.5,24.6875,0.0401,1,0.3127,hsa-mir-184
Disease,Hypoxic-Ischemic Encephalopathy,1,0.5,24.6875,0.0401,1,0.3127,hsa-mir-210
Disease,Fever,1,0.5,24.6875,0.0401,1,0.3127,hsa-mir-142
Disease,Neutropenia,1,0.5,24.6875,0.0401,1,0.3127,hsa-mir-196b
Disease,Dermatomyositis,1,0.5,24.6875,0.0401,1,0.3127,hsa-mir-206
Disease,Uterine Leiomyosarcoma,1,0.5,24.6875,0.0401,1,0.3127,hsa-mir-31
Disease,Hepatitis B Virus Infection,4,0.05970149,2.94776119,0.0421,1,0.2835,"hsa-mir-203a,hsa-mir-215,hsa-mir-31,hsa-mir-205"
Disease,"Squamous Cell Carcinoma, Cerevial",2,0.11764706,5.80882353,0.0444,1,0.2975,"hsa-mir-205,hsa-mir-144"
Disease,Astrocytoma,2,0.11764706,5.80882353,0.0444,1,0.2975,"hsa-mir-210,hsa-mir-206"
Disease,"Leukemia, Lymphocytic, Chronic",3,0.07317073,3.61280488,0.047,1,0.311,"hsa-mir-31,hsa-mir-223,hsa-mir-150"
Disease,"Squamous Cell Carcinoma, Skin or Unspecific",2,0.11111111,5.48611111,0.0494,1,0.3251,"hsa-mir-205,hsa-mir-31"
Disease,Respiratory Syncytial Virus Pneumonia,2,0.11111111,5.48611111,0.0494,1,0.3251,"hsa-mir-203a,hsa-mir-31"
Disease,Rhabdomyosarcoma,2,0.11111111,5.48611111,0.0494,1,0.3251,"hsa-mir-206,hsa-mir-203a"
Disease,Cutaneous Melanoma,2,0.10526316,5.19736842,0.0545,1,0.353,"hsa-mir-205,hsa-mir-150"
Disease,Neurodegenerative Diseases [unspecific],2,0.10526316,5.19736842,0.0545,1,0.353,"hsa-mir-139,hsa-mir-144"
Disease,Ovarian Neoplasms,5,0.04716981,2.32900943,0.0559,1,0.3583,"hsa-mir-486-1,hsa-mir-215,hsa-mir-486-2,hsa-mir-31,hsa-mir-223"
Disease,Bronchiolitis Obliterans Syndrome,1,0.33333333,16.45833333,0.0596,1,0.3796,hsa-mir-144
Disease,Thyroid Adenomas,1,0.33333333,16.45833333,0.0596,1,0.3796,hsa-mir-144
Disease,Malignant Peripheral Nerve Sheath Tumor,1,0.33333333,16.45833333,0.0596,1,0.3796,hsa-mir-210
Disease,"Osteoporosis, Postmenopausal",1,0.33333333,16.45833333,0.0596,1,0.3796,hsa-mir-210
Disease,Heart Transplant Rejection,1,0.33333333,16.45833333,0.0596,1,0.3796,hsa-mir-142
Disease,"Carcinoma, Merkel Cell",1,0.33333333,16.45833333,0.0596,1,0.3796,hsa-mir-203a
Disease,Liver Failure,1,0.33333333,16.45833333,0.0596,1,0.3796,hsa-mir-223
Disease,"Lymphoma, Extranodal NK-T-Cell",1,0.33333333,16.45833333,0.0596,1,0.3796,hsa-mir-223
Disease,Preterm Labor,1,0.33333333,16.45833333,0.0596,1,0.3796,hsa-mir-223
Disease,Cardiac Myxoma,1,0.33333333,16.45833333,0.0596,1,0.3796,hsa-mir-217
Disease,"Scleroderma, Localized",1,0.33333333,16.45833333,0.0596,1,0.3796,hsa-mir-196a-1
Disease,"Leukemia, Acute",1,0.33333333,16.45833333,0.0596,1,0.3796,hsa-mir-150
Disease,"Lymphoma, T-Cell, Cutaneous",1,0.33333333,16.45833333,0.0596,1,0.3796,hsa-mir-150
Disease,Polycythemia Vera,2,0.1,4.9375,0.0598,1,0.351,"hsa-mir-150,hsa-mir-451a"
Disease,Lung Fibrosis,2,0.09090909,4.48863636,0.071,1,0.4143,"hsa-mir-486-2,hsa-mir-486-1"
Disease,"Squamous Cell Carcinoma, Lung",2,0.08695652,4.29347826,0.0768,1,0.4461,"hsa-mir-206,hsa-mir-205"
Disease,Depression Disorder,2,0.08695652,4.29347826,0.0768,1,0.4461,"hsa-mir-451a,hsa-mir-223"
Disease,"Carcinoma, Spindle Cell",1,0.25,12.34375,0.0787,1,0.4526,hsa-mir-205
Disease,Allergic Asthma,1,0.25,12.34375,0.0787,1,0.4526,hsa-mir-144
Disease,Non-Alcoholic Steatohepatitis,1,0.25,12.34375,0.0787,1,0.4526,hsa-mir-144
Disease,Liposarcoma,1,0.25,12.34375,0.0787,1,0.4526,hsa-mir-451a
Disease,Plasmodium vivax Infection,1,0.25,12.34375,0.0787,1,0.4526,hsa-mir-451a
Disease,"Carcinoma, Renal Cell, Chromophobe",1,0.25,12.34375,0.0787,1,0.4526,hsa-mir-210
Disease,Pheochromocytoma,1,0.25,12.34375,0.0787,1,0.4526,hsa-mir-210
Disease,Epithelioid Sarcoma,1,0.25,12.34375,0.0787,1,0.4526,hsa-mir-206
Disease,Knee Osteoarthritis,1,0.25,12.34375,0.0787,1,0.4526,hsa-mir-223
Disease,Chronic Pancreatitis,1,0.25,12.34375,0.0787,1,0.4526,hsa-mir-217
Disease,"Cardiomyopathy, Dilated",1,0.25,12.34375,0.0787,1,0.4526,hsa-mir-196a-1
Disease,"Lymphoma, B-Cell",2,0.08333333,4.11458333,0.0828,1,0.4499,"hsa-mir-150,hsa-mir-142"
Disease,Rheumatoid Arthritis,3,0.05555556,2.74305556,0.092,1,0.4981,"hsa-mir-203a,hsa-mir-451a,hsa-mir-223"
Disease,Influenza,2,0.07692308,3.79807692,0.0951,1,0.5123,"hsa-mir-144,hsa-mir-150"
Disease,"Colitis, Ulcerative",2,0.07692308,3.79807692,0.0951,1,0.5123,"hsa-mir-31,hsa-mir-142"
Disease,"Lymphoma, T-Cell",2,0.07692308,3.79807692,0.0951,1,0.5123,"hsa-mir-223,hsa-mir-142"
Disease,"Cardiomyopathy, Hypertrophic",3,0.05454545,2.69318182,0.0961,1,0.5106,"hsa-mir-451a,hsa-mir-184,hsa-mir-150"
Disease,Gallstones,1,0.2,9.875,0.0974,1,0.5153,hsa-mir-210
Disease,"Carcinoma, Supraglottic",1,0.2,9.875,0.0974,1,0.5153,hsa-mir-206
Disease,Distal Myopathy,1,0.2,9.875,0.0974,1,0.5153,hsa-mir-206
Disease,Musculoskeletal Abnormalities [unspecific],1,0.2,9.875,0.0974,1,0.5153,hsa-mir-206
Disease,Mycosis Fungoides,1,0.2,9.875,0.0974,1,0.5153,hsa-mir-223
Disease,Acquired Immunodeficiency Syndrome,1,0.2,9.875,0.0974,1,0.5153,hsa-mir-150
Disease,"Carcinoma, Thyroid, Papillary",3,0.05357143,2.64508929,0.1002,1,0.5031,"hsa-mir-31,hsa-mir-451a,hsa-mir-144"
Disease,Epilepsy,2,0.07407407,3.65740741,0.1015,1,0.5074,"hsa-mir-139,hsa-mir-223"
Disease,Myelodysplastic Syndromes,2,0.07142857,3.52678571,0.108,1,0.5375,"hsa-mir-196b,hsa-mir-205"
Disease,Kidney Injury,2,0.07142857,3.52678571,0.108,1,0.5375,"hsa-mir-210,hsa-mir-150"
Disease,Autism Spectrum Disorder,2,0.07142857,3.52678571,0.108,1,0.5375,"hsa-mir-486-2,hsa-mir-486-1"
Disease,"Carcinoma, Endometrial",3,0.05172414,2.55387931,0.1086,1,0.532,"hsa-mir-203a,hsa-mir-31,hsa-mir-205"
Disease,Nephrosclerosis,1,0.16666667,8.22916667,0.1158,1,0.5645,hsa-mir-205
Disease,Chronic Brucellosis,1,0.16666667,8.22916667,0.1158,1,0.5645,hsa-mir-139
Disease,Acute Cerebral Infarction,1,0.16666667,8.22916667,0.1158,1,0.5645,hsa-mir-210
Disease,Lupus Vulgaris,1,0.16666667,8.22916667,0.1158,1,0.5645,hsa-mir-210
Disease,Essential Thrombocythemia,1,0.16666667,8.22916667,0.1158,1,0.5645,hsa-mir-203a
Disease,Costello Syndrome,1,0.16666667,8.22916667,0.1158,1,0.5645,hsa-mir-206
Disease,"Muscular Dystrophy, Duchenne",1,0.16666667,8.22916667,0.1158,1,0.5645,hsa-mir-206
Disease,Spinal Muscular Atrophy,1,0.16666667,8.22916667,0.1158,1,0.5645,hsa-mir-206
Disease,Kawasaki's Syndrome,1,0.16666667,8.22916667,0.1158,1,0.5645,hsa-mir-31
Disease,Cervical Dysplasia,1,0.16666667,8.22916667,0.1158,1,0.5645,hsa-mir-196a-1
Disease,Huntington's Disease,1,0.16666667,8.22916667,0.1158,1,0.5645,hsa-mir-196a-1
Disease,"Lymphoma, Non-Hodgkin",1,0.16666667,8.22916667,0.1158,1,0.5645,hsa-mir-196a-1
Disease,Neuroendocrine Tumors,1,0.16666667,8.22916667,0.1158,1,0.5645,hsa-mir-196a-1
Disease,Chronic Heart Failure,1,0.16666667,8.22916667,0.1158,1,0.5645,hsa-mir-150
Disease,Digeorge Syndrome,1,0.16666667,8.22916667,0.1158,1,0.5645,hsa-mir-150
Disease,Irritable Bowel Syndrome,1,0.16666667,8.22916667,0.1158,1,0.5645,hsa-mir-150
Disease,Medulloblastoma,2,0.06666667,3.29166667,0.1213,1,0.5527,"hsa-mir-31,hsa-mir-206"
Disease,"Carcinoma, Biliary Tract",1,0.14285714,7.05357143,0.1338,1,0.605,hsa-mir-205
Disease,"Carcinoma, Endometrioid Endometrial",1,0.14285714,7.05357143,0.1338,1,0.605,hsa-mir-205
Disease,Behcet's Disease,1,0.14285714,7.05357143,0.1338,1,0.605,hsa-mir-139
Disease,Giant Cell Tumor of Bone,1,0.14285714,7.05357143,0.1338,1,0.605,hsa-mir-210
Disease,Pleural Mesothelioma,2,0.0625,3.0859375,0.135,1,0.599,"hsa-mir-31,hsa-mir-223"
Disease,Alzheimer's Disease,4,0.04,1.975,0.1373,1,0.6073,"hsa-mir-206,hsa-mir-139,hsa-mir-31,hsa-mir-142"
Disease,Hematologic Neoplasms,2,0.05882353,2.90441176,0.149,1,0.6564,"hsa-mir-223,hsa-mir-150"
Disease,"Carcinoma, Skin",1,0.125,6.171875,0.1514,1,0.6645,hsa-mir-205
Disease,Nephrotic Syndrome,1,0.125,6.171875,0.1514,1,0.6645,hsa-mir-210
Disease,Vasculitis,1,0.125,6.171875,0.1514,1,0.6645,hsa-mir-142
Disease,Bipolar Disorder,1,0.125,6.171875,0.1514,1,0.6645,hsa-mir-206
Disease,Muscle Diseases [unspecific],1,0.125,6.171875,0.1514,1,0.6645,hsa-mir-206
Disease,Soft Tissue Sarcoma,1,0.125,6.171875,0.1514,1,0.6645,hsa-mir-206
Disease,Waldenstrom Macroglobulinemia,1,0.125,6.171875,0.1514,1,0.6645,hsa-mir-206
Disease,Head And Neck Neoplasms,2,0.05555556,2.74305556,0.1634,1,0.6913,"hsa-mir-205,hsa-mir-142"
Disease,Adenovirus Infection,2,0.05555556,2.74305556,0.1634,1,0.6913,"hsa-mir-210,hsa-mir-150"
Disease,Chronic Hepatitis C,2,0.05555556,2.74305556,0.1634,1,0.6913,"hsa-mir-196b,hsa-mir-196a-1"
Disease,Retinal Degeneration,1,0.11111111,5.48611111,0.1687,1,0.7065,hsa-mir-142
Disease,Alopecia,1,0.11111111,5.48611111,0.1687,1,0.7065,hsa-mir-203a
Disease,Esophageal Neoplasms,1,0.11111111,5.48611111,0.1687,1,0.7065,hsa-mir-203a
Disease,Amyotrophic Lateral Sclerosis,1,0.11111111,5.48611111,0.1687,1,0.7065,hsa-mir-206
Disease,"Carcinoma, Vulvar",1,0.11111111,5.48611111,0.1687,1,0.7065,hsa-mir-223
Disease,Human Cytomegalovirus Infection,1,0.11111111,5.48611111,0.1687,1,0.7065,hsa-mir-217
Disease,Hypertension,2,0.05128205,2.53205128,0.1853,1,0.7547,"hsa-mir-139,hsa-mir-31"
Disease,Celiac Disease,1,0.1,4.9375,0.1857,1,0.7535,hsa-mir-31
Disease,Mild Cognitive Impairment,1,0.09090909,4.48863636,0.2023,1,0.8154,hsa-mir-206
Disease,Mesothelioma,1,0.09090909,4.48863636,0.2023,1,0.8154,hsa-mir-31
Disease,Synovial Sarcoma,1,0.09090909,4.48863636,0.2023,1,0.8154,hsa-mir-223
Disease,ACTH-Secreting Pituitary Adenoma,1,0.09090909,4.48863636,0.2023,1,0.8154,hsa-mir-150
Disease,"Leukemia, Lymphoblastic, Acute, Childhood",1,0.08333333,4.11458333,0.2186,1,0.855,hsa-mir-210
Disease,"Carcinoma, Thyroid, Anaplastic",1,0.08333333,4.11458333,0.2186,1,0.855,hsa-mir-206
Disease,Ewing's Sarcoma,1,0.08333333,4.11458333,0.2186,1,0.855,hsa-mir-31
Disease,Down Syndrome,1,0.08333333,4.11458333,0.2186,1,0.855,hsa-mir-802
Disease,Lofgren's Syndrome,1,0.08333333,4.11458333,0.2186,1,0.855,hsa-mir-150
Disease,"Lymphoma, Large-Cell, Anaplastic",1,0.08333333,4.11458333,0.2186,1,0.855,hsa-mir-150
Disease,Retinoblastoma,2,0.04444444,2.19444444,0.2305,1,0.8811,"hsa-mir-215,hsa-mir-31"
Disease,Keloid,1,0.07692308,3.79807692,0.2346,1,0.8911,hsa-mir-205
Disease,Male Infertility,1,0.07692308,3.79807692,0.2346,1,0.8911,hsa-mir-210
Disease,Spinal Cord Injuries,1,0.07692308,3.79807692,0.2346,1,0.8911,hsa-mir-142
Disease,Immune Thrombocytopenic Purpura,1,0.07692308,3.79807692,0.2346,1,0.8911,hsa-mir-223
Disease,Tuberculosis,1,0.07692308,3.79807692,0.2346,1,0.8911,hsa-mir-223
Disease,Lupus Nephritis,1,0.07692308,3.79807692,0.2346,1,0.8911,hsa-mir-150
Disease,"Lymphoma, Burkitt's",1,0.07692308,3.79807692,0.2346,1,0.8911,hsa-mir-150
Disease,Multiple Sclerosis,2,0.04255319,2.10106383,0.2458,1,0.913,"hsa-mir-223,hsa-mir-142"
Disease,"Carcinoma, Prostate",7,0.02723735,1.34484436,0.2502,1,0.9265,"hsa-mir-203a,hsa-mir-210,hsa-mir-150,hsa-mir-139,hsa-mir-205,hsa-mir-31,hsa-mir-223"
Disease,Habitual Abortion,1,0.07142857,3.52678571,0.2503,1,0.9239,hsa-mir-184
Disease,Macular Degeneration,1,0.07142857,3.52678571,0.2503,1,0.9239,hsa-mir-184
Disease,"Leukemia, B-Cell",1,0.07142857,3.52678571,0.2503,1,0.9239,hsa-mir-142
Disease,Myotonic Muscular Dystrophy,1,0.07142857,3.52678571,0.2503,1,0.9239,hsa-mir-206
Disease,Chordoma,1,0.07142857,3.52678571,0.2503,1,0.9239,hsa-mir-31
Disease,Acute Ischemic Stroke,1,0.07142857,3.52678571,0.2503,1,0.9239,hsa-mir-223
Disease,Mandibular Prognathism,1,0.07142857,3.52678571,0.2503,1,0.9239,hsa-mir-150
Disease,Myasthenia Gravis,1,0.07142857,3.52678571,0.2503,1,0.9239,hsa-mir-150
Disease,Idiopathic Pulmonary Fibrosis,1,0.06666667,3.29166667,0.2656,1,0.9568,hsa-mir-210
Disease,"Leukemia, Promyelocytic, Acute",1,0.06666667,3.29166667,0.2656,1,0.9568,hsa-mir-142
Disease,Liver Injury,1,0.06666667,3.29166667,0.2656,1,0.9568,hsa-mir-223
Disease,"Adenocarcinoma, Gastric-Esophageal Junction",1,0.06666667,3.29166667,0.2656,1,0.9568,hsa-mir-196a-1
Disease,Maternal Obesity During Childbirth,1,0.06666667,3.29166667,0.2656,1,0.9568,hsa-mir-150
Disease,Obesity,2,0.03921569,1.93627451,0.2765,1,0.9781,"hsa-mir-223,hsa-mir-210"
Disease,Thyroid Neoplasms,1,0.0625,3.0859375,0.2807,1,0.99,hsa-mir-144
Disease,Myocardial Fibrosis,1,0.0625,3.0859375,0.2807,1,0.99,hsa-mir-203a
Disease,Bronchopulmonary Dysplasia,1,0.0625,3.0859375,0.2807,1,0.99,hsa-mir-206
Disease,Cystic Fibrosis,1,0.0625,3.0859375,0.2807,1,0.99,hsa-mir-31
Disease,Focal Segmental Glomerulosclerosis,1,0.05882353,2.90441176,0.2955,1,1,hsa-mir-196a-1
Disease,Arteriosclerosis Obliterans,1,0.05555556,2.74305556,0.31,1,1,hsa-mir-142
Disease,Epstein-Barr Virus Infection,1,0.05555556,2.74305556,0.31,1,1,hsa-mir-142
Disease,Mesial Temporal Lobe Epilepsy,1,0.05555556,2.74305556,0.31,1,1,hsa-mir-196b
Disease,"Muscular Dystrophy, Facioscapulohumeral",1,0.05555556,2.74305556,0.31,1,1,hsa-mir-206
Disease,Liver Cirrhosis,2,0.03508772,1.73245614,0.3226,1,1,"hsa-mir-203a,hsa-mir-144"
Disease,"Cardiomyopathy, Ischemic",1,0.05263158,2.59868421,0.3241,1,1,hsa-mir-139
Disease,Cervical Neoplasms,1,0.05263158,2.59868421,0.3241,1,1,hsa-mir-215
Disease,Neuroblastoma,2,0.03389831,1.67372881,0.3378,1,1,"hsa-mir-203a,hsa-mir-205"
Disease,"Aortic Aneurysm, Abdominal",1,0.04761905,2.35119048,0.3517,1,1,hsa-mir-205
Disease,Chondrosarcoma,1,0.04761905,2.35119048,0.3517,1,1,hsa-mir-206
Disease,"Leukemia, Lymphoblastic",1,0.04761905,2.35119048,0.3517,1,1,hsa-mir-223
Disease,"Lymphoma, Hodgkin",1,0.04545455,2.24431818,0.3651,1,1,hsa-mir-196a-1
Disease,Intrahepatic Cholangiocarcinoma,1,0.04545455,2.24431818,0.3651,1,1,hsa-mir-150
Disease,"Adenocarcinoma, Colon",1,0.04347826,2.14673913,0.3782,1,1,hsa-mir-552
Disease,Ischemia-Reperfusion Injury,1,0.04347826,2.14673913,0.3782,1,1,hsa-mir-223
Disease,Brain Neoplasms,1,0.04166667,2.05729167,0.391,1,1,hsa-mir-451a
Disease,Cardiomyopathy,1,0.04166667,2.05729167,0.391,1,1,hsa-mir-451a
Disease,"Leukemia, Myeloid, Chronic",2,0.02985075,1.4738806,0.3979,1,1,"hsa-mir-196b,hsa-mir-142"
Disease,Vascular Diseases [unspecific],1,0.03703704,1.8287037,0.428,1,1,hsa-mir-210
Disease,"Squamous Cell Carcinoma, Tongue",1,0.03703704,1.8287037,0.428,1,1,hsa-mir-203a
Disease,HIV-Associated Lipodystrophy,1,0.03571429,1.76339286,0.4399,1,1,hsa-mir-196b
Disease,Liver Diseases [unspecific],1,0.03448276,1.70258621,0.4515,1,1,hsa-mir-139
Disease,Chronic Hepatitis B,1,0.03125,1.54296875,0.485,1,1,hsa-mir-210
Disease,"Leukemia, Lymphocytic, Chronic, B-Cell",1,0.02941176,1.45220588,0.5062,1,1,hsa-mir-223
Disease,Stroke,1,0.02702703,1.33445946,0.5365,1,1,hsa-mir-150
Disease,Heart Diseases [unspecific],1,0.02631579,1.29934211,0.5462,1,1,hsa-mir-184
Disease,"Lymphoma, Large B-Cell, Diffuse",1,0.02631579,1.29934211,0.5462,1,1,hsa-mir-150
Disease,Osteoarthritis,1,0.02439024,1.20426829,0.5741,1,1,hsa-mir-139
Disease,Parkinson's Disease,1,0.02439024,1.20426829,0.5741,1,1,hsa-mir-144
Disease,Schizophrenia,1,0.01886792,0.93160377,0.6702,1,1,hsa-mir-206
