Category,Term,Count,Percent,Fold,P-value,Bonferroni,FDR,miRNA
Disease,"Carcinoma, Hepatocellular",72,0.21238938,1.92123218,3.21E-12,1.84E-09,1.27E-09,"hsa-mir-520b,hsa-mir-522,hsa-mir-203a,hsa-mir-9-1,hsa-mir-33b,hsa-mir-525,hsa-mir-96,hsa-mir-133b,hsa-mir-30d,hsa-mir-193b,hsa-mir-224,hsa-mir-520g,hsa-mir-573,hsa-mir-486-1,hsa-mir-129-1,hsa-mir-101-1,hsa-mir-345,hsa-mir-9-2,hsa-mir-210,hsa-mir-135a-2,hsa-mir-1-2,hsa-mir-144,hsa-mir-296,hsa-mir-338,hsa-mir-135b,hsa-mir-616,hsa-mir-126,hsa-mir-615,hsa-mir-190a,hsa-mir-129-2,hsa-mir-1-1,hsa-mir-30a,hsa-mir-206,hsa-mir-451a,hsa-mir-326,hsa-mir-105-1,hsa-mir-196a-2,hsa-mir-182,hsa-mir-133a-2,hsa-mir-195,hsa-mir-372,hsa-mir-877,hsa-mir-33a,hsa-mir-139,hsa-mir-708,hsa-mir-29c,hsa-mir-940,hsa-mir-105-2,hsa-mir-101-2,hsa-mir-503,hsa-mir-218-2,hsa-mir-30b,hsa-mir-675,hsa-mir-183,hsa-mir-196a-1,hsa-mir-1269b,hsa-mir-455,hsa-mir-205,hsa-mir-511,hsa-mir-143,hsa-mir-486-2,hsa-mir-133a-1,hsa-mir-520d,hsa-mir-149,hsa-mir-130b,hsa-mir-31,hsa-mir-30c-2,hsa-mir-140,hsa-mir-760,hsa-mir-1269a,hsa-mir-9-3,hsa-mir-218-1"
Disease,"Carcinoma, Lung",52,0.24413146,2.20836469,3.33E-10,1.91E-07,9.85E-08,"hsa-mir-522,hsa-mir-203a,hsa-mir-9-1,hsa-mir-33b,hsa-mir-96,hsa-mir-133b,hsa-mir-30d,hsa-mir-224,hsa-mir-486-1,hsa-mir-129-1,hsa-mir-937,hsa-mir-101-1,hsa-mir-373,hsa-mir-9-2,hsa-mir-135a-2,hsa-mir-1-2,hsa-mir-144,hsa-mir-944,hsa-mir-338,hsa-mir-616,hsa-mir-126,hsa-mir-129-2,hsa-mir-30a,hsa-mir-1-1,hsa-mir-206,hsa-mir-451a,hsa-mir-196a-2,hsa-mir-182,hsa-mir-133a-2,hsa-mir-3662,hsa-mir-33a,hsa-mir-139,hsa-mir-29c,hsa-mir-520e,hsa-mir-101-2,hsa-mir-301b,hsa-mir-503,hsa-mir-218-2,hsa-mir-30b,hsa-mir-183,hsa-mir-196a-1,hsa-mir-205,hsa-mir-143,hsa-mir-486-2,hsa-mir-133a-1,hsa-mir-149,hsa-mir-130b,hsa-mir-31,hsa-mir-30c-2,hsa-mir-140,hsa-mir-9-3,hsa-mir-218-1"
Disease,"Carcinoma, Breast",68,0.1954023,1.76757041,5.06E-10,2.91E-07,1.20E-07,"hsa-mir-33b,hsa-mir-573,hsa-mir-373,hsa-mir-345,hsa-mir-296,hsa-mir-135b,hsa-mir-451a,hsa-mir-196a-2,hsa-mir-3923,hsa-mir-708,hsa-mir-183,hsa-mir-486-2,hsa-mir-130b,hsa-mir-30c-2,hsa-mir-224,hsa-mir-486-1,hsa-mir-196b,hsa-mir-210,hsa-mir-135a-2,hsa-mir-1-2,hsa-mir-126,hsa-mir-892b,hsa-mir-1-1,hsa-mir-133a-2,hsa-mir-195,hsa-mir-33a,hsa-mir-940,hsa-mir-105-2,hsa-mir-892a,hsa-mir-101-2,hsa-mir-30b,hsa-mir-140,hsa-mir-760,hsa-mir-203a,hsa-mir-9-1,hsa-mir-96,hsa-mir-133b,hsa-mir-30d,hsa-mir-193b,hsa-mir-129-1,hsa-mir-144,hsa-mir-338,hsa-mir-3200,hsa-mir-190a,hsa-mir-129-2,hsa-mir-30a,hsa-mir-206,hsa-mir-182,hsa-mir-139,hsa-mir-29c,hsa-mir-196a-1,hsa-mir-455,hsa-mir-205,hsa-mir-143,hsa-mir-149,hsa-mir-31,hsa-mir-218-1,hsa-mir-101-1,hsa-mir-9-2,hsa-mir-519a-2,hsa-mir-105-1,hsa-mir-503,hsa-mir-218-2,hsa-mir-675,hsa-mir-133a-1,hsa-mir-519a-1,hsa-mir-9-3,hsa-mir-520h"
Disease,"Carcinoma, Laryngeal",25,0.3968254,3.58960378,9.70E-10,5.58E-07,1.92E-07,"hsa-mir-486-2,hsa-mir-133a-1,hsa-mir-29c,hsa-mir-9-1,hsa-mir-101-2,hsa-mir-193b,hsa-mir-519b,hsa-mir-486-1,hsa-mir-31,hsa-mir-1-1,hsa-mir-30b,hsa-mir-206,hsa-mir-101-1,hsa-mir-373,hsa-mir-196a-2,hsa-mir-9-3,hsa-mir-133a-2,hsa-mir-196a-1,hsa-mir-9-2,hsa-mir-210,hsa-mir-195,hsa-mir-205,hsa-mir-1-2,hsa-mir-144,hsa-mir-296"
Disease,"Carcinoma, Bladder",36,0.3,2.71374046,1.15E-09,6.63E-07,1.95E-07,"hsa-mir-9-1,hsa-mir-96,hsa-mir-133b,hsa-mir-224,hsa-mir-573,hsa-mir-101-1,hsa-mir-373,hsa-mir-9-2,hsa-mir-210,hsa-mir-135a-2,hsa-mir-1-2,hsa-mir-144,hsa-mir-126,hsa-mir-892b,hsa-mir-1-1,hsa-mir-451a,hsa-mir-196a-2,hsa-mir-182,hsa-mir-133a-2,hsa-mir-195,hsa-mir-139,hsa-mir-29c,hsa-mir-101-2,hsa-mir-218-2,hsa-mir-30b,hsa-mir-183,hsa-mir-196a-1,hsa-mir-205,hsa-mir-143,hsa-mir-133a-1,hsa-mir-130b,hsa-mir-31,hsa-mir-140,hsa-mir-9-3,hsa-mir-218-1,hsa-mir-3171"
Disease,"Carcinoma, Colon",65,0.20634921,1.86659397,1.71E-09,9.83E-07,2.53E-07,"hsa-mir-522,hsa-mir-203a,hsa-mir-1292,hsa-mir-9-1,hsa-mir-525,hsa-mir-96,hsa-mir-133b,hsa-mir-30d,hsa-mir-224,hsa-mir-520g,hsa-mir-486-1,hsa-mir-129-1,hsa-mir-101-1,hsa-mir-373,hsa-mir-196b,hsa-mir-345,hsa-mir-9-2,hsa-mir-210,hsa-mir-135a-2,hsa-mir-1-2,hsa-mir-144,hsa-mir-519c,hsa-mir-338,hsa-mir-135b,hsa-mir-126,hsa-mir-129-2,hsa-mir-30a,hsa-mir-1-1,hsa-mir-206,hsa-mir-451a,hsa-mir-326,hsa-mir-196a-2,hsa-mir-182,hsa-mir-133a-2,hsa-mir-195,hsa-mir-372,hsa-mir-877,hsa-mir-139,hsa-mir-518a-1,hsa-mir-29c,hsa-mir-518a-2,hsa-mir-892a,hsa-mir-101-2,hsa-mir-301b,hsa-mir-371a,hsa-mir-503,hsa-mir-218-2,hsa-mir-30b,hsa-mir-675,hsa-mir-183,hsa-mir-196a-1,hsa-mir-455,hsa-mir-205,hsa-mir-143,hsa-mir-486-2,hsa-mir-133a-1,hsa-mir-149,hsa-mir-130b,hsa-mir-31,hsa-mir-30c-2,hsa-mir-140,hsa-mir-760,hsa-mir-1269a,hsa-mir-218-1,hsa-mir-9-3"
Disease,"Carcinoma, Gastric",59,0.21454545,1.9407356,3.49E-09,2.01E-06,4.14E-07,"hsa-mir-520b,hsa-mir-203a,hsa-mir-9-1,hsa-mir-33b,hsa-mir-96,hsa-mir-133b,hsa-mir-193b,hsa-mir-224,hsa-mir-573,hsa-mir-486-1,hsa-mir-129-1,hsa-mir-101-1,hsa-mir-196b,hsa-mir-9-2,hsa-mir-210,hsa-mir-135a-2,hsa-mir-1-2,hsa-mir-519c,hsa-mir-144,hsa-mir-338,hsa-mir-135b,hsa-mir-519a-2,hsa-mir-126,hsa-mir-519b,hsa-mir-4732,hsa-mir-129-2,hsa-mir-1-1,hsa-mir-30a,hsa-mir-206,hsa-mir-451a,hsa-mir-326,hsa-mir-196a-2,hsa-mir-182,hsa-mir-133a-2,hsa-mir-139,hsa-mir-29c,hsa-mir-520e,hsa-mir-940,hsa-mir-101-2,hsa-mir-503,hsa-mir-218-2,hsa-mir-30b,hsa-mir-675,hsa-mir-183,hsa-mir-196a-1,hsa-mir-455,hsa-mir-205,hsa-mir-143,hsa-mir-486-2,hsa-mir-133a-1,hsa-mir-520d,hsa-mir-519a-1,hsa-mir-149,hsa-mir-130b,hsa-mir-31,hsa-mir-140,hsa-mir-760,hsa-mir-218-1,hsa-mir-9-3"
Disease,Glioma,49,0.23557692,2.13098209,5.80E-09,3.34E-06,6.25E-07,"hsa-mir-203a,hsa-mir-9-1,hsa-mir-96,hsa-mir-133b,hsa-mir-193b,hsa-mir-101-1,hsa-mir-373,hsa-mir-767,hsa-mir-196b,hsa-mir-9-2,hsa-mir-210,hsa-mir-323a,hsa-mir-135a-2,hsa-mir-144,hsa-mir-296,hsa-mir-338,hsa-mir-135b,hsa-mir-126,hsa-mir-129-2,hsa-mir-30a,hsa-mir-451a,hsa-mir-326,hsa-mir-105-1,hsa-mir-196a-2,hsa-mir-182,hsa-mir-133a-2,hsa-mir-195,hsa-mir-372,hsa-mir-33a,hsa-mir-139,hsa-mir-29c,hsa-mir-105-2,hsa-mir-101-2,hsa-mir-218-2,hsa-mir-30b,hsa-mir-675,hsa-mir-183,hsa-mir-196a-1,hsa-mir-455,hsa-mir-205,hsa-mir-143,hsa-mir-133a-1,hsa-mir-149,hsa-mir-130b,hsa-mir-31,hsa-mir-140,hsa-mir-323b,hsa-mir-9-3,hsa-mir-218-1"
Disease,Bladder Neoplasms,17,0.45945946,4.15617908,4.75E-08,2.73E-05,4.69E-06,"hsa-mir-203a,hsa-mir-708,hsa-mir-133a-1,hsa-mir-9-1,hsa-mir-133b,hsa-mir-101-2,hsa-mir-503,hsa-mir-149,hsa-mir-1-1,hsa-mir-101-1,hsa-mir-9-3,hsa-mir-133a-2,hsa-mir-9-2,hsa-mir-210,hsa-mir-205,hsa-mir-1-2,hsa-mir-143"
Disease,Breast Neoplasms,38,0.25675676,2.32257066,4.97E-08,2.86E-05,4.53E-06,"hsa-mir-9-1,hsa-mir-96,hsa-mir-133b,hsa-mir-30d,hsa-mir-193b,hsa-mir-486-1,hsa-mir-345,hsa-mir-9-2,hsa-mir-210,hsa-mir-1-2,hsa-mir-519c,hsa-mir-296,hsa-mir-338,hsa-mir-135b,hsa-mir-129-2,hsa-mir-30a,hsa-mir-1-1,hsa-mir-206,hsa-mir-451a,hsa-mir-196a-2,hsa-mir-182,hsa-mir-133a-2,hsa-mir-195,hsa-mir-516a-1,hsa-mir-218-2,hsa-mir-30b,hsa-mir-183,hsa-mir-196a-1,hsa-mir-205,hsa-mir-143,hsa-mir-486-2,hsa-mir-133a-1,hsa-mir-149,hsa-mir-31,hsa-mir-1248,hsa-mir-30c-2,hsa-mir-218-1,hsa-mir-520h"
Disease,"Adenocarcinoma, Lung",30,0.2970297,2.68687174,5.28E-08,3.04E-05,4.47E-06,"hsa-mir-520b,hsa-mir-203a,hsa-mir-9-1,hsa-mir-33b,hsa-mir-133b,hsa-mir-30d,hsa-mir-224,hsa-mir-101-1,hsa-mir-373,hsa-mir-196b,hsa-mir-9-2,hsa-mir-210,hsa-mir-126,hsa-mir-206,hsa-mir-451a,hsa-mir-326,hsa-mir-182,hsa-mir-133a-2,hsa-mir-195,hsa-mir-183,hsa-mir-205,hsa-mir-511,hsa-mir-133a-1,hsa-mir-519a-1,hsa-mir-149,hsa-mir-31,hsa-mir-30c-2,hsa-mir-140,hsa-mir-9-3,hsa-mir-218-1"
Disease,Glioblastoma,41,0.24260355,2.19454357,7.34E-08,4.22E-05,5.80E-06,"hsa-mir-522,hsa-mir-203a,hsa-mir-9-1,hsa-mir-133b,hsa-mir-577,hsa-mir-224,hsa-mir-193b,hsa-mir-486-1,hsa-mir-129-1,hsa-mir-101-1,hsa-mir-9-2,hsa-mir-210,hsa-mir-1-2,hsa-mir-144,hsa-mir-296,hsa-mir-147b,hsa-mir-135b,hsa-mir-126,hsa-mir-129-2,hsa-mir-30a,hsa-mir-1-1,hsa-mir-206,hsa-mir-451a,hsa-mir-326,hsa-mir-182,hsa-mir-195,hsa-mir-139,hsa-mir-29c,hsa-mir-101-2,hsa-mir-503,hsa-mir-218-2,hsa-mir-30b,hsa-mir-455,hsa-mir-205,hsa-mir-143,hsa-mir-486-2,hsa-mir-149,hsa-mir-130b,hsa-mir-31,hsa-mir-9-3,hsa-mir-218-1"
Disease,"Carcinoma, Prostate",53,0.20622568,1.86547658,1.79E-07,0.000103,1.32E-05,"hsa-mir-203a,hsa-mir-9-1,hsa-mir-96,hsa-mir-133b,hsa-mir-30d,hsa-mir-193b,hsa-mir-224,hsa-mir-129-1,hsa-mir-101-1,hsa-mir-373,hsa-mir-345,hsa-mir-9-2,hsa-mir-210,hsa-mir-323a,hsa-mir-135a-2,hsa-mir-1-2,hsa-mir-519c,hsa-mir-296,hsa-mir-135b,hsa-mir-126,hsa-mir-190a,hsa-mir-129-2,hsa-mir-30a,hsa-mir-1-1,hsa-mir-196a-2,hsa-mir-182,hsa-mir-133a-2,hsa-mir-195,hsa-mir-372,hsa-mir-33a,hsa-mir-139,hsa-mir-708,hsa-mir-29c,hsa-mir-940,hsa-mir-101-2,hsa-mir-301b,hsa-mir-371a,hsa-mir-503,hsa-mir-218-2,hsa-mir-675,hsa-mir-183,hsa-mir-455,hsa-mir-205,hsa-mir-3654,hsa-mir-143,hsa-mir-133a-1,hsa-mir-149,hsa-mir-130b,hsa-mir-31,hsa-mir-30c-2,hsa-mir-323b,hsa-mir-9-3,hsa-mir-218-1"
Disease,"Squamous Cell Carcinoma, Esophageal",36,0.25352113,2.2933018,1.83E-07,0.000105,1.28E-05,"hsa-mir-203a,hsa-mir-9-1,hsa-mir-33b,hsa-mir-133b,hsa-mir-577,hsa-mir-30d,hsa-mir-193b,hsa-mir-224,hsa-mir-129-1,hsa-mir-101-1,hsa-mir-3651,hsa-mir-9-2,hsa-mir-1-2,hsa-mir-338,hsa-mir-126,hsa-mir-129-2,hsa-mir-1-1,hsa-mir-196a-2,hsa-mir-133a-2,hsa-mir-195,hsa-mir-139,hsa-mir-518a-1,hsa-mir-29c,hsa-mir-518a-2,hsa-mir-101-2,hsa-mir-218-2,hsa-mir-518f,hsa-mir-183,hsa-mir-196a-1,hsa-mir-205,hsa-mir-143,hsa-mir-133a-1,hsa-mir-130b,hsa-mir-31,hsa-mir-9-3,hsa-mir-218-1"
Disease,"Carcinoma, Cervical",35,0.25362319,2.29422502,2.85E-07,0.000164,1.87E-05,"hsa-mir-203a,hsa-mir-9-1,hsa-mir-96,hsa-mir-224,hsa-mir-129-1,hsa-mir-101-1,hsa-mir-373,hsa-mir-196b,hsa-mir-9-2,hsa-mir-135a-2,hsa-mir-944,hsa-mir-135b,hsa-mir-126,hsa-mir-129-2,hsa-mir-206,hsa-mir-196a-2,hsa-mir-182,hsa-mir-133a-2,hsa-mir-195,hsa-mir-33a,hsa-mir-139,hsa-mir-29c,hsa-mir-101-2,hsa-mir-503,hsa-mir-218-2,hsa-mir-30b,hsa-mir-183,hsa-mir-196a-1,hsa-mir-205,hsa-mir-143,hsa-mir-133a-1,hsa-mir-31,hsa-mir-9-3,hsa-mir-218-1,hsa-mir-520h"
Disease,Osteosarcoma,40,0.23391813,2.11597697,3.45E-07,0.000198,2.15E-05,"hsa-mir-203a,hsa-mir-9-1,hsa-mir-33b,hsa-mir-133b,hsa-mir-224,hsa-mir-486-1,hsa-mir-129-1,hsa-mir-101-1,hsa-mir-196b,hsa-mir-9-2,hsa-mir-210,hsa-mir-1-2,hsa-mir-144,hsa-mir-135b,hsa-mir-126,hsa-mir-129-2,hsa-mir-1-1,hsa-mir-206,hsa-mir-451a,hsa-mir-326,hsa-mir-196a-2,hsa-mir-182,hsa-mir-133a-2,hsa-mir-195,hsa-mir-33a,hsa-mir-29c,hsa-mir-101-2,hsa-mir-503,hsa-mir-218-2,hsa-mir-3928,hsa-mir-183,hsa-mir-196a-1,hsa-mir-205,hsa-mir-143,hsa-mir-486-2,hsa-mir-133a-1,hsa-mir-130b,hsa-mir-140,hsa-mir-9-3,hsa-mir-218-1"
Disease,"Carcinoma, Esophageal",22,0.33333333,3.01526718,4.71E-07,0.000271,2.79E-05,"hsa-mir-203a,hsa-mir-133a-1,hsa-mir-96,hsa-mir-126,hsa-mir-101-2,hsa-mir-193b,hsa-mir-503,hsa-mir-218-2,hsa-mir-31,hsa-mir-30b,hsa-mir-30c-2,hsa-mir-140,hsa-mir-101-1,hsa-mir-451a,hsa-mir-196a-2,hsa-mir-218-1,hsa-mir-183,hsa-mir-133a-2,hsa-mir-196a-1,hsa-mir-205,hsa-mir-144,hsa-mir-143"
Disease,Congenital Heart Diseases,12,0.54545455,4.93407356,5.07E-07,0.000291,2.86E-05,"hsa-mir-518a-1,hsa-mir-133a-1,hsa-mir-96,hsa-mir-518a-2,hsa-mir-1-1,hsa-mir-30b,hsa-mir-518f,hsa-mir-196a-2,hsa-mir-133a-2,hsa-mir-195,hsa-mir-1-2,hsa-mir-143"
Disease,"Carcinoma, Lung. Non-Small-Cell",46,0.21004566,1.90003137,1.06E-06,0.000611,5.47E-05,"hsa-mir-203a,hsa-mir-9-1,hsa-mir-30d,hsa-mir-193b,hsa-mir-486-1,hsa-mir-129-1,hsa-mir-101-1,hsa-mir-373,hsa-mir-196b,hsa-mir-210,hsa-mir-135a-2,hsa-mir-1-2,hsa-mir-144,hsa-mir-296,hsa-mir-135b,hsa-mir-126,hsa-mir-129-2,hsa-mir-1-1,hsa-mir-30a,hsa-mir-326,hsa-mir-196a-2,hsa-mir-182,hsa-mir-133a-2,hsa-mir-195,hsa-mir-372,hsa-mir-139,hsa-mir-33a,hsa-mir-708,hsa-mir-29c,hsa-mir-520e,hsa-mir-101-2,hsa-mir-301b,hsa-mir-503,hsa-mir-218-2,hsa-mir-30b,hsa-mir-675,hsa-mir-196a-1,hsa-mir-205,hsa-mir-143,hsa-mir-486-2,hsa-mir-133a-1,hsa-mir-149,hsa-mir-31,hsa-mir-30c-2,hsa-mir-140,hsa-mir-218-1"
Disease,Muscle Diseases [unspecific],7,0.875,7.91507634,1.27E-06,0.000729,6.26E-05,"hsa-mir-30a,hsa-mir-30d,hsa-mir-30b,hsa-mir-133a-2,hsa-mir-206,hsa-mir-133a-1,hsa-mir-133b"
Disease,Cerebral Aneurysm,11,0.55,4.97519084,1.42E-06,0.000817,6.48E-05,"hsa-mir-1-1,hsa-mir-133a-2,hsa-mir-9-2,hsa-mir-455,hsa-mir-133a-1,hsa-mir-9-3,hsa-mir-1-2,hsa-mir-29c,hsa-mir-9-1,hsa-mir-133b,hsa-mir-143"
Disease,"Muscular Dystrophy, Duchenne",6,1,9.04580153,1.65E-06,0.000946,7.22E-05,"hsa-mir-1-1,hsa-mir-133a-2,hsa-mir-206,hsa-mir-133a-1,hsa-mir-1-2,hsa-mir-133b"
Disease,Aortic Stenosis,12,0.48,4.34198473,3.03E-06,0.00174,0.000128,"hsa-mir-133a-1,hsa-mir-133b,hsa-mir-31,hsa-mir-30a,hsa-mir-1-1,hsa-mir-30b,hsa-mir-30c-2,hsa-mir-451a,hsa-mir-133a-2,hsa-mir-210,hsa-mir-195,hsa-mir-1-2"
Disease,Diabetes Mellitus,22,0.2972973,2.68929235,4.35E-06,0.0025,0.000178,"hsa-mir-486-2,hsa-mir-708,hsa-mir-133a-1,hsa-mir-29c,hsa-mir-9-1,hsa-mir-30d,hsa-mir-503,hsa-mir-149,hsa-mir-486-1,hsa-mir-130b,hsa-mir-30a,hsa-mir-1-1,hsa-mir-30b,hsa-mir-326,hsa-mir-196a-2,hsa-mir-196b,hsa-mir-9-3,hsa-mir-133a-2,hsa-mir-196a-1,hsa-mir-9-2,hsa-mir-1-2,hsa-mir-143"
Disease,Lung Neoplasms,28,0.25454545,2.30256766,5.61E-06,0.00323,0.000222,"hsa-mir-203a,hsa-mir-9-1,hsa-mir-133b,hsa-mir-30d,hsa-mir-224,hsa-mir-486-1,hsa-mir-9-2,hsa-mir-210,hsa-mir-1-2,hsa-mir-338,hsa-mir-126,hsa-mir-129-2,hsa-mir-30a,hsa-mir-1-1,hsa-mir-206,hsa-mir-196a-2,hsa-mir-182,hsa-mir-33a,hsa-mir-29c,hsa-mir-218-2,hsa-mir-183,hsa-mir-196a-1,hsa-mir-205,hsa-mir-143,hsa-mir-486-2,hsa-mir-31,hsa-mir-140,hsa-mir-218-1"
Disease,"Squamous Cell Carcinoma, Lung",11,0.47826087,4.3262529,8.51E-06,0.0049,0.000325,"hsa-mir-133a-1,hsa-mir-29c,hsa-mir-126,hsa-mir-218-2,hsa-mir-30b,hsa-mir-206,hsa-mir-182,hsa-mir-218-1,hsa-mir-183,hsa-mir-133a-2,hsa-mir-205"
Disease,Cardiomyopathy,11,0.45833333,4.14599237,1.42E-05,0.00819,0.000528,"hsa-mir-133a-1,hsa-mir-29c,hsa-mir-9-1,hsa-mir-133b,hsa-mir-30d,hsa-mir-30a,hsa-mir-30b,hsa-mir-451a,hsa-mir-9-3,hsa-mir-133a-2,hsa-mir-9-2"
Disease,Distal Myopathy,5,1,9.04580153,1.54E-05,0.00886,0.000553,"hsa-mir-1-2,hsa-mir-206,hsa-mir-1-1,hsa-mir-133a-2,hsa-mir-133a-1"
Disease,Musculoskeletal Abnormalities [unspecific],5,1,9.04580153,1.54E-05,0.00886,0.000553,"hsa-mir-1-2,hsa-mir-206,hsa-mir-1-1,hsa-mir-133a-2,hsa-mir-133a-1"
Disease,Ventricular Tachycardia,5,1,9.04580153,1.54E-05,0.00886,0.000553,"hsa-mir-1-2,hsa-mir-1-1,hsa-mir-133a-2,hsa-mir-133b,hsa-mir-133a-1"
Disease,Hypertension,14,0.35897436,3.2472108,2.77E-05,0.0159,0.000821,"hsa-mir-527,hsa-mir-139,hsa-mir-135b,hsa-mir-133a-1,hsa-mir-105-2,hsa-mir-31,hsa-mir-30a,hsa-mir-1-1,hsa-mir-1283-2,hsa-mir-105-1,hsa-mir-196a-2,hsa-mir-133a-2,hsa-mir-1-2,hsa-mir-1283-1"
Disease,Polycystic Kidney Disease,8,0.57142857,5.16902944,3.08E-05,0.0177,0.000889,"hsa-mir-1-1,hsa-mir-133a-2,hsa-mir-193b,hsa-mir-205,hsa-mir-133a-1,hsa-mir-1-2,hsa-mir-133b,hsa-mir-143"
Disease,Choriocarcinoma,18,0.3,2.71374046,3.17E-05,0.0183,0.000875,"hsa-mir-203a,hsa-mir-133a-1,hsa-mir-126,hsa-mir-30d,hsa-mir-193b,hsa-mir-218-2,hsa-mir-31,hsa-mir-196a-2,hsa-mir-182,hsa-mir-218-1,hsa-mir-183,hsa-mir-133a-2,hsa-mir-196a-1,hsa-mir-210,hsa-mir-195,hsa-mir-205,hsa-mir-135a-2,hsa-mir-143"
Disease,"Carcinoma, Ovarian",39,0.20103093,1.81848587,3.23E-05,0.0186,0.000869,"hsa-mir-203a,hsa-mir-9-1,hsa-mir-96,hsa-mir-133b,hsa-mir-30d,hsa-mir-224,hsa-mir-193b,hsa-mir-129-1,hsa-mir-101-1,hsa-mir-373,hsa-mir-196b,hsa-mir-9-2,hsa-mir-210,hsa-mir-135a-2,hsa-mir-1-2,hsa-mir-135b,hsa-mir-129-2,hsa-mir-30a,hsa-mir-1-1,hsa-mir-206,hsa-mir-451a,hsa-mir-196a-2,hsa-mir-182,hsa-mir-133a-2,hsa-mir-195,hsa-mir-372,hsa-mir-708,hsa-mir-940,hsa-mir-101-2,hsa-mir-183,hsa-mir-196a-1,hsa-mir-205,hsa-mir-143,hsa-mir-133a-1,hsa-mir-149,hsa-mir-130b,hsa-mir-31,hsa-mir-760,hsa-mir-9-3"
Disease,"Squamous Cell Carcinoma, Oral",22,0.26506024,2.39768233,3.44E-05,0.0198,0.000905,"hsa-mir-139,hsa-mir-338,hsa-mir-203a,hsa-mir-133a-1,hsa-mir-9-1,hsa-mir-133b,hsa-mir-126,hsa-mir-224,hsa-mir-143,hsa-mir-218-2,hsa-mir-31,hsa-mir-196a-2,hsa-mir-218-1,hsa-mir-3651,hsa-mir-133a-2,hsa-mir-9-3,hsa-mir-196a-1,hsa-mir-9-2,hsa-mir-210,hsa-mir-455,hsa-mir-205,hsa-mir-144"
Disease,"Cardiomyopathy, Hypertrophic",17,0.30909091,2.79597502,3.50E-05,0.0201,0.000901,"hsa-mir-708,hsa-mir-133a-1,hsa-mir-29c,hsa-mir-9-1,hsa-mir-96,hsa-mir-133b,hsa-mir-30d,hsa-mir-30a,hsa-mir-1-1,hsa-mir-30b,hsa-mir-451a,hsa-mir-9-3,hsa-mir-133a-2,hsa-mir-9-2,hsa-mir-195,hsa-mir-1-2,hsa-mir-143"
Disease,Rhabdomyosarcoma,9,0.5,4.52290076,3.87E-05,0.0222,0.000975,"hsa-mir-1-1,hsa-mir-133a-2,hsa-mir-9-2,hsa-mir-206,hsa-mir-203a,hsa-mir-133a-1,hsa-mir-1-2,hsa-mir-9-1,hsa-mir-9-3"
Disease,Chronic Hepatitis C,13,0.36111111,3.26653944,5.11E-05,0.0294,0.00124,"hsa-mir-33a,hsa-mir-224,hsa-mir-193b,hsa-mir-149,hsa-mir-30a,hsa-mir-1-1,hsa-mir-30b,hsa-mir-30c-2,hsa-mir-196a-2,hsa-mir-196b,hsa-mir-296,hsa-mir-196a-1,hsa-mir-1-2"
Disease,Prostate Neoplasms,20,0.26666667,2.41221374,7.49E-05,0.0431,0.00171,"hsa-mir-135b,hsa-mir-203a,hsa-mir-486-2,hsa-mir-521-1,hsa-mir-616,hsa-mir-133b,hsa-mir-105-2,hsa-mir-101-2,hsa-mir-193b,hsa-mir-521-2,hsa-mir-486-1,hsa-mir-130b,hsa-mir-30c-2,hsa-mir-101-1,hsa-mir-373,hsa-mir-105-1,hsa-mir-182,hsa-mir-205,hsa-mir-296,hsa-mir-143"
Disease,"Carcinoma, Renal Cell",27,0.22689076,2.05240875,8.49E-05,0.0488,0.0019,"hsa-mir-203a,hsa-mir-96,hsa-mir-133b,hsa-mir-224,hsa-mir-193b,hsa-mir-210,hsa-mir-135a-2,hsa-mir-144,hsa-mir-3065,hsa-mir-126,hsa-mir-129-2,hsa-mir-30a,hsa-mir-206,hsa-mir-451a,hsa-mir-196a-2,hsa-mir-182,hsa-mir-195,hsa-mir-372,hsa-mir-218-2,hsa-mir-30b,hsa-mir-183,hsa-mir-196a-1,hsa-mir-670,hsa-mir-205,hsa-mir-143,hsa-mir-30c-2,hsa-mir-218-1"
Disease,Retinal Degeneration,6,0.66666667,6.03053435,0.000104,0.0598,0.00228,"hsa-mir-183,hsa-mir-1-1,hsa-mir-1-2,hsa-mir-96,hsa-mir-133b,hsa-mir-182"
Disease,Non-Alcoholic Steatohepatitis,4,1,9.04580153,0.000143,0.0824,0.00309,"hsa-mir-9-3,hsa-mir-9-1,hsa-mir-144,hsa-mir-9-2"
Disease,Long QT Syndrome,4,1,9.04580153,0.000143,0.0824,0.00309,"hsa-mir-1-2,hsa-mir-1-1,hsa-mir-133a-2,hsa-mir-133a-1"
Disease,"Carcinoma, Pancreatic",33,0.19879518,1.79826175,0.000206,0.1184,0.00407,"hsa-mir-96,hsa-mir-193b,hsa-mir-101-1,hsa-mir-373,hsa-mir-196b,hsa-mir-345,hsa-mir-210,hsa-mir-323a,hsa-mir-135b,hsa-mir-126,hsa-mir-30a,hsa-mir-206,hsa-mir-196a-2,hsa-mir-182,hsa-mir-133a-2,hsa-mir-195,hsa-mir-33a,hsa-mir-139,hsa-mir-29c,hsa-mir-940,hsa-mir-101-2,hsa-mir-301b,hsa-mir-218-2,hsa-mir-30b,hsa-mir-183,hsa-mir-196a-1,hsa-mir-205,hsa-mir-143,hsa-mir-133a-1,hsa-mir-130b,hsa-mir-30c-2,hsa-mir-323b,hsa-mir-218-1"
Disease,Melanoma,28,0.21212121,1.91880638,0.000221,0.1269,0.00429,"hsa-mir-203a,hsa-mir-9-1,hsa-mir-33b,hsa-mir-30d,hsa-mir-193b,hsa-mir-224,hsa-mir-101-1,hsa-mir-373,hsa-mir-767,hsa-mir-9-2,hsa-mir-210,hsa-mir-296,hsa-mir-338,hsa-mir-30a,hsa-mir-206,hsa-mir-451a,hsa-mir-196a-2,hsa-mir-182,hsa-mir-33a,hsa-mir-101-2,hsa-mir-218-2,hsa-mir-183,hsa-mir-196a-1,hsa-mir-455,hsa-mir-205,hsa-mir-143,hsa-mir-9-3,hsa-mir-218-1"
Disease,Parkinson's Disease,13,0.31707317,2.86818097,0.000238,0.137,0.00455,"hsa-mir-29c,hsa-mir-9-1,hsa-mir-133b,hsa-mir-126,hsa-mir-129-1,hsa-mir-129-2,hsa-mir-30a,hsa-mir-1-1,hsa-mir-9-3,hsa-mir-9-2,hsa-mir-195,hsa-mir-1-2,hsa-mir-144"
Disease,"Diabetes Mellitus, Type 2",30,0.20408163,1.84608194,0.000265,0.1521,0.0049,"hsa-mir-9-1,hsa-mir-33b,hsa-mir-96,hsa-mir-133b,hsa-mir-30d,hsa-mir-486-1,hsa-mir-101-1,hsa-mir-9-2,hsa-mir-1-2,hsa-mir-144,hsa-mir-4778,hsa-mir-126,hsa-mir-30a,hsa-mir-1-1,hsa-mir-206,hsa-mir-451a,hsa-mir-196a-2,hsa-mir-182,hsa-mir-133a-2,hsa-mir-195,hsa-mir-33a,hsa-mir-29c,hsa-mir-101-2,hsa-mir-503,hsa-mir-196a-1,hsa-mir-455,hsa-mir-143,hsa-mir-486-2,hsa-mir-133a-1,hsa-mir-9-3"
Disease,"Muscular Dystrophy, Facioscapulohumeral",8,0.44444444,4.02035623,0.000304,0.1748,0.00546,"hsa-mir-1-1,hsa-mir-133a-2,hsa-mir-206,hsa-mir-133a-1,hsa-mir-1-2,hsa-mir-516b-2,hsa-mir-517c,hsa-mir-516b-1"
Disease,Myotonic Muscular Dystrophy,7,0.5,4.52290076,0.000305,0.1754,0.0054,"hsa-mir-1-1,hsa-mir-133a-2,hsa-mir-206,hsa-mir-133a-1,hsa-mir-1-2,hsa-mir-29c,hsa-mir-133b"
Disease,Atherosclerosis,22,0.23157895,2.0948172,0.000316,0.1819,0.00551,"hsa-mir-9-1,hsa-mir-33b,hsa-mir-133b,hsa-mir-30d,hsa-mir-9-2,hsa-mir-210,hsa-mir-144,hsa-mir-296,hsa-mir-135b,hsa-mir-126,hsa-mir-30a,hsa-mir-206,hsa-mir-182,hsa-mir-133a-2,hsa-mir-33a,hsa-mir-29c,hsa-mir-503,hsa-mir-30b,hsa-mir-143,hsa-mir-133a-1,hsa-mir-30c-2,hsa-mir-9-3"
Disease,"Carcinoma, Oral",12,0.32432432,2.93377347,0.000331,0.1906,0.00569,"hsa-mir-139,hsa-mir-135b,hsa-mir-203a,hsa-mir-31,hsa-mir-373,hsa-mir-196a-2,hsa-mir-196b,hsa-mir-196a-1,hsa-mir-1269b,hsa-mir-205,hsa-mir-520h,hsa-mir-372"
Disease,"Squamous Cell Carcinoma, Head and Neck",14,0.29166667,2.63835878,0.000365,0.2097,0.00609,"hsa-mir-147b,hsa-mir-29c,hsa-mir-193b,hsa-mir-30a,hsa-mir-1-1,hsa-mir-206,hsa-mir-675,hsa-mir-373,hsa-mir-196a-2,hsa-mir-182,hsa-mir-196a-1,hsa-mir-210,hsa-mir-1-2,hsa-mir-372"
Disease,Chronic Hepatitis,6,0.54545455,4.93407356,0.000473,0.2719,0.00778,"hsa-mir-101-2,hsa-mir-224,hsa-mir-203a,hsa-mir-101-1,hsa-mir-126,hsa-mir-143"
Disease,Essential Hypertension,8,0.42105263,3.80875854,0.000477,0.2741,0.00774,"hsa-mir-1-1,hsa-mir-133a-2,hsa-mir-9-2,hsa-mir-133a-1,hsa-mir-9-3,hsa-mir-1-2,hsa-mir-9-1,hsa-mir-126"
Disease,"Carcinoma, Urothelial",7,0.46666667,4.22137405,0.00052,0.2988,0.00832,"hsa-mir-129-2,hsa-mir-183,hsa-mir-30a,hsa-mir-101-2,hsa-mir-101-1,hsa-mir-96,hsa-mir-182"
Disease,Sepsis,11,0.32352941,2.92658285,0.000611,0.3514,0.00965,"hsa-mir-486-2,hsa-mir-133a-1,hsa-mir-126,hsa-mir-486-1,hsa-mir-31,hsa-mir-30a,hsa-mir-182,hsa-mir-133a-2,hsa-mir-210,hsa-mir-135a-2,hsa-mir-143"
Disease,"Carcinoma, Thyroid, Papillary",15,0.26785714,2.42298255,0.00062,0.3565,0.00967,"hsa-mir-135b,hsa-mir-9-1,hsa-mir-96,hsa-mir-126,hsa-mir-130b,hsa-mir-31,hsa-mir-30a,hsa-mir-30c-2,hsa-mir-140,hsa-mir-451a,hsa-mir-182,hsa-mir-9-3,hsa-mir-183,hsa-mir-9-2,hsa-mir-144"
Disease,Ovarian Neoplasms,23,0.21698113,1.96276826,0.000635,0.3649,0.00977,"hsa-mir-9-1,hsa-mir-133b,hsa-mir-30d,hsa-mir-224,hsa-mir-486-1,hsa-mir-9-2,hsa-mir-1-2,hsa-mir-296,hsa-mir-338,hsa-mir-135b,hsa-mir-126,hsa-mir-1-1,hsa-mir-133a-2,hsa-mir-516a-1,hsa-mir-218-2,hsa-mir-30b,hsa-mir-183,hsa-mir-486-2,hsa-mir-133a-1,hsa-mir-31,hsa-mir-30c-2,hsa-mir-9-3,hsa-mir-218-1"
Disease,Heart Failure,25,0.20833333,1.88454198,0.000691,0.3975,0.0105,"hsa-mir-133b,hsa-mir-30d,hsa-mir-129-1,hsa-mir-210,hsa-mir-135a-2,hsa-mir-1-2,hsa-mir-126,hsa-mir-129-2,hsa-mir-30a,hsa-mir-1-1,hsa-mir-451a,hsa-mir-105-1,hsa-mir-182,hsa-mir-133a-2,hsa-mir-195,hsa-mir-33a,hsa-mir-139,hsa-mir-105-2,hsa-mir-218-2,hsa-mir-30b,hsa-mir-205,hsa-mir-133a-1,hsa-mir-130b,hsa-mir-30c-2,hsa-mir-218-1"
Disease,Oral Leukoplakia,6,0.5,4.52290076,0.00086,0.4947,0.0127,"hsa-mir-129-2,hsa-mir-345,hsa-mir-205,hsa-mir-129-1,hsa-mir-525,hsa-mir-31"
Disease,Endometrial Neoplasms,6,0.5,4.52290076,0.00086,0.4947,0.0127,"hsa-mir-183,hsa-mir-9-2,hsa-mir-9-3,hsa-mir-9-1,hsa-mir-96,hsa-mir-182"
Disease,Myocardial Infarction,14,0.26923077,2.4354081,0.000902,0.5184,0.0129,"hsa-mir-29c,hsa-mir-133b,hsa-mir-126,hsa-mir-149,hsa-mir-218-2,hsa-mir-31,hsa-mir-1-1,hsa-mir-206,hsa-mir-451a,hsa-mir-196a-2,hsa-mir-218-1,hsa-mir-210,hsa-mir-1-2,hsa-mir-144"
Disease,"Squamous Cell Carcinoma, Cerevial",7,0.41176471,3.72474181,0.0013,0.7457,0.0181,"hsa-mir-323b,hsa-mir-323a,hsa-mir-205,hsa-mir-96,hsa-mir-144,hsa-mir-126,hsa-mir-143"
Disease,Malignant Peripheral Nerve Sheath Tumor,3,1,9.04580153,0.00132,0.7611,0.0182,"hsa-mir-210,hsa-mir-30a,hsa-mir-30d"
Disease,Thyroid Adenomas,3,1,9.04580153,0.00132,0.7611,0.0182,"hsa-mir-101-2,hsa-mir-144,hsa-mir-101-1"
Disease,MELAS Syndrome,3,1,9.04580153,0.00132,0.7611,0.0182,"hsa-mir-9-1,hsa-mir-9-3,hsa-mir-9-2"
Disease,Testicular Neoplasms,3,1,9.04580153,0.00132,0.7611,0.0182,"hsa-mir-373,hsa-mir-133b,hsa-mir-372"
Disease,Gestational Trophoblastic Disease,6,0.46153846,4.17498532,0.00145,0.8361,0.0174,"hsa-mir-516a-1,hsa-mir-516b-2,hsa-mir-517c,hsa-mir-520h,hsa-mir-525,hsa-mir-516b-1"
Disease,Intrahepatic Cholangiocarcinoma,8,0.36363636,3.28938237,0.00151,0.8676,0.0179,"hsa-mir-338,hsa-mir-96,hsa-mir-101-2,hsa-mir-1-1,hsa-mir-101-1,hsa-mir-675,hsa-mir-195,hsa-mir-1-2"
Disease,Alzheimer's Disease,21,0.21,1.89961832,0.00177,1,0.0208,"hsa-mir-9-1,hsa-mir-33b,hsa-mir-193b,hsa-mir-937,hsa-mir-101-1,hsa-mir-9-2,hsa-mir-323a,hsa-mir-135a-2,hsa-mir-296,hsa-mir-206,hsa-mir-195,hsa-mir-33a,hsa-mir-139,hsa-mir-708,hsa-mir-29c,hsa-mir-101-2,hsa-mir-511,hsa-mir-143,hsa-mir-31,hsa-mir-323b,hsa-mir-9-3"
Disease,Neuroendocrine Tumors,4,0.66666667,6.03053435,0.0018,1,0.0209,"hsa-mir-133a-2,hsa-mir-196a-1,hsa-mir-133a-1,hsa-mir-196a-2"
Disease,Spinal Muscular Atrophy,4,0.66666667,6.03053435,0.0018,1,0.0209,"hsa-mir-9-2,hsa-mir-206,hsa-mir-9-1,hsa-mir-9-3"
Disease,"Carcinoma, Nasopharyngeal",23,0.20175439,1.82503013,0.00187,1,0.0209,"hsa-mir-203a,hsa-mir-9-1,hsa-mir-30d,hsa-mir-101-1,hsa-mir-9-2,hsa-mir-1-2,hsa-mir-338,hsa-mir-30a,hsa-mir-1-1,hsa-mir-451a,hsa-mir-195,hsa-mir-372,hsa-mir-29c,hsa-mir-940,hsa-mir-101-2,hsa-mir-371a,hsa-mir-4501,hsa-mir-30b,hsa-mir-183,hsa-mir-205,hsa-mir-143,hsa-mir-31,hsa-mir-9-3"
Disease,Coronary Heart Diseases,14,0.25,2.26145038,0.00199,1,0.0221,"hsa-mir-486-2,hsa-mir-133a-1,hsa-mir-616,hsa-mir-126,hsa-mir-224,hsa-mir-149,hsa-mir-486-1,hsa-mir-31,hsa-mir-1-1,hsa-mir-206,hsa-mir-451a,hsa-mir-196a-2,hsa-mir-133a-2,hsa-mir-1-2"
Disease,"Squamous Cell Carcinoma, Laryngeal or Hypopharyngeal",9,0.32142857,2.90757906,0.00207,1,0.0227,"hsa-mir-139,hsa-mir-203a,hsa-mir-519a-2,hsa-mir-519a-1,hsa-mir-149,hsa-mir-140,hsa-mir-206,hsa-mir-451a,hsa-mir-205"
Disease,Chronic Obstructive Pulmonary Disease,9,0.32142857,2.90757906,0.00207,1,0.0227,"hsa-mir-9-1,hsa-mir-149,hsa-mir-218-2,hsa-mir-1-1,hsa-mir-196a-2,hsa-mir-9-3,hsa-mir-218-1,hsa-mir-9-2,hsa-mir-1-2"
Disease,"Diabetes Mellitus, Gestational",8,0.34782609,3.14636575,0.0021,1,0.0226,"hsa-mir-33a,hsa-mir-9-1,hsa-mir-126,hsa-mir-30d,hsa-mir-130b,hsa-mir-30c-2,hsa-mir-9-3,hsa-mir-9-2"
Disease,"Adenocarcinoma, Colon",8,0.34782609,3.14636575,0.0021,1,0.0226,"hsa-mir-135b,hsa-mir-96,hsa-mir-30d,hsa-mir-224,hsa-mir-503,hsa-mir-30a,hsa-mir-30b,hsa-mir-182"
Disease,Bladder Outlet Obstruction,6,0.42857143,3.87677208,0.00232,1,0.0245,"hsa-mir-30a,hsa-mir-30d,hsa-mir-1-1,hsa-mir-30b,hsa-mir-1-2,hsa-mir-29c"
Disease,Habitual Abortion,6,0.42857143,3.87677208,0.00232,1,0.0245,"hsa-mir-522,hsa-mir-519a-1,hsa-mir-149,hsa-mir-196a-2,hsa-mir-517c,hsa-mir-520h"
Disease,"Adenocarcinoma, Pancreatic Ductal",16,0.22535211,2.03849048,0.00307,1,0.0317,"hsa-mir-96,hsa-mir-940,hsa-mir-224,hsa-mir-615,hsa-mir-218-2,hsa-mir-31,hsa-mir-206,hsa-mir-326,hsa-mir-196a-2,hsa-mir-196b,hsa-mir-183,hsa-mir-218-1,hsa-mir-196a-1,hsa-mir-210,hsa-mir-135a-2,hsa-mir-143"
Disease,"Leukemia, Myeloid, Acute",23,0.19327731,1.74834819,0.00342,1,0.035,"hsa-mir-203a,hsa-mir-9-1,hsa-mir-96,hsa-mir-224,hsa-mir-196b,hsa-mir-9-2,hsa-mir-210,hsa-mir-323a,hsa-mir-135a-2,hsa-mir-519c,hsa-mir-519a-2,hsa-mir-126,hsa-mir-519b,hsa-mir-30a,hsa-mir-326,hsa-mir-29c,hsa-mir-301b,hsa-mir-30b,hsa-mir-519a-1,hsa-mir-149,hsa-mir-30c-2,hsa-mir-323b,hsa-mir-9-3"
Disease,Prolactinoma,6,0.4,3.61832061,0.00351,1,0.0356,"hsa-mir-30a,hsa-mir-486-2,hsa-mir-451a,hsa-mir-486-1,hsa-mir-144,hsa-mir-126"
Disease,"Fatty Liver, Non-Alcoholic",6,0.4,3.61832061,0.00351,1,0.0356,"hsa-mir-30c-2,hsa-mir-9-2,hsa-mir-149,hsa-mir-577,hsa-mir-9-3,hsa-mir-9-1"
Disease,Atrial Fibrillation,14,0.23333333,2.11068702,0.00402,1,0.0393,"hsa-mir-486-2,hsa-mir-29c,hsa-mir-126,hsa-mir-892a,hsa-mir-486-1,hsa-mir-30a,hsa-mir-1-1,hsa-mir-30b,hsa-mir-451a,hsa-mir-196a-2,hsa-mir-183,hsa-mir-1-2,hsa-mir-144,hsa-mir-3171"
Disease,Barrett's Esophagus,5,0.45454545,4.11172797,0.00408,1,0.0397,"hsa-mir-196a-1,hsa-mir-203a,hsa-mir-205,hsa-mir-196a-2,hsa-mir-143"
Disease,"Carcinoma, Rectal",12,0.25,2.26145038,0.00423,1,0.0404,"hsa-mir-139,hsa-mir-135b,hsa-mir-203a,hsa-mir-486-2,hsa-mir-486-1,hsa-mir-31,hsa-mir-196a-2,hsa-mir-183,hsa-mir-196a-1,hsa-mir-195,hsa-mir-135a-2,hsa-mir-143"
Disease,Pheochromocytoma,3,0.75,6.78435115,0.00486,1,0.0454,"hsa-mir-101-2,hsa-mir-210,hsa-mir-101-1"
Disease,"Diabetes Mellitus, Type 1",3,0.75,6.78435115,0.00486,1,0.0454,"hsa-mir-101-2,hsa-mir-30b,hsa-mir-101-1"
Disease,Hyperactivity Disorder,3,0.75,6.78435115,0.00486,1,0.0454,"hsa-mir-96,hsa-mir-182,hsa-mir-183"
Disease,Pain[unspecific],3,0.75,6.78435115,0.00486,1,0.0454,"hsa-mir-96,hsa-mir-183,hsa-mir-182"
Disease,"Carcinoma, Ovarian, Clear Cell",3,0.75,6.78435115,0.00486,1,0.0454,"hsa-mir-9-1,hsa-mir-9-3,hsa-mir-9-2"
Disease,Knee Osteoarthritis,3,0.75,6.78435115,0.00486,1,0.0454,"hsa-mir-9-1,hsa-mir-9-3,hsa-mir-9-2"
Disease,Gastrointestinal Neoplasms,17,0.20731707,1.8753491,0.00579,1,0.0501,"hsa-mir-139,hsa-mir-9-1,hsa-mir-133b,hsa-mir-126,hsa-mir-218-2,hsa-mir-130b,hsa-mir-129-1,hsa-mir-31,hsa-mir-129-2,hsa-mir-451a,hsa-mir-9-3,hsa-mir-196a-2,hsa-mir-218-1,hsa-mir-196a-1,hsa-mir-9-2,hsa-mir-210,hsa-mir-195"
Disease,Waldenstrom Macroglobulinemia,4,0.5,4.52290076,0.00701,1,0.0594,"hsa-mir-9-2,hsa-mir-206,hsa-mir-9-1,hsa-mir-9-3"
Disease,Arrhythmia,4,0.5,4.52290076,0.00701,1,0.0594,"hsa-mir-1-1,hsa-mir-133a-2,hsa-mir-133a-1,hsa-mir-1-2"
Disease,"Adenocarcinoma, Esophageal",7,0.31818182,2.87820958,0.00706,1,0.0585,"hsa-mir-203a,hsa-mir-224,hsa-mir-193b,hsa-mir-149,hsa-mir-210,hsa-mir-205,hsa-mir-944"
Disease,Focal Segmental Glomerulosclerosis,6,0.35294118,3.19263583,0.0072,1,0.0593,"hsa-mir-30a,hsa-mir-30b,hsa-mir-30c-2,hsa-mir-30d,hsa-mir-196a-1,hsa-mir-196a-2"
Disease,Cardiovascular Diseases [unspecific],14,0.21875,1.97876908,0.00747,1,0.0606,"hsa-mir-33a,hsa-mir-133a-1,hsa-mir-29c,hsa-mir-33b,hsa-mir-126,hsa-mir-149,hsa-mir-1-1,hsa-mir-451a,hsa-mir-133a-2,hsa-mir-210,hsa-mir-670,hsa-mir-1-2,hsa-mir-144,hsa-mir-143"
Disease,Mycobacterium Tuberculosis Infection,5,0.38461538,3.47915443,0.00947,1,0.0758,"hsa-mir-296,hsa-mir-30a,hsa-mir-140,hsa-mir-206,hsa-mir-326"
Disease,Ectopic Pregnancy,5,0.38461538,3.47915443,0.00947,1,0.0758,"hsa-mir-30a,hsa-mir-323b,hsa-mir-323a,hsa-mir-451a,hsa-mir-196b"
Disease,"Carcinoma, Head And Neck",5,0.38461538,3.47915443,0.00947,1,0.0758,"hsa-mir-196a-1,hsa-mir-149,hsa-mir-203a,hsa-mir-29c,hsa-mir-196a-2"
Disease,Epstein-Barr Virus Infection,6,0.33333333,3.01526718,0.00984,1,0.0772,"hsa-mir-183,hsa-mir-9-2,hsa-mir-9-3,hsa-mir-9-1,hsa-mir-96,hsa-mir-182"
Disease,Schizophrenia,12,0.22641509,2.04810601,0.00991,1,0.0773,"hsa-mir-338,hsa-mir-29c,hsa-mir-9-1,hsa-mir-130b,hsa-mir-30a,hsa-mir-30b,hsa-mir-206,hsa-mir-9-3,hsa-mir-183,hsa-mir-9-2,hsa-mir-195,hsa-mir-4449"
Disease,Muscular Dystrophy,8,0.27586207,2.49539352,0.0103,1,0.08,"hsa-mir-133a-1,hsa-mir-29c,hsa-mir-30a,hsa-mir-1-1,hsa-mir-206,hsa-mir-133a-2,hsa-mir-195,hsa-mir-1-2"
Disease,Glaucoma,8,0.27586207,2.49539352,0.0103,1,0.08,"hsa-mir-29c,hsa-mir-30d,hsa-mir-149,hsa-mir-30a,hsa-mir-451a,hsa-mir-182,hsa-mir-205,hsa-mir-144"
Disease,Asthma,10,0.24390244,2.20629306,0.0107,1,0.0821,"hsa-mir-708,hsa-mir-9-1,hsa-mir-126,hsa-mir-224,hsa-mir-149,hsa-mir-140,hsa-mir-196a-2,hsa-mir-9-3,hsa-mir-9-2,hsa-mir-143"
Disease,"Carcinoma, Periampullary",3,0.6,5.42748092,0.0112,1,0.0849,"hsa-mir-196a-2,hsa-mir-31,hsa-mir-196a-1"
Disease,Keratitis,3,0.6,5.42748092,0.0112,1,0.0849,"hsa-mir-183,hsa-mir-96,hsa-mir-182"
Disease,Leukemia,14,0.20895522,1.89016748,0.0114,1,0.0853,"hsa-mir-139,hsa-mir-486-2,hsa-mir-9-1,hsa-mir-126,hsa-mir-193b,hsa-mir-486-1,hsa-mir-548f-1,hsa-mir-196b,hsa-mir-183,hsa-mir-9-3,hsa-mir-9-2,hsa-mir-195,hsa-mir-511,hsa-mir-143"
Disease,Amyotrophic Lateral Sclerosis,4,0.44444444,4.02035623,0.0116,1,0.0861,"hsa-mir-129-2,hsa-mir-9-2,hsa-mir-338,hsa-mir-206"
Disease,Preeclampsia,15,0.2027027,1.83360842,0.0118,1,0.0861,"hsa-mir-135b,hsa-mir-203a,hsa-mir-133b,hsa-mir-126,hsa-mir-101-2,hsa-mir-224,hsa-mir-149,hsa-mir-206,hsa-mir-101-1,hsa-mir-517c,hsa-mir-182,hsa-mir-296,hsa-mir-210,hsa-mir-195,hsa-mir-205"
Disease,Brain Neoplasms,7,0.29166667,2.63835878,0.0119,1,0.0862,"hsa-mir-9-1,hsa-mir-520g,hsa-mir-129-1,hsa-mir-129-2,hsa-mir-451a,hsa-mir-9-3,hsa-mir-9-2"
Disease,Hyperglycemia,2,1,9.04580153,0.0121,1,0.0877,"hsa-mir-33b,hsa-mir-126"
Disease,Germ Cell And Embryonal Neoplasms,2,1,9.04580153,0.0121,1,0.0877,"hsa-mir-373,hsa-mir-372"
Disease,Medulloblastoma,8,0.26666667,2.41221374,0.0128,1,0.0824,"hsa-mir-135b,hsa-mir-9-1,hsa-mir-31,hsa-mir-30a,hsa-mir-206,hsa-mir-9-3,hsa-mir-9-2,hsa-mir-135a-2"
Disease,Pulmonary Hypertension,9,0.25,2.26145038,0.013,1,0.0834,"hsa-mir-29c,hsa-mir-96,hsa-mir-193b,hsa-mir-503,hsa-mir-130b,hsa-mir-30c-2,hsa-mir-206,hsa-mir-210,hsa-mir-143"
Disease,Head And Neck Neoplasms,9,0.25,2.26145038,0.013,1,0.0834,"hsa-mir-133a-1,hsa-mir-29c,hsa-mir-193b,hsa-mir-130b,hsa-mir-1-1,hsa-mir-133a-2,hsa-mir-455,hsa-mir-205,hsa-mir-1-2"
Disease,Chordoma,5,0.35714286,3.2306434,0.0134,1,0.0852,"hsa-mir-1-1,hsa-mir-140,hsa-mir-149,hsa-mir-1-2,hsa-mir-31"
Disease,Liver Neoplasms,7,0.28,2.53282443,0.015,1,0.0944,"hsa-mir-486-2,hsa-mir-133b,hsa-mir-486-1,hsa-mir-31,hsa-mir-30a,hsa-mir-210,hsa-mir-372"
Disease,Graves' Disease,4,0.4,3.61832061,0.0176,1,0.1099,"hsa-mir-183,hsa-mir-101-2,hsa-mir-224,hsa-mir-101-1"
Disease,Nervous System Diseases [unspecific],4,0.4,3.61832061,0.0176,1,0.1099,"hsa-mir-338,hsa-mir-9-2,hsa-mir-9-1,hsa-mir-9-3"
Disease,"Tuberculosis, Pulmonary",7,0.26923077,2.4354081,0.0186,1,0.1145,"hsa-mir-149,hsa-mir-31,hsa-mir-30b,hsa-mir-206,hsa-mir-196a-2,hsa-mir-196b,hsa-mir-196a-1"
Disease,Influenza,7,0.26923077,2.4354081,0.0186,1,0.1145,"hsa-mir-33a,hsa-mir-29c,hsa-mir-126,hsa-mir-30d,hsa-mir-30a,hsa-mir-30b,hsa-mir-144"
Disease,Chronic Kidney Disease,8,0.25,2.26145038,0.019,1,0.1155,"hsa-mir-133a-1,hsa-mir-29c,hsa-mir-126,hsa-mir-193b,hsa-mir-30b,hsa-mir-133a-2,hsa-mir-210,hsa-mir-143"
Disease,Cervical Dysplasia,3,0.5,4.52290076,0.0206,1,0.1243,"hsa-mir-196a-1,hsa-mir-196a-2,hsa-mir-143"
Disease,Biliary Atresia,3,0.5,4.52290076,0.0206,1,0.1243,"hsa-mir-129-2,hsa-mir-29c,hsa-mir-129-1"
Disease,Fibromyalgia,3,0.5,4.52290076,0.0206,1,0.1243,"hsa-mir-338,hsa-mir-451a,hsa-mir-143"
Disease,Kallmann Syndrome,3,0.5,4.52290076,0.0206,1,0.1243,"hsa-mir-9-2,hsa-mir-9-1,hsa-mir-9-3"
Disease,Acute Myocardial Infarction,10,0.2173913,1.96647859,0.024,1,0.1396,"hsa-mir-486-2,hsa-mir-133a-1,hsa-mir-133b,hsa-mir-126,hsa-mir-30d,hsa-mir-486-1,hsa-mir-1-1,hsa-mir-133a-2,hsa-mir-1-2,hsa-mir-144"
Disease,Aortic Aneurysm,4,0.36363636,3.28938237,0.0254,1,0.1466,"hsa-mir-1-1,hsa-mir-195,hsa-mir-1-2,hsa-mir-143"
Disease,Mesothelioma,4,0.36363636,3.28938237,0.0254,1,0.1466,"hsa-mir-30c-2,hsa-mir-31,hsa-mir-126,hsa-mir-143"
Disease,Gastric Neoplasms,4,0.36363636,3.28938237,0.0254,1,0.1466,"hsa-mir-129-2,hsa-mir-516a-1,hsa-mir-9-2,hsa-mir-9-1"
Disease,Hepatitis B Virus Infection,13,0.19402985,1.75515552,0.0266,1,0.1514,"hsa-mir-520b,hsa-mir-203a,hsa-mir-29c,hsa-mir-126,hsa-mir-149,hsa-mir-218-2,hsa-mir-31,hsa-mir-30a,hsa-mir-323b,hsa-mir-196a-2,hsa-mir-218-1,hsa-mir-205,hsa-mir-143"
Disease,"Stroke, Ischemic",8,0.23529412,2.12842389,0.0271,1,0.1537,"hsa-mir-126,hsa-mir-149,hsa-mir-130b,hsa-mir-30a,hsa-mir-196a-2,hsa-mir-196a-1,hsa-mir-210,hsa-mir-144"
Disease,Lung Fibrosis,6,0.27272727,2.46703678,0.0273,1,0.1538,"hsa-mir-486-2,hsa-mir-149,hsa-mir-1343,hsa-mir-130b,hsa-mir-486-1,hsa-mir-326"
Disease,Kidney Injury,7,0.25,2.26145038,0.0278,1,0.1561,"hsa-mir-126,hsa-mir-30d,hsa-mir-30a,hsa-mir-30b,hsa-mir-30c-2,hsa-mir-182,hsa-mir-210"
Disease,Endometriosis,9,0.2195122,1.98566375,0.03,1,0.1675,"hsa-mir-29c,hsa-mir-126,hsa-mir-1-1,hsa-mir-451a,hsa-mir-196b,hsa-mir-183,hsa-mir-195,hsa-mir-1-2,hsa-mir-143"
Disease,Cholangiocarcinoma,8,0.22857143,2.06761178,0.032,1,0.1769,"hsa-mir-203a,hsa-mir-96,hsa-mir-224,hsa-mir-1-1,hsa-mir-373,hsa-mir-205,hsa-mir-1-2,hsa-mir-144"
Disease,Giant Cell Tumor of Bone,3,0.42857143,3.87677208,0.0331,1,0.1825,"hsa-mir-30a,hsa-mir-210,hsa-mir-126"
Disease,Behcet's Disease,3,0.42857143,3.87677208,0.0331,1,0.1825,"hsa-mir-139,hsa-mir-196a-2,hsa-mir-182"
Disease,Heart Transplant Rejection,2,0.66666667,6.03053435,0.0338,1,0.1827,"hsa-mir-101-2,hsa-mir-101-1"
Disease,Diabetic Foot,2,0.66666667,6.03053435,0.0338,1,0.1827,"hsa-mir-203a,hsa-mir-31"
Disease,"Scleroderma, Localized",2,0.66666667,6.03053435,0.0338,1,0.1827,"hsa-mir-196a-2,hsa-mir-196a-1"
Disease,Cardiac Myxoma,2,0.66666667,6.03053435,0.0338,1,0.1827,"hsa-mir-218-1,hsa-mir-218-2"
Disease,Chronic Atrial Fibrillation,2,0.66666667,6.03053435,0.0338,1,0.1827,"hsa-mir-1-2,hsa-mir-1-1"
Disease,Hypercholesterolaemia,2,0.66666667,6.03053435,0.0338,1,0.1827,"hsa-mir-33b,hsa-mir-33a"
Disease,Renal Fibrosis,4,0.33333333,3.01526718,0.0349,1,0.1788,"hsa-mir-196a-1,hsa-mir-29c,hsa-mir-196a-2,hsa-mir-196b"
Disease,"Lymphoma, Large-Cell, Anaplastic",4,0.33333333,3.01526718,0.0349,1,0.1788,"hsa-mir-101-2,hsa-mir-135b,hsa-mir-708,hsa-mir-101-1"
Disease,Down Syndrome,4,0.33333333,3.01526718,0.0349,1,0.1788,"hsa-mir-518a-1,hsa-mir-518f,hsa-mir-96,hsa-mir-518a-2"
Disease,Arteriosclerosis Obliterans,5,0.27777778,2.51272265,0.04,1,0.2018,"hsa-mir-1-1,hsa-mir-133a-2,hsa-mir-133a-1,hsa-mir-1-2,hsa-mir-126"
Disease,Diabetic Nephropathy,6,0.25,2.26145038,0.0409,1,0.2052,"hsa-mir-218-2,hsa-mir-130b,hsa-mir-30a,hsa-mir-30c-2,hsa-mir-218-1,hsa-mir-135a-2"
Disease,Pancreatic Neoplasms,12,0.1875,1.69608779,0.0416,1,0.2081,"hsa-mir-203a,hsa-mir-486-2,hsa-mir-96,hsa-mir-133b,hsa-mir-224,hsa-mir-486-1,hsa-mir-30c-2,hsa-mir-196a-2,hsa-mir-196a-1,hsa-mir-210,hsa-mir-520h,hsa-mir-143"
Disease,Liver Cirrhosis,11,0.19298246,1.745681,0.0417,1,0.2076,"hsa-mir-33a,hsa-mir-203a,hsa-mir-29c,hsa-mir-9-1,hsa-mir-126,hsa-mir-101-2,hsa-mir-193b,hsa-mir-101-1,hsa-mir-9-3,hsa-mir-9-2,hsa-mir-144"
Disease,"Lymphoma, Burkitt's",4,0.30769231,2.78332355,0.0461,1,0.2288,"hsa-mir-101-2,hsa-mir-101-1,hsa-mir-29c,hsa-mir-143"
Disease,Vascular Injuries,4,0.30769231,2.78332355,0.0461,1,0.2288,"hsa-mir-147b,hsa-mir-1283-2,hsa-mir-1283-1,hsa-mir-126"
Disease,Peritoneal Dialysis Failure,7,0.22580645,2.04260034,0.0466,1,0.2291,"hsa-mir-193b,hsa-mir-129-1,hsa-mir-31,hsa-mir-129-2,hsa-mir-30a,hsa-mir-30b,hsa-mir-205"
Disease,"Carcinoma, Renal Cell, Clear-Cell",11,0.18965517,1.71558305,0.0467,1,0.2287,"hsa-mir-9-1,hsa-mir-126,hsa-mir-101-2,hsa-mir-30a,hsa-mir-1-1,hsa-mir-30c-2,hsa-mir-101-1,hsa-mir-9-3,hsa-mir-210,hsa-mir-195,hsa-mir-9-2"
Disease,"Carcinoma, Endometrial",11,0.18965517,1.71558305,0.0467,1,0.2287,"hsa-mir-135b,hsa-mir-203a,hsa-mir-218-2,hsa-mir-31,hsa-mir-1-1,hsa-mir-196a-2,hsa-mir-182,hsa-mir-218-1,hsa-mir-205,hsa-mir-1-2,hsa-mir-944"
Disease,Nephrotic Syndrome,3,0.375,3.39217557,0.0488,1,0.2368,"hsa-mir-30a,hsa-mir-210,hsa-mir-503"
Disease,Multiple Myeloma,11,0.18333333,1.65839695,0.0579,1,0.2756,"hsa-mir-135b,hsa-mir-33b,hsa-mir-9-1,hsa-mir-96,hsa-mir-149,hsa-mir-30b,hsa-mir-451a,hsa-mir-182,hsa-mir-9-3,hsa-mir-9-2,hsa-mir-4449"
Disease,Aortic Insufficiency,2,0.5,4.52290076,0.0627,1,0.2971,"hsa-mir-195,hsa-mir-30b"
Disease,Rheumatic Heart Diseases,2,0.5,4.52290076,0.0627,1,0.2971,"hsa-mir-101-2,hsa-mir-101-1"
Disease,Wilms' Tumor,2,0.5,4.52290076,0.0627,1,0.2971,"hsa-mir-101-2,hsa-mir-101-1"
Disease,"Cardiomyopathy, Dilated",2,0.5,4.52290076,0.0627,1,0.2971,"hsa-mir-196a-2,hsa-mir-196a-1"
Disease,Fatty Liver [unspecific],2,0.5,4.52290076,0.0627,1,0.2971,"hsa-mir-182,hsa-mir-183"
Disease,Fungal Keratitis,2,0.5,4.52290076,0.0627,1,0.2971,"hsa-mir-511,hsa-mir-451a"
Disease,HELLP Syndrome,2,0.5,4.52290076,0.0627,1,0.2971,"hsa-mir-133a-1,hsa-mir-133a-2"
Disease,"Systemic Lupus Erythematosus, With Pericarditis",2,0.5,4.52290076,0.0627,1,0.2971,"hsa-mir-525,hsa-mir-516a-1"
Disease,Psoriasis,7,0.21212121,1.91880638,0.0628,1,0.2841,"hsa-mir-33a,hsa-mir-203a,hsa-mir-33b,hsa-mir-193b,hsa-mir-31,hsa-mir-210,hsa-mir-143"
Disease,Rheumatoid Arthritis,10,0.18518519,1.67514843,0.0653,1,0.2941,"hsa-mir-203a,hsa-mir-9-1,hsa-mir-126,hsa-mir-573,hsa-mir-149,hsa-mir-30a,hsa-mir-3926-2,hsa-mir-451a,hsa-mir-9-3,hsa-mir-9-2"
Disease,"Leukemia-Lymphoma, Precursor B-Cell Lymphoblastic",3,0.33333333,3.01526718,0.0674,1,0.3024,"hsa-mir-451a,hsa-mir-373,hsa-mir-126"
Disease,Metabolic Syndrome,3,0.33333333,3.01526718,0.0674,1,0.3024,"hsa-mir-33a,hsa-mir-193b,hsa-mir-126"
Disease,"Carcinoma, Vulvar",3,0.33333333,3.01526718,0.0674,1,0.3024,"hsa-mir-133a-2,hsa-mir-519b,hsa-mir-133a-1"
Disease,"Squamous Cell Carcinoma, Tongue",6,0.22222222,2.01017812,0.0682,1,0.3028,"hsa-mir-203a,hsa-mir-96,hsa-mir-940,hsa-mir-373,hsa-mir-183,hsa-mir-195"
Disease,Human Papilloma Virus Infection,7,0.20588235,1.8623709,0.0721,1,0.3187,"hsa-mir-203a,hsa-mir-96,hsa-mir-30c-2,hsa-mir-196a-2,hsa-mir-196a-1,hsa-mir-205,hsa-mir-143"
Disease,Colon Neoplasms,13,0.16883117,1.52721324,0.0724,1,0.319,"hsa-mir-135b,hsa-mir-486-2,hsa-mir-133b,hsa-mir-126,hsa-mir-101-2,hsa-mir-143,hsa-mir-615,hsa-mir-486-1,hsa-mir-30c-2,hsa-mir-140,hsa-mir-101-1,hsa-mir-210,hsa-mir-205"
Disease,Chondrosarcoma,5,0.23809524,2.15376227,0.0726,1,0.3187,"hsa-mir-129-2,hsa-mir-30a,hsa-mir-206,hsa-mir-129-1,hsa-mir-126"
Disease,Allergic Rhinitis,5,0.23809524,2.15376227,0.0726,1,0.3187,"hsa-mir-224,hsa-mir-149,hsa-mir-196a-2,hsa-mir-126,hsa-mir-143"
Disease,Osteoarthritis,8,0.19512195,1.76503444,0.0735,1,0.3204,"hsa-mir-139,hsa-mir-9-1,hsa-mir-519b,hsa-mir-30b,hsa-mir-140,hsa-mir-373,hsa-mir-9-3,hsa-mir-9-2"
Disease,"Lymphoma, Hodgkin",5,0.22727273,2.05586398,0.086,1,0.3731,"hsa-mir-9-1,hsa-mir-96,hsa-mir-9-3,hsa-mir-196a-1,hsa-mir-9-2"
Disease,Alcoholic Hepatitis,3,0.3,2.71374046,0.0887,1,0.3835,"hsa-mir-30a,hsa-mir-30b,hsa-mir-182"
Disease,Aplastic Anemia,3,0.3,2.71374046,0.0887,1,0.3835,"hsa-mir-1-1,hsa-mir-1-2,hsa-mir-126"
Disease,Testicular Germ Cell Tumor,3,0.3,2.71374046,0.0887,1,0.3835,"hsa-mir-371a,hsa-mir-373,hsa-mir-372"
Disease,Adenovirus Infection,7,0.19444444,1.75890585,0.0929,1,0.396,"hsa-mir-101-2,hsa-mir-193b,hsa-mir-30a,hsa-mir-30b,hsa-mir-30c-2,hsa-mir-101-1,hsa-mir-210"
Disease,Ossification of Posterior Longitudinal Ligament,2,0.4,3.61832061,0.097,1,0.412,"hsa-mir-196a-2,hsa-mir-149"
Disease,"Adenocarcinoma, Cervical",2,0.4,3.61832061,0.097,1,0.412,"hsa-mir-9-1,hsa-mir-135b"
Disease,Cardiomegaly,2,0.4,3.61832061,0.097,1,0.412,"hsa-mir-1-2,hsa-mir-1-1"
Disease,"Carcinoma, Supraglottic",2,0.4,3.61832061,0.097,1,0.412,"hsa-mir-206,hsa-mir-33a"
Disease,"Carcinoma, Adrenocortical",6,0.2,1.80916031,0.1041,1,0.4269,"hsa-mir-139,hsa-mir-203a,hsa-mir-126,hsa-mir-210,hsa-mir-195,hsa-mir-205"
Disease,Necrotizing Enterocolitis,3,0.27272727,2.46703678,0.1124,1,0.4594,"hsa-mir-203a,hsa-mir-451a,hsa-mir-31"
Disease,Kidney Transplant Rejection,3,0.27272727,2.46703678,0.1124,1,0.4594,"hsa-mir-338,hsa-mir-486-2,hsa-mir-486-1"
Disease,Machado-Joseph Disease,3,0.27272727,2.46703678,0.1124,1,0.4594,"hsa-mir-9-2,hsa-mir-9-1,hsa-mir-9-3"
Disease,Azoospermia,3,0.27272727,2.46703678,0.1124,1,0.4594,"hsa-mir-371a,hsa-mir-373,hsa-mir-372"
Disease,Mild Cognitive Impairment,3,0.27272727,2.46703678,0.1124,1,0.4594,"hsa-mir-323b,hsa-mir-206,hsa-mir-323a"
Disease,"Carcinoma, Thyroid, Medullary",3,0.27272727,2.46703678,0.1124,1,0.4594,"hsa-mir-129-2,hsa-mir-129-1,hsa-mir-182"
Disease,"Adenocarcinoma, Gastric",7,0.18421053,1.66633186,0.1168,1,0.4659,"hsa-mir-203a,hsa-mir-486-2,hsa-mir-96,hsa-mir-486-1,hsa-mir-455,hsa-mir-205,hsa-mir-143"
Disease,"Lymphoma, Large B-Cell, Diffuse",7,0.18421053,1.66633186,0.1168,1,0.4659,"hsa-mir-147b,hsa-mir-33a,hsa-mir-520d,hsa-mir-126,hsa-mir-224,hsa-mir-455,hsa-mir-511"
Disease,Heart Diseases [unspecific],7,0.18421053,1.66633186,0.1168,1,0.4659,"hsa-mir-516a-1,hsa-mir-133a-1,hsa-mir-133b,hsa-mir-1-1,hsa-mir-3663,hsa-mir-133a-2,hsa-mir-1-2"
Disease,Mesial Temporal Lobe Epilepsy,4,0.22222222,2.01017812,0.1284,1,0.5071,"hsa-mir-218-1,hsa-mir-218-2,hsa-mir-196b,hsa-mir-143"
Disease,"Squamous Cell Carcinoma, Skin or Unspecific",4,0.22222222,2.01017812,0.1284,1,0.5071,"hsa-mir-193b,hsa-mir-135b,hsa-mir-205,hsa-mir-31"
Disease,Kawasaki's Syndrome,2,0.33333333,3.01526718,0.1352,1,0.5306,"hsa-mir-371a,hsa-mir-31"
Disease,Huntington's Disease,2,0.33333333,3.01526718,0.1352,1,0.5306,"hsa-mir-196a-1,hsa-mir-196a-2"
Disease,"Lymphoma, Non-Hodgkin",2,0.33333333,3.01526718,0.1352,1,0.5306,"hsa-mir-196a-1,hsa-mir-196a-2"
Disease,Chronic Brucellosis,2,0.33333333,3.01526718,0.1352,1,0.5306,"hsa-mir-126,hsa-mir-139"
Disease,Germ Cell Tumor,2,0.33333333,3.01526718,0.1352,1,0.5306,"hsa-mir-371a,hsa-mir-373"
Disease,Adrenal Cortex Neoplasms,3,0.25,2.26145038,0.1383,1,0.5337,"hsa-mir-210,hsa-mir-503,hsa-mir-203a"
Disease,"Leukemia, Lymphoblastic, Acute, T-Cell",3,0.25,2.26145038,0.1383,1,0.5337,"hsa-mir-101-2,hsa-mir-193b,hsa-mir-101-1"
Disease,Hepatitis [unspecific],3,0.25,2.26145038,0.1383,1,0.5337,"hsa-mir-9-2,hsa-mir-9-1,hsa-mir-9-3"
Disease,Systemic Lupus Erythematosus,9,0.16363636,1.48022207,0.1438,1,0.546,"hsa-mir-29c,hsa-mir-126,hsa-mir-224,hsa-mir-579,hsa-mir-31,hsa-mir-326,hsa-mir-196a-2,hsa-mir-345,hsa-mir-196a-1"
Disease,Crohn Disease,6,0.18181818,1.64469119,0.1481,1,0.5608,"hsa-mir-29c,hsa-mir-149,hsa-mir-31,hsa-mir-196a-2,hsa-mir-196b,hsa-mir-196a-1"
Disease,Cervical Neoplasms,4,0.21052632,1.90437927,0.1494,1,0.5638,"hsa-mir-218-1,hsa-mir-218-2,hsa-mir-126,hsa-mir-143"
Disease,Hepatoblastoma,5,0.19230769,1.73957722,0.1508,1,0.5655,"hsa-mir-96,hsa-mir-224,hsa-mir-140,hsa-mir-210,hsa-mir-195"
Disease,"Leukemia, Lymphocytic, Chronic",7,0.17073171,1.54440514,0.158,1,0.5886,"hsa-mir-708,hsa-mir-29c,hsa-mir-9-1,hsa-mir-31,hsa-mir-9-3,hsa-mir-9-2,hsa-mir-143"
Disease,Hemoglobin Diseases,3,0.23076923,2.08749266,0.1659,1,0.6163,"hsa-mir-210,hsa-mir-3663,hsa-mir-940"
Disease,"Carcinoma, Biliary Tract",2,0.28571429,2.58451472,0.1761,1,0.652,"hsa-mir-140,hsa-mir-205"
Disease,Retinal Neovascularization,2,0.28571429,2.58451472,0.1761,1,0.652,"hsa-mir-451a,hsa-mir-31"
Disease,"Carcinoma, Endometrioid Endometrial",2,0.28571429,2.58451472,0.1761,1,0.652,"hsa-mir-205,hsa-mir-143"
Disease,Prediabetes,2,0.28571429,2.58451472,0.1761,1,0.652,"hsa-mir-193b,hsa-mir-143"
Disease,Acute Pancreatitis,2,0.28571429,2.58451472,0.1761,1,0.652,"hsa-mir-135a-2,hsa-mir-126"
Disease,Autism Spectrum Disorder,5,0.17857143,1.6153217,0.1892,1,0.6877,"hsa-mir-486-2,hsa-mir-486-1,hsa-mir-129-1,hsa-mir-129-2,hsa-mir-140"
Disease,HIV-Associated Lipodystrophy,5,0.17857143,1.6153217,0.1892,1,0.6877,"hsa-mir-149,hsa-mir-218-2,hsa-mir-30c-2,hsa-mir-196b,hsa-mir-218-1"
Disease,Obesity,8,0.15686275,1.41894926,0.193,1,0.6971,"hsa-mir-33a,hsa-mir-33b,hsa-mir-126,hsa-mir-503,hsa-mir-130b,hsa-mir-30a,hsa-mir-210,hsa-mir-143"
Disease,Allergy,4,0.19047619,1.72300981,0.1949,1,0.702,"hsa-mir-31,hsa-mir-210,hsa-mir-615,hsa-mir-126"
Disease,Mandibular Prognathism,3,0.21428571,1.93838604,0.195,1,0.7002,"hsa-mir-30a,hsa-mir-30d,hsa-mir-30b"
Disease,"Carcinoma, Thyroid",6,0.16666667,1.50763359,0.1992,1,0.713,"hsa-mir-486-2,hsa-mir-126,hsa-mir-149,hsa-mir-486-1,hsa-mir-205,hsa-mir-144"
Disease,Hypoxic-Ischemic Encephalopathy,1,0.5,4.52290076,0.209,1,0.7458,hsa-mir-210
Disease,Spinal Chordoma,1,0.5,4.52290076,0.209,1,0.7458,hsa-mir-140
Disease,Neutropenia,1,0.5,4.52290076,0.209,1,0.7458,hsa-mir-196b
Disease,Uterine Leiomyosarcoma,1,0.5,4.52290076,0.209,1,0.7458,hsa-mir-31
Disease,Vitiligo,1,0.5,4.52290076,0.209,1,0.7458,hsa-mir-196a-2
Disease,Fever,1,0.5,4.52290076,0.209,1,0.7458,hsa-mir-143
Disease,Dermatomyositis,1,0.5,4.52290076,0.209,1,0.7458,hsa-mir-206
Disease,Combined Pituitary Hormone Deficiency,1,0.5,4.52290076,0.209,1,0.7458,hsa-mir-511
Disease,Acute Brucellosis,1,0.5,4.52290076,0.209,1,0.7458,hsa-mir-126
Disease,Angiosarcoma,1,0.5,4.52290076,0.209,1,0.7458,hsa-mir-126
Disease,Choroidal Neovascularization,1,0.5,4.52290076,0.209,1,0.7458,hsa-mir-126
Disease,Type 2 Diabetes Complications,1,0.5,4.52290076,0.209,1,0.7458,hsa-mir-126
Disease,Bipolar Disorder,2,0.25,2.26145038,0.2185,1,0.6813,"hsa-mir-206,hsa-mir-708"
Disease,Hemophagocytic Lymphohistiocytosis,2,0.25,2.26145038,0.2185,1,0.6813,"hsa-mir-144,hsa-mir-143"
Disease,Soft Tissue Sarcoma,2,0.25,2.26145038,0.2185,1,0.6813,"hsa-mir-206,hsa-mir-182"
Disease,Acute Coronary Syndrome,4,0.18181818,1.64469119,0.2191,1,0.6744,"hsa-mir-486-2,hsa-mir-486-1,hsa-mir-323b,hsa-mir-323a"
Disease,Retinoblastoma,7,0.15555556,1.40712468,0.2216,1,0.6769,"hsa-mir-101-2,hsa-mir-218-2,hsa-mir-31,hsa-mir-101-1,hsa-mir-373,hsa-mir-218-1,hsa-mir-183"
Disease,Idiopathic Pulmonary Fibrosis,3,0.2,1.80916031,0.2252,1,0.6861,"hsa-mir-30a,hsa-mir-210,hsa-mir-96"
Disease,"Adenocarcinoma, Gastric-Esophageal Junction",3,0.2,1.80916031,0.2252,1,0.6861,"hsa-mir-196a-1,hsa-mir-135b,hsa-mir-196a-2"
Disease,Dengue Virus Infection,3,0.2,1.80916031,0.2252,1,0.6861,"hsa-mir-133a-2,hsa-mir-133a-1,hsa-mir-126"
Disease,Depression Disorder,4,0.17391304,1.57318287,0.2441,1,0.7378,"hsa-mir-451a,hsa-mir-135a-2,hsa-mir-511,hsa-mir-296"
Disease,Bronchopulmonary Dysplasia,3,0.1875,1.69608779,0.2563,1,0.7728,"hsa-mir-503,hsa-mir-206,hsa-mir-130b"
Disease,Thyroid Neoplasms,3,0.1875,1.69608779,0.2563,1,0.7728,"hsa-mir-323b,hsa-mir-323a,hsa-mir-144"
Disease,Myocardial Ischemic-Reperfusion Injury,3,0.1875,1.69608779,0.2563,1,0.7728,"hsa-mir-1-1,hsa-mir-1-2,hsa-mir-126"
Disease,Human Immunodeficiency Virus Infection,7,0.14893617,1.34724704,0.2565,1,0.7675,"hsa-mir-29c,hsa-mir-126,hsa-mir-196a-2,hsa-mir-196b,hsa-mir-183,hsa-mir-196a-1,hsa-mir-210"
Disease,Systemic Sclerosis,2,0.22222222,2.01017812,0.2617,1,0.7811,"hsa-mir-30a,hsa-mir-126"
Disease,Human Cytomegalovirus Infection,2,0.22222222,2.01017812,0.2617,1,0.7811,"hsa-mir-218-1,hsa-mir-218-2"
Disease,Esophageal Neoplasms,2,0.22222222,2.01017812,0.2617,1,0.7811,"hsa-mir-203a,hsa-mir-143"
Disease,"Leukemia, Lymphoblastic, Acute",4,0.16666667,1.50763359,0.2697,1,0.7969,"hsa-mir-708,hsa-mir-149,hsa-mir-196a-2,hsa-mir-196b"
Disease,Chronic Hepatitis B,5,0.15625,1.41340649,0.2745,1,0.8093,"hsa-mir-29c,hsa-mir-30b,hsa-mir-196a-2,hsa-mir-210,hsa-mir-511"
Disease,"Osteoporosis, Postmenopausal",1,0.33333333,3.01526718,0.2966,1,0.872,hsa-mir-210
Disease,Gout,1,0.33333333,3.01526718,0.2966,1,0.872,hsa-mir-140
Disease,"Scleroderma, Systemic",1,0.33333333,3.01526718,0.2966,1,0.872,hsa-mir-130b
Disease,Endometrial Stromal Sarcoma,1,0.33333333,3.01526718,0.2966,1,0.872,hsa-mir-31
Disease,Bronchiolitis Obliterans Syndrome,1,0.33333333,3.01526718,0.2966,1,0.872,hsa-mir-144
Disease,Chronic Post-Traumatic Headache,1,0.33333333,3.01526718,0.2966,1,0.872,hsa-mir-135a-2
Disease,Chikungunya Virus Infection,1,0.33333333,3.01526718,0.2966,1,0.872,hsa-mir-503
Disease,Growth Disorders,1,0.33333333,3.01526718,0.2966,1,0.872,hsa-mir-503
Disease,"Lymphoma, T-Cell, Cutaneous",1,0.33333333,3.01526718,0.2966,1,0.872,hsa-mir-126
Disease,Pneumonia,1,0.33333333,3.01526718,0.2966,1,0.872,hsa-mir-126
Disease,"Carcinoma, Merkel Cell",1,0.33333333,3.01526718,0.2966,1,0.872,hsa-mir-203a
Disease,Celiac Disease,2,0.2,1.80916031,0.3049,1,0.8502,"hsa-mir-30a,hsa-mir-31"
Disease,Viral Myocarditis,2,0.2,1.80916031,0.3049,1,0.8502,"hsa-mir-1-1,hsa-mir-1-2"
Disease,Carotid Atherosclerosis,2,0.2,1.80916031,0.3049,1,0.8502,"hsa-mir-133a-2,hsa-mir-133a-1"
Disease,Respiratory Syncytial Virus Pneumonia,3,0.16666667,1.50763359,0.3198,1,0.8835,"hsa-mir-203a,hsa-mir-29c,hsa-mir-31"
Disease,"Leukemia, Myeloid",3,0.16666667,1.50763359,0.3198,1,0.8835,"hsa-mir-139,hsa-mir-486-2,hsa-mir-486-1"
Disease,"Colitis, Ulcerative",4,0.15384615,1.39166177,0.322,1,0.8833,"hsa-mir-4732,hsa-mir-31,hsa-mir-196a-2,hsa-mir-195"
Disease,Lymphoma,8,0.13333333,1.20610687,0.3413,1,0.9341,"hsa-mir-203a,hsa-mir-486-2,hsa-mir-133b,hsa-mir-224,hsa-mir-486-1,hsa-mir-31,hsa-mir-144,hsa-mir-143"
Disease,Vascular Diseases [unspecific],4,0.14814815,1.34011874,0.3485,1,0.9495,"hsa-mir-126,hsa-mir-196a-2,hsa-mir-210,hsa-mir-143"
Disease,Epilepsy,4,0.14814815,1.34011874,0.3485,1,0.9495,"hsa-mir-139,hsa-mir-30a,hsa-mir-30b,hsa-mir-323a"
Disease,"Carcinoma, Gallbladder",4,0.14814815,1.34011874,0.3485,1,0.9495,"hsa-mir-1-1,hsa-mir-182,hsa-mir-1-2,hsa-mir-143"
Disease,"Cardiomyopathy, Ischemic",3,0.15789474,1.42828445,0.3518,1,0.9518,"hsa-mir-30b,hsa-mir-139,hsa-mir-126"
Disease,Cutaneous Melanoma,3,0.15789474,1.42828445,0.3518,1,0.9518,"hsa-mir-149,hsa-mir-205,hsa-mir-182"
Disease,Neurodegenerative Diseases [unspecific],3,0.15789474,1.42828445,0.3518,1,0.9518,"hsa-mir-139,hsa-mir-338,hsa-mir-144"
Disease,Hepatitis C Virus Infection,11,0.12643678,1.14372203,0.3637,1,0.9772,"hsa-mir-522,hsa-mir-96,hsa-mir-133b,hsa-mir-224,hsa-mir-373,hsa-mir-196b,hsa-mir-126,hsa-mir-30a,hsa-mir-182,hsa-mir-195,hsa-mir-503"
Disease,Autoimmune Diseases [unspecific],5,0.13888889,1.25636132,0.3663,1,0.9821,"hsa-mir-126,hsa-mir-149,hsa-mir-31,hsa-mir-30a,hsa-mir-30b"
Disease,"Carcinoma, Renal Cell, Chromophobe",1,0.25,2.26145038,0.3745,1,1,hsa-mir-210
Disease,Cryptosporidium infection,1,0.25,2.26145038,0.3745,1,1,hsa-mir-30b
Disease,Ovarian Serous Cystadenocarcinoma,1,0.25,2.26145038,0.3745,1,1,hsa-mir-30a
Disease,"Lymphoma, Follicular",1,0.25,2.26145038,0.3745,1,1,hsa-mir-31
Disease,"Carcinoma, Spindle Cell",1,0.25,2.26145038,0.3745,1,1,hsa-mir-205
Disease,Liposarcoma,1,0.25,2.26145038,0.3745,1,1,hsa-mir-451a
Disease,Plasmodium vivax Infection,1,0.25,2.26145038,0.3745,1,1,hsa-mir-451a
Disease,Meningioma,1,0.25,2.26145038,0.3745,1,1,hsa-mir-224
Disease,Allergic Asthma,1,0.25,2.26145038,0.3745,1,1,hsa-mir-144
Disease,Epithelioid Sarcoma,1,0.25,2.26145038,0.3745,1,1,hsa-mir-206
Disease,Diabetic Vasculopathy,1,0.25,2.26145038,0.3745,1,1,hsa-mir-503
Disease,Japanese Encephalitis Virus Infection,1,0.25,2.26145038,0.3745,1,1,hsa-mir-33a
Disease,Sjogren's Syndrome,1,0.25,2.26145038,0.3745,1,1,hsa-mir-126
Disease,Myelodysplastic Syndromes,4,0.14285714,1.29225736,0.3751,1,0.9684,"hsa-mir-1-1,hsa-mir-196b,hsa-mir-205,hsa-mir-1-2"
Disease,Colitis,2,0.16666667,1.50763359,0.3896,1,0.9971,"hsa-mir-139,hsa-mir-31"
Disease,"Carcinoma, Thyroid, Anaplastic",2,0.16666667,1.50763359,0.3896,1,0.9971,"hsa-mir-30d,hsa-mir-206"
Disease,Lofgren's Syndrome,2,0.16666667,1.50763359,0.3896,1,0.9971,"hsa-mir-1-1,hsa-mir-1-2"
Disease,"Carcinoma, Lung, Small-Cell",3,0.14285714,1.29225736,0.415,1,1,"hsa-mir-30a,hsa-mir-30b,hsa-mir-30d"
Disease,Male Infertility,2,0.15384615,1.39166177,0.4303,1,1,"hsa-mir-210,hsa-mir-29c"
Disease,Tuberculosis,2,0.15384615,1.39166177,0.4303,1,1,"hsa-mir-183,hsa-mir-29c"
Disease,"Leukemia, Lymphoblastic, Acute, B-Cell",2,0.15384615,1.39166177,0.4303,1,1,"hsa-mir-323b,hsa-mir-451a"
Disease,Gallstones,1,0.2,1.80916031,0.4439,1,1,hsa-mir-210
Disease,Hyperlipidemia,1,0.2,1.80916031,0.4439,1,1,hsa-mir-30c-2
Disease,Cholestatic Liver Injury,1,0.2,1.80916031,0.4439,1,1,hsa-mir-29c
Disease,Uterine Leiomyoma,1,0.2,1.80916031,0.4439,1,1,hsa-mir-29c
Disease,Reflux Esophagitis,1,0.2,1.80916031,0.4439,1,1,hsa-mir-143
Disease,Wounds and Injuries [unspecific],1,0.2,1.80916031,0.4439,1,1,hsa-mir-143
Disease,IgA Nephropathy,1,0.2,1.80916031,0.4439,1,1,hsa-mir-877
Disease,"Adenocarcinoma, Prostate",1,0.2,1.80916031,0.4439,1,1,hsa-mir-126
Disease,Mycosis Fungoides,1,0.2,1.80916031,0.4439,1,1,hsa-mir-326
Disease,Hirschsprung's Disease,3,0.13636364,1.23351839,0.446,1,1,"hsa-mir-206,hsa-mir-218-1,hsa-mir-195"
Disease,"Leukemia, Myeloid, Chronic",8,0.11940299,1.0800957,0.4664,1,1,"hsa-mir-525,hsa-mir-9-1,hsa-mir-126,hsa-mir-224,hsa-mir-140,hsa-mir-196b,hsa-mir-9-3,hsa-mir-9-2"
Disease,Peripheral Vascular Disease,2,0.14285714,1.29225736,0.4695,1,1,"hsa-mir-195,hsa-mir-126"
Disease,Inflammatory Bowel Diseases,4,0.125,1.13072519,0.4795,1,1,"hsa-mir-129-1,hsa-mir-31,hsa-mir-129-2,hsa-mir-206"
Disease,Acute Cerebral Infarction,1,0.16666667,1.50763359,0.5056,1,1,hsa-mir-210
Disease,Lupus Vulgaris,1,0.16666667,1.50763359,0.5056,1,1,hsa-mir-210
Disease,Digeorge Syndrome,1,0.16666667,1.50763359,0.5056,1,1,hsa-mir-130b
Disease,"Carcinoma, Gastrointestinal",1,0.16666667,1.50763359,0.5056,1,1,hsa-mir-149
Disease,Nephrosclerosis,1,0.16666667,1.50763359,0.5056,1,1,hsa-mir-205
Disease,Ependymoma,1,0.16666667,1.50763359,0.5056,1,1,hsa-mir-29c
Disease,Leiomyoma,1,0.16666667,1.50763359,0.5056,1,1,hsa-mir-29c
Disease,Nasopharyngeal Neoplasms,1,0.16666667,1.50763359,0.5056,1,1,hsa-mir-29c
Disease,Costello Syndrome,1,0.16666667,1.50763359,0.5056,1,1,hsa-mir-206
Disease,"Leukemia, Biphenotypic, Acute",1,0.16666667,1.50763359,0.5056,1,1,hsa-mir-182
Disease,Chronic Heart Failure,1,0.16666667,1.50763359,0.5056,1,1,hsa-mir-126
Disease,Pancreatic Intraductal Papillary Mucinous Neoplasms,1,0.16666667,1.50763359,0.5056,1,1,hsa-mir-126
Disease,Essential Thrombocythemia,1,0.16666667,1.50763359,0.5056,1,1,hsa-mir-203a
Disease,Maternal Obesity During Childbirth,2,0.13333333,1.20610687,0.507,1,1,"hsa-mir-30a,hsa-mir-29c"
Disease,Liver Injury,2,0.13333333,1.20610687,0.507,1,1,"hsa-mir-877,hsa-mir-182"
Disease,Cystic Fibrosis,2,0.125,1.13072519,0.5428,1,1,"hsa-mir-708,hsa-mir-31"
Disease,Enterovirus Infection,1,0.14285714,1.29225736,0.5606,1,1,hsa-mir-135b
Disease,Astrocytoma,2,0.11764706,1.06421194,0.5768,1,1,"hsa-mir-210,hsa-mir-206"
Disease,Muscle Atrophy,2,0.11764706,1.06421194,0.5768,1,1,"hsa-mir-140,hsa-mir-143"
Disease,"Carcinoma, Skin",1,0.125,1.13072519,0.6094,1,1,hsa-mir-205
Disease,Polycystic Ovarian Syndrome,3,0.10344828,0.93577257,0.6391,1,1,"hsa-mir-486-2,hsa-mir-193b,hsa-mir-486-1"
Disease,Pituitary Adenoma,2,0.10526316,0.95218963,0.6392,1,1,"hsa-mir-520b,hsa-mir-130b"
Disease,Salivary Gland Neoplasms,1,0.11111111,1.00508906,0.6529,1,1,hsa-mir-140
Disease,"Carcinoma, Thyroid, Follicular",1,0.11111111,1.00508906,0.6529,1,1,hsa-mir-183
Disease,Atopic Dermatitis,1,0.11111111,1.00508906,0.6529,1,1,hsa-mir-30d
Disease,Myeloproliferative Neoplasms,1,0.11111111,1.00508906,0.6529,1,1,hsa-mir-143
Disease,Alopecia,1,0.11111111,1.00508906,0.6529,1,1,hsa-mir-203a
Disease,Helicobacter Pylori Infection,1,0.1,0.90458015,0.6916,1,1,hsa-mir-203a
Disease,Diabetic Retinopathy,2,0.0952381,0.86150491,0.6942,1,1,"hsa-mir-195,hsa-mir-126"
Disease,"Aortic Aneurysm, Abdominal",2,0.0952381,0.86150491,0.6942,1,1,"hsa-mir-30a,hsa-mir-205"
Disease,"Leukemia, Lymphoblastic",2,0.0952381,0.86150491,0.6942,1,1,"hsa-mir-29c,hsa-mir-126"
Disease,Colon Adenoma,2,0.0952381,0.86150491,0.6942,1,1,"hsa-mir-503,hsa-mir-182"
Disease,Pleural Mesothelioma,3,0.09375,0.84804389,0.7061,1,1,"hsa-mir-126,hsa-mir-31,hsa-mir-143"
Disease,Synovial Sarcoma,1,0.09090909,0.82234559,0.726,1,1,hsa-mir-195
Disease,Cerebral Ischemia,1,0.09090909,0.82234559,0.726,1,1,hsa-mir-224
Disease,Uveal Melanoma,1,0.09090909,0.82234559,0.726,1,1,hsa-mir-144
Disease,ACTH-Secreting Pituitary Adenoma,1,0.09090909,0.82234559,0.726,1,1,hsa-mir-143
Disease,Non-Traumatic Subarachnoid Hemorrhage,1,0.09090909,0.82234559,0.726,1,1,hsa-mir-126
Disease,Hematologic Neoplasms,3,0.08823529,0.79815896,0.7453,1,1,"hsa-mir-149,hsa-mir-373,hsa-mir-372"
Disease,"Leukemia, Lymphoblastic, Acute, Childhood",1,0.08333333,0.75381679,0.7565,1,1,hsa-mir-210
Disease,Ewing's Sarcoma,1,0.08333333,0.75381679,0.7565,1,1,hsa-mir-31
Disease,"Lymphoma, B-Cell",2,0.08333333,0.75381679,0.7636,1,1,"hsa-mir-224,hsa-mir-195"
Disease,Lupus Nephritis,1,0.07692308,0.69583089,0.7837,1,1,hsa-mir-130b
Disease,Keloid,1,0.07692308,0.69583089,0.7837,1,1,hsa-mir-205
Disease,Immune Thrombocytopenic Purpura,1,0.07692308,0.69583089,0.7837,1,1,hsa-mir-4778
Disease,Stroke,3,0.08108108,0.73344337,0.7963,1,1,"hsa-mir-133a-1,hsa-mir-30b,hsa-mir-133a-2"
Disease,Neuroblastoma,5,0.08474576,0.76659335,0.802,1,1,"hsa-mir-338,hsa-mir-203a,hsa-mir-30a,hsa-mir-205,hsa-mir-143"
Disease,"Lymphoma, T-Cell",2,0.07692308,0.69583089,0.802,1,1,"hsa-mir-373,hsa-mir-511"
Disease,Myasthenia Gravis,1,0.07142857,0.64612868,0.8079,1,1,hsa-mir-140
Disease,Macular Degeneration,1,0.07142857,0.64612868,0.8079,1,1,hsa-mir-126
Disease,Kaposi's Sarcoma,2,0.07407407,0.67005937,0.8191,1,1,"hsa-mir-708,hsa-mir-149"
Disease,"Leukemia, Promyelocytic, Acute",1,0.06666667,0.60305344,0.8294,1,1,hsa-mir-126
Disease,Myocardial Fibrosis,1,0.0625,0.5653626,0.8485,1,1,hsa-mir-203a
Disease,Acute Kidney Injury,1,0.05882353,0.53210597,0.8655,1,1,hsa-mir-182
Disease,Graft-Versus-Host Disease,1,0.05555556,0.50254453,0.8806,1,1,hsa-mir-30a
Disease,"Leukemia, Lymphocytic, Chronic, B-Cell",2,0.05882353,0.53210597,0.9059,1,1,"hsa-mir-29c,hsa-mir-195"
Disease,Polycythemia Vera,1,0.05,0.45229008,0.9059,1,1,hsa-mir-451a
Disease,Multiple Sclerosis,3,0.06382979,0.57739159,0.9089,1,1,"hsa-mir-96,hsa-mir-30a,hsa-mir-326"
Disease,"Carcinoma, Ovarian, Serous",1,0.04166667,0.3769084,0.9416,1,1,hsa-mir-30a
Disease,Liver Diseases [unspecific],1,0.03448276,0.31192419,0.968,1,1,hsa-mir-139
