Category,Term,Count,Percent,Fold,P-value,Bonferroni,FDR,miRNA
Disease,Gestational Trophoblastic Disease,11,0.84615385,7.11129296,2.99E-09,1.66E-06,5.91E-07,"hsa-mir-516a-2,hsa-mir-516a-1,hsa-mir-517a,hsa-mir-516b-2,hsa-mir-517b,hsa-mir-517c,hsa-mir-518b,hsa-mir-520h,hsa-mir-520a,hsa-mir-525,hsa-mir-516b-1"
Disease,"Adenocarcinoma, Lung",32,0.31683168,2.66273436,2.02E-08,1.12E-05,3.42E-06,"hsa-mir-520b,hsa-mir-203a,hsa-mir-3941,hsa-mir-133b,hsa-mir-203b,hsa-mir-196b,hsa-mir-210,hsa-mir-375,hsa-mir-497,hsa-mir-126,hsa-mir-202,hsa-mir-127,hsa-mir-206,hsa-mir-182,hsa-mir-133a-2,hsa-mir-592,hsa-mir-195,hsa-mir-519d,hsa-mir-214,hsa-mir-145,hsa-mir-512-2,hsa-mir-183,hsa-mir-485,hsa-mir-205,hsa-mir-494,hsa-mir-552,hsa-mir-133a-1,hsa-mir-483,hsa-mir-519a-1,hsa-mir-512-1,hsa-mir-487b,hsa-mir-21"
Disease,"Carcinoma, Hepatocellular",65,0.19174041,1.61143539,5.98E-07,0.000331,8.86E-05,"hsa-mir-520b,hsa-mir-522,hsa-mir-203a,hsa-mir-362,hsa-mir-525,hsa-mir-133b,hsa-mir-489,hsa-mir-506,hsa-mir-520g,hsa-mir-203b,hsa-mir-129-1,hsa-mir-509-3,hsa-mir-199b,hsa-mir-885,hsa-mir-210,hsa-mir-411,hsa-mir-375,hsa-mir-497,hsa-mir-338,hsa-mir-376a-1,hsa-mir-616,hsa-mir-126,hsa-mir-202,hsa-mir-127,hsa-mir-129-2,hsa-mir-206,hsa-mir-105-1,hsa-mir-10b,hsa-mir-182,hsa-mir-133a-2,hsa-mir-195,hsa-mir-592,hsa-mir-33a,hsa-mir-935,hsa-mir-105-2,hsa-mir-136,hsa-mir-379,hsa-mir-508,hsa-mir-675,hsa-mir-214,hsa-mir-184,hsa-mir-145,hsa-mir-512-2,hsa-mir-183,hsa-mir-431,hsa-mir-433,hsa-mir-485,hsa-mir-205,hsa-mir-494,hsa-mir-520a,hsa-mir-216b,hsa-mir-199a-2,hsa-mir-133a-1,hsa-mir-483,hsa-mir-217,hsa-mir-520d,hsa-mir-512-1,hsa-mir-216a,hsa-mir-154,hsa-mir-760,hsa-mir-21,hsa-mir-539,hsa-mir-377,hsa-mir-376a-2,hsa-mir-199a-1"
Disease,"Squamous Cell Carcinoma, Esophageal",35,0.24647887,2.07147138,4.30E-06,0.00238,0.00051,"hsa-mir-203a,hsa-mir-526b,hsa-mir-133b,hsa-mir-203b,hsa-mir-129-1,hsa-mir-375,hsa-mir-338,hsa-mir-507,hsa-mir-376a-1,hsa-mir-126,hsa-mir-202,hsa-mir-127,hsa-mir-129-2,hsa-mir-10b,hsa-mir-133a-2,hsa-mir-195,hsa-mir-518c,hsa-mir-518a-1,hsa-mir-518b,hsa-mir-518a-2,hsa-mir-508,hsa-mir-214,hsa-mir-518f,hsa-mir-145,hsa-mir-183,hsa-mir-205,hsa-mir-494,hsa-mir-520a,hsa-mir-133a-1,hsa-mir-483,hsa-mir-337,hsa-mir-217,hsa-mir-518e,hsa-mir-21,hsa-mir-376a-2"
Disease,"Carcinoma, Colon",59,0.18730159,1.57413036,1.95E-05,0.0108,0.0021,"hsa-mir-584,hsa-mir-522,hsa-mir-302a,hsa-mir-203a,hsa-mir-362,hsa-mir-525,hsa-mir-133b,hsa-mir-506,hsa-mir-520g,hsa-mir-203b,hsa-mir-129-1,hsa-mir-509-3,hsa-mir-199b,hsa-mir-885,hsa-mir-196b,hsa-mir-210,hsa-mir-376c,hsa-mir-375,hsa-mir-497,hsa-mir-519c,hsa-mir-338,hsa-mir-376a-1,hsa-mir-126,hsa-mir-202,hsa-mir-127,hsa-mir-129-2,hsa-mir-206,hsa-mir-10b,hsa-mir-182,hsa-mir-133a-2,hsa-mir-195,hsa-mir-592,hsa-mir-518a-1,hsa-mir-518a-2,hsa-mir-675,hsa-mir-214,hsa-mir-145,hsa-mir-512-2,hsa-mir-183,hsa-mir-431,hsa-mir-205,hsa-mir-494,hsa-mir-520a,hsa-mir-552,hsa-mir-216b,hsa-mir-199a-2,hsa-mir-133a-1,hsa-mir-483,hsa-mir-337,hsa-mir-217,hsa-mir-512-1,hsa-mir-487b,hsa-mir-216a,hsa-mir-154,hsa-mir-760,hsa-mir-21,hsa-mir-539,hsa-mir-376a-2,hsa-mir-199a-1"
Disease,"Carcinoma, Breast",60,0.17241379,1.44900954,4.44E-05,0.0245,0.00438,"hsa-mir-376c,hsa-mir-375,hsa-mir-202,hsa-mir-10b,hsa-mir-3923,hsa-mir-184,hsa-mir-183,hsa-mir-520c,hsa-mir-495,hsa-mir-302a,hsa-mir-506,hsa-mir-509-3,hsa-mir-196b,hsa-mir-210,hsa-mir-497,hsa-mir-376a-1,hsa-mir-126,hsa-mir-127,hsa-mir-133a-2,hsa-mir-195,hsa-mir-33a,hsa-mir-105-2,hsa-mir-519d,hsa-mir-494,hsa-mir-760,hsa-mir-377,hsa-mir-203a,hsa-mir-489,hsa-mir-133b,hsa-mir-203b,hsa-mir-129-1,hsa-mir-411,hsa-mir-338,hsa-mir-129-2,hsa-mir-206,hsa-mir-182,hsa-mir-145,hsa-mir-205,hsa-mir-216b,hsa-mir-561,hsa-mir-217,hsa-mir-21,hsa-mir-515-1,hsa-mir-376a-2,hsa-mir-526b,hsa-mir-199b,hsa-mir-510,hsa-mir-519a-2,hsa-mir-105-1,hsa-mir-592,hsa-mir-379,hsa-mir-675,hsa-mir-214,hsa-mir-485,hsa-mir-515-2,hsa-mir-199a-2,hsa-mir-133a-1,hsa-mir-519a-1,hsa-mir-199a-1,hsa-mir-520h"
Disease,Chondrosarcoma,10,0.47619048,4.00202634,4.65E-05,0.0257,0.00424,"hsa-mir-129-2,hsa-mir-199a-2,hsa-mir-519d,hsa-mir-199a-1,hsa-mir-206,hsa-mir-518b,hsa-mir-129-1,hsa-mir-145,hsa-mir-494,hsa-mir-126"
Disease,"Carcinoma, Lung. Non-Small-Cell",43,0.19634703,1.65015059,0.000153,0.0844,0.0129,"hsa-mir-203a,hsa-mir-489,hsa-mir-203b,hsa-mir-129-1,hsa-mir-509-3,hsa-mir-599,hsa-mir-196b,hsa-mir-210,hsa-mir-375,hsa-mir-497,hsa-mir-376a-1,hsa-mir-126,hsa-mir-127,hsa-mir-129-2,hsa-mir-10b,hsa-mir-182,hsa-mir-133a-2,hsa-mir-592,hsa-mir-195,hsa-mir-33a,hsa-mir-136,hsa-mir-379,hsa-mir-519d,hsa-mir-1254-1,hsa-mir-675,hsa-mir-214,hsa-mir-184,hsa-mir-145,hsa-mir-512-2,hsa-mir-205,hsa-mir-494,hsa-mir-520a,hsa-mir-216b,hsa-mir-199a-2,hsa-mir-133a-1,hsa-mir-483,hsa-mir-512-1,hsa-mir-21,hsa-mir-1254-2,hsa-mir-377,hsa-mir-376a-2,hsa-mir-199a-1,hsa-mir-495"
Disease,"Carcinoma, Ovarian",39,0.20103093,1.68951524,0.000204,0.113,0.0151,"hsa-mir-302a,hsa-mir-203a,hsa-mir-506,hsa-mir-133b,hsa-mir-489,hsa-mir-203b,hsa-mir-129-1,hsa-mir-509-3,hsa-mir-199b,hsa-mir-510,hsa-mir-196b,hsa-mir-210,hsa-mir-411,hsa-mir-497,hsa-mir-517a,hsa-mir-376a-1,hsa-mir-127,hsa-mir-433,hsa-mir-129-2,hsa-mir-206,hsa-mir-182,hsa-mir-133a-2,hsa-mir-195,hsa-mir-136,hsa-mir-519d,hsa-mir-214,hsa-mir-184,hsa-mir-145,hsa-mir-183,hsa-mir-485,hsa-mir-205,hsa-mir-494,hsa-mir-199a-2,hsa-mir-133a-1,hsa-mir-483,hsa-mir-760,hsa-mir-21,hsa-mir-376a-2,hsa-mir-199a-1"
Disease,Glioma,41,0.19711538,1.65660802,0.000212,0.1172,0.0148,"hsa-mir-584,hsa-mir-302a,hsa-mir-203a,hsa-mir-133b,hsa-mir-506,hsa-mir-203b,hsa-mir-767,hsa-mir-196b,hsa-mir-210,hsa-mir-323a,hsa-mir-497,hsa-mir-338,hsa-mir-126,hsa-mir-656,hsa-mir-127,hsa-mir-129-2,hsa-mir-105-1,hsa-mir-10b,hsa-mir-182,hsa-mir-133a-2,hsa-mir-592,hsa-mir-195,hsa-mir-33a,hsa-mir-105-2,hsa-mir-136,hsa-mir-508,hsa-mir-675,hsa-mir-214,hsa-mir-184,hsa-mir-145,hsa-mir-183,hsa-mir-205,hsa-mir-494,hsa-mir-199a-2,hsa-mir-133a-1,hsa-mir-154,hsa-mir-323b,hsa-mir-520c,hsa-mir-21,hsa-mir-495,hsa-mir-199a-1"
Disease,"Carcinoma, Adrenocortical",11,0.36666667,3.08156028,0.00034,0.1882,0.0224,"hsa-mir-203a,hsa-mir-376a-1,hsa-mir-483,hsa-mir-126,hsa-mir-203b,hsa-mir-145,hsa-mir-376a-2,hsa-mir-210,hsa-mir-195,hsa-mir-205,hsa-mir-375"
Disease,Giant Cell Tumor of Bone,5,0.71428571,6.00303951,0.000384,0.2125,0.024,"hsa-mir-376a-2,hsa-mir-210,hsa-mir-376a-1,hsa-mir-127,hsa-mir-126"
Disease,Polycystic Kidney Disease,7,0.5,4.20212766,0.000488,0.2699,0.0289,"hsa-mir-133a-2,hsa-mir-199a-2,hsa-mir-199a-1,hsa-mir-199b,hsa-mir-205,hsa-mir-133a-1,hsa-mir-133b"
Disease,"Muscular Dystrophy, Facioscapulohumeral",8,0.44444444,3.73522459,0.000512,0.2832,0.0289,"hsa-mir-133a-2,hsa-mir-206,hsa-mir-133a-1,hsa-mir-516b-2,hsa-mir-517a,hsa-mir-517b,hsa-mir-517c,hsa-mir-516b-1"
Disease,Preeclampsia,19,0.25675676,2.15784934,0.000553,0.3057,0.0298,"hsa-mir-203a,hsa-mir-133b,hsa-mir-126,hsa-mir-202,hsa-mir-519d,hsa-mir-203b,hsa-mir-206,hsa-mir-517b,hsa-mir-517c,hsa-mir-518e,hsa-mir-885,hsa-mir-182,hsa-mir-21,hsa-mir-495,hsa-mir-210,hsa-mir-195,hsa-mir-205,hsa-mir-411,hsa-mir-517a"
Disease,"Squamous Cell Carcinoma, Lung",9,0.39130435,3.28862165,0.000702,0.3883,0.0362,"hsa-mir-133a-1,hsa-mir-126,hsa-mir-206,hsa-mir-21,hsa-mir-182,hsa-mir-183,hsa-mir-133a-2,hsa-mir-205,hsa-mir-375"
Disease,"Carcinoma, Thyroid, Medullary",6,0.54545455,4.58413926,0.000712,0.394,0.0352,"hsa-mir-129-2,hsa-mir-214,hsa-mir-375,hsa-mir-129-1,hsa-mir-21,hsa-mir-182"
Disease,"Carcinoma, Supraglottic",4,0.8,6.72340426,0.000875,0.4841,0.0415,"hsa-mir-206,hsa-mir-21,hsa-mir-33a,hsa-mir-375"
Disease,Heart Failure,26,0.21666667,1.82092199,0.000929,0.5138,0.0423,"hsa-mir-133b,hsa-mir-129-1,hsa-mir-199b,hsa-mir-210,hsa-mir-375,hsa-mir-497,hsa-mir-126,hsa-mir-129-2,hsa-mir-105-1,hsa-mir-10b,hsa-mir-182,hsa-mir-133a-2,hsa-mir-195,hsa-mir-33a,hsa-mir-105-2,hsa-mir-214,hsa-mir-145,hsa-mir-205,hsa-mir-494,hsa-mir-199a-2,hsa-mir-133a-1,hsa-mir-299,hsa-mir-21,hsa-mir-539,hsa-mir-377,hsa-mir-199a-1"
Disease,"Carcinoma, Lung",39,0.18309859,1.53880731,0.00161,0.8888,0.0705,"hsa-mir-522,hsa-mir-203a,hsa-mir-526b,hsa-mir-506,hsa-mir-133b,hsa-mir-203b,hsa-mir-129-1,hsa-mir-509-3,hsa-mir-937,hsa-mir-517a,hsa-mir-375,hsa-mir-497,hsa-mir-338,hsa-mir-616,hsa-mir-126,hsa-mir-127,hsa-mir-129-2,hsa-mir-206,hsa-mir-10b,hsa-mir-182,hsa-mir-133a-2,hsa-mir-592,hsa-mir-33a,hsa-mir-214,hsa-mir-145,hsa-mir-512-2,hsa-mir-183,hsa-mir-205,hsa-mir-494,hsa-mir-199a-2,hsa-mir-133a-1,hsa-mir-217,hsa-mir-512-1,hsa-mir-487b,hsa-mir-299,hsa-mir-154,hsa-mir-21,hsa-mir-495,hsa-mir-199a-1"
Disease,"Carcinoma, Merkel Cell",3,1,8.40425532,0.00165,0.9142,0.07,"hsa-mir-203b,hsa-mir-375,hsa-mir-203a"
Disease,"Muscular Dystrophy, Duchenne",4,0.66666667,5.60283688,0.00238,1,0.0807,"hsa-mir-133a-2,hsa-mir-206,hsa-mir-133a-1,hsa-mir-133b"
Disease,Congenital Heart Diseases,8,0.36363636,3.05609284,0.00246,1,0.081,"hsa-mir-518a-1,hsa-mir-133a-1,hsa-mir-518a-2,hsa-mir-518f,hsa-mir-518e,hsa-mir-10b,hsa-mir-133a-2,hsa-mir-195"
Disease,Bladder Neoplasms,11,0.2972973,2.49856239,0.00253,1,0.0809,"hsa-mir-203a,hsa-mir-133a-1,hsa-mir-133b,hsa-mir-203b,hsa-mir-127,hsa-mir-199b,hsa-mir-145,hsa-mir-21,hsa-mir-133a-2,hsa-mir-210,hsa-mir-205"
Disease,Breast Neoplasms,29,0.19594595,1.64677976,0.00255,1,0.0796,"hsa-mir-302a,hsa-mir-133b,hsa-mir-199b,hsa-mir-510,hsa-mir-516a-2,hsa-mir-210,hsa-mir-519c,hsa-mir-497,hsa-mir-338,hsa-mir-127,hsa-mir-129-2,hsa-mir-206,hsa-mir-10b,hsa-mir-182,hsa-mir-133a-2,hsa-mir-195,hsa-mir-516a-1,hsa-mir-519d,hsa-mir-214,hsa-mir-184,hsa-mir-145,hsa-mir-183,hsa-mir-205,hsa-mir-520a,hsa-mir-199a-2,hsa-mir-133a-1,hsa-mir-21,hsa-mir-199a-1,hsa-mir-520h"
Disease,"Squamous Cell Carcinoma, Tongue",9,0.33333333,2.80141844,0.00264,1,0.0802,"hsa-mir-203a,hsa-mir-483,hsa-mir-203b,hsa-mir-214,hsa-mir-21,hsa-mir-183,hsa-mir-195,hsa-mir-375,hsa-mir-494"
Disease,Rhabdomyosarcoma,7,0.38888889,3.26832151,0.00299,1,0.0885,"hsa-mir-133a-2,hsa-mir-206,hsa-mir-203a,hsa-mir-411,hsa-mir-133a-1,hsa-mir-203b,hsa-mir-214"
Disease,Habitual Abortion,6,0.42857143,3.60182371,0.00341,1,0.0985,"hsa-mir-522,hsa-mir-519a-1,hsa-mir-520f,hsa-mir-517c,hsa-mir-520h,hsa-mir-184"
Disease,"Squamous Cell Carcinoma, Laryngeal or Hypopharyngeal",9,0.32142857,2.70136778,0.0035,1,0.0965,"hsa-mir-203a,hsa-mir-519a-2,hsa-mir-519a-1,hsa-mir-203b,hsa-mir-206,hsa-mir-214,hsa-mir-21,hsa-mir-205,hsa-mir-375"
Disease,"Carcinoma, Pancreatic",31,0.18674699,1.56946937,0.00399,1,0.1075,"hsa-mir-506,hsa-mir-489,hsa-mir-885,hsa-mir-196b,hsa-mir-210,hsa-mir-323a,hsa-mir-375,hsa-mir-497,hsa-mir-126,hsa-mir-202,hsa-mir-127,hsa-mir-206,hsa-mir-10b,hsa-mir-182,hsa-mir-133a-2,hsa-mir-4787,hsa-mir-195,hsa-mir-33a,hsa-mir-214,hsa-mir-145,hsa-mir-183,hsa-mir-205,hsa-mir-494,hsa-mir-216b,hsa-mir-133a-1,hsa-mir-483,hsa-mir-217,hsa-mir-216a,hsa-mir-323b,hsa-mir-21,hsa-mir-377"
Disease,Hypertension,11,0.28205128,2.37043099,0.004,1,0.1054,"hsa-mir-584,hsa-mir-527,hsa-mir-199a-2,hsa-mir-133a-1,hsa-mir-105-2,hsa-mir-214,hsa-mir-518e,hsa-mir-105-1,hsa-mir-21,hsa-mir-133a-2,hsa-mir-199a-1"
Disease,"Carcinoma, Urothelial",6,0.4,3.36170213,0.00513,1,0.1294,"hsa-mir-129-2,hsa-mir-183,hsa-mir-497,hsa-mir-145,hsa-mir-21,hsa-mir-182"
Disease,Chronic Hepatitis,5,0.45454545,3.82011605,0.00567,1,0.1399,"hsa-mir-199a-2,hsa-mir-199a-1,hsa-mir-203a,hsa-mir-145,hsa-mir-126"
Disease,"Carcinoma, Renal Cell, Clear-Cell",14,0.24137931,2.02861335,0.00576,1,0.1337,"hsa-mir-199a-2,hsa-mir-506,hsa-mir-217,hsa-mir-126,hsa-mir-136,hsa-mir-299,hsa-mir-145,hsa-mir-10b,hsa-mir-21,hsa-mir-377,hsa-mir-199a-1,hsa-mir-210,hsa-mir-195,hsa-mir-487a"
Disease,"Systemic Lupus Erythematosus, With Pericarditis",3,0.75,6.30319149,0.00603,1,0.1375,"hsa-mir-516a-2,hsa-mir-525,hsa-mir-516a-1"
Disease,HELLP Syndrome,3,0.75,6.30319149,0.00603,1,0.1375,"hsa-mir-133a-1,hsa-mir-758,hsa-mir-133a-2"
Disease,"Squamous Cell Carcinoma, Oral",18,0.21686747,1.82260959,0.00612,1,0.1319,"hsa-mir-338,hsa-mir-203a,hsa-mir-133a-1,hsa-mir-133b,hsa-mir-126,hsa-mir-203b,hsa-mir-433,hsa-mir-216a,hsa-mir-184,hsa-mir-145,hsa-mir-10b,hsa-mir-21,hsa-mir-377,hsa-mir-133a-2,hsa-mir-210,hsa-mir-205,hsa-mir-375,hsa-mir-494"
Disease,Osteosarcoma,31,0.18128655,1.52357845,0.00645,1,0.1366,"hsa-mir-203a,hsa-mir-133b,hsa-mir-203b,hsa-mir-129-1,hsa-mir-196b,hsa-mir-210,hsa-mir-375,hsa-mir-497,hsa-mir-126,hsa-mir-202,hsa-mir-127,hsa-mir-129-2,hsa-mir-206,hsa-mir-10b,hsa-mir-182,hsa-mir-133a-2,hsa-mir-195,hsa-mir-33a,hsa-mir-519d,hsa-mir-379,hsa-mir-214,hsa-mir-145,hsa-mir-183,hsa-mir-205,hsa-mir-199a-2,hsa-mir-133a-1,hsa-mir-217,hsa-mir-21,hsa-mir-539,hsa-mir-377,hsa-mir-199a-1"
Disease,"Carcinoma, Gastric",45,0.16363636,1.37524178,0.00734,1,0.15,"hsa-mir-520b,hsa-mir-203a,hsa-mir-362,hsa-mir-133b,hsa-mir-506,hsa-mir-203b,hsa-mir-129-1,hsa-mir-509-3,hsa-mir-196b,hsa-mir-210,hsa-mir-519c,hsa-mir-375,hsa-mir-497,hsa-mir-338,hsa-mir-519a-2,hsa-mir-126,hsa-mir-202,hsa-mir-127,hsa-mir-433,hsa-mir-129-2,hsa-mir-206,hsa-mir-10b,hsa-mir-182,hsa-mir-133a-2,hsa-mir-136,hsa-mir-508,hsa-mir-519d,hsa-mir-675,hsa-mir-214,hsa-mir-145,hsa-mir-183,hsa-mir-205,hsa-mir-494,hsa-mir-199a-2,hsa-mir-133a-1,hsa-mir-483,hsa-mir-337,hsa-mir-217,hsa-mir-520d,hsa-mir-519a-1,hsa-mir-760,hsa-mir-21,hsa-mir-377,hsa-mir-495,hsa-mir-199a-1"
Disease,"Carcinoma, Cervical",26,0.1884058,1.58341042,0.00771,1,0.1549,"hsa-mir-203a,hsa-mir-362,hsa-mir-506,hsa-mir-203b,hsa-mir-129-1,hsa-mir-196b,hsa-mir-376c,hsa-mir-375,hsa-mir-497,hsa-mir-126,hsa-mir-127,hsa-mir-129-2,hsa-mir-206,hsa-mir-182,hsa-mir-133a-2,hsa-mir-195,hsa-mir-33a,hsa-mir-214,hsa-mir-145,hsa-mir-183,hsa-mir-205,hsa-mir-494,hsa-mir-133a-1,hsa-mir-337,hsa-mir-21,hsa-mir-520h"
Disease,Choriocarcinoma,14,0.23333333,1.96099291,0.00795,1,0.1569,"hsa-mir-203a,hsa-mir-133a-1,hsa-mir-126,hsa-mir-203b,hsa-mir-199b,hsa-mir-145,hsa-mir-10b,hsa-mir-21,hsa-mir-182,hsa-mir-183,hsa-mir-133a-2,hsa-mir-210,hsa-mir-195,hsa-mir-205"
Disease,"Carcinoma, Oral",10,0.27027027,2.27142036,0.0084,1,0.1632,"hsa-mir-203a,hsa-mir-203b,hsa-mir-214,hsa-mir-145,hsa-mir-21,hsa-mir-196b,hsa-mir-518c,hsa-mir-205,hsa-mir-520h,hsa-mir-494"
Disease,Oral Leukoplakia,5,0.41666667,3.50177305,0.00879,1,0.1681,"hsa-mir-129-2,hsa-mir-205,hsa-mir-129-1,hsa-mir-525,hsa-mir-21"
Disease,"Carcinoma, Renal Cell",23,0.19327731,1.62435187,0.00897,1,0.1661,"hsa-mir-203a,hsa-mir-362,hsa-mir-489,hsa-mir-133b,hsa-mir-509-3,hsa-mir-510,hsa-mir-210,hsa-mir-497,hsa-mir-126,hsa-mir-129-2,hsa-mir-206,hsa-mir-182,hsa-mir-195,hsa-mir-214,hsa-mir-184,hsa-mir-145,hsa-mir-183,hsa-mir-205,hsa-mir-216b,hsa-mir-199a-2,hsa-mir-21,hsa-mir-495,hsa-mir-199a-1"
Disease,Medulloepithelioma,4,0.5,4.20212766,0.00917,1,0.1672,"hsa-mir-216a,hsa-mir-509-3,hsa-mir-217,hsa-mir-216b"
Disease,Muscle Diseases [unspecific],4,0.5,4.20212766,0.00917,1,0.1672,"hsa-mir-133a-2,hsa-mir-206,hsa-mir-133a-1,hsa-mir-133b"
Disease,"Cardiomyopathy, Hypertrophic",13,0.23636364,1.98646035,0.00936,1,0.1607,"hsa-mir-199a-2,hsa-mir-133a-1,hsa-mir-489,hsa-mir-133b,hsa-mir-214,hsa-mir-184,hsa-mir-145,hsa-mir-10b,hsa-mir-21,hsa-mir-133a-2,hsa-mir-199a-1,hsa-mir-195,hsa-mir-497"
Disease,"Carcinoma, Bladder",23,0.19166667,1.6108156,0.00997,1,0.1687,"hsa-mir-489,hsa-mir-133b,hsa-mir-199b,hsa-mir-210,hsa-mir-375,hsa-mir-497,hsa-mir-126,hsa-mir-127,hsa-mir-10b,hsa-mir-182,hsa-mir-133a-2,hsa-mir-195,hsa-mir-935,hsa-mir-214,hsa-mir-145,hsa-mir-183,hsa-mir-205,hsa-mir-199a-2,hsa-mir-133a-1,hsa-mir-518e,hsa-mir-21,hsa-mir-495,hsa-mir-199a-1"
Disease,"Carcinoma, Prostate",42,0.16342412,1.37345807,0.0103,1,0.1713,"hsa-mir-302a,hsa-mir-203a,hsa-mir-133b,hsa-mir-129-1,hsa-mir-210,hsa-mir-323a,hsa-mir-376c,hsa-mir-375,hsa-mir-497,hsa-mir-519c,hsa-mir-376a-1,hsa-mir-126,hsa-mir-129-2,hsa-mir-182,hsa-mir-133a-2,hsa-mir-195,hsa-mir-33a,hsa-mir-513c,hsa-mir-875,hsa-mir-675,hsa-mir-214,hsa-mir-145,hsa-mir-512-2,hsa-mir-183,hsa-mir-485,hsa-mir-205,hsa-mir-494,hsa-mir-199a-2,hsa-mir-133a-1,hsa-mir-483,hsa-mir-512-1,hsa-mir-487b,hsa-mir-654,hsa-mir-3189,hsa-mir-299,hsa-mir-154,hsa-mir-323b,hsa-mir-21,hsa-mir-377,hsa-mir-495,hsa-mir-376a-2,hsa-mir-199a-1"
Disease,Acute Kidney Injury,6,0.35294118,2.96620776,0.0104,1,0.1704,"hsa-mir-216a,hsa-mir-216b,hsa-mir-217,hsa-mir-145,hsa-mir-21,hsa-mir-182"
Disease,Intrahepatic Cholangiocarcinoma,7,0.31818182,2.67408124,0.0106,1,0.1721,"hsa-mir-338,hsa-mir-483,hsa-mir-199b,hsa-mir-675,hsa-mir-145,hsa-mir-195,hsa-mir-376c"
Disease,Atherosclerosis,19,0.2,1.68085106,0.0122,1,0.1948,"hsa-mir-302a,hsa-mir-133b,hsa-mir-210,hsa-mir-497,hsa-mir-126,hsa-mir-433,hsa-mir-127,hsa-mir-206,hsa-mir-10b,hsa-mir-182,hsa-mir-133a-2,hsa-mir-33a,hsa-mir-136,hsa-mir-145,hsa-mir-431,hsa-mir-133a-1,hsa-mir-216a,hsa-mir-21,hsa-mir-495"
Disease,Keloid,5,0.38461538,3.23240589,0.0129,1,0.2045,"hsa-mir-199a-2,hsa-mir-199a-1,hsa-mir-205,hsa-mir-145,hsa-mir-21"
Disease,"Adenocarcinoma, Prostate",3,0.6,5.04255319,0.0138,1,0.2119,"hsa-mir-154,hsa-mir-21,hsa-mir-126"
Disease,Distal Myopathy,3,0.6,5.04255319,0.0138,1,0.2119,"hsa-mir-206,hsa-mir-133a-2,hsa-mir-133a-1"
Disease,Musculoskeletal Abnormalities [unspecific],3,0.6,5.04255319,0.0138,1,0.2119,"hsa-mir-206,hsa-mir-133a-2,hsa-mir-133a-1"
Disease,Keratitis,3,0.6,5.04255319,0.0138,1,0.2119,"hsa-mir-183,hsa-mir-182,hsa-mir-145"
Disease,Ventricular Tachycardia,3,0.6,5.04255319,0.0138,1,0.2119,"hsa-mir-133a-2,hsa-mir-133b,hsa-mir-133a-1"
Disease,Graft-Versus-Host Disease,6,0.33333333,2.80141844,0.014,1,0.1912,"hsa-mir-199a-2,hsa-mir-377,hsa-mir-199a-1,hsa-mir-411,hsa-mir-489,hsa-mir-21"
Disease,Angiosarcoma,2,1,8.40425532,0.0141,1,0.1895,"hsa-mir-214,hsa-mir-126"
Disease,Type 2 Diabetes Complications,2,1,8.40425532,0.0141,1,0.1895,"hsa-mir-21,hsa-mir-126"
Disease,Neutropenia,2,1,8.40425532,0.0141,1,0.1895,"hsa-mir-21,hsa-mir-196b"
Disease,Periodontitis,2,1,8.40425532,0.0141,1,0.1895,"hsa-mir-21,hsa-mir-495"
Disease,Cataract,2,1,8.40425532,0.0141,1,0.1895,"hsa-mir-214,hsa-mir-184"
Disease,Sepsis,9,0.26470588,2.22465582,0.0142,1,0.1513,"hsa-mir-133a-1,hsa-mir-126,hsa-mir-145,hsa-mir-182,hsa-mir-21,hsa-mir-466,hsa-mir-133a-2,hsa-mir-210,hsa-mir-375"
Disease,Lung Neoplasms,21,0.19090909,1.60444874,0.0144,1,0.1529,"hsa-mir-203a,hsa-mir-133b,hsa-mir-203b,hsa-mir-210,hsa-mir-375,hsa-mir-338,hsa-mir-126,hsa-mir-129-2,hsa-mir-206,hsa-mir-182,hsa-mir-33a,hsa-mir-136,hsa-mir-214,hsa-mir-145,hsa-mir-183,hsa-mir-205,hsa-mir-199a-2,hsa-mir-216a,hsa-mir-21,hsa-mir-495,hsa-mir-199a-1"
Disease,Metabolic Syndrome,4,0.44444444,3.73522459,0.015,1,0.1573,"hsa-mir-33a,hsa-mir-145,hsa-mir-21,hsa-mir-126"
Disease,Esophageal Neoplasms,4,0.44444444,3.73522459,0.015,1,0.1573,"hsa-mir-203a,hsa-mir-203b,hsa-mir-145,hsa-mir-21"
Disease,Human Cytomegalovirus Infection,4,0.44444444,3.73522459,0.015,1,0.1573,"hsa-mir-376a-2,hsa-mir-217,hsa-mir-376a-1,hsa-mir-21"
Disease,Melanoma,24,0.18181818,1.52804642,0.0164,1,0.1679,"hsa-mir-302a,hsa-mir-203a,hsa-mir-506,hsa-mir-203b,hsa-mir-767,hsa-mir-210,hsa-mir-375,hsa-mir-338,hsa-mir-507,hsa-mir-206,hsa-mir-10b,hsa-mir-182,hsa-mir-33a,hsa-mir-508,hsa-mir-214,hsa-mir-145,hsa-mir-183,hsa-mir-205,hsa-mir-199a-2,hsa-mir-216a,hsa-mir-520c,hsa-mir-21,hsa-mir-377,hsa-mir-199a-1"
Disease,Essential Hypertension,6,0.31578947,2.65397536,0.0186,1,0.1863,"hsa-mir-133a-2,hsa-mir-133a-1,hsa-mir-362,hsa-mir-483,hsa-mir-21,hsa-mir-126"
Disease,Glioblastoma,29,0.17159763,1.44215032,0.0186,1,0.1854,"hsa-mir-522,hsa-mir-302a,hsa-mir-203a,hsa-mir-133b,hsa-mir-506,hsa-mir-203b,hsa-mir-129-1,hsa-mir-210,hsa-mir-126,hsa-mir-520f,hsa-mir-127,hsa-mir-129-2,hsa-mir-206,hsa-mir-10b,hsa-mir-182,hsa-mir-195,hsa-mir-518b,hsa-mir-513c,hsa-mir-145,hsa-mir-431,hsa-mir-205,hsa-mir-494,hsa-mir-199a-2,hsa-mir-3189,hsa-mir-299,hsa-mir-154,hsa-mir-21,hsa-mir-377,hsa-mir-199a-1"
Disease,Aplastic Anemia,4,0.4,3.36170213,0.0227,1,0.2244,"hsa-mir-199a-2,hsa-mir-199a-1,hsa-mir-145,hsa-mir-126"
Disease,Carotid Atherosclerosis,4,0.4,3.36170213,0.0227,1,0.2244,"hsa-mir-133a-2,hsa-mir-133a-1,hsa-mir-145,hsa-mir-127"
Disease,Chronic Heart Failure,3,0.5,4.20212766,0.0252,1,0.2424,"hsa-mir-214,hsa-mir-21,hsa-mir-126"
Disease,Biliary Atresia,3,0.5,4.20212766,0.0252,1,0.2424,"hsa-mir-129-2,hsa-mir-129-1,hsa-mir-21"
Disease,Fibromyalgia,3,0.5,4.20212766,0.0252,1,0.2424,"hsa-mir-338,hsa-mir-145,hsa-mir-21"
Disease,Prostate Neoplasms,15,0.2,1.68085106,0.0253,1,0.2345,"hsa-mir-199a-2,hsa-mir-203a,hsa-mir-616,hsa-mir-133b,hsa-mir-105-2,hsa-mir-203b,hsa-mir-127,hsa-mir-214,hsa-mir-145,hsa-mir-105-1,hsa-mir-21,hsa-mir-182,hsa-mir-520c,hsa-mir-199a-1,hsa-mir-205"
Disease,Coronary Heart Diseases,12,0.21428571,1.80091185,0.0267,1,0.2453,"hsa-mir-199a-2,hsa-mir-133a-1,hsa-mir-526b,hsa-mir-616,hsa-mir-126,hsa-mir-154,hsa-mir-206,hsa-mir-214,hsa-mir-145,hsa-mir-21,hsa-mir-133a-2,hsa-mir-199a-1"
Disease,Heart Diseases [unspecific],9,0.23684211,1.99048152,0.029,1,0.2624,"hsa-mir-516a-1,hsa-mir-133a-1,hsa-mir-133b,hsa-mir-513a-2,hsa-mir-184,hsa-mir-513a-1,hsa-mir-21,hsa-mir-516a-2,hsa-mir-133a-2"
Disease,Liver Cirrhosis,12,0.21052632,1.76931691,0.0304,1,0.2711,"hsa-mir-199a-2,hsa-mir-33a,hsa-mir-203a,hsa-mir-126,hsa-mir-519d,hsa-mir-203b,hsa-mir-214,hsa-mir-145,hsa-mir-10b,hsa-mir-21,hsa-mir-199a-1,hsa-mir-494"
Disease,Barrett's Esophagus,4,0.36363636,3.05609284,0.0325,1,0.2871,"hsa-mir-203a,hsa-mir-205,hsa-mir-203b,hsa-mir-21"
Disease,Gastric Neoplasms,4,0.36363636,3.05609284,0.0325,1,0.2871,"hsa-mir-129-2,hsa-mir-516a-2,hsa-mir-516a-1,hsa-mir-21"
Disease,Necrotizing Enterocolitis,4,0.36363636,3.05609284,0.0325,1,0.2871,"hsa-mir-431,hsa-mir-203a,hsa-mir-203b,hsa-mir-21"
Disease,Bronchopulmonary Dysplasia,5,0.3125,2.62632979,0.0327,1,0.2807,"hsa-mir-431,hsa-mir-206,hsa-mir-411,hsa-mir-214,hsa-mir-21"
Disease,Myocardial Fibrosis,5,0.3125,2.62632979,0.0327,1,0.2807,"hsa-mir-154,hsa-mir-203a,hsa-mir-21,hsa-mir-203b,hsa-mir-433"
Disease,Vascular Diseases [unspecific],7,0.25925926,2.17888101,0.0331,1,0.2802,"hsa-mir-376a-1,hsa-mir-483,hsa-mir-126,hsa-mir-145,hsa-mir-21,hsa-mir-376a-2,hsa-mir-210"
Disease,"Adenocarcinoma, Esophageal",6,0.27272727,2.29206963,0.0377,1,0.315,"hsa-mir-203a,hsa-mir-203b,hsa-mir-145,hsa-mir-21,hsa-mir-210,hsa-mir-205"
Disease,"Osteoporosis, Postmenopausal",2,0.66666667,5.60283688,0.0389,1,0.3201,"hsa-mir-210,hsa-mir-145"
Disease,Coxsackievirus Infection,2,0.66666667,5.60283688,0.0389,1,0.3201,"hsa-mir-214,hsa-mir-466"
Disease,Diabetic Foot,2,0.66666667,5.60283688,0.0389,1,0.3201,"hsa-mir-203b,hsa-mir-203a"
Disease,Acute Pancreatitis,3,0.42857143,3.60182371,0.0402,1,0.3179,"hsa-mir-216a,hsa-mir-216b,hsa-mir-126"
Disease,"Carcinoma, Esophageal",13,0.1969697,1.65538362,0.0409,1,0.3208,"hsa-mir-203a,hsa-mir-133a-1,hsa-mir-483,hsa-mir-506,hsa-mir-217,hsa-mir-126,hsa-mir-203b,hsa-mir-145,hsa-mir-21,hsa-mir-183,hsa-mir-133a-2,hsa-mir-205,hsa-mir-375"
Disease,"Squamous Cell Carcinoma, Cerevial",5,0.29411765,2.4718398,0.042,1,0.3274,"hsa-mir-323b,hsa-mir-323a,hsa-mir-205,hsa-mir-145,hsa-mir-126"
Disease,Lymphoma,12,0.2,1.68085106,0.0438,1,0.3373,"hsa-mir-199a-2,hsa-mir-203a,hsa-mir-133b,hsa-mir-203b,hsa-mir-127,hsa-mir-510,hsa-mir-10b,hsa-mir-21,hsa-mir-199a-1,hsa-mir-494,hsa-mir-497,hsa-mir-520a"
Disease,Adrenal Cortex Neoplasms,4,0.33333333,2.80141844,0.0443,1,0.3388,"hsa-mir-210,hsa-mir-203a,hsa-mir-214,hsa-mir-203b"
Disease,Down Syndrome,4,0.33333333,2.80141844,0.0443,1,0.3388,"hsa-mir-518a-1,hsa-mir-518f,hsa-mir-518a-2,hsa-mir-518e"
Disease,Endometriosis,9,0.2195122,1.84483653,0.0457,1,0.3424,"hsa-mir-199a-2,hsa-mir-126,hsa-mir-202,hsa-mir-145,hsa-mir-10b,hsa-mir-196b,hsa-mir-183,hsa-mir-199a-1,hsa-mir-195"
Disease,Parkinson's Disease,9,0.2195122,1.84483653,0.0457,1,0.3424,"hsa-mir-133b,hsa-mir-126,hsa-mir-129-1,hsa-mir-433,hsa-mir-129-2,hsa-mir-214,hsa-mir-21,hsa-mir-495,hsa-mir-195"
Disease,Ischemia-Reperfusion Injury,6,0.26086957,2.19241443,0.0462,1,0.3423,"hsa-mir-199a-2,hsa-mir-214,hsa-mir-21,hsa-mir-377,hsa-mir-199a-1,hsa-mir-494"
Disease,Muscular Dystrophy,7,0.24137931,2.02861335,0.0475,1,0.3495,"hsa-mir-133a-1,hsa-mir-206,hsa-mir-214,hsa-mir-145,hsa-mir-21,hsa-mir-133a-2,hsa-mir-195"
Disease,Arteriosclerosis Obliterans,5,0.27777778,2.33451537,0.0527,1,0.3858,"hsa-mir-1298,hsa-mir-133a-2,hsa-mir-133a-1,hsa-mir-21,hsa-mir-126"
Disease,Ectopic Pregnancy,4,0.30769231,2.58592471,0.0583,1,0.4235,"hsa-mir-323b,hsa-mir-323a,hsa-mir-337,hsa-mir-196b"
Disease,"Carcinoma, Head And Neck",4,0.30769231,2.58592471,0.0583,1,0.4235,"hsa-mir-203a,hsa-mir-203b,hsa-mir-375,hsa-mir-10b"
Disease,Arrhythmia,3,0.375,3.15159574,0.0589,1,0.4229,"hsa-mir-133a-2,hsa-mir-133a-1,hsa-mir-21"
Disease,"Cardiomyopathy, Ischemic",5,0.26315789,2.21164614,0.065,1,0.4582,"hsa-mir-377,hsa-mir-154,hsa-mir-483,hsa-mir-21,hsa-mir-126"
Disease,Pancreatic Neoplasms,12,0.1875,1.57579787,0.0675,1,0.4703,"hsa-mir-199a-2,hsa-mir-203a,hsa-mir-133b,hsa-mir-217,hsa-mir-203b,hsa-mir-216a,hsa-mir-214,hsa-mir-145,hsa-mir-21,hsa-mir-199a-1,hsa-mir-210,hsa-mir-520h"
Disease,"Adenocarcinoma, Pancreatic Ductal",13,0.18309859,1.53880731,0.0684,1,0.4738,"hsa-mir-483,hsa-mir-337,hsa-mir-506,hsa-mir-217,hsa-mir-206,hsa-mir-145,hsa-mir-10b,hsa-mir-196b,hsa-mir-21,hsa-mir-183,hsa-mir-210,hsa-mir-375,hsa-mir-494"
Disease,Obesity,10,0.19607843,1.6478932,0.0711,1,0.4895,"hsa-mir-199a-2,hsa-mir-33a,hsa-mir-376a-1,hsa-mir-483,hsa-mir-126,hsa-mir-127,hsa-mir-21,hsa-mir-376a-2,hsa-mir-199a-1,hsa-mir-210"
Disease,Chronic Pancreatitis,2,0.5,4.20212766,0.0718,1,0.4916,"hsa-mir-217,hsa-mir-21"
Disease,Fatty Liver [unspecific],2,0.5,4.20212766,0.0718,1,0.4916,"hsa-mir-182,hsa-mir-183"
Disease,Hyperactivity Disorder,2,0.5,4.20212766,0.0718,1,0.4916,"hsa-mir-182,hsa-mir-183"
Disease,Pain[unspecific],2,0.5,4.20212766,0.0718,1,0.4916,"hsa-mir-183,hsa-mir-182"
Disease,Long QT Syndrome,2,0.5,4.20212766,0.0718,1,0.4916,"hsa-mir-133a-2,hsa-mir-133a-1"
Disease,"Adenocarcinoma, Gastric",8,0.21052632,1.76931691,0.0719,1,0.4762,"hsa-mir-203a,hsa-mir-483,hsa-mir-203b,hsa-mir-127,hsa-mir-299,hsa-mir-145,hsa-mir-21,hsa-mir-205"
Disease,Coronary Atherosclerosis,4,0.28571429,2.40121581,0.0743,1,0.4888,"hsa-mir-199a-2,hsa-mir-199a-1,hsa-mir-199b,hsa-mir-21"
Disease,Myotonic Muscular Dystrophy,4,0.28571429,2.40121581,0.0743,1,0.4888,"hsa-mir-133a-2,hsa-mir-206,hsa-mir-133a-1,hsa-mir-133b"
Disease,Salivary Gland Neoplasms,3,0.33333333,2.80141844,0.0808,1,0.5233,"hsa-mir-375,hsa-mir-21,hsa-mir-299"
Disease,Amyotrophic Lateral Sclerosis,3,0.33333333,2.80141844,0.0808,1,0.5233,"hsa-mir-129-2,hsa-mir-338,hsa-mir-206"
Disease,"Carcinoma, Thyroid, Follicular",3,0.33333333,2.80141844,0.0808,1,0.5233,"hsa-mir-183,hsa-mir-199b,hsa-mir-375"
Disease,Retinal Degeneration,3,0.33333333,2.80141844,0.0808,1,0.5233,"hsa-mir-183,hsa-mir-133b,hsa-mir-182"
Disease,Hepatitis C Virus Infection,15,0.17241379,1.44900954,0.0813,1,0.515,"hsa-mir-522,hsa-mir-758,hsa-mir-133b,hsa-mir-885,hsa-mir-196b,hsa-mir-126,hsa-mir-182,hsa-mir-195,hsa-mir-136,hsa-mir-145,hsa-mir-199a-2,hsa-mir-369,hsa-mir-217,hsa-mir-21,hsa-mir-199a-1"
Disease,Psoriasis,7,0.21212121,1.78272083,0.0868,1,0.5472,"hsa-mir-33a,hsa-mir-203a,hsa-mir-369,hsa-mir-217,hsa-mir-203b,hsa-mir-21,hsa-mir-210"
Disease,Allergy,5,0.23809524,2.00101317,0.0937,1,0.5876,"hsa-mir-210,hsa-mir-375,hsa-mir-145,hsa-mir-21,hsa-mir-126"
Disease,Human Papilloma Virus Infection,7,0.20588235,1.73028786,0.0989,1,0.6136,"hsa-mir-203a,hsa-mir-875,hsa-mir-203b,hsa-mir-145,hsa-mir-21,hsa-mir-205,hsa-mir-497"
Disease,Kidney Injury,6,0.21428571,1.80091185,0.1051,1,0.6489,"hsa-mir-126,hsa-mir-127,hsa-mir-21,hsa-mir-182,hsa-mir-210,hsa-mir-494"
Disease,HIV-Associated Lipodystrophy,6,0.21428571,1.80091185,0.1051,1,0.6489,"hsa-mir-199a-2,hsa-mir-362,hsa-mir-487b,hsa-mir-214,hsa-mir-196b,hsa-mir-199a-1"
Disease,"Carcinoma, Basal Cell",3,0.3,2.5212766,0.1057,1,0.6457,"hsa-mir-485,hsa-mir-375,hsa-mir-21"
Disease,Testicular Germ Cell Tumor,3,0.3,2.5212766,0.1057,1,0.6457,"hsa-mir-199a-2,hsa-mir-199a-1,hsa-mir-214"
Disease,Helicobacter Pylori Infection,3,0.3,2.5212766,0.1057,1,0.6457,"hsa-mir-203a,hsa-mir-203b,hsa-mir-375"
Disease,"Squamous Cell Carcinoma, Head and Neck",9,0.1875,1.57579787,0.1062,1,0.6389,"hsa-mir-934,hsa-mir-206,hsa-mir-675,hsa-mir-21,hsa-mir-182,hsa-mir-210,hsa-mir-376c,hsa-mir-375,hsa-mir-494"
Disease,"Carcinoma, Rectal",9,0.1875,1.57579787,0.1062,1,0.6389,"hsa-mir-199a-2,hsa-mir-203a,hsa-mir-203b,hsa-mir-199b,hsa-mir-145,hsa-mir-21,hsa-mir-183,hsa-mir-199a-1,hsa-mir-195"
Disease,Sickle Cell Disease,2,0.4,3.36170213,0.1104,1,0.6543,"hsa-mir-214,hsa-mir-199a-2"
Disease,Cardiomegaly,2,0.4,3.36170213,0.1104,1,0.6543,"hsa-mir-199a-2,hsa-mir-199a-1"
Disease,Gallstones,2,0.4,3.36170213,0.1104,1,0.6543,"hsa-mir-210,hsa-mir-375"
Disease,Thyroid Neoplasms,4,0.25,2.10106383,0.1121,1,0.6448,"hsa-mir-323b,hsa-mir-323a,hsa-mir-127,hsa-mir-21"
Disease,"Carcinoma, Laryngeal",11,0.17460317,1.46740966,0.1175,1,0.6728,"hsa-mir-133a-1,hsa-mir-489,hsa-mir-206,hsa-mir-214,hsa-mir-10b,hsa-mir-133a-2,hsa-mir-210,hsa-mir-195,hsa-mir-205,hsa-mir-487a,hsa-mir-375"
Disease,Glaucoma,6,0.20689655,1.73881145,0.1202,1,0.6814,"hsa-mir-483,hsa-mir-202,hsa-mir-184,hsa-mir-21,hsa-mir-182,hsa-mir-205"
Disease,"Carcinoma, Thyroid",7,0.19444444,1.63416076,0.1257,1,0.7092,"hsa-mir-584,hsa-mir-126,hsa-mir-214,hsa-mir-145,hsa-mir-21,hsa-mir-539,hsa-mir-205"
Disease,Cardiovascular Diseases [unspecific],11,0.171875,1.44448138,0.1279,1,0.7184,"hsa-mir-33a,hsa-mir-758,hsa-mir-133a-1,hsa-mir-126,hsa-mir-487b,hsa-mir-216a,hsa-mir-145,hsa-mir-10b,hsa-mir-21,hsa-mir-133a-2,hsa-mir-210"
Disease,Mild Cognitive Impairment,3,0.27272727,2.29206963,0.1332,1,0.7445,"hsa-mir-323b,hsa-mir-206,hsa-mir-323a"
Disease,"Carcinoma, Ovarian, Serous",5,0.20833333,1.75088652,0.1469,1,0.8136,"hsa-mir-483,hsa-mir-508,hsa-mir-509-3,hsa-mir-510,hsa-mir-21"
Disease,Chronic Brucellosis,2,0.33333333,2.80141844,0.1531,1,0.8398,"hsa-mir-126,hsa-mir-494"
Disease,Acute Cerebral Infarction,2,0.33333333,2.80141844,0.1531,1,0.8398,"hsa-mir-210,hsa-mir-21"
Disease,Huntington's Disease,2,0.33333333,2.80141844,0.1531,1,0.8398,"hsa-mir-214,hsa-mir-10b"
Disease,Irritable Bowel Syndrome,2,0.33333333,2.80141844,0.1531,1,0.8398,"hsa-mir-199a-2,hsa-mir-199a-1"
Disease,"Leukemia, Biphenotypic, Acute",2,0.33333333,2.80141844,0.1531,1,0.8398,"hsa-mir-584,hsa-mir-182"
Disease,Neuroendocrine Tumors,2,0.33333333,2.80141844,0.1531,1,0.8398,"hsa-mir-133a-2,hsa-mir-133a-1"
Disease,Essential Thrombocythemia,2,0.33333333,2.80141844,0.1531,1,0.8398,"hsa-mir-203a,hsa-mir-203b"
Disease,Peritoneal Dialysis Failure,6,0.19354839,1.62663006,0.1532,1,0.8107,"hsa-mir-136,hsa-mir-129-1,hsa-mir-129-2,hsa-mir-21,hsa-mir-205,hsa-mir-497"
Disease,"Lymphoma, Large B-Cell, Diffuse",7,0.18421053,1.5481523,0.1558,1,0.8203,"hsa-mir-33a,hsa-mir-5586,hsa-mir-520d,hsa-mir-126,hsa-mir-214,hsa-mir-520c,hsa-mir-21"
Disease,"Squamous Cell Carcinoma, Skin or Unspecific",4,0.22222222,1.86761229,0.1568,1,0.8221,"hsa-mir-199a-2,hsa-mir-199a-1,hsa-mir-205,hsa-mir-21"
Disease,"Leukemia, Myeloid, Acute",18,0.1512605,1.2712319,0.159,1,0.8298,"hsa-mir-203a,hsa-mir-203b,hsa-mir-199b,hsa-mir-196b,hsa-mir-210,hsa-mir-323a,hsa-mir-519c,hsa-mir-519a-2,hsa-mir-126,hsa-mir-127,hsa-mir-519d,hsa-mir-494,hsa-mir-519a-1,hsa-mir-299,hsa-mir-154,hsa-mir-323b,hsa-mir-21,hsa-mir-377"
Disease,Atrial Fibrillation,10,0.16666667,1.40070922,0.1655,1,0.8566,"hsa-mir-199a-2,hsa-mir-483,hsa-mir-126,hsa-mir-199b,hsa-mir-10b,hsa-mir-21,hsa-mir-466,hsa-mir-183,hsa-mir-377,hsa-mir-199a-1"
Disease,Liver Neoplasms,5,0.2,1.68085106,0.167,1,0.8606,"hsa-mir-133b,hsa-mir-10b,hsa-mir-21,hsa-mir-210,hsa-mir-375"
Disease,Aortic Stenosis,5,0.2,1.68085106,0.167,1,0.8606,"hsa-mir-133a-1,hsa-mir-133b,hsa-mir-133a-2,hsa-mir-210,hsa-mir-195"
Disease,Acute Myocardial Infarction,8,0.17391304,1.46160962,0.1709,1,0.8727,"hsa-mir-133a-1,hsa-mir-133b,hsa-mir-126,hsa-mir-214,hsa-mir-145,hsa-mir-21,hsa-mir-133a-2,hsa-mir-497"
Disease,Chronic Kidney Disease,6,0.1875,1.57579787,0.1711,1,0.8704,"hsa-mir-133a-1,hsa-mir-217,hsa-mir-126,hsa-mir-21,hsa-mir-133a-2,hsa-mir-210"
Disease,Ovarian Neoplasms,16,0.1509434,1.26856684,0.1802,1,0.9088,"hsa-mir-302a,hsa-mir-133b,hsa-mir-516a-2,hsa-mir-376c,hsa-mir-338,hsa-mir-126,hsa-mir-127,hsa-mir-133a-2,hsa-mir-516a-1,hsa-mir-214,hsa-mir-145,hsa-mir-183,hsa-mir-199a-2,hsa-mir-133a-1,hsa-mir-21,hsa-mir-199a-1"
Disease,Cutaneous Melanoma,4,0.21052632,1.76931691,0.1813,1,0.9102,"hsa-mir-199b,hsa-mir-205,hsa-mir-21,hsa-mir-182"
Disease,Hepatoblastoma,5,0.19230769,1.61620295,0.1882,1,0.9409,"hsa-mir-214,hsa-mir-145,hsa-mir-21,hsa-mir-210,hsa-mir-195"
Disease,Mycobacterium Tuberculosis Infection,3,0.23076923,1.93944354,0.1942,1,0.9628,"hsa-mir-206,hsa-mir-485,hsa-mir-21"
Disease,Male Infertility,3,0.23076923,1.93944354,0.1942,1,0.9628,"hsa-mir-885,hsa-mir-210,hsa-mir-145"
Disease,"Leukemia, Lymphoblastic, Acute, B-Cell",3,0.23076923,1.93944354,0.1942,1,0.9628,"hsa-mir-199a-2,hsa-mir-199a-1,hsa-mir-323b"
Disease,"Carcinoma, Biliary Tract",2,0.28571429,2.40121581,0.1982,1,0.9706,"hsa-mir-205,hsa-mir-21"
Disease,"Carcinoma, Endometrioid Endometrial",2,0.28571429,2.40121581,0.1982,1,0.9706,"hsa-mir-205,hsa-mir-145"
Disease,Retinal Neovascularization,2,0.28571429,2.40121581,0.1982,1,0.9706,"hsa-mir-214,hsa-mir-184"
Disease,Cerebral Aneurysm,4,0.2,1.68085106,0.2069,1,0.9848,"hsa-mir-133a-2,hsa-mir-133a-1,hsa-mir-145,hsa-mir-133b"
Disease,"Stroke, Ischemic",6,0.17647059,1.48310388,0.2094,1,0.9885,"hsa-mir-199a-2,hsa-mir-126,hsa-mir-199b,hsa-mir-495,hsa-mir-199a-1,hsa-mir-210"
Disease,Acute Brucellosis,1,0.5,4.20212766,0.2239,1,1,hsa-mir-126
Disease,Choroidal Neovascularization,1,0.5,4.20212766,0.2239,1,1,hsa-mir-126
Disease,Hyperglycemia,1,0.5,4.20212766,0.2239,1,1,hsa-mir-126
Disease,Fetal Alcohol Syndrome,1,0.5,4.20212766,0.2239,1,1,hsa-mir-21
Disease,Hamartoma Syndrome,1,0.5,4.20212766,0.2239,1,1,hsa-mir-21
Disease,Thyroid-Associated Ophthalmopathy,1,0.5,4.20212766,0.2239,1,1,hsa-mir-21
Disease,Dermatomyositis,1,0.5,4.20212766,0.2239,1,1,hsa-mir-206
Disease,Pediatric Osteosarcoma,1,0.5,4.20212766,0.2239,1,1,hsa-mir-214
Disease,Prion Diseases,1,0.5,4.20212766,0.2239,1,1,hsa-mir-494
Disease,Androgenetic Alopecia,1,0.5,4.20212766,0.2239,1,1,hsa-mir-485
Disease,Hypoxic-Ischemic Encephalopathy,1,0.5,4.20212766,0.2239,1,1,hsa-mir-210
Disease,Peripheral Vascular Disease,3,0.21428571,1.80091185,0.2269,1,0.9114,"hsa-mir-195,hsa-mir-145,hsa-mir-126"
Disease,"Aortic Aneurysm, Abdominal",4,0.19047619,1.60081054,0.2336,1,0.9319,"hsa-mir-205,hsa-mir-362,hsa-mir-489,hsa-mir-21"
Disease,"Carcinoma, Skin",2,0.25,2.10106383,0.2447,1,0.9729,"hsa-mir-205,hsa-mir-21"
Disease,Soft Tissue Sarcoma,2,0.25,2.10106383,0.2447,1,0.9729,"hsa-mir-206,hsa-mir-182"
Disease,Alcoholic Cardiomyopathy,2,0.25,2.10106383,0.2447,1,0.9729,"hsa-mir-485,hsa-mir-506"
Disease,Polycystic Ovarian Syndrome,5,0.17241379,1.44900954,0.2566,1,1,"hsa-mir-483,hsa-mir-199b,hsa-mir-21,hsa-mir-592,hsa-mir-375"
Disease,Dengue Virus Infection,3,0.2,1.68085106,0.2605,1,1,"hsa-mir-133a-2,hsa-mir-133a-1,hsa-mir-126"
Disease,Hirschsprung's Disease,4,0.18181818,1.52804642,0.261,1,1,"hsa-mir-369,hsa-mir-206,hsa-mir-885,hsa-mir-195"
Disease,Gastrointestinal Neoplasms,12,0.14634146,1.22989102,0.2611,1,1,"hsa-mir-133b,hsa-mir-126,hsa-mir-129-1,hsa-mir-433,hsa-mir-129-2,hsa-mir-214,hsa-mir-145,hsa-mir-21,hsa-mir-210,hsa-mir-195,hsa-mir-375,hsa-mir-497"
Disease,Neuroblastoma,9,0.15254237,1.28200505,0.2611,1,1,"hsa-mir-338,hsa-mir-203a,hsa-mir-362,hsa-mir-337,hsa-mir-203b,hsa-mir-10b,hsa-mir-21,hsa-mir-205,hsa-mir-375"
Disease,"Leukemia, Myeloid, Chronic",10,0.14925373,1.25436647,0.2671,1,1,"hsa-mir-518b,hsa-mir-483,hsa-mir-525,hsa-mir-126,hsa-mir-299,hsa-mir-199b,hsa-mir-145,hsa-mir-21,hsa-mir-196b,hsa-mir-520a"
Disease,"Carcinoma, Nasopharyngeal",16,0.14035088,1.17954461,0.2712,1,1,"hsa-mir-203a,hsa-mir-506,hsa-mir-203b,hsa-mir-199b,hsa-mir-338,hsa-mir-10b,hsa-mir-195,hsa-mir-214,hsa-mir-184,hsa-mir-145,hsa-mir-183,hsa-mir-205,hsa-mir-494,hsa-mir-216b,hsa-mir-483,hsa-mir-21"
Disease,Medulloblastoma,5,0.16666667,1.40070922,0.2807,1,1,"hsa-mir-206,hsa-mir-199b,hsa-mir-10b,hsa-mir-495,hsa-mir-431"
Disease,"Diabetes Mellitus, Gestational",4,0.17391304,1.46160962,0.289,1,1,"hsa-mir-33a,hsa-mir-362,hsa-mir-126,hsa-mir-508"
Disease,"Adenocarcinoma, Colon",4,0.17391304,1.46160962,0.289,1,1,"hsa-mir-145,hsa-mir-21,hsa-mir-182,hsa-mir-552"
Disease,Systemic Sclerosis,2,0.22222222,1.86761229,0.2915,1,1,"hsa-mir-21,hsa-mir-126"
Disease,Ankylosing Spondylitis,2,0.22222222,1.86761229,0.2915,1,1,"hsa-mir-10b,hsa-mir-21"
Disease,"Carcinoma, Vulvar",2,0.22222222,1.86761229,0.2915,1,1,"hsa-mir-133a-2,hsa-mir-133a-1"
Disease,Alopecia,2,0.22222222,1.86761229,0.2915,1,1,"hsa-mir-203a,hsa-mir-203b"
Disease,Osteoporosis,2,0.22222222,1.86761229,0.2915,1,1,"hsa-mir-216a,hsa-mir-483"
Disease,Cystic Fibrosis,3,0.1875,1.57579787,0.2948,1,1,"hsa-mir-199a-2,hsa-mir-199a-1,hsa-mir-509-3"
Disease,"Lymphoma, T-Cell, Cutaneous",1,0.33333333,2.80141844,0.3164,1,1,hsa-mir-126
Disease,Pneumonia,1,0.33333333,2.80141844,0.3164,1,1,hsa-mir-126
Disease,Bronchiolitis Obliterans Syndrome,1,0.33333333,2.80141844,0.3164,1,1,hsa-mir-21
Disease,Chronic Atrial Fibrillation,1,0.33333333,2.80141844,0.3164,1,1,hsa-mir-21
Disease,Granular Corneal Dystrophy,1,0.33333333,2.80141844,0.3164,1,1,hsa-mir-21
Disease,Growth Disorders,1,0.33333333,2.80141844,0.3164,1,1,hsa-mir-21
Disease,"Scleroderma, Localized",1,0.33333333,2.80141844,0.3164,1,1,hsa-mir-214
Disease,Hypercholesterolaemia,1,0.33333333,2.80141844,0.3164,1,1,hsa-mir-33a
Disease,Carotid Artery Diseases,1,0.33333333,2.80141844,0.3164,1,1,hsa-mir-494
Disease,Testicular Neoplasms,1,0.33333333,2.80141844,0.3164,1,1,hsa-mir-133b
Disease,Intracerebral Haemorrhage,1,0.33333333,2.80141844,0.3164,1,1,hsa-mir-362
Disease,Cardiac Myxoma,1,0.33333333,2.80141844,0.3164,1,1,hsa-mir-217
Disease,"Carcinoma, Gastric, Signet Ring Cell",1,0.33333333,2.80141844,0.3164,1,1,hsa-mir-935
Disease,Malignant Peripheral Nerve Sheath Tumor,1,0.33333333,2.80141844,0.3164,1,1,hsa-mir-210
Disease,"Scleroderma, Systemic",1,0.33333333,2.80141844,0.3164,1,1,hsa-mir-202
Disease,Liver Failure,1,0.33333333,2.80141844,0.3164,1,1,hsa-mir-375
Disease,Brain Neoplasms,4,0.16666667,1.40070922,0.3174,1,1,"hsa-mir-520g,hsa-mir-129-1,hsa-mir-129-2,hsa-mir-21"
Disease,Cardiomyopathy,4,0.16666667,1.40070922,0.3174,1,1,"hsa-mir-133a-1,hsa-mir-133b,hsa-mir-21,hsa-mir-133a-2"
Disease,Astrocytoma,3,0.17647059,1.48310388,0.3293,1,1,"hsa-mir-210,hsa-mir-206,hsa-mir-21"
Disease,Pleural Mesothelioma,5,0.15625,1.31316489,0.33,1,1,"hsa-mir-126,hsa-mir-379,hsa-mir-145,hsa-mir-21,hsa-mir-411"
Disease,Nervous System Diseases [unspecific],2,0.2,1.68085106,0.3379,1,1,"hsa-mir-338,hsa-mir-145"
Disease,Alcoholic Hepatitis,2,0.2,1.68085106,0.3379,1,1,"hsa-mir-483,hsa-mir-182"
Disease,Osteoarthritis,6,0.14634146,1.22989102,0.3603,1,1,"hsa-mir-199a-2,hsa-mir-483,hsa-mir-127,hsa-mir-145,hsa-mir-21,hsa-mir-199a-1"
Disease,Epstein-Barr Virus Infection,3,0.16666667,1.40070922,0.3638,1,1,"hsa-mir-183,hsa-mir-10b,hsa-mir-182"
Disease,"Tuberculosis, Pulmonary",4,0.15384615,1.29296236,0.3747,1,1,"hsa-mir-206,hsa-mir-21,hsa-mir-196b,hsa-mir-376c"
Disease,"Diabetes Mellitus, Type 2",19,0.1292517,1.08626429,0.3827,1,1,"hsa-mir-133b,hsa-mir-376c,hsa-mir-375,hsa-mir-376b,hsa-mir-376a-1,hsa-mir-126,hsa-mir-206,hsa-mir-182,hsa-mir-133a-2,hsa-mir-195,hsa-mir-33a,hsa-mir-214,hsa-mir-145,hsa-mir-199a-2,hsa-mir-133a-1,hsa-mir-217,hsa-mir-21,hsa-mir-376a-2,hsa-mir-199a-1"
Disease,Mesothelioma,2,0.18181818,1.52804642,0.3834,1,1,"hsa-mir-21,hsa-mir-126"
Disease,ACTH-Secreting Pituitary Adenoma,2,0.18181818,1.52804642,0.3834,1,1,"hsa-mir-145,hsa-mir-21"
Disease,Kidney Transplant Rejection,2,0.18181818,1.52804642,0.3834,1,1,"hsa-mir-338,hsa-mir-21"
Disease,Uveal Melanoma,2,0.18181818,1.52804642,0.3834,1,1,"hsa-mir-145,hsa-mir-21"
Disease,Aortic Aneurysm,2,0.18181818,1.52804642,0.3834,1,1,"hsa-mir-195,hsa-mir-145"
Disease,Sjogren's Syndrome,1,0.25,2.10106383,0.398,1,1,hsa-mir-126
Disease,"Carcinoma, Oropharyngeal",1,0.25,2.10106383,0.398,1,1,hsa-mir-21
Disease,"Carcinoma, Ovarian, Clear Cell",1,0.25,2.10106383,0.398,1,1,hsa-mir-21
Disease,"Carcinoma, Salivary Adenoid Cystic",1,0.25,2.10106383,0.398,1,1,hsa-mir-21
Disease,Cholesteatoma,1,0.25,2.10106383,0.398,1,1,hsa-mir-21
Disease,Cryptosporidium infection,1,0.25,2.10106383,0.398,1,1,hsa-mir-21
Disease,Meningioma,1,0.25,2.10106383,0.398,1,1,hsa-mir-21
Disease,Aortic Insufficiency,1,0.25,2.10106383,0.398,1,1,hsa-mir-195
Disease,Epithelioid Sarcoma,1,0.25,2.10106383,0.398,1,1,hsa-mir-206
Disease,Liposarcoma,1,0.25,2.10106383,0.398,1,1,hsa-mir-145
Disease,Japanese Encephalitis Virus Infection,1,0.25,2.10106383,0.398,1,1,hsa-mir-33a
Disease,"Carcinoma, Spindle Cell",1,0.25,2.10106383,0.398,1,1,hsa-mir-205
Disease,Skin Neoplasms,1,0.25,2.10106383,0.398,1,1,hsa-mir-302a
Disease,"Carcinoma, Renal Cell, Chromophobe",1,0.25,2.10106383,0.398,1,1,hsa-mir-210
Disease,Pheochromocytoma,1,0.25,2.10106383,0.398,1,1,hsa-mir-210
Disease,Cervical Neoplasms,3,0.15789474,1.32698768,0.3981,1,1,"hsa-mir-214,hsa-mir-145,hsa-mir-126"
Disease,"Carcinoma, Gallbladder",4,0.14814815,1.24507486,0.4034,1,1,"hsa-mir-202,hsa-mir-145,hsa-mir-21,hsa-mir-182"
Disease,Cholangiocarcinoma,5,0.14285714,1.2006079,0.4053,1,1,"hsa-mir-203a,hsa-mir-483,hsa-mir-203b,hsa-mir-21,hsa-mir-205"
Disease,Alzheimer's Disease,13,0.13,1.09255319,0.4103,1,1,"hsa-mir-937,hsa-mir-885,hsa-mir-323a,hsa-mir-375,hsa-mir-206,hsa-mir-195,hsa-mir-33a,hsa-mir-136,hsa-mir-512-2,hsa-mir-483,hsa-mir-512-1,hsa-mir-323b,hsa-mir-21"
Disease,Multiple Myeloma,8,0.13333333,1.12056738,0.4232,1,1,"hsa-mir-199a-2,hsa-mir-561,hsa-mir-202,hsa-mir-145,hsa-mir-520c,hsa-mir-182,hsa-mir-21,hsa-mir-199a-1"
Disease,Colitis,2,0.16666667,1.40070922,0.4275,1,1,"hsa-mir-145,hsa-mir-21"
Disease,Renal Fibrosis,2,0.16666667,1.40070922,0.4275,1,1,"hsa-mir-21,hsa-mir-196b"
Disease,"Lymphoma, Large-Cell, Anaplastic",2,0.16666667,1.40070922,0.4275,1,1,"hsa-mir-512-1,hsa-mir-512-2"
Disease,Endometrial Neoplasms,2,0.16666667,1.40070922,0.4275,1,1,"hsa-mir-183,hsa-mir-182"
Disease,Autoimmune Diseases [unspecific],5,0.13888889,1.16725768,0.4302,1,1,"hsa-mir-584,hsa-mir-199a-2,hsa-mir-126,hsa-mir-21,hsa-mir-199a-1"
Disease,Chronic Hepatitis C,5,0.13888889,1.16725768,0.4302,1,1,"hsa-mir-199a-2,hsa-mir-33a,hsa-mir-196b,hsa-mir-431,hsa-mir-199a-1"
Disease,Autism Spectrum Disorder,4,0.14285714,1.2006079,0.4317,1,1,"hsa-mir-129-1,hsa-mir-129-2,hsa-mir-21,hsa-mir-431"
Disease,Myelodysplastic Syndromes,4,0.14285714,1.2006079,0.4317,1,1,"hsa-mir-145,hsa-mir-21,hsa-mir-196b,hsa-mir-205"
Disease,Colon Neoplasms,10,0.12987013,1.09146173,0.4353,1,1,"hsa-mir-584,hsa-mir-133b,hsa-mir-126,hsa-mir-127,hsa-mir-145,hsa-mir-21,hsa-mir-210,hsa-mir-518c,hsa-mir-205,hsa-mir-552"
Disease,Stroke,5,0.13513514,1.13571018,0.455,1,1,"hsa-mir-133a-1,hsa-mir-362,hsa-mir-145,hsa-mir-21,hsa-mir-133a-2"
Disease,Diabetic Retinopathy,3,0.14285714,1.2006079,0.4648,1,1,"hsa-mir-195,hsa-mir-21,hsa-mir-126"
Disease,Colon Adenoma,3,0.14285714,1.2006079,0.4648,1,1,"hsa-mir-145,hsa-mir-21,hsa-mir-182"
Disease,IgA Nephropathy,1,0.2,1.68085106,0.4698,1,1,hsa-mir-21
Disease,Reflux Esophagitis,1,0.2,1.68085106,0.4698,1,1,hsa-mir-145
Disease,Wounds and Injuries [unspecific],1,0.2,1.68085106,0.4698,1,1,hsa-mir-145
Disease,Hyperlipidemia,1,0.2,1.68085106,0.4698,1,1,hsa-mir-485
Disease,"Carcinoma, Periampullary",1,0.2,1.68085106,0.4698,1,1,hsa-mir-375
Disease,Vascular Injuries,2,0.15384615,1.29296236,0.4699,1,1,"hsa-mir-21,hsa-mir-126"
Disease,Spinal Cord Injuries,2,0.15384615,1.29296236,0.4699,1,1,"hsa-mir-145,hsa-mir-21"
Disease,Lupus Nephritis,2,0.15384615,1.29296236,0.4699,1,1,"hsa-mir-145,hsa-mir-127"
Disease,"Lymphoma, Burkitt's",2,0.15384615,1.29296236,0.4699,1,1,"hsa-mir-520a,hsa-mir-145"
Disease,Intervertebral Disc Degeneration,2,0.15384615,1.29296236,0.4699,1,1,"hsa-mir-494,hsa-mir-10b"
Disease,Tuberculosis,2,0.15384615,1.29296236,0.4699,1,1,"hsa-mir-183,hsa-mir-337"
Disease,Immune Thrombocytopenic Purpura,2,0.15384615,1.29296236,0.4699,1,1,"hsa-mir-302a,hsa-mir-483"
Disease,Multiple Sclerosis,6,0.12765957,1.07288366,0.4949,1,1,"hsa-mir-369,hsa-mir-599,hsa-mir-214,hsa-mir-145,hsa-mir-411,hsa-mir-494"
Disease,Acute Coronary Syndrome,3,0.13636364,1.14603482,0.497,1,1,"hsa-mir-323b,hsa-mir-21,hsa-mir-323a"
Disease,"Lymphoma, Hodgkin",3,0.13636364,1.14603482,0.497,1,1,"hsa-mir-21,hsa-mir-494,hsa-mir-520a"
Disease,"Carcinoma, Thyroid, Papillary",7,0.125,1.05053191,0.5077,1,1,"hsa-mir-126,hsa-mir-199b,hsa-mir-214,hsa-mir-21,hsa-mir-182,hsa-mir-183,hsa-mir-375"
Disease,Macular Degeneration,2,0.14285714,1.2006079,0.5105,1,1,"hsa-mir-184,hsa-mir-126"
Disease,Myasthenia Gravis,2,0.14285714,1.2006079,0.5105,1,1,"hsa-mir-885,hsa-mir-21"
Disease,Acute Ischemic Stroke,2,0.14285714,1.2006079,0.5105,1,1,"hsa-mir-487b,hsa-mir-145"
Disease,Pancreatic Intraductal Papillary Mucinous Neoplasms,1,0.16666667,1.40070922,0.5332,1,1,hsa-mir-126
Disease,Costello Syndrome,1,0.16666667,1.40070922,0.5332,1,1,hsa-mir-206
Disease,Spinal Muscular Atrophy,1,0.16666667,1.40070922,0.5332,1,1,hsa-mir-206
Disease,Nasopharyngeal Neoplasms,1,0.16666667,1.40070922,0.5332,1,1,hsa-mir-10b
Disease,"Lymphoma, Non-Hodgkin",1,0.16666667,1.40070922,0.5332,1,1,hsa-mir-520a
Disease,Nephrosclerosis,1,0.16666667,1.40070922,0.5332,1,1,hsa-mir-205
Disease,Fanconi Anemia,1,0.16666667,1.40070922,0.5332,1,1,hsa-mir-302a
Disease,Germ Cell Tumor,1,0.16666667,1.40070922,0.5332,1,1,hsa-mir-302a
Disease,Lupus Vulgaris,1,0.16666667,1.40070922,0.5332,1,1,hsa-mir-210
Disease,Kawasaki's Syndrome,1,0.16666667,1.40070922,0.5332,1,1,hsa-mir-483
Disease,Inflammatory Bowel Diseases,4,0.125,1.05053191,0.5406,1,1,"hsa-mir-129-1,hsa-mir-129-2,hsa-mir-206,hsa-mir-21"
Disease,"Carcinoma, Endometrial",7,0.12068966,1.01430668,0.5473,1,1,"hsa-mir-302a,hsa-mir-203a,hsa-mir-203b,hsa-mir-145,hsa-mir-10b,hsa-mir-182,hsa-mir-205"
Disease,Prolactinoma,2,0.13333333,1.12056738,0.5489,1,1,"hsa-mir-136,hsa-mir-126"
Disease,Idiopathic Pulmonary Fibrosis,2,0.13333333,1.12056738,0.5489,1,1,"hsa-mir-210,hsa-mir-21"
Disease,Liver Injury,2,0.13333333,1.12056738,0.5489,1,1,"hsa-mir-21,hsa-mir-182"
Disease,Myocardial Ischemic-Reperfusion Injury,2,0.125,1.05053191,0.5852,1,1,"hsa-mir-21,hsa-mir-126"
Disease,Kidney Diseases [unspecific],1,0.14285714,1.2006079,0.589,1,1,hsa-mir-21
Disease,Enterovirus Infection,1,0.14285714,1.2006079,0.589,1,1,hsa-mir-489
Disease,Behcet's Disease,1,0.14285714,1.2006079,0.589,1,1,hsa-mir-182
Disease,Influenza,3,0.11538462,0.96972177,0.615,1,1,"hsa-mir-33a,hsa-mir-126,hsa-mir-376c"
Disease,Head And Neck Neoplasms,4,0.11111111,0.93380615,0.6381,1,1,"hsa-mir-133a-1,hsa-mir-21,hsa-mir-133a-2,hsa-mir-205"
Disease,Pulmonary Hypertension,4,0.11111111,0.93380615,0.6381,1,1,"hsa-mir-206,hsa-mir-145,hsa-mir-21,hsa-mir-210"
Disease,Hemophagocytic Lymphohistiocytosis,1,0.125,1.05053191,0.6382,1,1,hsa-mir-21
Disease,Bipolar Disorder,1,0.125,1.05053191,0.6382,1,1,hsa-mir-206
Disease,Waldenstrom Macroglobulinemia,1,0.125,1.05053191,0.6382,1,1,hsa-mir-206
Disease,Nephrotic Syndrome,1,0.125,1.05053191,0.6382,1,1,hsa-mir-210
Disease,Mesial Temporal Lobe Epilepsy,2,0.11111111,0.93380615,0.6513,1,1,"hsa-mir-145,hsa-mir-196b"
Disease,Systemic Lupus Erythematosus,6,0.10909091,0.91682785,0.6567,1,1,"hsa-mir-758,hsa-mir-362,hsa-mir-126,hsa-mir-145,hsa-mir-21,hsa-mir-494"
Disease,Chronic Obstructive Pulmonary Disease,3,0.10714286,0.90045593,0.6667,1,1,"hsa-mir-199a-2,hsa-mir-21,hsa-mir-199a-1"
Disease,Human Immunodeficiency Virus Infection,5,0.10638298,0.89406971,0.6769,1,1,"hsa-mir-126,hsa-mir-196b,hsa-mir-21,hsa-mir-183,hsa-mir-210"
Disease,Pituitary Adenoma,2,0.10526316,0.88465845,0.681,1,1,"hsa-mir-520b,hsa-mir-10b"
Disease,Neurodegenerative Diseases [unspecific],2,0.10526316,0.88465845,0.681,1,1,"hsa-mir-337,hsa-mir-338"
Disease,"Leukemia-Lymphoma, Precursor B-Cell Lymphoblastic",1,0.11111111,0.93380615,0.6815,1,1,hsa-mir-126
Disease,Atopic Dermatitis,1,0.11111111,0.93380615,0.6815,1,1,hsa-mir-21
Disease,"Leukemia-Lymphoma, Adult T-Cell",1,0.11111111,0.93380615,0.6815,1,1,hsa-mir-145
Disease,Myeloproliferative Neoplasms,1,0.11111111,0.93380615,0.6815,1,1,hsa-mir-375
Disease,Leukemia,7,0.10447761,0.87805653,0.7056,1,1,"hsa-mir-217,hsa-mir-126,hsa-mir-199b,hsa-mir-196b,hsa-mir-21,hsa-mir-183,hsa-mir-195"
Disease,Graves' Disease,1,0.1,0.84042553,0.7197,1,1,hsa-mir-183
Disease,"Leukemia, Lymphocytic, Chronic",4,0.09756098,0.81992735,0.7397,1,1,"hsa-mir-362,hsa-mir-214,hsa-mir-21,hsa-mir-497"
Disease,Non-Traumatic Subarachnoid Hemorrhage,1,0.09090909,0.76402321,0.7534,1,1,hsa-mir-126
Disease,Synovial Sarcoma,1,0.09090909,0.76402321,0.7534,1,1,hsa-mir-195
Disease,Machado-Joseph Disease,1,0.09090909,0.76402321,0.7534,1,1,hsa-mir-494
Disease,Cerebral Ischemia,1,0.09090909,0.76402321,0.7534,1,1,hsa-mir-376b
Disease,Azoospermia,1,0.09090909,0.76402321,0.7534,1,1,hsa-mir-302a
Disease,Kidney Neoplasms,1,0.09090909,0.76402321,0.7534,1,1,hsa-mir-302a
Disease,Lung Fibrosis,2,0.09090909,0.76402321,0.7581,1,1,"hsa-mir-154,hsa-mir-21"
Disease,Myocardial Infarction,5,0.09615385,0.80810147,0.7626,1,1,"hsa-mir-133b,hsa-mir-126,hsa-mir-206,hsa-mir-21,hsa-mir-210"
Disease,Crohn Disease,3,0.09090909,0.76402321,0.7733,1,1,"hsa-mir-21,hsa-mir-196b,hsa-mir-495"
Disease,Hepatitis [unspecific],1,0.08333333,0.70035461,0.783,1,1,hsa-mir-21
Disease,Lofgren's Syndrome,1,0.08333333,0.70035461,0.783,1,1,hsa-mir-21
Disease,"Carcinoma, Thyroid, Anaplastic",1,0.08333333,0.70035461,0.783,1,1,hsa-mir-206
Disease,"Leukemia, Lymphoblastic, Acute, Childhood",1,0.08333333,0.70035461,0.783,1,1,hsa-mir-210
Disease,Hematologic Neoplasms,3,0.08823529,0.74155194,0.7909,1,1,"hsa-mir-520c,hsa-mir-21,hsa-mir-497"
Disease,Diabetic Nephropathy,2,0.08333333,0.70035461,0.8002,1,1,"hsa-mir-214,hsa-mir-21"
Disease,"Lymphoma, B-Cell",2,0.08333333,0.70035461,0.8002,1,1,"hsa-mir-195,hsa-mir-376c"
Disease,Diabetes Mellitus,7,0.09459459,0.79499712,0.8006,1,1,"hsa-mir-133a-1,hsa-mir-145,hsa-mir-196b,hsa-mir-21,hsa-mir-133a-2,hsa-mir-495,hsa-mir-375"
Disease,Retinoblastoma,4,0.08888889,0.74704492,0.8044,1,1,"hsa-mir-433,hsa-mir-21,hsa-mir-183,hsa-mir-494"
Disease,Hemoglobin Diseases,1,0.07692308,0.64648118,0.8091,1,1,hsa-mir-210
Disease,Hepatitis B Virus Infection,6,0.08955224,0.75261988,0.8312,1,1,"hsa-mir-520b,hsa-mir-203a,hsa-mir-126,hsa-mir-323b,hsa-mir-21,hsa-mir-205"
Disease,"Colitis, Ulcerative",2,0.07692308,0.64648118,0.8357,1,1,"hsa-mir-21,hsa-mir-195"
Disease,"Lymphoma, T-Cell",2,0.07692308,0.64648118,0.8357,1,1,"hsa-mir-145,hsa-mir-21"
Disease,Epilepsy,2,0.07407407,0.62253743,0.8512,1,1,"hsa-mir-21,hsa-mir-323a"
Disease,"Leukemia, Promyelocytic, Acute",1,0.06666667,0.56028369,0.8523,1,1,hsa-mir-126
Disease,"Adenocarcinoma, Gastric-Esophageal Junction",1,0.06666667,0.56028369,0.8523,1,1,hsa-mir-21
Disease,"Fatty Liver, Non-Alcoholic",1,0.06666667,0.56028369,0.8523,1,1,hsa-mir-21
Disease,Maternal Obesity During Childbirth,1,0.06666667,0.56028369,0.8523,1,1,hsa-mir-375
Disease,Asthma,3,0.07317073,0.61494551,0.885,1,1,"hsa-mir-126,hsa-mir-145,hsa-mir-21"
Disease,Muscle Atrophy,1,0.05882353,0.49436796,0.8857,1,1,hsa-mir-21
Disease,Schizophrenia,4,0.0754717,0.63428342,0.895,1,1,"hsa-mir-338,hsa-mir-206,hsa-mir-183,hsa-mir-195"
Disease,Respiratory Syncytial Virus Pneumonia,1,0.05555556,0.46690307,0.8995,1,1,hsa-mir-203a
Disease,Rheumatoid Arthritis,4,0.07407407,0.62253743,0.9032,1,1,"hsa-mir-203a,hsa-mir-126,hsa-mir-203b,hsa-mir-21"
Disease,Chronic Hepatitis B,2,0.0625,0.52526596,0.9106,1,1,"hsa-mir-885,hsa-mir-210"
Disease,Polycythemia Vera,1,0.05,0.42021277,0.9224,1,1,hsa-mir-21
Disease,"Leukemia, Lymphocytic, Chronic, B-Cell",2,0.05882353,0.49436796,0.9275,1,1,"hsa-mir-21,hsa-mir-195"
Disease,Allergic Rhinitis,1,0.04761905,0.40020263,0.9318,1,1,hsa-mir-126
Disease,"Leukemia, Lymphoblastic",1,0.04761905,0.40020263,0.9318,1,1,hsa-mir-126
Disease,"Carcinoma, Lung, Small-Cell",1,0.04761905,0.40020263,0.9318,1,1,hsa-mir-495
Disease,Adenovirus Infection,2,0.05555556,0.46690307,0.9414,1,1,"hsa-mir-466,hsa-mir-210"
Disease,Depression Disorder,1,0.04347826,0.36540241,0.9473,1,1,hsa-mir-145
Disease,"Leukemia, Lymphoblastic, Acute",1,0.04166667,0.3501773,0.9537,1,1,hsa-mir-196b
Disease,Kaposi's Sarcoma,1,0.03703704,0.31126872,0.9686,1,1,hsa-mir-199b
Disease,Liver Diseases [unspecific],1,0.03448276,0.28980191,0.9758,1,1,hsa-mir-21
