Category,Term,Count,Percent,Fold,P-value,Bonferroni,FDR,miRNA
Disease,Ventricular Tachycardia,5,1,11.61764706,4.31E-06,0.00221,0.00511,"hsa-mir-1-2,hsa-mir-1-1,hsa-mir-133a-2,hsa-mir-133b,hsa-mir-133a-1"
Disease,Arrhythmia,6,0.75,8.71323529,8.59E-06,0.00441,0.00509,"hsa-mir-1-1,hsa-mir-133a-2,hsa-mir-3144,hsa-mir-133a-1,hsa-mir-1-2,hsa-mir-21"
Disease,"Carcinoma, Hepatocellular",48,0.14159292,1.64497657,1.17E-05,0.006,0.00462,"hsa-mir-3144,hsa-mir-96,hsa-mir-133b,hsa-mir-506,hsa-mir-573,hsa-mir-486-1,hsa-mir-509-3,hsa-mir-146b,hsa-mir-888,hsa-mir-885,hsa-mir-1-2,hsa-mir-144,hsa-mir-135b,hsa-mir-1246,hsa-mir-615,hsa-mir-1-1,hsa-mir-30a,hsa-mir-451a,hsa-mir-105-1,hsa-mir-196a-2,hsa-mir-18a,hsa-mir-133a-2,hsa-mir-204,hsa-mir-592,hsa-mir-877,hsa-mir-139,hsa-mir-935,hsa-mir-940,hsa-mir-105-2,hsa-mir-188,hsa-mir-508,hsa-mir-509-2,hsa-mir-675,hsa-mir-184,hsa-mir-145,hsa-mir-187,hsa-mir-183,hsa-mir-196a-1,hsa-mir-1269b,hsa-mir-490,hsa-mir-143,hsa-mir-486-2,hsa-mir-133a-1,hsa-mir-483,hsa-mir-509-1,hsa-mir-211,hsa-mir-1269a,hsa-mir-21"
Disease,Retinal Degeneration,6,0.66666667,7.74509804,2.40E-05,0.0123,0.0071,"hsa-mir-183,hsa-mir-1-1,hsa-mir-204,hsa-mir-1-2,hsa-mir-96,hsa-mir-133b"
Disease,"Muscular Dystrophy, Duchenne",5,0.83333333,9.68137255,2.41E-05,0.0124,0.00571,"hsa-mir-1-1,hsa-mir-133a-2,hsa-mir-133a-1,hsa-mir-1-2,hsa-mir-133b"
Disease,Hypertension,12,0.30769231,3.57466063,4.77E-05,0.0245,0.00941,"hsa-mir-139,hsa-mir-135b,hsa-mir-133a-1,hsa-mir-105-2,hsa-mir-30a,hsa-mir-1-1,hsa-mir-105-1,hsa-mir-196a-2,hsa-mir-21,hsa-mir-133a-2,hsa-mir-204,hsa-mir-1-2"
Disease,Long QT Syndrome,4,1,11.61764706,5.20E-05,0.0267,0.0088,"hsa-mir-1-2,hsa-mir-1-1,hsa-mir-133a-2,hsa-mir-133a-1"
Disease,"Cardiomyopathy, Hypertrophic",14,0.25454545,2.95721925,0.000112,0.0574,0.0147,"hsa-mir-133a-1,hsa-mir-96,hsa-mir-133b,hsa-mir-30a,hsa-mir-1-1,hsa-mir-451a,hsa-mir-184,hsa-mir-145,hsa-mir-21,hsa-mir-133a-2,hsa-mir-204,hsa-mir-383,hsa-mir-1-2,hsa-mir-143"
Disease,Aortic Stenosis,9,0.36,4.18235294,0.000117,0.0598,0.0126,"hsa-mir-133a-1,hsa-mir-133b,hsa-mir-30a,hsa-mir-1-1,hsa-mir-211,hsa-mir-451a,hsa-mir-133a-2,hsa-mir-204,hsa-mir-1-2"
Disease,"Carcinoma, Ovarian",31,0.15979381,1.85642814,0.000158,0.081,0.0156,"hsa-mir-96,hsa-mir-506,hsa-mir-133b,hsa-mir-509-3,hsa-mir-146b,hsa-mir-196b,hsa-mir-383,hsa-mir-1-2,hsa-mir-135b,hsa-mir-551a,hsa-mir-30a,hsa-mir-1-1,hsa-mir-451a,hsa-mir-196a-2,hsa-mir-133a-2,hsa-mir-204,hsa-mir-940,hsa-mir-509-2,hsa-mir-184,hsa-mir-145,hsa-mir-187,hsa-mir-183,hsa-mir-196a-1,hsa-mir-490,hsa-mir-143,hsa-mir-133a-1,hsa-mir-483,hsa-mir-551b,hsa-mir-509-1,hsa-mir-211,hsa-mir-21"
Disease,Distal Myopathy,4,0.8,9.29411765,0.000243,0.1245,0.0205,"hsa-mir-1-2,hsa-mir-1-1,hsa-mir-133a-2,hsa-mir-133a-1"
Disease,Musculoskeletal Abnormalities [unspecific],4,0.8,9.29411765,0.000243,0.1245,0.0205,"hsa-mir-1-2,hsa-mir-1-1,hsa-mir-133a-2,hsa-mir-133a-1"
Disease,"Carcinoma, Esophageal",15,0.22727273,2.64037433,0.000252,0.1292,0.0149,"hsa-mir-133a-1,hsa-mir-483,hsa-mir-96,hsa-mir-506,hsa-mir-146b,hsa-mir-451a,hsa-mir-145,hsa-mir-196a-2,hsa-mir-21,hsa-mir-183,hsa-mir-133a-2,hsa-mir-196a-1,hsa-mir-204,hsa-mir-144,hsa-mir-143"
Disease,"Carcinoma, Colon",43,0.13650794,1.58590103,0.000259,0.1327,0.0146,"hsa-mir-96,hsa-mir-133b,hsa-mir-506,hsa-mir-486-1,hsa-mir-509-3,hsa-mir-146b,hsa-mir-888,hsa-mir-5582,hsa-mir-885,hsa-mir-196b,hsa-mir-1-2,hsa-mir-144,hsa-mir-135b,hsa-mir-1246,hsa-mir-551a,hsa-mir-30a,hsa-mir-1-1,hsa-mir-451a,hsa-mir-196a-2,hsa-mir-18a,hsa-mir-133a-2,hsa-mir-204,hsa-mir-592,hsa-mir-877,hsa-mir-139,hsa-mir-301b,hsa-mir-3622a,hsa-mir-509-2,hsa-mir-675,hsa-mir-145,hsa-mir-187,hsa-mir-183,hsa-mir-196a-1,hsa-mir-552,hsa-mir-490,hsa-mir-143,hsa-mir-486-2,hsa-mir-133a-1,hsa-mir-483,hsa-mir-509-1,hsa-mir-211,hsa-mir-1269a,hsa-mir-21"
Disease,"Carcinoma, Rectal",12,0.25,2.90441176,0.000436,0.2237,0.0225,"hsa-mir-139,hsa-mir-135b,hsa-mir-486-2,hsa-mir-486-1,hsa-mir-146b,hsa-mir-145,hsa-mir-18a,hsa-mir-196a-2,hsa-mir-21,hsa-mir-183,hsa-mir-196a-1,hsa-mir-143"
Disease,"Carcinoma, Ovarian, Serous",8,0.33333333,3.87254902,0.000529,0.2711,0.0261,"hsa-mir-483,hsa-mir-1246,hsa-mir-508,hsa-mir-509-3,hsa-mir-509-1,hsa-mir-509-2,hsa-mir-30a,hsa-mir-21"
Disease,"Carcinoma, Gastric",38,0.13818182,1.60534759,0.000581,0.2981,0.0275,"hsa-mir-96,hsa-mir-133b,hsa-mir-506,hsa-mir-573,hsa-mir-486-1,hsa-mir-509-3,hsa-mir-146b,hsa-mir-196b,hsa-mir-383,hsa-mir-1-2,hsa-mir-144,hsa-mir-135b,hsa-mir-4758,hsa-mir-4732,hsa-mir-1-1,hsa-mir-30a,hsa-mir-451a,hsa-mir-196a-2,hsa-mir-18a,hsa-mir-133a-2,hsa-mir-204,hsa-mir-139,hsa-mir-940,hsa-mir-508,hsa-mir-509-2,hsa-mir-675,hsa-mir-145,hsa-mir-187,hsa-mir-183,hsa-mir-196a-1,hsa-mir-490,hsa-mir-143,hsa-mir-486-2,hsa-mir-133a-1,hsa-mir-483,hsa-mir-551b,hsa-mir-509-1,hsa-mir-21"
Disease,Polycystic Kidney Disease,6,0.42857143,4.9789916,0.000598,0.3068,0.0273,"hsa-mir-1-1,hsa-mir-133a-2,hsa-mir-133a-1,hsa-mir-1-2,hsa-mir-133b,hsa-mir-143"
Disease,Chronic Atrial Fibrillation,3,1,11.61764706,0.000621,0.3184,0.0272,"hsa-mir-1-2,hsa-mir-1-1,hsa-mir-21"
Disease,Neuroendocrine Tumors,4,0.66666667,7.74509804,0.00068,0.3487,0.0237,"hsa-mir-133a-2,hsa-mir-196a-1,hsa-mir-133a-1,hsa-mir-196a-2"
Disease,Fibromyalgia,4,0.66666667,7.74509804,0.00068,0.3487,0.0237,"hsa-mir-451a,hsa-mir-145,hsa-mir-21,hsa-mir-143"
Disease,Aplastic Anemia,5,0.5,5.80882353,0.000763,0.3915,0.0251,"hsa-mir-1-1,hsa-mir-204,hsa-mir-146b,hsa-mir-1-2,hsa-mir-145"
Disease,Cerebral Aneurysm,7,0.35,4.06617647,0.000867,0.4449,0.0278,"hsa-mir-1-1,hsa-mir-133a-2,hsa-mir-133a-1,hsa-mir-1-2,hsa-mir-145,hsa-mir-133b,hsa-mir-143"
Disease,Atrial Fibrillation,13,0.21666667,2.51715686,0.00111,0.5683,0.0345,"hsa-mir-486-2,hsa-mir-483,hsa-mir-486-1,hsa-mir-30a,hsa-mir-1-1,hsa-mir-146b,hsa-mir-451a,hsa-mir-196a-2,hsa-mir-18a,hsa-mir-21,hsa-mir-183,hsa-mir-1-2,hsa-mir-144"
Disease,Acute Myocardial Infarction,11,0.23913043,2.77813299,0.00116,0.5929,0.0351,"hsa-mir-486-2,hsa-mir-133a-1,hsa-mir-133b,hsa-mir-486-1,hsa-mir-1-1,hsa-mir-145,hsa-mir-21,hsa-mir-133a-2,hsa-mir-204,hsa-mir-1-2,hsa-mir-144"
Disease,Congenital Heart Diseases,7,0.31818182,3.69652406,0.00165,0.8465,0.0477,"hsa-mir-133a-1,hsa-mir-96,hsa-mir-1-1,hsa-mir-196a-2,hsa-mir-133a-2,hsa-mir-1-2,hsa-mir-143"
Disease,Intrahepatic Cholangiocarcinoma,7,0.31818182,3.69652406,0.00165,0.8465,0.0477,"hsa-mir-483,hsa-mir-96,hsa-mir-1-1,hsa-mir-675,hsa-mir-145,hsa-mir-204,hsa-mir-1-2"
Disease,"Squamous Cell Carcinoma, Cerevial",6,0.35294118,4.10034602,0.00199,1,0.0548,"hsa-mir-490,hsa-mir-96,hsa-mir-144,hsa-mir-145,hsa-mir-1246,hsa-mir-143"
Disease,"Adenocarcinoma, Colon",7,0.30434783,3.53580563,0.00221,1,0.0581,"hsa-mir-135b,hsa-mir-96,hsa-mir-30a,hsa-mir-145,hsa-mir-21,hsa-mir-18a,hsa-mir-552"
Disease,Muscle Diseases [unspecific],4,0.5,5.80882353,0.00277,1,0.0683,"hsa-mir-30a,hsa-mir-133a-2,hsa-mir-133a-1,hsa-mir-133b"
Disease,Medulloepithelioma,4,0.5,5.80882353,0.00277,1,0.0683,"hsa-mir-211,hsa-mir-509-2,hsa-mir-509-3,hsa-mir-509-1"
Disease,Arteriosclerosis Obliterans,6,0.33333333,3.87254902,0.00278,1,0.0658,"hsa-mir-1-1,hsa-mir-1298,hsa-mir-133a-2,hsa-mir-133a-1,hsa-mir-1-2,hsa-mir-21"
Disease,Diabetes Mellitus,14,0.18918919,2.19793323,0.00287,1,0.0667,"hsa-mir-486-2,hsa-mir-133a-1,hsa-mir-486-1,hsa-mir-30a,hsa-mir-1-1,hsa-mir-145,hsa-mir-196a-2,hsa-mir-196b,hsa-mir-21,hsa-mir-133a-2,hsa-mir-196a-1,hsa-mir-204,hsa-mir-1-2,hsa-mir-143"
Disease,"Carcinoma, Oral",9,0.24324324,2.82591415,0.00294,1,0.0669,"hsa-mir-139,hsa-mir-135b,hsa-mir-146b,hsa-mir-145,hsa-mir-196a-2,hsa-mir-21,hsa-mir-196b,hsa-mir-196a-1,hsa-mir-1269b"
Disease,Bladder Neoplasms,9,0.24324324,2.82591415,0.00294,1,0.0669,"hsa-mir-133a-1,hsa-mir-133b,hsa-mir-1224,hsa-mir-1-1,hsa-mir-145,hsa-mir-21,hsa-mir-133a-2,hsa-mir-1-2,hsa-mir-143"
Disease,Glioma,29,0.13942308,1.6197681,0.00301,1,0.0661,"hsa-mir-96,hsa-mir-133b,hsa-mir-506,hsa-mir-1224,hsa-mir-146b,hsa-mir-767,hsa-mir-196b,hsa-mir-383,hsa-mir-144,hsa-mir-135b,hsa-mir-30a,hsa-mir-451a,hsa-mir-105-1,hsa-mir-196a-2,hsa-mir-18a,hsa-mir-133a-2,hsa-mir-592,hsa-mir-204,hsa-mir-139,hsa-mir-105-2,hsa-mir-508,hsa-mir-675,hsa-mir-184,hsa-mir-145,hsa-mir-183,hsa-mir-196a-1,hsa-mir-143,hsa-mir-133a-1,hsa-mir-21"
Disease,"Squamous Cell Carcinoma, Oral",15,0.18072289,2.09957477,0.00324,1,0.0699,"hsa-mir-139,hsa-mir-133a-1,hsa-mir-1246,hsa-mir-133b,hsa-mir-143,hsa-mir-211,hsa-mir-184,hsa-mir-145,hsa-mir-196a-2,hsa-mir-21,hsa-mir-3651,hsa-mir-133a-2,hsa-mir-196a-1,hsa-mir-204,hsa-mir-144"
Disease,"Carcinoma, Breast",41,0.11781609,1.36874577,0.00328,1,0.0693,"hsa-mir-573,hsa-mir-135b,hsa-mir-451a,hsa-mir-196a-2,hsa-mir-18a,hsa-mir-184,hsa-mir-183,hsa-mir-486-2,hsa-mir-346,hsa-mir-506,hsa-mir-486-1,hsa-mir-509-3,hsa-mir-196b,hsa-mir-1-2,hsa-mir-1246,hsa-mir-1-1,hsa-mir-133a-2,hsa-mir-940,hsa-mir-105-2,hsa-mir-1258,hsa-mir-96,hsa-mir-133b,hsa-mir-146b,hsa-mir-888,hsa-mir-144,hsa-mir-30a,hsa-mir-204,hsa-mir-139,hsa-mir-145,hsa-mir-196a-1,hsa-mir-143,hsa-mir-509-1,hsa-mir-21,hsa-mir-4728,hsa-mir-1225,hsa-mir-105-1,hsa-mir-592,hsa-mir-3646,hsa-mir-509-2,hsa-mir-675,hsa-mir-133a-1"
Disease,"Carcinoma, Lung. Non-Small-Cell",30,0.1369863,1.5914585,0.00333,1,0.0692,"hsa-mir-486-1,hsa-mir-509-3,hsa-mir-196b,hsa-mir-1-2,hsa-mir-144,hsa-mir-135b,hsa-mir-1246,hsa-mir-1-1,hsa-mir-30a,hsa-mir-196a-2,hsa-mir-18a,hsa-mir-133a-2,hsa-mir-592,hsa-mir-204,hsa-mir-139,hsa-mir-301b,hsa-mir-509-2,hsa-mir-675,hsa-mir-184,hsa-mir-145,hsa-mir-187,hsa-mir-196a-1,hsa-mir-3619,hsa-mir-143,hsa-mir-486-2,hsa-mir-133a-1,hsa-mir-483,hsa-mir-509-1,hsa-mir-21,hsa-mir-1254-2"
Disease,Essential Hypertension,6,0.31578947,3.66873065,0.00378,1,0.0772,"hsa-mir-1-1,hsa-mir-133a-2,hsa-mir-133a-1,hsa-mir-1-2,hsa-mir-483,hsa-mir-21"
Disease,"Carcinoma, Lung",29,0.13615023,1.58174537,0.00439,1,0.0882,"hsa-mir-96,hsa-mir-506,hsa-mir-133b,hsa-mir-486-1,hsa-mir-509-3,hsa-mir-937,hsa-mir-383,hsa-mir-1-2,hsa-mir-144,hsa-mir-30a,hsa-mir-1-1,hsa-mir-451a,hsa-mir-196a-2,hsa-mir-133a-2,hsa-mir-592,hsa-mir-3662,hsa-mir-139,hsa-mir-301b,hsa-mir-145,hsa-mir-187,hsa-mir-183,hsa-mir-196a-1,hsa-mir-490,hsa-mir-143,hsa-mir-486-2,hsa-mir-133a-1,hsa-mir-1258,hsa-mir-21,hsa-mir-346"
Disease,"Carcinoma, Bladder",19,0.15833333,1.83946078,0.00447,1,0.0883,"hsa-mir-96,hsa-mir-133b,hsa-mir-573,hsa-mir-146b,hsa-mir-1-2,hsa-mir-144,hsa-mir-1-1,hsa-mir-451a,hsa-mir-196a-2,hsa-mir-133a-2,hsa-mir-139,hsa-mir-935,hsa-mir-145,hsa-mir-183,hsa-mir-196a-1,hsa-mir-490,hsa-mir-143,hsa-mir-133a-1,hsa-mir-21"
Disease,Myotonic Muscular Dystrophy,5,0.35714286,4.14915966,0.00458,1,0.0889,"hsa-mir-1-1,hsa-mir-133a-2,hsa-mir-133a-1,hsa-mir-1-2,hsa-mir-133b"
Disease,Breast Neoplasms,22,0.14864865,1.72694754,0.00488,1,0.0933,"hsa-mir-96,hsa-mir-133b,hsa-mir-486-1,hsa-mir-146b,hsa-mir-383,hsa-mir-1-2,hsa-mir-135b,hsa-mir-30a,hsa-mir-1-1,hsa-mir-451a,hsa-mir-196a-2,hsa-mir-18a,hsa-mir-133a-2,hsa-mir-204,hsa-mir-184,hsa-mir-145,hsa-mir-183,hsa-mir-196a-1,hsa-mir-143,hsa-mir-486-2,hsa-mir-133a-1,hsa-mir-21"
Disease,Keratitis,3,0.6,6.97058824,0.00545,1,0.1026,"hsa-mir-183,hsa-mir-96,hsa-mir-145"
Disease,"Adenocarcinoma, Pancreatic Ductal",13,0.18309859,2.12717481,0.00551,1,0.102,"hsa-mir-483,hsa-mir-96,hsa-mir-506,hsa-mir-940,hsa-mir-615,hsa-mir-211,hsa-mir-145,hsa-mir-196a-2,hsa-mir-196b,hsa-mir-21,hsa-mir-183,hsa-mir-196a-1,hsa-mir-143"
Disease,"Carcinoma, Gallbladder",7,0.25925926,3.01198257,0.00598,1,0.1091,"hsa-mir-1-1,hsa-mir-146b,hsa-mir-145,hsa-mir-21,hsa-mir-187,hsa-mir-1-2,hsa-mir-143"
Disease,Coronary Heart Diseases,11,0.19642857,2.28203782,0.00616,1,0.1105,"hsa-mir-486-2,hsa-mir-133a-1,hsa-mir-486-1,hsa-mir-1-1,hsa-mir-451a,hsa-mir-145,hsa-mir-196a-2,hsa-mir-18a,hsa-mir-21,hsa-mir-133a-2,hsa-mir-1-2"
Disease,Sepsis,8,0.23529412,2.73356401,0.00628,1,0.1111,"hsa-mir-486-2,hsa-mir-133a-1,hsa-mir-486-1,hsa-mir-30a,hsa-mir-145,hsa-mir-21,hsa-mir-133a-2,hsa-mir-143"
Disease,"Adenocarcinoma, Gastric-Esophageal Junction",5,0.33333333,3.87254902,0.0064,1,0.1116,"hsa-mir-196a-1,hsa-mir-135b,hsa-mir-549a,hsa-mir-196a-2,hsa-mir-21"
Disease,"Carcinoma, Urothelial",5,0.33333333,3.87254902,0.0064,1,0.1116,"hsa-mir-183,hsa-mir-30a,hsa-mir-96,hsa-mir-145,hsa-mir-21"
Disease,Prolactinoma,5,0.33333333,3.87254902,0.0064,1,0.1116,"hsa-mir-30a,hsa-mir-486-2,hsa-mir-451a,hsa-mir-486-1,hsa-mir-144"
Disease,Neutropenia,2,1,11.61764706,0.00734,1,0.1192,"hsa-mir-21,hsa-mir-196b"
Disease,"Carcinoma, Thyroid",8,0.22222222,2.58169935,0.00905,1,0.1141,"hsa-mir-486-2,hsa-mir-551b,hsa-mir-486-1,hsa-mir-146b,hsa-mir-145,hsa-mir-21,hsa-mir-204,hsa-mir-144"
Disease,Muscular Dystrophy,7,0.24137931,2.80425963,0.0091,1,0.1136,"hsa-mir-133a-1,hsa-mir-30a,hsa-mir-1-1,hsa-mir-145,hsa-mir-21,hsa-mir-133a-2,hsa-mir-1-2"
Disease,"Diabetes Mellitus, Type 2",21,0.14285714,1.65966387,0.0097,1,0.1198,"hsa-mir-96,hsa-mir-133b,hsa-mir-486-1,hsa-mir-146b,hsa-mir-383,hsa-mir-1-2,hsa-mir-144,hsa-mir-30a,hsa-mir-1-1,hsa-mir-451a,hsa-mir-196a-2,hsa-mir-18a,hsa-mir-133a-2,hsa-mir-145,hsa-mir-187,hsa-mir-196a-1,hsa-mir-143,hsa-mir-486-2,hsa-mir-133a-1,hsa-mir-4687,hsa-mir-21"
Disease,"Carcinoma, Pancreatic",23,0.13855422,1.60967399,0.00979,1,0.1196,"hsa-mir-96,hsa-mir-506,hsa-mir-146b,hsa-mir-885,hsa-mir-196b,hsa-mir-135b,hsa-mir-1246,hsa-mir-30a,hsa-mir-196a-2,hsa-mir-18a,hsa-mir-133a-2,hsa-mir-204,hsa-mir-139,hsa-mir-940,hsa-mir-301b,hsa-mir-145,hsa-mir-183,hsa-mir-196a-1,hsa-mir-143,hsa-mir-133a-1,hsa-mir-483,hsa-mir-211,hsa-mir-21"
Disease,Cervical Dysplasia,3,0.5,5.80882353,0.0102,1,0.1237,"hsa-mir-196a-1,hsa-mir-196a-2,hsa-mir-143"
Disease,Barrett's Esophagus,4,0.36363636,4.22459893,0.0106,1,0.1261,"hsa-mir-196a-1,hsa-mir-196a-2,hsa-mir-21,hsa-mir-143"
Disease,Aortic Aneurysm,4,0.36363636,4.22459893,0.0106,1,0.1261,"hsa-mir-1-1,hsa-mir-1-2,hsa-mir-145,hsa-mir-143"
Disease,Focal Segmental Glomerulosclerosis,5,0.29411765,3.41695502,0.0115,1,0.1333,"hsa-mir-30a,hsa-mir-196a-1,hsa-mir-1225,hsa-mir-490,hsa-mir-196a-2"
Disease,Heart Diseases [unspecific],8,0.21052632,2.44582043,0.0126,1,0.1455,"hsa-mir-133a-1,hsa-mir-133b,hsa-mir-1-1,hsa-mir-146b,hsa-mir-184,hsa-mir-21,hsa-mir-133a-2,hsa-mir-1-2"
Disease,Cardiomyopathy,6,0.25,2.90441176,0.0131,1,0.1496,"hsa-mir-133a-1,hsa-mir-133b,hsa-mir-30a,hsa-mir-451a,hsa-mir-21,hsa-mir-133a-2"
Disease,Colitis,4,0.33333333,3.87254902,0.0149,1,0.1668,"hsa-mir-139,hsa-mir-18a,hsa-mir-145,hsa-mir-21"
Disease,Renal Fibrosis,4,0.33333333,3.87254902,0.0149,1,0.1668,"hsa-mir-196a-1,hsa-mir-196a-2,hsa-mir-21,hsa-mir-196b"
Disease,Lofgren's Syndrome,4,0.33333333,3.87254902,0.0149,1,0.1668,"hsa-mir-1-1,hsa-mir-146b,hsa-mir-1-2,hsa-mir-21"
Disease,"Carcinoma, Laryngeal",11,0.17460317,2.02847806,0.0152,1,0.1651,"hsa-mir-486-2,hsa-mir-133a-1,hsa-mir-1265,hsa-mir-486-1,hsa-mir-1276,hsa-mir-1-1,hsa-mir-196a-2,hsa-mir-133a-2,hsa-mir-196a-1,hsa-mir-1-2,hsa-mir-144"
Disease,"Carcinoma, Prostate",31,0.12062257,1.40135042,0.0202,1,0.2136,"hsa-mir-96,hsa-mir-133b,hsa-mir-146b,hsa-mir-888,hsa-mir-1-2,hsa-mir-383,hsa-mir-135b,hsa-mir-3176,hsa-mir-30a,hsa-mir-1-1,hsa-mir-196a-2,hsa-mir-18a,hsa-mir-133a-2,hsa-mir-204,hsa-mir-139,hsa-mir-513c,hsa-mir-940,hsa-mir-188,hsa-mir-301b,hsa-mir-675,hsa-mir-145,hsa-mir-187,hsa-mir-183,hsa-mir-3619,hsa-mir-3654,hsa-mir-143,hsa-mir-133a-1,hsa-mir-483,hsa-mir-3189,hsa-mir-21,hsa-mir-23c"
Disease,"Carcinoma, Cervical",19,0.13768116,1.59953112,0.0206,1,0.2156,"hsa-mir-96,hsa-mir-506,hsa-mir-146b,hsa-mir-196b,hsa-mir-135b,hsa-mir-1246,hsa-mir-196a-2,hsa-mir-18a,hsa-mir-133a-2,hsa-mir-139,hsa-mir-145,hsa-mir-187,hsa-mir-183,hsa-mir-196a-1,hsa-mir-143,hsa-mir-133a-1,hsa-mir-211,hsa-mir-21,hsa-mir-346"
Disease,Lung Neoplasms,16,0.14545455,1.68983957,0.0206,1,0.2141,"hsa-mir-133b,hsa-mir-486-1,hsa-mir-146b,hsa-mir-1-2,hsa-mir-30a,hsa-mir-1-1,hsa-mir-196a-2,hsa-mir-18a,hsa-mir-145,hsa-mir-187,hsa-mir-183,hsa-mir-196a-1,hsa-mir-143,hsa-mir-486-2,hsa-mir-1258,hsa-mir-21"
Disease,"Scleroderma, Localized",2,0.66666667,7.74509804,0.0208,1,0.2142,"hsa-mir-196a-2,hsa-mir-196a-1"
Disease,Bronchiolitis Obliterans Syndrome,2,0.66666667,7.74509804,0.0208,1,0.2142,"hsa-mir-21,hsa-mir-144"
Disease,Human Papilloma Virus Infection,7,0.20588235,2.39186851,0.0219,1,0.2145,"hsa-mir-3144,hsa-mir-96,hsa-mir-145,hsa-mir-196a-2,hsa-mir-21,hsa-mir-196a-1,hsa-mir-143"
Disease,Vascular Diseases [unspecific],6,0.22222222,2.58169935,0.0233,1,0.2267,"hsa-mir-483,hsa-mir-145,hsa-mir-196a-2,hsa-mir-21,hsa-mir-18a,hsa-mir-143"
Disease,Hemophagocytic Lymphohistiocytosis,3,0.375,4.35661765,0.0252,1,0.2408,"hsa-mir-144,hsa-mir-21,hsa-mir-143"
Disease,Bladder Outlet Obstruction,4,0.28571429,3.31932773,0.0264,1,0.2462,"hsa-mir-30a,hsa-mir-1-1,hsa-mir-204,hsa-mir-1-2"
Disease,"Carcinoma, Nasopharyngeal",16,0.14035088,1.63054696,0.0283,1,0.2616,"hsa-mir-506,hsa-mir-1-2,hsa-mir-30a,hsa-mir-1-1,hsa-mir-451a,hsa-mir-18a,hsa-mir-204,hsa-mir-940,hsa-mir-4501,hsa-mir-184,hsa-mir-145,hsa-mir-183,hsa-mir-143,hsa-mir-483,hsa-mir-21,hsa-mir-346"
Disease,Head And Neck Neoplasms,7,0.19444444,2.25898693,0.0295,1,0.2706,"hsa-mir-133a-1,hsa-mir-1-1,hsa-mir-18a,hsa-mir-21,hsa-mir-133a-2,hsa-mir-204,hsa-mir-1-2"
Disease,Glaucoma,6,0.20689655,2.40365112,0.0325,1,0.2965,"hsa-mir-483,hsa-mir-30a,hsa-mir-451a,hsa-mir-184,hsa-mir-21,hsa-mir-144"
Disease,Esophageal Neoplasms,3,0.33333333,3.87254902,0.0355,1,0.3208,"hsa-mir-145,hsa-mir-21,hsa-mir-143"
Disease,Metabolic Syndrome,3,0.33333333,3.87254902,0.0355,1,0.3208,"hsa-mir-146b,hsa-mir-145,hsa-mir-21"
Disease,"Adenocarcinoma, Gastric",7,0.18421053,2.14009288,0.0386,1,0.3414,"hsa-mir-486-2,hsa-mir-483,hsa-mir-96,hsa-mir-486-1,hsa-mir-145,hsa-mir-21,hsa-mir-143"
Disease,"Cardiomyopathy, Dilated",2,0.5,5.80882353,0.0392,1,0.3445,"hsa-mir-196a-2,hsa-mir-196a-1"
Disease,HELLP Syndrome,2,0.5,5.80882353,0.0392,1,0.3445,"hsa-mir-133a-1,hsa-mir-133a-2"
Disease,Liposarcoma,2,0.5,5.80882353,0.0392,1,0.3445,"hsa-mir-451a,hsa-mir-145"
Disease,Fatty Liver [unspecific],2,0.5,5.80882353,0.0392,1,0.3445,"hsa-mir-1224,hsa-mir-183"
Disease,Hyperactivity Disorder,2,0.5,5.80882353,0.0392,1,0.3445,"hsa-mir-96,hsa-mir-183"
Disease,Pain[unspecific],2,0.5,5.80882353,0.0392,1,0.3445,"hsa-mir-96,hsa-mir-183"
Disease,"Carcinoma, Renal Cell",16,0.13445378,1.56203658,0.0406,1,0.3366,"hsa-mir-96,hsa-mir-133b,hsa-mir-509-3,hsa-mir-144,hsa-mir-30a,hsa-mir-451a,hsa-mir-196a-2,hsa-mir-204,hsa-mir-509-2,hsa-mir-184,hsa-mir-145,hsa-mir-183,hsa-mir-196a-1,hsa-mir-143,hsa-mir-509-1,hsa-mir-21"
Disease,"Squamous Cell Carcinoma, Lung",5,0.2173913,2.52557545,0.0412,1,0.339,"hsa-mir-588,hsa-mir-133a-1,hsa-mir-21,hsa-mir-183,hsa-mir-133a-2"
Disease,Pancreatic Neoplasms,10,0.15625,1.81525735,0.0415,1,0.3395,"hsa-mir-486-2,hsa-mir-96,hsa-mir-133b,hsa-mir-486-1,hsa-mir-146b,hsa-mir-145,hsa-mir-196a-2,hsa-mir-21,hsa-mir-196a-1,hsa-mir-143"
Disease,"Adenocarcinoma, Lung",14,0.13861386,1.61036692,0.0435,1,0.353,"hsa-mir-133b,hsa-mir-196b,hsa-mir-451a,hsa-mir-18a,hsa-mir-133a-2,hsa-mir-592,hsa-mir-145,hsa-mir-187,hsa-mir-183,hsa-mir-552,hsa-mir-133a-1,hsa-mir-483,hsa-mir-551b,hsa-mir-21"
Disease,"Carcinoma, Thyroid, Papillary",9,0.16071429,1.86712185,0.0446,1,0.3595,"hsa-mir-135b,hsa-mir-96,hsa-mir-30a,hsa-mir-146b,hsa-mir-451a,hsa-mir-21,hsa-mir-183,hsa-mir-204,hsa-mir-144"
Disease,"Squamous Cell Carcinoma, Head and Neck",8,0.16666667,1.93627451,0.0474,1,0.3791,"hsa-mir-934,hsa-mir-30a,hsa-mir-1-1,hsa-mir-675,hsa-mir-196a-2,hsa-mir-21,hsa-mir-196a-1,hsa-mir-1-2"
Disease,Carotid Atherosclerosis,3,0.3,3.48529412,0.0476,1,0.3782,"hsa-mir-133a-2,hsa-mir-133a-1,hsa-mir-145"
Disease,Viral Myocarditis,3,0.3,3.48529412,0.0476,1,0.3782,"hsa-mir-1-1,hsa-mir-146b,hsa-mir-1-2"
Disease,Alcoholic Hepatitis,3,0.3,3.48529412,0.0476,1,0.3782,"hsa-mir-30a,hsa-mir-483,hsa-mir-1246"
Disease,Celiac Disease,3,0.3,3.48529412,0.0476,1,0.3782,"hsa-mir-30a,hsa-mir-551b,hsa-mir-551a"
Disease,Endometriosis,7,0.17073171,1.98350072,0.0555,1,0.4274,"hsa-mir-1-1,hsa-mir-451a,hsa-mir-145,hsa-mir-196b,hsa-mir-183,hsa-mir-1-2,hsa-mir-143"
Disease,Liver Neoplasms,5,0.2,2.32352941,0.0567,1,0.4336,"hsa-mir-486-2,hsa-mir-133b,hsa-mir-486-1,hsa-mir-30a,hsa-mir-21"
Disease,ACTH-Secreting Pituitary Adenoma,3,0.27272727,3.1684492,0.0614,1,0.4664,"hsa-mir-145,hsa-mir-21,hsa-mir-143"
Disease,Kidney Transplant Rejection,3,0.27272727,3.1684492,0.0614,1,0.4664,"hsa-mir-486-2,hsa-mir-486-1,hsa-mir-21"
Disease,Necrotizing Enterocolitis,3,0.27272727,3.1684492,0.0614,1,0.4664,"hsa-mir-451a,hsa-mir-4793,hsa-mir-21"
Disease,Uveal Melanoma,3,0.27272727,3.1684492,0.0614,1,0.4664,"hsa-mir-144,hsa-mir-145,hsa-mir-21"
Disease,"Leukemia, Myeloid",4,0.22222222,2.58169935,0.0618,1,0.4359,"hsa-mir-139,hsa-mir-486-2,hsa-mir-486-1,hsa-mir-18a"
Disease,"Carcinoma, Periampullary",2,0.4,4.64705882,0.0618,1,0.4547,"hsa-mir-196a-2,hsa-mir-196a-1"
Disease,IgA Nephropathy,2,0.4,4.64705882,0.0618,1,0.4547,"hsa-mir-21,hsa-mir-877"
Disease,"Squamous Cell Carcinoma, Skin or Unspecific",4,0.22222222,2.58169935,0.0618,1,0.4359,"hsa-mir-204,hsa-mir-135b,hsa-mir-490,hsa-mir-21"
Disease,Mesial Temporal Lobe Epilepsy,4,0.22222222,2.58169935,0.0618,1,0.4359,"hsa-mir-204,hsa-mir-145,hsa-mir-196b,hsa-mir-143"
Disease,"Muscular Dystrophy, Facioscapulohumeral",4,0.22222222,2.58169935,0.0618,1,0.4359,"hsa-mir-1-1,hsa-mir-133a-2,hsa-mir-133a-1,hsa-mir-1-2"
Disease,Rhabdomyosarcoma,4,0.22222222,2.58169935,0.0618,1,0.4359,"hsa-mir-1-1,hsa-mir-133a-2,hsa-mir-133a-1,hsa-mir-1-2"
Disease,Reflux Esophagitis,2,0.4,4.64705882,0.0618,1,0.4547,"hsa-mir-145,hsa-mir-143"
Disease,Wounds and Injuries [unspecific],2,0.4,4.64705882,0.0618,1,0.4547,"hsa-mir-145,hsa-mir-143"
Disease,Cardiomegaly,2,0.4,4.64705882,0.0618,1,0.4547,"hsa-mir-1-2,hsa-mir-1-1"
Disease,Choriocarcinoma,9,0.15,1.74264706,0.0651,1,0.446,"hsa-mir-133a-1,hsa-mir-145,hsa-mir-196a-2,hsa-mir-21,hsa-mir-183,hsa-mir-133a-2,hsa-mir-196a-1,hsa-mir-204,hsa-mir-143"
Disease,"Colitis, Ulcerative",5,0.19230769,2.2341629,0.0656,1,0.4466,"hsa-mir-4732,hsa-mir-146b,hsa-mir-196a-2,hsa-mir-18a,hsa-mir-21"
Disease,"Tuberculosis, Pulmonary",5,0.19230769,2.2341629,0.0656,1,0.4466,"hsa-mir-196a-2,hsa-mir-21,hsa-mir-196b,hsa-mir-196a-1,hsa-mir-204"
Disease,Cholangiocarcinoma,6,0.17142857,1.99159664,0.073,1,0.4916,"hsa-mir-483,hsa-mir-96,hsa-mir-1-1,hsa-mir-21,hsa-mir-1-2,hsa-mir-144"
Disease,"Cardiomyopathy, Ischemic",4,0.21052632,2.44582043,0.0733,1,0.4905,"hsa-mir-139,hsa-mir-23c,hsa-mir-483,hsa-mir-21"
Disease,"Squamous Cell Carcinoma, Tongue",5,0.18518519,2.15141612,0.0752,1,0.5005,"hsa-mir-483,hsa-mir-96,hsa-mir-940,hsa-mir-21,hsa-mir-183"
Disease,Chronic Hepatitis C,6,0.16666667,1.93627451,0.0817,1,0.5381,"hsa-mir-30a,hsa-mir-1-1,hsa-mir-196a-2,hsa-mir-196b,hsa-mir-196a-1,hsa-mir-1-2"
Disease,Osteosarcoma,20,0.11695906,1.35878913,0.0829,1,0.5427,"hsa-mir-133b,hsa-mir-486-1,hsa-mir-146b,hsa-mir-196b,hsa-mir-1-2,hsa-mir-144,hsa-mir-135b,hsa-mir-1-1,hsa-mir-451a,hsa-mir-196a-2,hsa-mir-133a-2,hsa-mir-204,hsa-mir-145,hsa-mir-183,hsa-mir-196a-1,hsa-mir-490,hsa-mir-143,hsa-mir-486-2,hsa-mir-133a-1,hsa-mir-21"
Disease,Myelodysplastic Syndromes,5,0.17857143,2.07457983,0.0855,1,0.5536,"hsa-mir-1-1,hsa-mir-145,hsa-mir-21,hsa-mir-196b,hsa-mir-1-2"
Disease,Huntington's Disease,2,0.33333333,3.87254902,0.0875,1,0.5638,"hsa-mir-196a-1,hsa-mir-196a-2"
Disease,"Lymphoma, Non-Hodgkin",2,0.33333333,3.87254902,0.0875,1,0.5638,"hsa-mir-196a-1,hsa-mir-196a-2"
Disease,"Squamous Cell Carcinoma, Esophageal",17,0.11971831,1.39084507,0.0899,1,0.5699,"hsa-mir-133b,hsa-mir-3651,hsa-mir-383,hsa-mir-1-2,hsa-mir-1-1,hsa-mir-196a-2,hsa-mir-18a,hsa-mir-133a-2,hsa-mir-139,hsa-mir-508,hsa-mir-145,hsa-mir-183,hsa-mir-196a-1,hsa-mir-143,hsa-mir-133a-1,hsa-mir-483,hsa-mir-21"
Disease,Cardiovascular Diseases [unspecific],9,0.140625,1.63373162,0.0908,1,0.5726,"hsa-mir-133a-1,hsa-mir-1-1,hsa-mir-451a,hsa-mir-145,hsa-mir-21,hsa-mir-133a-2,hsa-mir-1-2,hsa-mir-144,hsa-mir-143"
Disease,Mycobacterium Tuberculosis Infection,3,0.23076923,2.68099548,0.0939,1,0.5888,"hsa-mir-30a,hsa-mir-146b,hsa-mir-21"
Disease,Spinal Cord Injuries,3,0.23076923,2.68099548,0.0939,1,0.5888,"hsa-mir-383,hsa-mir-145,hsa-mir-21"
Disease,Ectopic Pregnancy,3,0.23076923,2.68099548,0.0939,1,0.5888,"hsa-mir-30a,hsa-mir-451a,hsa-mir-196b"
Disease,Polycystic Ovarian Syndrome,5,0.17241379,2.0030426,0.0965,1,0.5958,"hsa-mir-486-2,hsa-mir-483,hsa-mir-486-1,hsa-mir-21,hsa-mir-592"
Disease,Allergic Rhinitis,4,0.19047619,2.21288515,0.0992,1,0.6059,"hsa-mir-196a-2,hsa-mir-18a,hsa-mir-187,hsa-mir-143"
Disease,Prostate Neoplasms,10,0.13333333,1.54901961,0.102,1,0.6197,"hsa-mir-135b,hsa-mir-486-2,hsa-mir-133b,hsa-mir-105-2,hsa-mir-486-1,hsa-mir-146b,hsa-mir-145,hsa-mir-105-1,hsa-mir-21,hsa-mir-143"
Disease,Habitual Abortion,3,0.21428571,2.4894958,0.1123,1,0.6757,"hsa-mir-196a-2,hsa-mir-184,hsa-mir-187"
Disease,Ovarian Neoplasms,13,0.12264151,1.42480577,0.1131,1,0.6735,"hsa-mir-133b,hsa-mir-486-1,hsa-mir-383,hsa-mir-1-2,hsa-mir-135b,hsa-mir-1-1,hsa-mir-18a,hsa-mir-133a-2,hsa-mir-145,hsa-mir-183,hsa-mir-486-2,hsa-mir-133a-1,hsa-mir-21"
Disease,Leukemia,9,0.13432836,1.56057946,0.1136,1,0.6667,"hsa-mir-139,hsa-mir-486-2,hsa-mir-486-1,hsa-mir-548f-1,hsa-mir-18a,hsa-mir-196b,hsa-mir-21,hsa-mir-183,hsa-mir-143"
Disease,Lung Fibrosis,4,0.18181818,2.11229947,0.1136,1,0.6729,"hsa-mir-486-2,hsa-mir-486-1,hsa-mir-21,hsa-mir-18a"
Disease,Behcet's Disease,2,0.28571429,3.31932773,0.1159,1,0.6763,"hsa-mir-139,hsa-mir-196a-2"
Disease,"Carcinoma, Biliary Tract",2,0.28571429,3.31932773,0.1159,1,0.6763,"hsa-mir-1246,hsa-mir-21"
Disease,"Carcinoma, Endometrioid Endometrial",2,0.28571429,3.31932773,0.1159,1,0.6763,"hsa-mir-145,hsa-mir-143"
Disease,Retinal Neovascularization,2,0.28571429,3.31932773,0.1159,1,0.6763,"hsa-mir-451a,hsa-mir-184"
Disease,Colon Neoplasms,10,0.12987013,1.50878533,0.1167,1,0.6682,"hsa-mir-135b,hsa-mir-486-2,hsa-mir-133b,hsa-mir-143,hsa-mir-615,hsa-mir-486-1,hsa-mir-145,hsa-mir-18a,hsa-mir-21,hsa-mir-552"
Disease,Idiopathic Pulmonary Fibrosis,3,0.2,2.32352941,0.132,1,0.7413,"hsa-mir-30a,hsa-mir-96,hsa-mir-21"
Disease,Osteoarthritis,6,0.14634146,1.70014347,0.1335,1,0.7462,"hsa-mir-139,hsa-mir-483,hsa-mir-146b,hsa-mir-145,hsa-mir-21,hsa-mir-204"
Disease,Asthma,6,0.14634146,1.70014347,0.1335,1,0.7462,"hsa-mir-145,hsa-mir-18a,hsa-mir-196a-2,hsa-mir-187,hsa-mir-21,hsa-mir-143"
Disease,Parkinson's Disease,6,0.14634146,1.70014347,0.1335,1,0.7462,"hsa-mir-133b,hsa-mir-30a,hsa-mir-1-1,hsa-mir-21,hsa-mir-1-2,hsa-mir-144"
Disease,Chronic Kidney Disease,5,0.15625,1.81525735,0.1337,1,0.7368,"hsa-mir-133a-1,hsa-mir-21,hsa-mir-133a-2,hsa-mir-204,hsa-mir-143"
Disease,Heart Failure,14,0.11666667,1.35539216,0.139,1,0.7627,"hsa-mir-133b,hsa-mir-1-2,hsa-mir-30a,hsa-mir-1-1,hsa-mir-451a,hsa-mir-105-1,hsa-mir-133a-2,hsa-mir-204,hsa-mir-139,hsa-mir-105-2,hsa-mir-145,hsa-mir-133a-1,hsa-mir-211,hsa-mir-21"
Disease,"Carcinoma, Skin",2,0.25,2.90441176,0.1461,1,0.794,"hsa-mir-383,hsa-mir-21"
Disease,Crohn Disease,5,0.15151515,1.76024955,0.1473,1,0.7829,"hsa-mir-196a-2,hsa-mir-21,hsa-mir-18a,hsa-mir-196b,hsa-mir-196a-1"
Disease,Melanoma,15,0.11363636,1.32018717,0.1508,1,0.798,"hsa-mir-506,hsa-mir-146b,hsa-mir-767,hsa-mir-1246,hsa-mir-30a,hsa-mir-451a,hsa-mir-196a-2,hsa-mir-204,hsa-mir-508,hsa-mir-145,hsa-mir-183,hsa-mir-196a-1,hsa-mir-143,hsa-mir-211,hsa-mir-21"
Disease,Myocardial Infarction,7,0.13461538,1.56391403,0.1523,1,0.802,"hsa-mir-133b,hsa-mir-1-1,hsa-mir-451a,hsa-mir-196a-2,hsa-mir-21,hsa-mir-1-2,hsa-mir-144"
Disease,Myocardial Ischemic-Reperfusion Injury,3,0.1875,2.17830882,0.1528,1,0.8011,"hsa-mir-1-1,hsa-mir-1-2,hsa-mir-21"
Disease,Thyroid Neoplasms,3,0.1875,2.17830882,0.1528,1,0.8011,"hsa-mir-146b,hsa-mir-144,hsa-mir-21"
Disease,Cystic Fibrosis,3,0.1875,2.17830882,0.1528,1,0.8011,"hsa-mir-509-3,hsa-mir-509-1,hsa-mir-509-2"
Disease,Vitiligo,1,0.5,5.80882353,0.1648,1,0.8491,hsa-mir-196a-2
Disease,Fetal Alcohol Syndrome,1,0.5,5.80882353,0.1648,1,0.8491,hsa-mir-21
Disease,Hamartoma Syndrome,1,0.5,5.80882353,0.1648,1,0.8491,hsa-mir-21
Disease,Periodontitis,1,0.5,5.80882353,0.1648,1,0.8491,hsa-mir-21
Disease,Thyroid-Associated Ophthalmopathy,1,0.5,5.80882353,0.1648,1,0.8491,hsa-mir-21
Disease,Type 2 Diabetes Complications,1,0.5,5.80882353,0.1648,1,0.8491,hsa-mir-21
Disease,Gastrojejunal Ulcer,1,0.5,5.80882353,0.1648,1,0.8491,hsa-mir-146b
Disease,Cataract,1,0.5,5.80882353,0.1648,1,0.8491,hsa-mir-184
Disease,Fever,1,0.5,5.80882353,0.1648,1,0.8491,hsa-mir-143
Disease,"Carcinoma, Embryonal",1,0.5,5.80882353,0.1648,1,0.8491,hsa-mir-383
Disease,Acute Kidney Injury,3,0.17647059,2.05017301,0.1745,1,0.7774,"hsa-mir-146b,hsa-mir-145,hsa-mir-21"
Disease,Muscle Atrophy,3,0.17647059,2.05017301,0.1745,1,0.7774,"hsa-mir-146b,hsa-mir-21,hsa-mir-143"
Disease,Systemic Sclerosis,2,0.22222222,2.58169935,0.1777,1,0.7856,"hsa-mir-30a,hsa-mir-21"
Disease,"Carcinoma, Vulvar",2,0.22222222,2.58169935,0.1777,1,0.7856,"hsa-mir-133a-2,hsa-mir-133a-1"
Disease,"Carcinoma, Thyroid, Follicular",2,0.22222222,2.58169935,0.1777,1,0.7856,"hsa-mir-183,hsa-mir-146b"
Disease,Myeloproliferative Neoplasms,2,0.22222222,2.58169935,0.1777,1,0.7856,"hsa-mir-146b,hsa-mir-143"
Disease,Hepatoblastoma,4,0.15384615,1.78733032,0.1791,1,0.7774,"hsa-mir-96,hsa-mir-145,hsa-mir-18a,hsa-mir-21"
Disease,"Lymphoma, T-Cell",4,0.15384615,1.78733032,0.1791,1,0.7774,"hsa-mir-146b,hsa-mir-145,hsa-mir-18a,hsa-mir-21"
Disease,Atherosclerosis,11,0.11578947,1.34520124,0.1848,1,0.7965,"hsa-mir-133b,hsa-mir-146b,hsa-mir-144,hsa-mir-135b,hsa-mir-30a,hsa-mir-133a-2,hsa-mir-145,hsa-mir-490,hsa-mir-143,hsa-mir-133a-1,hsa-mir-21"
Disease,Glioblastoma,18,0.10650888,1.23738253,0.1888,1,0.8108,"hsa-mir-133b,hsa-mir-506,hsa-mir-486-1,hsa-mir-146b,hsa-mir-1-2,hsa-mir-144,hsa-mir-135b,hsa-mir-30a,hsa-mir-1-1,hsa-mir-451a,hsa-mir-18a,hsa-mir-139,hsa-mir-513c,hsa-mir-145,hsa-mir-143,hsa-mir-486-2,hsa-mir-3189,hsa-mir-21"
Disease,Pulmonary Hypertension,5,0.13888889,1.61356209,0.1916,1,0.8195,"hsa-mir-96,hsa-mir-145,hsa-mir-21,hsa-mir-204,hsa-mir-143"
Disease,Graves' Disease,2,0.2,2.32352941,0.2102,1,0.8896,"hsa-mir-183,hsa-mir-346"
Disease,Human Immunodeficiency Virus Infection,6,0.12765957,1.48310388,0.2115,1,0.892,"hsa-mir-146b,hsa-mir-196a-2,hsa-mir-196b,hsa-mir-21,hsa-mir-183,hsa-mir-196a-1"
Disease,Chronic Obstructive Pulmonary Disease,4,0.14285714,1.65966387,0.2158,1,0.9067,"hsa-mir-1-1,hsa-mir-196a-2,hsa-mir-21,hsa-mir-1-2"
Disease,Autism Spectrum Disorder,4,0.14285714,1.65966387,0.2158,1,0.9067,"hsa-mir-486-2,hsa-mir-486-1,hsa-mir-146b,hsa-mir-21"
Disease,Kidney Injury,4,0.14285714,1.65966387,0.2158,1,0.9067,"hsa-mir-30a,hsa-mir-211,hsa-mir-21,hsa-mir-204"
Disease,"Carcinoma, Renal Cell, Clear-Cell",7,0.12068966,1.40212982,0.2257,1,0.9317,"hsa-mir-506,hsa-mir-30a,hsa-mir-1-1,hsa-mir-145,hsa-mir-21,hsa-mir-187,hsa-mir-204"
Disease,Granular Corneal Dystrophy,1,0.33333333,3.87254902,0.2368,1,0.9744,hsa-mir-21
Disease,Growth Disorders,1,0.33333333,3.87254902,0.2368,1,0.9744,hsa-mir-21
Disease,"Osteoporosis, Postmenopausal",1,0.33333333,3.87254902,0.2368,1,0.9744,hsa-mir-145
Disease,Testicular Neoplasms,1,0.33333333,3.87254902,0.2368,1,0.9744,hsa-mir-133b
Disease,Malignant Peripheral Nerve Sheath Tumor,1,0.33333333,3.87254902,0.2368,1,0.9744,hsa-mir-30a
Disease,Coxsackievirus Infection,1,0.33333333,3.87254902,0.2368,1,0.9744,hsa-mir-490
Disease,"Carcinoma, Gastric, Signet Ring Cell",1,0.33333333,3.87254902,0.2368,1,0.9744,hsa-mir-935
Disease,Thyroid Adenomas,1,0.33333333,3.87254902,0.2368,1,0.9744,hsa-mir-144
Disease,Mesothelioma,2,0.18181818,2.11229947,0.2433,1,0.9514,"hsa-mir-21,hsa-mir-143"
Disease,Chronic Hepatitis,2,0.18181818,2.11229947,0.2433,1,0.9514,"hsa-mir-145,hsa-mir-143"
Disease,Azoospermia,2,0.18181818,2.11229947,0.2433,1,0.9514,"hsa-mir-188,hsa-mir-383"
Disease,Lymphoma,7,0.11666667,1.35539216,0.2526,1,0.978,"hsa-mir-486-2,hsa-mir-133b,hsa-mir-486-1,hsa-mir-18a,hsa-mir-21,hsa-mir-144,hsa-mir-143"
Disease,Allergy,3,0.14285714,1.65966387,0.2681,1,1,"hsa-mir-615,hsa-mir-145,hsa-mir-21"
Disease,Endometrial Neoplasms,2,0.16666667,1.93627451,0.2766,1,1,"hsa-mir-183,hsa-mir-96"
Disease,Acute Coronary Syndrome,3,0.13636364,1.5842246,0.2925,1,1,"hsa-mir-486-2,hsa-mir-486-1,hsa-mir-21"
Disease,"Lymphoma, Hodgkin",3,0.13636364,1.5842246,0.2925,1,1,"hsa-mir-96,hsa-mir-21,hsa-mir-196a-1"
Disease,Inflammatory Bowel Diseases,4,0.125,1.45220588,0.2942,1,1,"hsa-mir-1246,hsa-mir-18a,hsa-mir-21,hsa-mir-346"
Disease,Preeclampsia,8,0.10810811,1.25596184,0.3004,1,1,"hsa-mir-135b,hsa-mir-133b,hsa-mir-188,hsa-mir-885,hsa-mir-18a,hsa-mir-21,hsa-mir-204,hsa-mir-346"
Disease,"Carcinoma, Oropharyngeal",1,0.25,2.90441176,0.3027,1,1,hsa-mir-21
Disease,"Carcinoma, Ovarian, Clear Cell",1,0.25,2.90441176,0.3027,1,1,hsa-mir-21
Disease,"Carcinoma, Salivary Adenoid Cystic",1,0.25,2.90441176,0.3027,1,1,hsa-mir-21
Disease,Cholesteatoma,1,0.25,2.90441176,0.3027,1,1,hsa-mir-21
Disease,Chronic Pancreatitis,1,0.25,2.90441176,0.3027,1,1,hsa-mir-21
Disease,Cryptosporidium infection,1,0.25,2.90441176,0.3027,1,1,hsa-mir-21
Disease,Meningioma,1,0.25,2.90441176,0.3027,1,1,hsa-mir-21
Disease,Toxic Epidermal Necrolysis,1,0.25,2.90441176,0.3027,1,1,hsa-mir-18a
Disease,Ovarian Serous Cystadenocarcinoma,1,0.25,2.90441176,0.3027,1,1,hsa-mir-30a
Disease,Allergic Asthma,1,0.25,2.90441176,0.3027,1,1,hsa-mir-144
Disease,Non-Alcoholic Steatohepatitis,1,0.25,2.90441176,0.3027,1,1,hsa-mir-144
Disease,Fungal Keratitis,1,0.25,2.90441176,0.3027,1,1,hsa-mir-451a
Disease,Plasmodium vivax Infection,1,0.25,2.90441176,0.3027,1,1,hsa-mir-451a
Disease,"Carcinoma, Head And Neck",2,0.15384615,1.78733032,0.3098,1,1,"hsa-mir-196a-1,hsa-mir-196a-2"
Disease,Keloid,2,0.15384615,1.78733032,0.3098,1,1,"hsa-mir-145,hsa-mir-21"
Disease,Lupus Nephritis,2,0.15384615,1.78733032,0.3098,1,1,"hsa-mir-1224,hsa-mir-145"
Disease,"Lymphoma, Burkitt's",2,0.15384615,1.78733032,0.3098,1,1,"hsa-mir-145,hsa-mir-143"
Disease,Male Infertility,2,0.15384615,1.78733032,0.3098,1,1,"hsa-mir-885,hsa-mir-145"
Disease,Hemoglobin Diseases,2,0.15384615,1.78733032,0.3098,1,1,"hsa-mir-4726,hsa-mir-940"
Disease,"Stroke, Ischemic",4,0.11764706,1.36678201,0.3349,1,1,"hsa-mir-30a,hsa-mir-196a-2,hsa-mir-196a-1,hsa-mir-144"
Disease,"Leukemia, Lymphoblastic, Acute",3,0.125,1.45220588,0.3417,1,1,"hsa-mir-196a-2,hsa-mir-18a,hsa-mir-196b"
Disease,Brain Neoplasms,3,0.125,1.45220588,0.3417,1,1,"hsa-mir-451a,hsa-mir-21,hsa-mir-383"
Disease,Diabetic Nephropathy,3,0.125,1.45220588,0.3417,1,1,"hsa-mir-30a,hsa-mir-21,hsa-mir-23c"
Disease,Myasthenia Gravis,2,0.14285714,1.65966387,0.3427,1,1,"hsa-mir-885,hsa-mir-21"
Disease,Chordoma,2,0.14285714,1.65966387,0.3427,1,1,"hsa-mir-1-1,hsa-mir-1-2"
Disease,Ossification of Posterior Longitudinal Ligament,1,0.2,2.32352941,0.3629,1,1,hsa-mir-196a-2
Disease,"Adenocarcinoma, Prostate",1,0.2,2.32352941,0.3629,1,1,hsa-mir-21
Disease,"Carcinoma, Supraglottic",1,0.2,2.32352941,0.3629,1,1,hsa-mir-21
Disease,Acquired Immunodeficiency Syndrome,1,0.2,2.32352941,0.3629,1,1,hsa-mir-146b
Disease,Thyroid Lymphoma,1,0.2,2.32352941,0.3629,1,1,hsa-mir-146b
Disease,"Adenocarcinoma, Cervical",1,0.2,2.32352941,0.3629,1,1,hsa-mir-135b
Disease,Liver Injury,2,0.13333333,1.54901961,0.3751,1,1,"hsa-mir-877,hsa-mir-21"
Disease,Dengue Virus Infection,2,0.13333333,1.54901961,0.3751,1,1,"hsa-mir-133a-2,hsa-mir-133a-1"
Disease,"Carcinoma, Endometrial",6,0.10344828,1.20182556,0.3821,1,1,"hsa-mir-135b,hsa-mir-1-1,hsa-mir-145,hsa-mir-196a-2,hsa-mir-204,hsa-mir-1-2"
Disease,Stroke,4,0.10810811,1.25596184,0.3962,1,1,"hsa-mir-133a-1,hsa-mir-145,hsa-mir-21,hsa-mir-133a-2"
Disease,Neuroblastoma,6,0.10169492,1.18145563,0.3983,1,1,"hsa-mir-1246,hsa-mir-30a,hsa-mir-18a,hsa-mir-21,hsa-mir-204,hsa-mir-143"
Disease,Bronchopulmonary Dysplasia,2,0.125,1.45220588,0.4068,1,1,"hsa-mir-146b,hsa-mir-21"
Disease,Myocardial Fibrosis,2,0.125,1.45220588,0.4068,1,1,"hsa-mir-21,hsa-mir-18a"
Disease,Gastrointestinal Neoplasms,8,0.09756098,1.13342898,0.41,1,1,"hsa-mir-139,hsa-mir-133b,hsa-mir-451a,hsa-mir-145,hsa-mir-196a-2,hsa-mir-18a,hsa-mir-21,hsa-mir-196a-1"
Disease,Multiple Myeloma,6,0.1,1.16176471,0.4144,1,1,"hsa-mir-135b,hsa-mir-96,hsa-mir-451a,hsa-mir-145,hsa-mir-18a,hsa-mir-21"
Disease,Epilepsy,3,0.11111111,1.29084967,0.4149,1,1,"hsa-mir-139,hsa-mir-30a,hsa-mir-21"
Disease,Chronic Brucellosis,1,0.16666667,1.93627451,0.418,1,1,hsa-mir-139
Disease,Acute Cerebral Infarction,1,0.16666667,1.93627451,0.418,1,1,hsa-mir-21
Disease,Biliary Atresia,1,0.16666667,1.93627451,0.418,1,1,hsa-mir-21
Disease,Chronic Heart Failure,1,0.16666667,1.93627451,0.418,1,1,hsa-mir-21
Disease,Non-Traumatic Osteonecrosis,1,0.16666667,1.93627451,0.418,1,1,hsa-mir-146b
Disease,Nasopharyngeal Neoplasms,1,0.16666667,1.93627451,0.418,1,1,hsa-mir-204
Disease,Kawasaki's Syndrome,1,0.16666667,1.93627451,0.418,1,1,hsa-mir-483
Disease,"Squamous Cell Carcinoma, Laryngeal or Hypopharyngeal",3,0.10714286,1.2447479,0.4388,1,1,"hsa-mir-139,hsa-mir-451a,hsa-mir-21"
Disease,Obesity,5,0.09803922,1.13898501,0.4515,1,1,"hsa-mir-483,hsa-mir-30a,hsa-mir-146b,hsa-mir-21,hsa-mir-143"
Disease,Liver Diseases [unspecific],3,0.10344828,1.20182556,0.4623,1,1,"hsa-mir-139,hsa-mir-146b,hsa-mir-21"
Disease,Graft-Versus-Host Disease,2,0.11111111,1.29084967,0.4679,1,1,"hsa-mir-30a,hsa-mir-21"
Disease,Epstein-Barr Virus Infection,2,0.11111111,1.29084967,0.4679,1,1,"hsa-mir-183,hsa-mir-96"
Disease,Kidney Diseases [unspecific],1,0.14285714,1.65966387,0.4683,1,1,hsa-mir-21
Disease,Oral Lichen Planus,1,0.14285714,1.65966387,0.4683,1,1,hsa-mir-146b
Disease,Enterovirus Infection,1,0.14285714,1.65966387,0.4683,1,1,hsa-mir-135b
Disease,Giant Cell Tumor of Bone,1,0.14285714,1.65966387,0.4683,1,1,hsa-mir-30a
Disease,Prediabetes,1,0.14285714,1.65966387,0.4683,1,1,hsa-mir-143
Disease,Hepatitis C Virus Infection,8,0.09195402,1.06828938,0.4792,1,1,"hsa-mir-96,hsa-mir-133b,hsa-mir-885,hsa-mir-196b,hsa-mir-30a,hsa-mir-145,hsa-mir-549a,hsa-mir-21"
Disease,"Carcinoma, Adrenocortical",3,0.1,1.16176471,0.4854,1,1,"hsa-mir-139,hsa-mir-483,hsa-mir-145"
Disease,Medulloblastoma,3,0.1,1.16176471,0.4854,1,1,"hsa-mir-135b,hsa-mir-30a,hsa-mir-18a"
Disease,Neurodegenerative Diseases [unspecific],2,0.10526316,1.22291022,0.497,1,1,"hsa-mir-139,hsa-mir-144"
Disease,Cervical Neoplasms,2,0.10526316,1.22291022,0.497,1,1,"hsa-mir-145,hsa-mir-143"
Disease,Rheumatoid Arthritis,5,0.09259259,1.07570806,0.5038,1,1,"hsa-mir-188,hsa-mir-573,hsa-mir-30a,hsa-mir-451a,hsa-mir-21"
Disease,Peritoneal Dialysis Failure,3,0.09677419,1.12428843,0.508,1,1,"hsa-mir-30a,hsa-mir-146b,hsa-mir-21"
Disease,Nephrotic Syndrome,1,0.125,1.45220588,0.5144,1,1,hsa-mir-30a
Disease,Alcoholic Cardiomyopathy,1,0.125,1.45220588,0.5144,1,1,hsa-mir-506
Disease,Vasculitis,1,0.125,1.45220588,0.5144,1,1,hsa-mir-383
Disease,Polycythemia Vera,2,0.1,1.16176471,0.5252,1,1,"hsa-mir-451a,hsa-mir-21"
Disease,Pleural Mesothelioma,3,0.09375,1.08915441,0.5301,1,1,"hsa-mir-145,hsa-mir-21,hsa-mir-143"
Disease,Psoriasis,3,0.09090909,1.05614973,0.5517,1,1,"hsa-mir-146b,hsa-mir-21,hsa-mir-143"
Disease,"Aortic Aneurysm, Abdominal",2,0.0952381,1.10644258,0.5522,1,1,"hsa-mir-30a,hsa-mir-21"
Disease,Colon Adenoma,2,0.0952381,1.10644258,0.5522,1,1,"hsa-mir-145,hsa-mir-21"
Disease,Diabetic Retinopathy,2,0.0952381,1.10644258,0.5522,1,1,"hsa-mir-146b,hsa-mir-21"
Disease,Chondrosarcoma,2,0.0952381,1.10644258,0.5522,1,1,"hsa-mir-30a,hsa-mir-145"
Disease,Retinoblastoma,4,0.08888889,1.03267974,0.5526,1,1,"hsa-mir-18a,hsa-mir-21,hsa-mir-183,hsa-mir-204"
Disease,Ankylosing Spondylitis,1,0.11111111,1.29084967,0.5565,1,1,hsa-mir-21
Disease,Atopic Dermatitis,1,0.11111111,1.29084967,0.5565,1,1,hsa-mir-21
Disease,Human Cytomegalovirus Infection,1,0.11111111,1.29084967,0.5565,1,1,hsa-mir-21
Disease,Salivary Gland Neoplasms,1,0.11111111,1.29084967,0.5565,1,1,hsa-mir-21
Disease,"Leukemia-Lymphoma, Adult T-Cell",1,0.11111111,1.29084967,0.5565,1,1,hsa-mir-145
Disease,"Leukemia-Lymphoma, Precursor B-Cell Lymphoblastic",1,0.11111111,1.29084967,0.5565,1,1,hsa-mir-451a
Disease,Osteoporosis,1,0.11111111,1.29084967,0.5565,1,1,hsa-mir-483
Disease,"Adenocarcinoma, Esophageal",2,0.09090909,1.05614973,0.5782,1,1,"hsa-mir-145,hsa-mir-21"
Disease,Hirschsprung's Disease,2,0.09090909,1.05614973,0.5782,1,1,"hsa-mir-146b,hsa-mir-885"
Disease,"Leukemia, Myeloid, Acute",10,0.08403361,0.97627286,0.5868,1,1,"hsa-mir-96,hsa-mir-196b,hsa-mir-1246,hsa-mir-30a,hsa-mir-18a,hsa-mir-204,hsa-mir-188,hsa-mir-301b,hsa-mir-551b,hsa-mir-21"
Disease,Multiple Sclerosis,4,0.08510638,0.98873592,0.5884,1,1,"hsa-mir-96,hsa-mir-30a,hsa-mir-146b,hsa-mir-145"
Disease,"Carcinoma, Basal Cell",1,0.1,1.16176471,0.5949,1,1,hsa-mir-21
Disease,Nervous System Diseases [unspecific],1,0.1,1.16176471,0.5949,1,1,hsa-mir-145
Disease,Ischemia-Reperfusion Injury,2,0.08695652,1.01023018,0.603,1,1,"hsa-mir-21,hsa-mir-187"
Disease,Depression Disorder,2,0.08695652,1.01023018,0.603,1,1,"hsa-mir-451a,hsa-mir-145"
Disease,"Carcinoma, Thyroid, Medullary",1,0.09090909,1.05614973,0.6301,1,1,hsa-mir-21
Disease,Gastric Neoplasms,1,0.09090909,1.05614973,0.6301,1,1,hsa-mir-21
Disease,Non-Traumatic Subarachnoid Hemorrhage,1,0.09090909,1.05614973,0.6301,1,1,hsa-mir-146b
Disease,Synovial Sarcoma,1,0.09090909,1.05614973,0.6301,1,1,hsa-mir-146b
Disease,"Lymphoma, Large B-Cell, Diffuse",3,0.07894737,0.91718266,0.6504,1,1,"hsa-mir-146b,hsa-mir-18a,hsa-mir-21"
Disease,Hepatitis [unspecific],1,0.08333333,0.96813725,0.6622,1,1,hsa-mir-21
Disease,Oral Leukoplakia,1,0.08333333,0.96813725,0.6622,1,1,hsa-mir-21
Disease,"Carcinoma, Thyroid, Anaplastic",1,0.08333333,0.96813725,0.6622,1,1,hsa-mir-146b
Disease,"Lymphoma, Large-Cell, Anaplastic",1,0.08333333,0.96813725,0.6622,1,1,hsa-mir-135b
Disease,"Leukemia, Lymphoblastic, Acute, T-Cell",1,0.08333333,0.96813725,0.6622,1,1,hsa-mir-204
Disease,Down Syndrome,1,0.08333333,0.96813725,0.6622,1,1,hsa-mir-96
Disease,Influenza,2,0.07692308,0.89366516,0.671,1,1,"hsa-mir-30a,hsa-mir-144"
Disease,Schizophrenia,4,0.0754717,0.87680355,0.6855,1,1,"hsa-mir-30a,hsa-mir-146b,hsa-mir-183,hsa-mir-346"
Disease,Kaposi's Sarcoma,2,0.07407407,0.86056645,0.6915,1,1,"hsa-mir-1258,hsa-mir-23c"
Disease,Vascular Injuries,1,0.07692308,0.89366516,0.6916,1,1,hsa-mir-21
Disease,Tuberculosis,1,0.07692308,0.89366516,0.6916,1,1,hsa-mir-183
Disease,"Leukemia, Lymphoblastic, Acute, B-Cell",1,0.07692308,0.89366516,0.6916,1,1,hsa-mir-451a
Disease,Immune Thrombocytopenic Purpura,1,0.07692308,0.89366516,0.6916,1,1,hsa-mir-483
Disease,Hepatitis B Virus Infection,5,0.07462687,0.86698859,0.7014,1,1,"hsa-mir-30a,hsa-mir-18a,hsa-mir-196a-2,hsa-mir-21,hsa-mir-143"
Disease,"Leukemia, Myeloid, Chronic",5,0.07462687,0.86698859,0.7014,1,1,"hsa-mir-483,hsa-mir-3646,hsa-mir-145,hsa-mir-21,hsa-mir-196b"
Disease,HIV-Associated Lipodystrophy,2,0.07142857,0.82983193,0.711,1,1,"hsa-mir-196b,hsa-mir-346"
Disease,Systemic Lupus Erythematosus,4,0.07272727,0.84491979,0.7141,1,1,"hsa-mir-145,hsa-mir-196a-2,hsa-mir-21,hsa-mir-196a-1"
Disease,Coronary Atherosclerosis,1,0.07142857,0.82983193,0.7184,1,1,hsa-mir-21
Disease,"Leukemia, B-Cell",1,0.07142857,0.82983193,0.7184,1,1,hsa-mir-18a
Disease,Acute Ischemic Stroke,1,0.07142857,0.82983193,0.7184,1,1,hsa-mir-145
Disease,Peripheral Vascular Disease,1,0.07142857,0.82983193,0.7184,1,1,hsa-mir-145
Disease,Macular Degeneration,1,0.07142857,0.82983193,0.7184,1,1,hsa-mir-184
Disease,Mandibular Prognathism,1,0.07142857,0.82983193,0.7184,1,1,hsa-mir-30a
Disease,Liver Cirrhosis,4,0.07017544,0.81527348,0.7408,1,1,"hsa-mir-145,hsa-mir-18a,hsa-mir-21,hsa-mir-144"
Disease,"Fatty Liver, Non-Alcoholic",1,0.06666667,0.7745098,0.743,1,1,hsa-mir-21
Disease,Maternal Obesity During Childbirth,1,0.06666667,0.7745098,0.743,1,1,hsa-mir-30a
Disease,Chronic Hepatitis B,2,0.0625,0.72610294,0.7788,1,1,"hsa-mir-885,hsa-mir-196a-2"
Disease,Alzheimer's Disease,7,0.07,0.81323529,0.7789,1,1,"hsa-mir-937,hsa-mir-885,hsa-mir-139,hsa-mir-188,hsa-mir-143,hsa-mir-483,hsa-mir-21"
Disease,Astrocytoma,1,0.05882353,0.683391,0.7858,1,1,hsa-mir-21
Disease,"Leukemia, Lymphocytic, Chronic, B-Cell",2,0.05882353,0.683391,0.8073,1,1,"hsa-mir-146b,hsa-mir-21"
Disease,Cutaneous Melanoma,1,0.05263158,0.61145511,0.8216,1,1,hsa-mir-21
Disease,Pituitary Adenoma,1,0.05263158,0.61145511,0.8216,1,1,hsa-mir-383
Disease,Autoimmune Diseases [unspecific],2,0.05555556,0.64542484,0.8325,1,1,"hsa-mir-30a,hsa-mir-21"
Disease,Adenovirus Infection,2,0.05555556,0.64542484,0.8325,1,1,"hsa-mir-30a,hsa-mir-146b"
Disease,"Carcinoma, Lung, Small-Cell",1,0.04761905,0.55322129,0.8515,1,1,hsa-mir-30a
Disease,"Diabetes Mellitus, Gestational",1,0.04347826,0.50511509,0.8764,1,1,hsa-mir-508
Disease,"Leukemia, Lymphocytic, Chronic",2,0.04878049,0.56671449,0.883,1,1,"hsa-mir-21,hsa-mir-143"
Disease,"Lymphoma, B-Cell",1,0.04166667,0.48406863,0.8872,1,1,hsa-mir-204
Disease,Hematologic Neoplasms,1,0.02941176,0.3416955,0.9552,1,1,hsa-mir-21
