Category,Term,Count,Percent,Fold,P-value,Bonferroni,FDR,miRNA
Disease,"Carcinoma, Renal Cell",30,0.25210084,2.66731693,6.66E-08,3.78E-05,2.63E-05,"hsa-mir-203a,hsa-mir-362,hsa-mir-200c,hsa-mir-133b,hsa-mir-224,hsa-mir-509-3,hsa-mir-510,hsa-mir-210,hsa-mir-135a-2,hsa-mir-138-1,hsa-mir-452,hsa-mir-144,hsa-mir-155,hsa-mir-3065,hsa-mir-429,hsa-mir-129-2,hsa-mir-206,hsa-mir-122,hsa-mir-372,hsa-mir-509-2,hsa-mir-135a-1,hsa-mir-184,hsa-mir-138-2,hsa-mir-363,hsa-mir-216b,hsa-mir-509-1,hsa-mir-200b,hsa-mir-21,hsa-mir-141,hsa-mir-142"
Disease,"Carcinoma, Hepatocellular",54,0.15929204,1.68536662,1.12E-06,0.000636,0.000332,"hsa-mir-203a,hsa-mir-362,hsa-mir-133b,hsa-mir-200c,hsa-mir-506,hsa-mir-224,hsa-mir-203b,hsa-mir-129-1,hsa-mir-509-3,hsa-mir-146b,hsa-mir-888,hsa-mir-885,hsa-mir-210,hsa-mir-135a-2,hsa-mir-138-1,hsa-mir-452,hsa-mir-144,hsa-mir-155,hsa-mir-215,hsa-mir-376a-1,hsa-mir-429,hsa-mir-129-2,hsa-mir-1228,hsa-mir-206,hsa-mir-105-1,hsa-mir-122,hsa-mir-592,hsa-mir-302b,hsa-mir-372,hsa-mir-33a,hsa-mir-105-2,hsa-mir-188,hsa-mir-508,hsa-mir-509-2,hsa-mir-135a-1,hsa-mir-184,hsa-mir-138-2,hsa-mir-363,hsa-mir-187,hsa-mir-1269b,hsa-mir-433,hsa-mir-216b,hsa-mir-217,hsa-mir-509-1,hsa-mir-200b,hsa-mir-216a,hsa-mir-154,hsa-mir-760,hsa-mir-1269a,hsa-mir-21,hsa-mir-141,hsa-mir-377,hsa-mir-376a-2,hsa-mir-142"
Disease,"Carcinoma, Breast",54,0.15517241,1.64177956,1.12E-06,0.000636,0.000332,"hsa-mir-660,hsa-mir-376c,hsa-mir-215,hsa-mir-135a-1,hsa-mir-184,hsa-mir-302a,hsa-mir-506,hsa-mir-200c,hsa-mir-224,hsa-mir-509-3,hsa-mir-196b,hsa-mir-210,hsa-mir-135a-2,hsa-mir-138-1,hsa-mir-155,hsa-mir-320d-2,hsa-mir-376a-1,hsa-mir-429,hsa-mir-892b,hsa-mir-33a,hsa-mir-105-2,hsa-mir-892a,hsa-mir-802,hsa-mir-200b,hsa-mir-760,hsa-mir-377,hsa-mir-142,hsa-mir-203a,hsa-mir-133b,hsa-mir-203b,hsa-mir-129-1,hsa-mir-146b,hsa-mir-888,hsa-mir-144,hsa-mir-129-2,hsa-mir-1228,hsa-mir-206,hsa-mir-874,hsa-mir-122,hsa-mir-3613,hsa-mir-363,hsa-mir-216b,hsa-mir-217,hsa-mir-509-1,hsa-mir-21,hsa-mir-141,hsa-mir-376a-2,hsa-mir-510,hsa-mir-452,hsa-mir-105-1,hsa-mir-592,hsa-mir-302b,hsa-mir-509-2,hsa-mir-138-2"
Disease,Glioma,38,0.18269231,1.93294986,7.62E-06,0.00432,0.00151,"hsa-mir-584,hsa-mir-302a,hsa-mir-203a,hsa-mir-200c,hsa-mir-133b,hsa-mir-506,hsa-mir-203b,hsa-mir-146b,hsa-mir-767,hsa-mir-196b,hsa-mir-210,hsa-mir-323a,hsa-mir-135a-2,hsa-mir-138-1,hsa-mir-144,hsa-mir-155,hsa-mir-320d-2,hsa-mir-215,hsa-mir-429,hsa-mir-129-2,hsa-mir-105-1,hsa-mir-122,hsa-mir-592,hsa-mir-302b,hsa-mir-372,hsa-mir-33a,hsa-mir-105-2,hsa-mir-508,hsa-mir-135a-1,hsa-mir-184,hsa-mir-138-2,hsa-mir-363,hsa-mir-200b,hsa-mir-154,hsa-mir-323b,hsa-mir-21,hsa-mir-141,hsa-mir-142"
Disease,"Carcinoma, Ovarian",36,0.18556701,1.96336524,1.01E-05,0.00575,0.00172,"hsa-mir-302a,hsa-mir-203a,hsa-mir-506,hsa-mir-200c,hsa-mir-133b,hsa-mir-224,hsa-mir-203b,hsa-mir-129-1,hsa-mir-509-3,hsa-mir-146b,hsa-mir-510,hsa-mir-196b,hsa-mir-210,hsa-mir-135a-2,hsa-mir-138-1,hsa-mir-155,hsa-mir-376a-1,hsa-mir-429,hsa-mir-433,hsa-mir-129-2,hsa-mir-206,hsa-mir-122,hsa-mir-302b,hsa-mir-372,hsa-mir-3613,hsa-mir-509-2,hsa-mir-135a-1,hsa-mir-184,hsa-mir-138-2,hsa-mir-187,hsa-mir-509-1,hsa-mir-200b,hsa-mir-760,hsa-mir-21,hsa-mir-141,hsa-mir-376a-2"
Disease,Medulloepithelioma,6,0.75,7.93526786,1.50E-05,0.00852,0.00223,"hsa-mir-216a,hsa-mir-509-2,hsa-mir-509-3,hsa-mir-509-1,hsa-mir-217,hsa-mir-216b"
Disease,"Carcinoma, Colon",49,0.15555556,1.64583333,2.70E-05,0.0153,0.00356,"hsa-mir-584,hsa-mir-302a,hsa-mir-203a,hsa-mir-362,hsa-mir-133b,hsa-mir-200c,hsa-mir-506,hsa-mir-224,hsa-mir-203b,hsa-mir-129-1,hsa-mir-509-3,hsa-mir-146b,hsa-mir-888,hsa-mir-885,hsa-mir-196b,hsa-mir-210,hsa-mir-376c,hsa-mir-135a-2,hsa-mir-138-1,hsa-mir-144,hsa-mir-155,hsa-mir-215,hsa-mir-376a-1,hsa-mir-429,hsa-mir-129-2,hsa-mir-206,hsa-mir-874,hsa-mir-122,hsa-mir-592,hsa-mir-372,hsa-mir-892a,hsa-mir-301b,hsa-mir-509-2,hsa-mir-135a-1,hsa-mir-138-2,hsa-mir-363,hsa-mir-187,hsa-mir-216b,hsa-mir-217,hsa-mir-509-1,hsa-mir-200b,hsa-mir-216a,hsa-mir-154,hsa-mir-760,hsa-mir-1269a,hsa-mir-21,hsa-mir-141,hsa-mir-376a-2,hsa-mir-142"
Disease,Biliary Atresia,5,0.83333333,8.81696429,3.85E-05,0.0219,0.00415,"hsa-mir-129-2,hsa-mir-129-1,hsa-mir-200b,hsa-mir-155,hsa-mir-21"
Disease,Human Cytomegalovirus Infection,6,0.66666667,7.05357143,4.16E-05,0.0236,0.00411,"hsa-mir-376a-2,hsa-mir-217,hsa-mir-376a-1,hsa-mir-200b,hsa-mir-200c,hsa-mir-21"
Disease,"Carcinoma, Lung. Non-Small-Cell",37,0.16894977,1.78754892,7.29E-05,0.0413,0.00664,"hsa-mir-203a,hsa-mir-200c,hsa-mir-203b,hsa-mir-129-1,hsa-mir-509-3,hsa-mir-599,hsa-mir-196b,hsa-mir-210,hsa-mir-135a-2,hsa-mir-138-1,hsa-mir-452,hsa-mir-144,hsa-mir-155,hsa-mir-376a-1,hsa-mir-429,hsa-mir-129-2,hsa-mir-1228,hsa-mir-874,hsa-mir-122,hsa-mir-592,hsa-mir-372,hsa-mir-33a,hsa-mir-301b,hsa-mir-500a,hsa-mir-509-2,hsa-mir-135a-1,hsa-mir-184,hsa-mir-138-2,hsa-mir-187,hsa-mir-216b,hsa-mir-509-1,hsa-mir-200b,hsa-mir-21,hsa-mir-141,hsa-mir-377,hsa-mir-376a-2,hsa-mir-142"
Disease,Psoriasis,11,0.33333333,3.52678571,0.000107,0.0609,0.00849,"hsa-mir-33a,hsa-mir-203a,hsa-mir-369,hsa-mir-217,hsa-mir-203b,hsa-mir-146b,hsa-mir-138-2,hsa-mir-21,hsa-mir-210,hsa-mir-138-1,hsa-mir-155"
Disease,Acute Pancreatitis,5,0.71428571,7.55739796,0.000125,0.0707,0.00924,"hsa-mir-216a,hsa-mir-135a-1,hsa-mir-135a-2,hsa-mir-216b,hsa-mir-122"
Disease,"Carcinoma, Renal Cell, Clear-Cell",15,0.25862069,2.73629926,0.000156,0.0886,0.0109,"hsa-mir-506,hsa-mir-217,hsa-mir-429,hsa-mir-299,hsa-mir-21,hsa-mir-187,hsa-mir-122,hsa-mir-141,hsa-mir-377,hsa-mir-210,hsa-mir-629,hsa-mir-487a,hsa-mir-142,hsa-mir-452,hsa-mir-320d-2"
Disease,Cholangiocarcinoma,11,0.31428571,3.3252551,0.000197,0.1114,0.0123,"hsa-mir-203a,hsa-mir-200c,hsa-mir-224,hsa-mir-429,hsa-mir-203b,hsa-mir-200b,hsa-mir-21,hsa-mir-141,hsa-mir-122,hsa-mir-144,hsa-mir-155"
Disease,"Squamous Cell Carcinoma, Head and Neck",13,0.27083333,2.86551339,0.000271,0.1537,0.0161,"hsa-mir-934,hsa-mir-200c,hsa-mir-7152,hsa-mir-200b,hsa-mir-206,hsa-mir-138-2,hsa-mir-21,hsa-mir-141,hsa-mir-210,hsa-mir-376c,hsa-mir-138-1,hsa-mir-155,hsa-mir-372"
Disease,Thyroid Neoplasms,7,0.4375,4.62890625,0.000313,0.1773,0.0176,"hsa-mir-323b,hsa-mir-323a,hsa-mir-146b,hsa-mir-144,hsa-mir-200b,hsa-mir-21,hsa-mir-141"
Disease,"Carcinoma, Oral",11,0.2972973,3.14551158,0.000342,0.1937,0.0184,"hsa-mir-203a,hsa-mir-203b,hsa-mir-146b,hsa-mir-138-2,hsa-mir-21,hsa-mir-196b,hsa-mir-1269b,hsa-mir-138-1,hsa-mir-142,hsa-mir-155,hsa-mir-372"
Disease,"Lymphoma, Large B-Cell, Diffuse",11,0.28947368,3.06273496,0.000443,0.2511,0.0202,"hsa-mir-33a,hsa-mir-5586,hsa-mir-200c,hsa-mir-224,hsa-mir-200b,hsa-mir-146b,hsa-mir-138-2,hsa-mir-21,hsa-mir-138-1,hsa-mir-155,hsa-mir-320d-2"
Disease,Acute Kidney Injury,7,0.41176471,4.35661765,0.00049,0.278,0.0215,"hsa-mir-216a,hsa-mir-216b,hsa-mir-146b,hsa-mir-217,hsa-mir-200c,hsa-mir-200b,hsa-mir-21"
Disease,Hirschsprung's Disease,8,0.36363636,3.8474026,0.000515,0.2921,0.0218,"hsa-mir-215,hsa-mir-369,hsa-mir-429,hsa-mir-206,hsa-mir-146b,hsa-mir-885,hsa-mir-141,hsa-mir-142"
Disease,"Adenocarcinoma, Pancreatic Ductal",16,0.22535211,2.38430584,0.000529,0.2997,0.0216,"hsa-mir-506,hsa-mir-200c,hsa-mir-217,hsa-mir-224,hsa-mir-429,hsa-mir-200b,hsa-mir-135a-1,hsa-mir-206,hsa-mir-138-2,hsa-mir-141,hsa-mir-196b,hsa-mir-21,hsa-mir-210,hsa-mir-135a-2,hsa-mir-138-1,hsa-mir-155"
Disease,Chronic Post-Traumatic Headache,3,1,10.58035714,0.000824,0.4672,0.0325,"hsa-mir-3613,hsa-mir-135a-2,hsa-mir-135a-1"
Disease,"Carcinoma, Prostate",38,0.14785992,1.56441078,0.00114,0.6447,0.0385,"hsa-mir-302a,hsa-mir-203a,hsa-mir-200c,hsa-mir-133b,hsa-mir-224,hsa-mir-129-1,hsa-mir-146b,hsa-mir-888,hsa-mir-210,hsa-mir-323a,hsa-mir-376c,hsa-mir-135a-2,hsa-mir-138-1,hsa-mir-452,hsa-mir-155,hsa-mir-376a-1,hsa-mir-429,hsa-mir-129-2,hsa-mir-122,hsa-mir-372,hsa-mir-33a,hsa-mir-513c,hsa-mir-875,hsa-mir-188,hsa-mir-301b,hsa-mir-500a,hsa-mir-135a-1,hsa-mir-138-2,hsa-mir-187,hsa-mir-3654,hsa-mir-200b,hsa-mir-299,hsa-mir-154,hsa-mir-323b,hsa-mir-21,hsa-mir-141,hsa-mir-377,hsa-mir-376a-2"
Disease,"Squamous Cell Carcinoma, Oral",17,0.20481928,2.1670611,0.00114,0.6485,0.0376,"hsa-mir-203a,hsa-mir-200c,hsa-mir-133b,hsa-mir-224,hsa-mir-429,hsa-mir-203b,hsa-mir-433,hsa-mir-216a,hsa-mir-184,hsa-mir-138-2,hsa-mir-21,hsa-mir-377,hsa-mir-210,hsa-mir-138-1,hsa-mir-142,hsa-mir-144,hsa-mir-155"
Disease,"Carcinoma, Cervical",24,0.17391304,1.84006211,0.00129,0.732,0.0413,"hsa-mir-203a,hsa-mir-362,hsa-mir-506,hsa-mir-224,hsa-mir-203b,hsa-mir-129-1,hsa-mir-146b,hsa-mir-196b,hsa-mir-376c,hsa-mir-135a-2,hsa-mir-138-1,hsa-mir-155,hsa-mir-215,hsa-mir-429,hsa-mir-129-2,hsa-mir-206,hsa-mir-33a,hsa-mir-135a-1,hsa-mir-138-2,hsa-mir-187,hsa-mir-200b,hsa-mir-21,hsa-mir-141,hsa-mir-142"
Disease,"Colitis, Ulcerative",8,0.30769231,3.25549451,0.00182,1,0.0567,"hsa-mir-200c,hsa-mir-429,hsa-mir-200b,hsa-mir-146b,hsa-mir-21,hsa-mir-141,hsa-mir-142,hsa-mir-155"
Disease,"Carcinoma, Thyroid, Medullary",5,0.45454545,4.80925325,0.00201,1,0.061,"hsa-mir-129-2,hsa-mir-129-1,hsa-mir-200b,hsa-mir-200c,hsa-mir-21"
Disease,Kidney Diseases [unspecific],4,0.57142857,6.04591837,0.00212,1,0.0598,"hsa-mir-200c,hsa-mir-200b,hsa-mir-155,hsa-mir-21"
Disease,Chondrosarcoma,7,0.33333333,3.52678571,0.00212,1,0.0572,"hsa-mir-129-2,hsa-mir-206,hsa-mir-138-1,hsa-mir-129-1,hsa-mir-200b,hsa-mir-138-2,hsa-mir-141"
Disease,"Carcinoma, Gastric",39,0.14181818,1.50048701,0.00226,1,0.0596,"hsa-mir-203a,hsa-mir-362,hsa-mir-133b,hsa-mir-200c,hsa-mir-506,hsa-mir-224,hsa-mir-203b,hsa-mir-129-1,hsa-mir-509-3,hsa-mir-146b,hsa-mir-513b,hsa-mir-196b,hsa-mir-210,hsa-mir-135a-2,hsa-mir-144,hsa-mir-155,hsa-mir-215,hsa-mir-429,hsa-mir-433,hsa-mir-129-2,hsa-mir-1228,hsa-mir-206,hsa-mir-874,hsa-mir-122,hsa-mir-500a,hsa-mir-508,hsa-mir-509-2,hsa-mir-135a-1,hsa-mir-363,hsa-mir-187,hsa-mir-217,hsa-mir-509-1,hsa-mir-200b,hsa-mir-760,hsa-mir-21,hsa-mir-141,hsa-mir-377,hsa-mir-629,hsa-mir-142"
Disease,Myocardial Fibrosis,6,0.375,3.96763393,0.00227,1,0.0585,"hsa-mir-154,hsa-mir-203a,hsa-mir-21,hsa-mir-203b,hsa-mir-433,hsa-mir-122"
Disease,Adrenal Cortex Neoplasms,5,0.41666667,4.40848214,0.00318,1,0.0786,"hsa-mir-210,hsa-mir-203a,hsa-mir-203b,hsa-mir-142,hsa-mir-200b"
Disease,"Squamous Cell Carcinoma, Cerevial",6,0.35294118,3.7342437,0.00324,1,0.0784,"hsa-mir-122,hsa-mir-323b,hsa-mir-323a,hsa-mir-138-1,hsa-mir-144,hsa-mir-138-2"
Disease,Melanoma,22,0.16666667,1.76339286,0.00378,1,0.0896,"hsa-mir-302a,hsa-mir-203a,hsa-mir-506,hsa-mir-200c,hsa-mir-224,hsa-mir-203b,hsa-mir-146b,hsa-mir-767,hsa-mir-210,hsa-mir-452,hsa-mir-155,hsa-mir-507,hsa-mir-429,hsa-mir-206,hsa-mir-33a,hsa-mir-508,hsa-mir-200b,hsa-mir-216a,hsa-mir-21,hsa-mir-141,hsa-mir-377,hsa-mir-142"
Disease,Male Infertility,5,0.38461538,4.06936813,0.00479,1,0.1071,"hsa-mir-885,hsa-mir-210,hsa-mir-629,hsa-mir-155,hsa-mir-122"
Disease,"Carcinoma, Lung",31,0.14553991,1.53986419,0.00507,1,0.1112,"hsa-mir-203a,hsa-mir-506,hsa-mir-200c,hsa-mir-133b,hsa-mir-224,hsa-mir-660,hsa-mir-203b,hsa-mir-129-1,hsa-mir-509-3,hsa-mir-135a-2,hsa-mir-138-1,hsa-mir-144,hsa-mir-155,hsa-mir-215,hsa-mir-129-2,hsa-mir-206,hsa-mir-122,hsa-mir-592,hsa-mir-302b,hsa-mir-33a,hsa-mir-301b,hsa-mir-135a-1,hsa-mir-138-2,hsa-mir-187,hsa-mir-217,hsa-mir-200b,hsa-mir-299,hsa-mir-154,hsa-mir-21,hsa-mir-141,hsa-mir-142"
Disease,"Leukemia, Myeloid, Acute",20,0.16806723,1.77821128,0.00531,1,0.1145,"hsa-mir-203a,hsa-mir-200c,hsa-mir-224,hsa-mir-203b,hsa-mir-196b,hsa-mir-210,hsa-mir-323a,hsa-mir-135a-2,hsa-mir-155,hsa-mir-215,hsa-mir-188,hsa-mir-301b,hsa-mir-135a-1,hsa-mir-200b,hsa-mir-299,hsa-mir-154,hsa-mir-323b,hsa-mir-21,hsa-mir-377,hsa-mir-142"
Disease,Osteosarcoma,26,0.15204678,1.60870927,0.006,1,0.1248,"hsa-mir-203a,hsa-mir-200c,hsa-mir-133b,hsa-mir-224,hsa-mir-203b,hsa-mir-129-1,hsa-mir-146b,hsa-mir-196b,hsa-mir-210,hsa-mir-138-1,hsa-mir-144,hsa-mir-155,hsa-mir-429,hsa-mir-129-2,hsa-mir-206,hsa-mir-122,hsa-mir-302b,hsa-mir-33a,hsa-mir-802,hsa-mir-138-2,hsa-mir-217,hsa-mir-200b,hsa-mir-21,hsa-mir-141,hsa-mir-377,hsa-mir-142"
Disease,Obesity,11,0.21568627,2.28203782,0.00602,1,0.123,"hsa-mir-33a,hsa-mir-376a-1,hsa-mir-200b,hsa-mir-146b,hsa-mir-138-2,hsa-mir-21,hsa-mir-122,hsa-mir-376a-2,hsa-mir-210,hsa-mir-138-1,hsa-mir-155"
Disease,"Carcinoma, Esophageal",13,0.1969697,2.08400974,0.00651,1,0.1286,"hsa-mir-203a,hsa-mir-506,hsa-mir-200c,hsa-mir-217,hsa-mir-429,hsa-mir-203b,hsa-mir-146b,hsa-mir-138-2,hsa-mir-21,hsa-mir-141,hsa-mir-122,hsa-mir-138-1,hsa-mir-144"
Disease,Metabolic Syndrome,4,0.44444444,4.70238095,0.00656,1,0.1275,"hsa-mir-33a,hsa-mir-146b,hsa-mir-21,hsa-mir-122"
Disease,Esophageal Neoplasms,4,0.44444444,4.70238095,0.00656,1,0.1275,"hsa-mir-203a,hsa-mir-203b,hsa-mir-21,hsa-mir-141"
Disease,Varicella,3,0.6,6.34821429,0.00714,1,0.1322,"hsa-mir-629,hsa-mir-363,hsa-mir-122"
Disease,Gallstones,3,0.6,6.34821429,0.00714,1,0.1322,"hsa-mir-210,hsa-mir-155,hsa-mir-429"
Disease,"Adenocarcinoma, Prostate",3,0.6,6.34821429,0.00714,1,0.1322,"hsa-mir-154,hsa-mir-21,hsa-mir-141"
Disease,"Carcinoma, Supraglottic",3,0.6,6.34821429,0.00714,1,0.1322,"hsa-mir-206,hsa-mir-21,hsa-mir-33a"
Disease,"Carcinoma, Pancreatic",25,0.15060241,1.59342728,0.00812,1,0.1318,"hsa-mir-506,hsa-mir-200c,hsa-mir-146b,hsa-mir-885,hsa-mir-196b,hsa-mir-210,hsa-mir-323a,hsa-mir-138-1,hsa-mir-155,hsa-mir-215,hsa-mir-429,hsa-mir-206,hsa-mir-874,hsa-mir-122,hsa-mir-33a,hsa-mir-301b,hsa-mir-138-2,hsa-mir-216b,hsa-mir-217,hsa-mir-200b,hsa-mir-216a,hsa-mir-323b,hsa-mir-21,hsa-mir-141,hsa-mir-377"
Disease,Idiopathic Asthenospermia,2,1,10.58035714,0.00886,1,0.1419,"hsa-mir-141,hsa-mir-122"
Disease,Gastrojejunal Ulcer,2,1,10.58035714,0.00886,1,0.1419,"hsa-mir-155,hsa-mir-146b"
Disease,Neutropenia,2,1,10.58035714,0.00886,1,0.1419,"hsa-mir-21,hsa-mir-196b"
Disease,"Adenocarcinoma, Esophageal",6,0.27272727,2.88555195,0.0132,1,0.1594,"hsa-mir-203a,hsa-mir-224,hsa-mir-203b,hsa-mir-21,hsa-mir-210,hsa-mir-452"
Disease,Pancreatic Neoplasms,12,0.1875,1.98381696,0.0133,1,0.1591,"hsa-mir-203a,hsa-mir-200c,hsa-mir-133b,hsa-mir-217,hsa-mir-224,hsa-mir-203b,hsa-mir-200b,hsa-mir-216a,hsa-mir-146b,hsa-mir-21,hsa-mir-210,hsa-mir-155"
Disease,Nephrosclerosis,3,0.5,5.29017857,0.0133,1,0.1576,"hsa-mir-429,hsa-mir-200b,hsa-mir-141"
Disease,Costello Syndrome,3,0.5,5.29017857,0.0133,1,0.1576,"hsa-mir-206,hsa-mir-138-1,hsa-mir-138-2"
Disease,Chronic Hepatitis,4,0.36363636,3.8474026,0.0148,1,0.1702,"hsa-mir-122,hsa-mir-224,hsa-mir-203a,hsa-mir-215"
Disease,Kidney Transplant Rejection,4,0.36363636,3.8474026,0.0148,1,0.1702,"hsa-mir-142,hsa-mir-200b,hsa-mir-155,hsa-mir-21"
Disease,Barrett's Esophagus,4,0.36363636,3.8474026,0.0148,1,0.1702,"hsa-mir-203a,hsa-mir-215,hsa-mir-203b,hsa-mir-21"
Disease,Mild Cognitive Impairment,4,0.36363636,3.8474026,0.0148,1,0.1702,"hsa-mir-323b,hsa-mir-206,hsa-mir-323a,hsa-mir-874"
Disease,"Carcinoma, Ovarian, Serous",6,0.25,2.64508929,0.0203,1,0.2251,"hsa-mir-508,hsa-mir-509-3,hsa-mir-509-1,hsa-mir-509-2,hsa-mir-510,hsa-mir-21"
Disease,Colitis,4,0.33333333,3.52678571,0.0206,1,0.2261,"hsa-mir-138-1,hsa-mir-155,hsa-mir-138-2,hsa-mir-21"
Disease,Choriocarcinoma,11,0.18333333,1.93973214,0.0207,1,0.2232,"hsa-mir-203a,hsa-mir-215,hsa-mir-200c,hsa-mir-429,hsa-mir-203b,hsa-mir-200b,hsa-mir-135a-1,hsa-mir-21,hsa-mir-210,hsa-mir-135a-2,hsa-mir-155"
Disease,Heart Diseases [unspecific],8,0.21052632,2.22744361,0.0216,1,0.2267,"hsa-mir-133b,hsa-mir-200b,hsa-mir-146b,hsa-mir-513a-2,hsa-mir-184,hsa-mir-513a-1,hsa-mir-21,hsa-mir-122"
Disease,Glomerulonephritis,3,0.42857143,4.53443878,0.0217,1,0.2255,"hsa-mir-429,hsa-mir-200b,hsa-mir-155"
Disease,Giant Cell Tumor of Bone,3,0.42857143,4.53443878,0.0217,1,0.2255,"hsa-mir-376a-2,hsa-mir-210,hsa-mir-376a-1"
Disease,"Adenocarcinoma, Lung",16,0.15841584,1.67609618,0.0222,1,0.2264,"hsa-mir-203a,hsa-mir-3941,hsa-mir-200c,hsa-mir-133b,hsa-mir-224,hsa-mir-203b,hsa-mir-196b,hsa-mir-210,hsa-mir-452,hsa-mir-155,hsa-mir-215,hsa-mir-206,hsa-mir-592,hsa-mir-187,hsa-mir-200b,hsa-mir-21"
Disease,Liver Neoplasms,6,0.24,2.53928571,0.0247,1,0.2505,"hsa-mir-133b,hsa-mir-21,hsa-mir-122,hsa-mir-210,hsa-mir-629,hsa-mir-372"
Disease,Intracerebral Haemorrhage,2,0.66666667,7.05357143,0.0249,1,0.2504,"hsa-mir-155,hsa-mir-362"
Disease,Growth Disorders,2,0.66666667,7.05357143,0.0249,1,0.2504,"hsa-mir-21,hsa-mir-122"
Disease,Bronchiolitis Obliterans Syndrome,2,0.66666667,7.05357143,0.0249,1,0.2504,"hsa-mir-21,hsa-mir-144"
Disease,"Carcinoma, Merkel Cell",2,0.66666667,7.05357143,0.0249,1,0.2504,"hsa-mir-203b,hsa-mir-203a"
Disease,Diabetic Foot,2,0.66666667,7.05357143,0.0249,1,0.2504,"hsa-mir-203b,hsa-mir-203a"
Disease,Testicular Neoplasms,2,0.66666667,7.05357143,0.0249,1,0.2504,"hsa-mir-133b,hsa-mir-372"
Disease,Inflammatory Bowel Diseases,7,0.21875,2.31445313,0.0256,1,0.2347,"hsa-mir-200c,hsa-mir-129-1,hsa-mir-200b,hsa-mir-129-2,hsa-mir-206,hsa-mir-21,hsa-mir-122"
Disease,Multiple Sclerosis,9,0.19148936,2.02602584,0.0273,1,0.2452,"hsa-mir-369,hsa-mir-599,hsa-mir-146b,hsa-mir-874,hsa-mir-141,hsa-mir-122,hsa-mir-629,hsa-mir-142,hsa-mir-155"
Disease,"Cardiomyopathy, Ischemic",5,0.26315789,2.78430451,0.0273,1,0.2485,"hsa-mir-377,hsa-mir-154,hsa-mir-155,hsa-mir-21,hsa-mir-141"
Disease,"Diabetes Mellitus, Type 2",21,0.14285714,1.51147959,0.0276,1,0.2459,"hsa-mir-133b,hsa-mir-200c,hsa-mir-146b,hsa-mir-376c,hsa-mir-138-1,hsa-mir-144,hsa-mir-376b,hsa-mir-155,hsa-mir-320d-2,hsa-mir-376a-1,hsa-mir-206,hsa-mir-122,hsa-mir-33a,hsa-mir-802,hsa-mir-138-2,hsa-mir-187,hsa-mir-217,hsa-mir-200b,hsa-mir-21,hsa-mir-376a-2,hsa-mir-142"
Disease,Mycobacterium Tuberculosis Infection,4,0.30769231,3.25549451,0.0276,1,0.2444,"hsa-mir-206,hsa-mir-146b,hsa-mir-155,hsa-mir-21"
Disease,"Carcinoma, Head And Neck",4,0.30769231,3.25549451,0.0276,1,0.2444,"hsa-mir-203a,hsa-mir-203b,hsa-mir-363,hsa-mir-200b"
Disease,"Tuberculosis, Pulmonary",6,0.23076923,2.44162088,0.0297,1,0.2591,"hsa-mir-200c,hsa-mir-206,hsa-mir-21,hsa-mir-196b,hsa-mir-376c,hsa-mir-155"
Disease,"Carcinoma, Skin",3,0.375,3.96763393,0.0323,1,0.2798,"hsa-mir-200b,hsa-mir-200c,hsa-mir-21"
Disease,Hemophagocytic Lymphohistiocytosis,3,0.375,3.96763393,0.0323,1,0.2798,"hsa-mir-142,hsa-mir-144,hsa-mir-21"
Disease,Alcoholic Cardiomyopathy,3,0.375,3.96763393,0.0323,1,0.2798,"hsa-mir-138-1,hsa-mir-506,hsa-mir-138-2"
Disease,Sepsis,7,0.20588235,2.17830882,0.0349,1,0.2909,"hsa-mir-4772,hsa-mir-135a-1,hsa-mir-21,hsa-mir-122,hsa-mir-210,hsa-mir-135a-2,hsa-mir-155"
Disease,Glioblastoma,23,0.13609467,1.43993026,0.036,1,0.2965,"hsa-mir-302a,hsa-mir-203a,hsa-mir-200c,hsa-mir-133b,hsa-mir-506,hsa-mir-224,hsa-mir-203b,hsa-mir-129-1,hsa-mir-146b,hsa-mir-210,hsa-mir-452,hsa-mir-144,hsa-mir-155,hsa-mir-429,hsa-mir-129-2,hsa-mir-206,hsa-mir-302b,hsa-mir-513c,hsa-mir-299,hsa-mir-154,hsa-mir-21,hsa-mir-377,hsa-mir-142"
Disease,Preeclampsia,12,0.16216216,1.71573359,0.0391,1,0.3194,"hsa-mir-203a,hsa-mir-133b,hsa-mir-188,hsa-mir-224,hsa-mir-203b,hsa-mir-206,hsa-mir-885,hsa-mir-21,hsa-mir-363,hsa-mir-210,hsa-mir-142,hsa-mir-155"
Disease,Allergy,5,0.23809524,2.51913265,0.041,1,0.3324,"hsa-mir-210,hsa-mir-142,hsa-mir-452,hsa-mir-155,hsa-mir-21"
Disease,Alzheimer's Disease,15,0.15,1.58705357,0.0415,1,0.3348,"hsa-mir-200c,hsa-mir-885,hsa-mir-323a,hsa-mir-135a-2,hsa-mir-138-1,hsa-mir-155,hsa-mir-206,hsa-mir-33a,hsa-mir-188,hsa-mir-135a-1,hsa-mir-138-2,hsa-mir-200b,hsa-mir-323b,hsa-mir-21,hsa-mir-142"
Disease,Amyotrophic Lateral Sclerosis,3,0.33333333,3.52678571,0.0452,1,0.3622,"hsa-mir-129-2,hsa-mir-206,hsa-mir-141"
Disease,"Carcinoma, Oropharyngeal",2,0.5,5.29017857,0.0468,1,0.3673,"hsa-mir-21,hsa-mir-122"
Disease,Allergic Asthma,2,0.5,5.29017857,0.0468,1,0.3673,"hsa-mir-155,hsa-mir-144"
Disease,Fungal Keratitis,2,0.5,5.29017857,0.0468,1,0.3673,"hsa-mir-155,hsa-mir-142"
Disease,Japanese Encephalitis Virus Infection,2,0.5,5.29017857,0.0468,1,0.3673,"hsa-mir-155,hsa-mir-33a"
Disease,Chronic Pancreatitis,2,0.5,5.29017857,0.0468,1,0.3673,"hsa-mir-217,hsa-mir-21"
Disease,Meningioma,2,0.5,5.29017857,0.0468,1,0.3673,"hsa-mir-21,hsa-mir-224"
Disease,"Carcinoma, Spindle Cell",2,0.5,5.29017857,0.0468,1,0.3673,"hsa-mir-200b,hsa-mir-200c"
Disease,Ovarian Serous Cystadenocarcinoma,2,0.5,5.29017857,0.0468,1,0.3673,"hsa-mir-200b,hsa-mir-200c"
Disease,Skin Neoplasms,2,0.5,5.29017857,0.0468,1,0.3673,"hsa-mir-302a,hsa-mir-302b"
Disease,Acute Coronary Syndrome,5,0.22727273,2.40462662,0.0491,1,0.3528,"hsa-mir-323b,hsa-mir-21,hsa-mir-122,hsa-mir-323a,hsa-mir-155"
Disease,Lymphoma,10,0.16666667,1.76339286,0.0491,1,0.3547,"hsa-mir-203a,hsa-mir-200c,hsa-mir-133b,hsa-mir-224,hsa-mir-203b,hsa-mir-510,hsa-mir-21,hsa-mir-122,hsa-mir-144,hsa-mir-155"
Disease,Heart Failure,17,0.14166667,1.49888393,0.05,1,0.3571,"hsa-mir-133b,hsa-mir-129-1,hsa-mir-210,hsa-mir-135a-2,hsa-mir-155,hsa-mir-429,hsa-mir-129-2,hsa-mir-105-1,hsa-mir-122,hsa-mir-33a,hsa-mir-105-2,hsa-mir-500a,hsa-mir-135a-1,hsa-mir-299,hsa-mir-21,hsa-mir-377,hsa-mir-142"
Disease,"Carcinoma, Adrenocortical",6,0.2,2.11607143,0.0562,1,0.3988,"hsa-mir-203a,hsa-mir-376a-1,hsa-mir-203b,hsa-mir-200b,hsa-mir-376a-2,hsa-mir-210"
Disease,Cystic Fibrosis,4,0.25,2.64508929,0.0564,1,0.3978,"hsa-mir-509-3,hsa-mir-509-1,hsa-mir-155,hsa-mir-509-2"
Disease,Hepatitis C Virus Infection,13,0.14942529,1.58097291,0.0579,1,0.4059,"hsa-mir-133b,hsa-mir-224,hsa-mir-885,hsa-mir-196b,hsa-mir-155,hsa-mir-215,hsa-mir-122,hsa-mir-369,hsa-mir-217,hsa-mir-200b,hsa-mir-21,hsa-mir-629,hsa-mir-142"
Disease,Ischemia-Reperfusion Injury,5,0.2173913,2.30007764,0.0582,1,0.4056,"hsa-mir-21,hsa-mir-187,hsa-mir-122,hsa-mir-377,hsa-mir-155"
Disease,Graves' Disease,3,0.3,3.17410714,0.0603,1,0.4177,"hsa-mir-224,hsa-mir-660,hsa-mir-155"
Disease,Testicular Germ Cell Tumor,3,0.3,3.17410714,0.0603,1,0.4177,"hsa-mir-142,hsa-mir-513b,hsa-mir-372"
Disease,Peritoneal Dialysis Failure,6,0.19354839,2.04781106,0.0645,1,0.4344,"hsa-mir-129-1,hsa-mir-200b,hsa-mir-129-2,hsa-mir-146b,hsa-mir-21,hsa-mir-142"
Disease,Cardiomyopathy,5,0.20833333,2.20424107,0.0681,1,0.4562,"hsa-mir-200c,hsa-mir-133b,hsa-mir-200b,hsa-mir-21,hsa-mir-155"
Disease,Astrocytoma,4,0.23529412,2.4894958,0.0685,1,0.4563,"hsa-mir-210,hsa-mir-206,hsa-mir-155,hsa-mir-21"
Disease,Cardiovascular Diseases [unspecific],10,0.15625,1.6531808,0.0714,1,0.4725,"hsa-mir-33a,hsa-mir-200c,hsa-mir-216a,hsa-mir-138-2,hsa-mir-21,hsa-mir-122,hsa-mir-210,hsa-mir-138-1,hsa-mir-144,hsa-mir-155"
Disease,IgA Nephropathy,2,0.4,4.23214286,0.0732,1,0.4822,"hsa-mir-155,hsa-mir-21"
Disease,"Carcinoma, Rectal",8,0.16666667,1.76339286,0.0751,1,0.4759,"hsa-mir-203a,hsa-mir-203b,hsa-mir-135a-1,hsa-mir-146b,hsa-mir-141,hsa-mir-21,hsa-mir-135a-2,hsa-mir-155"
Disease,Non-Traumatic Subarachnoid Hemorrhage,3,0.27272727,2.88555195,0.0773,1,0.4875,"hsa-mir-146b,hsa-mir-142,hsa-mir-155"
Disease,Uveal Melanoma,3,0.27272727,2.88555195,0.0773,1,0.4875,"hsa-mir-144,hsa-mir-155,hsa-mir-21"
Disease,Necrotizing Enterocolitis,3,0.27272727,2.88555195,0.0773,1,0.4875,"hsa-mir-203a,hsa-mir-203b,hsa-mir-21"
Disease,Kidney Neoplasms,3,0.27272727,2.88555195,0.0773,1,0.4875,"hsa-mir-302a,hsa-mir-302b,hsa-mir-200c"
Disease,Azoospermia,3,0.27272727,2.88555195,0.0773,1,0.4875,"hsa-mir-188,hsa-mir-302a,hsa-mir-372"
Disease,Graft-Versus-Host Disease,4,0.22222222,2.35119048,0.0819,1,0.5004,"hsa-mir-377,hsa-mir-200b,hsa-mir-155,hsa-mir-21"
Disease,Crohn Disease,6,0.18181818,1.9237013,0.0832,1,0.5029,"hsa-mir-21,hsa-mir-196b,hsa-mir-141,hsa-mir-122,hsa-mir-142,hsa-mir-155"
Disease,Asthma,7,0.17073171,1.80640244,0.084,1,0.5053,"hsa-mir-200c,hsa-mir-224,hsa-mir-187,hsa-mir-122,hsa-mir-21,hsa-mir-874,hsa-mir-155"
Disease,Lung Neoplasms,15,0.13636364,1.44277597,0.0845,1,0.5057,"hsa-mir-203a,hsa-mir-133b,hsa-mir-224,hsa-mir-203b,hsa-mir-146b,hsa-mir-210,hsa-mir-155,hsa-mir-129-2,hsa-mir-206,hsa-mir-33a,hsa-mir-187,hsa-mir-216a,hsa-mir-21,hsa-mir-629,hsa-mir-142"
Disease,Oral Leukoplakia,3,0.25,2.64508929,0.0963,1,0.5732,"hsa-mir-129-2,hsa-mir-129-1,hsa-mir-21"
Disease,Germ Cell Tumor,2,0.33333333,3.52678571,0.1032,1,0.6085,"hsa-mir-302a,hsa-mir-122"
Disease,Kawasaki's Syndrome,2,0.33333333,3.52678571,0.1032,1,0.6085,"hsa-mir-155,hsa-mir-200c"
Disease,Acute Cerebral Infarction,2,0.33333333,3.52678571,0.1032,1,0.6085,"hsa-mir-210,hsa-mir-21"
Disease,Lupus Vulgaris,2,0.33333333,3.52678571,0.1032,1,0.6085,"hsa-mir-210,hsa-mir-629"
Disease,Kallmann Syndrome,2,0.33333333,3.52678571,0.1032,1,0.6085,"hsa-mir-200b,hsa-mir-200c"
Disease,Leiomyoma,2,0.33333333,3.52678571,0.1032,1,0.6085,"hsa-mir-200b,hsa-mir-200c"
Disease,"Muscular Dystrophy, Duchenne",2,0.33333333,3.52678571,0.1032,1,0.6085,"hsa-mir-206,hsa-mir-133b"
Disease,Essential Thrombocythemia,2,0.33333333,3.52678571,0.1032,1,0.6085,"hsa-mir-203a,hsa-mir-203b"
Disease,Fanconi Anemia,2,0.33333333,3.52678571,0.1032,1,0.6085,"hsa-mir-302a,hsa-mir-302b"
Disease,Vascular Diseases [unspecific],5,0.18518519,1.9593254,0.1033,1,0.5829,"hsa-mir-376a-1,hsa-mir-21,hsa-mir-376a-2,hsa-mir-210,hsa-mir-155"
Disease,"Carcinoma, Gallbladder",5,0.18518519,1.9593254,0.1033,1,0.5829,"hsa-mir-146b,hsa-mir-138-2,hsa-mir-21,hsa-mir-187,hsa-mir-138-1"
Disease,Atrial Fibrillation,9,0.15,1.58705357,0.1044,1,0.5833,"hsa-mir-3613,hsa-mir-215,hsa-mir-892a,hsa-mir-146b,hsa-mir-21,hsa-mir-363,hsa-mir-377,hsa-mir-144,hsa-mir-155"
Disease,"Carcinoma, Thyroid",6,0.16666667,1.76339286,0.1162,1,0.6347,"hsa-mir-584,hsa-mir-146b,hsa-mir-21,hsa-mir-142,hsa-mir-144,hsa-mir-155"
Disease,Kidney Injury,5,0.17857143,1.88934949,0.1167,1,0.6344,"hsa-mir-200c,hsa-mir-21,hsa-mir-122,hsa-mir-210,hsa-mir-155"
Disease,"Squamous Cell Carcinoma, Laryngeal or Hypopharyngeal",5,0.17857143,1.88934949,0.1167,1,0.6344,"hsa-mir-203a,hsa-mir-203b,hsa-mir-206,hsa-mir-21,hsa-mir-155"
Disease,Autism Spectrum Disorder,5,0.17857143,1.88934949,0.1167,1,0.6344,"hsa-mir-129-1,hsa-mir-129-2,hsa-mir-146b,hsa-mir-363,hsa-mir-21"
Disease,Ectopic Pregnancy,3,0.23076923,2.44162088,0.1168,1,0.6265,"hsa-mir-323b,hsa-mir-323a,hsa-mir-196b"
Disease,Bladder Neoplasms,6,0.16216216,1.71573359,0.1285,1,0.6861,"hsa-mir-203a,hsa-mir-133b,hsa-mir-203b,hsa-mir-200b,hsa-mir-21,hsa-mir-210"
Disease,Allergic Rhinitis,4,0.19047619,2.01530612,0.129,1,0.6854,"hsa-mir-224,hsa-mir-874,hsa-mir-155,hsa-mir-187"
Disease,Liver Diseases [unspecific],5,0.17241379,1.82419951,0.1309,1,0.6925,"hsa-mir-200c,hsa-mir-200b,hsa-mir-146b,hsa-mir-21,hsa-mir-122"
Disease,Oral Lichen Planus,2,0.28571429,3.02295918,0.1358,1,0.7153,"hsa-mir-146b,hsa-mir-155"
Disease,"Carcinoma, Biliary Tract",2,0.28571429,3.02295918,0.1358,1,0.7153,"hsa-mir-21,hsa-mir-141"
Disease,"Carcinoma, Endometrioid Endometrial",2,0.28571429,3.02295918,0.1358,1,0.7153,"hsa-mir-200c,hsa-mir-141"
Disease,Myasthenia Gravis,3,0.21428571,2.26721939,0.1389,1,0.7156,"hsa-mir-885,hsa-mir-21,hsa-mir-122"
Disease,Breast Neoplasms,18,0.12162162,1.28680019,0.1461,1,0.7496,"hsa-mir-302a,hsa-mir-133b,hsa-mir-200c,hsa-mir-146b,hsa-mir-510,hsa-mir-210,hsa-mir-155,hsa-mir-215,hsa-mir-429,hsa-mir-129-2,hsa-mir-206,hsa-mir-302b,hsa-mir-184,hsa-mir-200b,hsa-mir-21,hsa-mir-141,hsa-mir-629,hsa-mir-142"
Disease,"Carcinoma, Bladder",15,0.125,1.32254464,0.1494,1,0.7599,"hsa-mir-200c,hsa-mir-133b,hsa-mir-224,hsa-mir-146b,hsa-mir-210,hsa-mir-135a-2,hsa-mir-138-1,hsa-mir-144,hsa-mir-155,hsa-mir-892b,hsa-mir-135a-1,hsa-mir-138-2,hsa-mir-200b,hsa-mir-21,hsa-mir-141"
Disease,Hypertension,6,0.15384615,1.62774725,0.155,1,0.778,"hsa-mir-584,hsa-mir-105-2,hsa-mir-105-1,hsa-mir-21,hsa-mir-122,hsa-mir-155"
Disease,Prostate Neoplasms,10,0.13333333,1.41071429,0.1615,1,0.8077,"hsa-mir-203a,hsa-mir-200c,hsa-mir-133b,hsa-mir-105-2,hsa-mir-203b,hsa-mir-200b,hsa-mir-146b,hsa-mir-105-1,hsa-mir-21,hsa-mir-629"
Disease,Liver Cirrhosis,8,0.14035088,1.48496241,0.1619,1,0.8059,"hsa-mir-33a,hsa-mir-203a,hsa-mir-203b,hsa-mir-200b,hsa-mir-21,hsa-mir-122,hsa-mir-144,hsa-mir-155"
Disease,"Fatty Liver, Non-Alcoholic",3,0.2,2.11607143,0.1622,1,0.8045,"hsa-mir-155,hsa-mir-21,hsa-mir-122"
Disease,Liver Injury,3,0.2,2.11607143,0.1622,1,0.8045,"hsa-mir-155,hsa-mir-21,hsa-mir-122"
Disease,Idiopathic Pulmonary Fibrosis,3,0.2,2.11607143,0.1622,1,0.8045,"hsa-mir-210,hsa-mir-155,hsa-mir-21"
Disease,"Diabetes Mellitus, Gestational",4,0.17391304,1.84006211,0.1654,1,0.8064,"hsa-mir-33a,hsa-mir-362,hsa-mir-508,hsa-mir-452"
Disease,Waldenstrom Macroglobulinemia,2,0.25,2.64508929,0.1703,1,0.8271,"hsa-mir-206,hsa-mir-155"
Disease,Muscle Diseases [unspecific],2,0.25,2.64508929,0.1703,1,0.8271,"hsa-mir-206,hsa-mir-133b"
Disease,"Carcinoma, Endometrial",8,0.13793103,1.45935961,0.1736,1,0.8166,"hsa-mir-302a,hsa-mir-203a,hsa-mir-200c,hsa-mir-429,hsa-mir-203b,hsa-mir-200b,hsa-mir-141,hsa-mir-302b"
Disease,Atherosclerosis,12,0.12631579,1.33646617,0.1762,1,0.8254,"hsa-mir-302a,hsa-mir-133b,hsa-mir-146b,hsa-mir-210,hsa-mir-144,hsa-mir-155,hsa-mir-433,hsa-mir-206,hsa-mir-33a,hsa-mir-216a,hsa-mir-21,hsa-mir-142"
Disease,"Carcinoma, Nasopharyngeal",14,0.12280702,1.29934211,0.1775,1,0.8281,"hsa-mir-203a,hsa-mir-200c,hsa-mir-506,hsa-mir-203b,hsa-mir-138-1,hsa-mir-155,hsa-mir-372,hsa-mir-4501,hsa-mir-184,hsa-mir-138-2,hsa-mir-216b,hsa-mir-200b,hsa-mir-21,hsa-mir-142"
Disease,Chronic Hepatitis B,5,0.15625,1.6531808,0.1778,1,0.8261,"hsa-mir-200c,hsa-mir-200b,hsa-mir-885,hsa-mir-122,hsa-mir-210"
Disease,Narcolepsy,1,0.5,5.29017857,0.1802,1,0.834,hsa-mir-155
Disease,Thrombocytopenia,1,0.5,5.29017857,0.1802,1,0.834,hsa-mir-155
Disease,Vitiligo,1,0.5,5.29017857,0.1802,1,0.834,hsa-mir-155
Disease,Hypoxic-Ischemic Encephalopathy,1,0.5,5.29017857,0.1802,1,0.834,hsa-mir-210
Disease,Cataract,1,0.5,5.29017857,0.1802,1,0.834,hsa-mir-184
Disease,Fetal Alcohol Syndrome,1,0.5,5.29017857,0.1802,1,0.834,hsa-mir-21
Disease,Hamartoma Syndrome,1,0.5,5.29017857,0.1802,1,0.834,hsa-mir-21
Disease,Periodontitis,1,0.5,5.29017857,0.1802,1,0.834,hsa-mir-21
Disease,Thyroid-Associated Ophthalmopathy,1,0.5,5.29017857,0.1802,1,0.834,hsa-mir-21
Disease,Type 2 Diabetes Complications,1,0.5,5.29017857,0.1802,1,0.834,hsa-mir-21
Disease,Leiomyosarcoma,1,0.5,5.29017857,0.1802,1,0.834,hsa-mir-200c
Disease,Congenital Diaphragmatic Hernia,1,0.5,5.29017857,0.1802,1,0.834,hsa-mir-200b
Disease,Dermatomyositis,1,0.5,5.29017857,0.1802,1,0.834,hsa-mir-206
Disease,Fever,1,0.5,5.29017857,0.1802,1,0.834,hsa-mir-142
Disease,Germ Cell And Embryonal Neoplasms,1,0.5,5.29017857,0.1802,1,0.834,hsa-mir-372
Disease,Parkinson's Disease,6,0.14634146,1.54834495,0.1836,1,0.73,"hsa-mir-133b,hsa-mir-129-1,hsa-mir-433,hsa-mir-129-2,hsa-mir-21,hsa-mir-144"
Disease,"Lymphoma, B-Cell",4,0.16666667,1.76339286,0.1848,1,0.7324,"hsa-mir-224,hsa-mir-376c,hsa-mir-142,hsa-mir-155"
Disease,Bronchopulmonary Dysplasia,3,0.1875,1.98381696,0.1867,1,0.7374,"hsa-mir-206,hsa-mir-146b,hsa-mir-21"
Disease,Ovarian Neoplasms,13,0.12264151,1.29759097,0.191,1,0.7519,"hsa-mir-302a,hsa-mir-200c,hsa-mir-133b,hsa-mir-224,hsa-mir-376c,hsa-mir-155,hsa-mir-215,hsa-mir-429,hsa-mir-302b,hsa-mir-200b,hsa-mir-21,hsa-mir-141,hsa-mir-629"
Disease,Ankylosing Spondylitis,2,0.22222222,2.35119048,0.206,1,0.8085,"hsa-mir-155,hsa-mir-21"
Disease,Atopic Dermatitis,2,0.22222222,2.35119048,0.206,1,0.8085,"hsa-mir-155,hsa-mir-21"
Disease,Myeloproliferative Neoplasms,2,0.22222222,2.35119048,0.206,1,0.8085,"hsa-mir-146b,hsa-mir-155"
Disease,Systemic Sclerosis,2,0.22222222,2.35119048,0.206,1,0.8085,"hsa-mir-155,hsa-mir-21"
Disease,Salivary Gland Neoplasms,2,0.22222222,2.35119048,0.206,1,0.8085,"hsa-mir-21,hsa-mir-299"
Disease,Retinal Degeneration,2,0.22222222,2.35119048,0.206,1,0.8085,"hsa-mir-142,hsa-mir-133b"
Disease,Alopecia,2,0.22222222,2.35119048,0.206,1,0.8085,"hsa-mir-203a,hsa-mir-203b"
Disease,Human Papilloma Virus Infection,5,0.14705882,1.55593487,0.2121,1,0.803,"hsa-mir-203a,hsa-mir-875,hsa-mir-203b,hsa-mir-21,hsa-mir-155"
Disease,Myocardial Infarction,7,0.13461538,1.42427885,0.2135,1,0.8056,"hsa-mir-133b,hsa-mir-660,hsa-mir-206,hsa-mir-21,hsa-mir-210,hsa-mir-144,hsa-mir-155"
Disease,Hepatoblastoma,4,0.15384615,1.62774725,0.2257,1,0.8492,"hsa-mir-224,hsa-mir-21,hsa-mir-122,hsa-mir-210"
Disease,"Lymphoma, T-Cell",4,0.15384615,1.62774725,0.2257,1,0.8492,"hsa-mir-146b,hsa-mir-21,hsa-mir-142,hsa-mir-155"
Disease,Respiratory Syncytial Virus Pneumonia,3,0.16666667,1.76339286,0.238,1,0.8897,"hsa-mir-429,hsa-mir-203a,hsa-mir-155"
Disease,Rhabdomyosarcoma,3,0.16666667,1.76339286,0.238,1,0.8897,"hsa-mir-206,hsa-mir-203a,hsa-mir-203b"
Disease,Gastrointestinal Neoplasms,10,0.12195122,1.29028746,0.2391,1,0.8883,"hsa-mir-133b,hsa-mir-200c,hsa-mir-129-1,hsa-mir-200b,hsa-mir-433,hsa-mir-129-2,hsa-mir-21,hsa-mir-141,hsa-mir-210,hsa-mir-155"
Disease,Viral Myocarditis,2,0.2,2.11607143,0.2425,1,0.8979,"hsa-mir-146b,hsa-mir-155"
Disease,Helicobacter Pylori Infection,2,0.2,2.11607143,0.2425,1,0.8979,"hsa-mir-203a,hsa-mir-203b"
Disease,Nervous System Diseases [unspecific],2,0.2,2.11607143,0.2425,1,0.8979,"hsa-mir-138-1,hsa-mir-138-2"
Disease,Rheumatoid Arthritis,7,0.12962963,1.37152778,0.2426,1,0.8873,"hsa-mir-203a,hsa-mir-188,hsa-mir-203b,hsa-mir-21,hsa-mir-363,hsa-mir-122,hsa-mir-155"
Disease,Adenovirus Infection,5,0.13888889,1.46949405,0.2484,1,0.9056,"hsa-mir-146b,hsa-mir-122,hsa-mir-210,hsa-mir-452,hsa-mir-155"
Disease,Chronic Hepatitis C,5,0.13888889,1.46949405,0.2484,1,0.9056,"hsa-mir-33a,hsa-mir-224,hsa-mir-196b,hsa-mir-122,hsa-mir-155"
Disease,Autoimmune Diseases [unspecific],5,0.13888889,1.46949405,0.2484,1,0.9056,"hsa-mir-584,hsa-mir-200c,hsa-mir-21,hsa-mir-142,hsa-mir-155"
Disease,Pulmonary Hypertension,5,0.13888889,1.46949405,0.2484,1,0.9056,"hsa-mir-206,hsa-mir-138-2,hsa-mir-21,hsa-mir-210,hsa-mir-138-1"
Disease,Gout,1,0.33333333,3.52678571,0.2578,1,0.9285,hsa-mir-155
Disease,"Lymphoma, T-Cell, Cutaneous",1,0.33333333,3.52678571,0.2578,1,0.9285,hsa-mir-155
Disease,Pneumonia,1,0.33333333,3.52678571,0.2578,1,0.9285,hsa-mir-155
Disease,Malignant Peripheral Nerve Sheath Tumor,1,0.33333333,3.52678571,0.2578,1,0.9285,hsa-mir-210
Disease,"Osteoporosis, Postmenopausal",1,0.33333333,3.52678571,0.2578,1,0.9285,hsa-mir-210
Disease,Chronic Atrial Fibrillation,1,0.33333333,3.52678571,0.2578,1,0.9285,hsa-mir-21
Disease,Granular Corneal Dystrophy,1,0.33333333,3.52678571,0.2578,1,0.9285,hsa-mir-21
Disease,Endometrial Stromal Sarcoma,1,0.33333333,3.52678571,0.2578,1,0.9285,hsa-mir-142
Disease,Heart Transplant Rejection,1,0.33333333,3.52678571,0.2578,1,0.9285,hsa-mir-142
Disease,Hypercholesterolaemia,1,0.33333333,3.52678571,0.2578,1,0.9285,hsa-mir-33a
Disease,Cardiac Myxoma,1,0.33333333,3.52678571,0.2578,1,0.9285,hsa-mir-217
Disease,Thyroid Adenomas,1,0.33333333,3.52678571,0.2578,1,0.9285,hsa-mir-144
Disease,HIV-Associated Lipodystrophy,4,0.14285714,1.51147959,0.2687,1,0.9022,"hsa-mir-362,hsa-mir-874,hsa-mir-196b,hsa-mir-452"
Disease,ACTH-Secreting Pituitary Adenoma,2,0.18181818,1.9237013,0.2792,1,0.9345,"hsa-mir-21,hsa-mir-141"
Disease,Gastric Neoplasms,2,0.18181818,1.9237013,0.2792,1,0.9345,"hsa-mir-129-2,hsa-mir-21"
Disease,Cerebral Ischemia,2,0.18181818,1.9237013,0.2792,1,0.9345,"hsa-mir-224,hsa-mir-376b"
Disease,Interstitial Cystitis,2,0.18181818,1.9237013,0.2792,1,0.9345,"hsa-mir-500a,hsa-mir-320d-2"
Disease,Human Immunodeficiency Virus Infection,6,0.12765957,1.35068389,0.2799,1,0.9239,"hsa-mir-146b,hsa-mir-196b,hsa-mir-21,hsa-mir-122,hsa-mir-210,hsa-mir-155"
Disease,"Adenocarcinoma, Gastric",5,0.13157895,1.39215226,0.2861,1,0.9419,"hsa-mir-203a,hsa-mir-203b,hsa-mir-299,hsa-mir-21,hsa-mir-302b"
Disease,Polycystic Ovarian Syndrome,4,0.13793103,1.45935961,0.2908,1,0.9546,"hsa-mir-21,hsa-mir-122,hsa-mir-592,hsa-mir-155"
Disease,Leukemia,8,0.11940299,1.26332623,0.2945,1,0.9614,"hsa-mir-217,hsa-mir-660,hsa-mir-138-2,hsa-mir-196b,hsa-mir-21,hsa-mir-122,hsa-mir-138-1,hsa-mir-155"
Disease,Colon Neoplasms,9,0.11688312,1.23666512,0.2987,1,0.9725,"hsa-mir-584,hsa-mir-133b,hsa-mir-200b,hsa-mir-21,hsa-mir-141,hsa-mir-210,hsa-mir-629,hsa-mir-142,hsa-mir-155"
Disease,Hepatitis [unspecific],2,0.16666667,1.76339286,0.3158,1,1,"hsa-mir-21,hsa-mir-122"
Disease,Down Syndrome,2,0.16666667,1.76339286,0.3158,1,1,"hsa-mir-802,hsa-mir-155"
Disease,Traumatic Brain Injury,2,0.16666667,1.76339286,0.3158,1,1,"hsa-mir-142,hsa-mir-155"
Disease,Lofgren's Syndrome,2,0.16666667,1.76339286,0.3158,1,1,"hsa-mir-146b,hsa-mir-21"
Disease,Renal Fibrosis,2,0.16666667,1.76339286,0.3158,1,1,"hsa-mir-21,hsa-mir-196b"
Disease,"Carcinoma, Thyroid, Anaplastic",2,0.16666667,1.76339286,0.3158,1,1,"hsa-mir-206,hsa-mir-146b"
Disease,"Aortic Aneurysm, Abdominal",3,0.14285714,1.51147959,0.3185,1,1,"hsa-mir-362,hsa-mir-155,hsa-mir-21"
Disease,Diabetic Retinopathy,3,0.14285714,1.51147959,0.3185,1,1,"hsa-mir-146b,hsa-mir-200b,hsa-mir-21"
Disease,HELLP Syndrome,1,0.25,2.64508929,0.3281,1,1,hsa-mir-122
Disease,Acute Lung Injury,1,0.25,2.64508929,0.3281,1,1,hsa-mir-155
Disease,Encephalomyelitis,1,0.25,2.64508929,0.3281,1,1,hsa-mir-155
Disease,Liposarcoma,1,0.25,2.64508929,0.3281,1,1,hsa-mir-155
Disease,Sjogren's Syndrome,1,0.25,2.64508929,0.3281,1,1,hsa-mir-155
Disease,Unstable Angina,1,0.25,2.64508929,0.3281,1,1,hsa-mir-155
Disease,"Carcinoma, Renal Cell, Chromophobe",1,0.25,2.64508929,0.3281,1,1,hsa-mir-210
Disease,Pheochromocytoma,1,0.25,2.64508929,0.3281,1,1,hsa-mir-210
Disease,"Carcinoma, Ovarian, Clear Cell",1,0.25,2.64508929,0.3281,1,1,hsa-mir-21
Disease,"Carcinoma, Salivary Adenoid Cystic",1,0.25,2.64508929,0.3281,1,1,hsa-mir-21
Disease,Cholesteatoma,1,0.25,2.64508929,0.3281,1,1,hsa-mir-21
Disease,Cryptosporidium infection,1,0.25,2.64508929,0.3281,1,1,hsa-mir-21
Disease,"Systemic Lupus Erythematosus, With Pericarditis",1,0.25,2.64508929,0.3281,1,1,hsa-mir-629
Disease,Epithelioid Sarcoma,1,0.25,2.64508929,0.3281,1,1,hsa-mir-206
Disease,"Lymphoma, Follicular",1,0.25,2.64508929,0.3281,1,1,hsa-mir-142
Disease,Non-Alcoholic Steatohepatitis,1,0.25,2.64508929,0.3281,1,1,hsa-mir-144
Disease,"Leukemia, Lymphocytic, Chronic",5,0.12195122,1.29028746,0.3446,1,1,"hsa-mir-362,hsa-mir-21,hsa-mir-363,hsa-mir-122,hsa-mir-155"
Disease,Keloid,2,0.15384615,1.62774725,0.3519,1,1,"hsa-mir-200b,hsa-mir-21"
Disease,Spinal Cord Injuries,2,0.15384615,1.62774725,0.3519,1,1,"hsa-mir-142,hsa-mir-21"
Disease,Intervertebral Disc Degeneration,2,0.15384615,1.62774725,0.3519,1,1,"hsa-mir-138-1,hsa-mir-138-2"
Disease,"Squamous Cell Carcinoma, Esophageal",15,0.1056338,1.11764336,0.3603,1,1,"hsa-mir-203a,hsa-mir-133b,hsa-mir-224,hsa-mir-203b,hsa-mir-129-1,hsa-mir-155,hsa-mir-507,hsa-mir-376a-1,hsa-mir-129-2,hsa-mir-302b,hsa-mir-508,hsa-mir-217,hsa-mir-200b,hsa-mir-21,hsa-mir-376a-2"
Disease,"Adenocarcinoma, Colon",3,0.13043478,1.38004658,0.3727,1,1,"hsa-mir-224,hsa-mir-429,hsa-mir-21"
Disease,Acute Ischemic Stroke,2,0.14285714,1.51147959,0.3874,1,1,"hsa-mir-320d-2,hsa-mir-122"
Disease,Coronary Atherosclerosis,2,0.14285714,1.51147959,0.3874,1,1,"hsa-mir-155,hsa-mir-21"
Disease,"Leukemia, B-Cell",2,0.14285714,1.51147959,0.3874,1,1,"hsa-mir-142,hsa-mir-155"
Disease,Macular Degeneration,2,0.14285714,1.51147959,0.3874,1,1,"hsa-mir-184,hsa-mir-155"
Disease,Habitual Abortion,2,0.14285714,1.51147959,0.3874,1,1,"hsa-mir-184,hsa-mir-187"
Disease,Myotonic Muscular Dystrophy,2,0.14285714,1.51147959,0.3874,1,1,"hsa-mir-206,hsa-mir-133b"
Disease,Cholestatic Liver Injury,1,0.2,2.11607143,0.3918,1,1,hsa-mir-122
Disease,Keratitis,1,0.2,2.11607143,0.3918,1,1,hsa-mir-155
Disease,Mycosis Fungoides,1,0.2,2.11607143,0.3918,1,1,hsa-mir-155
Disease,Pregnancy Complications [unspecific],1,0.2,2.11607143,0.3918,1,1,hsa-mir-155
Disease,Distal Myopathy,1,0.2,2.11607143,0.3918,1,1,hsa-mir-206
Disease,Musculoskeletal Abnormalities [unspecific],1,0.2,2.11607143,0.3918,1,1,hsa-mir-206
Disease,Panic Disorder,1,0.2,2.11607143,0.3918,1,1,hsa-mir-138-2
Disease,Acquired Immunodeficiency Syndrome,1,0.2,2.11607143,0.3918,1,1,hsa-mir-146b
Disease,Thyroid Lymphoma,1,0.2,2.11607143,0.3918,1,1,hsa-mir-146b
Disease,Ventricular Tachycardia,1,0.2,2.11607143,0.3918,1,1,hsa-mir-133b
Disease,Brain Neoplasms,3,0.125,1.32254464,0.3995,1,1,"hsa-mir-129-1,hsa-mir-129-2,hsa-mir-21"
Disease,Diabetic Nephropathy,3,0.125,1.32254464,0.3995,1,1,"hsa-mir-135a-1,hsa-mir-21,hsa-mir-135a-2"
Disease,"Stroke, Ischemic",4,0.11764706,1.2447479,0.4031,1,1,"hsa-mir-200b,hsa-mir-210,hsa-mir-144,hsa-mir-155"
Disease,Systemic Lupus Erythematosus,6,0.10909091,1.15422078,0.4208,1,1,"hsa-mir-362,hsa-mir-224,hsa-mir-21,hsa-mir-629,hsa-mir-142,hsa-mir-155"
Disease,"Carcinoma, Urothelial",2,0.13333333,1.41071429,0.4221,1,1,"hsa-mir-129-2,hsa-mir-21"
Disease,Prolactinoma,2,0.13333333,1.41071429,0.4221,1,1,"hsa-mir-142,hsa-mir-144"
Disease,Coronary Heart Diseases,6,0.10714286,1.13360969,0.4386,1,1,"hsa-mir-224,hsa-mir-154,hsa-mir-206,hsa-mir-21,hsa-mir-122,hsa-mir-155"
Disease,Head And Neck Neoplasms,4,0.11111111,1.17559524,0.4476,1,1,"hsa-mir-200c,hsa-mir-21,hsa-mir-142,hsa-mir-155"
Disease,"Lymphoma, Non-Hodgkin",1,0.16666667,1.76339286,0.4496,1,1,hsa-mir-155
Disease,Toxoplasma gondii Infection,1,0.16666667,1.76339286,0.4496,1,1,hsa-mir-155
Disease,"Leukemia, Biphenotypic, Acute",1,0.16666667,1.76339286,0.4496,1,1,hsa-mir-584
Disease,Chronic Heart Failure,1,0.16666667,1.76339286,0.4496,1,1,hsa-mir-21
Disease,Fibromyalgia,1,0.16666667,1.76339286,0.4496,1,1,hsa-mir-21
Disease,Spinal Muscular Atrophy,1,0.16666667,1.76339286,0.4496,1,1,hsa-mir-206
Disease,Non-Traumatic Osteonecrosis,1,0.16666667,1.76339286,0.4496,1,1,hsa-mir-146b
Disease,Hepatitis B Virus Infection,7,0.10447761,1.10541045,0.4507,1,1,"hsa-mir-203a,hsa-mir-215,hsa-mir-323b,hsa-mir-141,hsa-mir-122,hsa-mir-21,hsa-mir-155"
Disease,Influenza,3,0.11538462,1.22081044,0.4521,1,1,"hsa-mir-33a,hsa-mir-376c,hsa-mir-144"
Disease,Myocardial Ischemic-Reperfusion Injury,2,0.125,1.32254464,0.4557,1,1,"hsa-mir-155,hsa-mir-21"
Disease,Stroke,4,0.10810811,1.14382239,0.4695,1,1,"hsa-mir-362,hsa-mir-21,hsa-mir-122,hsa-mir-155"
Disease,Epilepsy,3,0.11111111,1.17559524,0.4778,1,1,"hsa-mir-21,hsa-mir-323a,hsa-mir-155"
Disease,"Squamous Cell Carcinoma, Tongue",3,0.11111111,1.17559524,0.4778,1,1,"hsa-mir-203a,hsa-mir-203b,hsa-mir-21"
Disease,Muscle Atrophy,2,0.11764706,1.2447479,0.4882,1,1,"hsa-mir-146b,hsa-mir-21"
Disease,Behcet's Disease,1,0.14285714,1.51147959,0.5018,1,1,hsa-mir-155
Disease,Enterovirus Infection,1,0.14285714,1.51147959,0.5018,1,1,hsa-mir-155
Disease,Retinal Neovascularization,1,0.14285714,1.51147959,0.5018,1,1,hsa-mir-184
Disease,Myelodysplastic Syndromes,3,0.10714286,1.13360969,0.5029,1,1,"hsa-mir-21,hsa-mir-196b,hsa-mir-155"
Disease,Mesial Temporal Lobe Epilepsy,2,0.11111111,1.17559524,0.5195,1,1,"hsa-mir-155,hsa-mir-196b"
Disease,Arteriosclerosis Obliterans,2,0.11111111,1.17559524,0.5195,1,1,"hsa-mir-142,hsa-mir-21"
Disease,Muscular Dystrophy,3,0.10344828,1.0945197,0.5273,1,1,"hsa-mir-206,hsa-mir-21,hsa-mir-155"
Disease,Glaucoma,3,0.10344828,1.0945197,0.5273,1,1,"hsa-mir-184,hsa-mir-21,hsa-mir-144"
Disease,Nephrotic Syndrome,1,0.125,1.32254464,0.5492,1,1,hsa-mir-210
Disease,Arrhythmia,1,0.125,1.32254464,0.5492,1,1,hsa-mir-21
Disease,Bipolar Disorder,1,0.125,1.32254464,0.5492,1,1,hsa-mir-206
Disease,Soft Tissue Sarcoma,1,0.125,1.32254464,0.5492,1,1,hsa-mir-206
Disease,Vasculitis,1,0.125,1.32254464,0.5492,1,1,hsa-mir-142
Disease,Essential Hypertension,2,0.10526316,1.1137218,0.5495,1,1,"hsa-mir-362,hsa-mir-21"
Disease,Cervical Neoplasms,2,0.10526316,1.1137218,0.5495,1,1,"hsa-mir-215,hsa-mir-155"
Disease,Medulloblastoma,3,0.1,1.05803571,0.5511,1,1,"hsa-mir-135a-1,hsa-mir-206,hsa-mir-135a-2"
Disease,Endometriosis,4,0.09756098,1.03222997,0.5534,1,1,"hsa-mir-200b,hsa-mir-196b,hsa-mir-141,hsa-mir-142"
Disease,Polycythemia Vera,2,0.1,1.05803571,0.5782,1,1,"hsa-mir-155,hsa-mir-21"
Disease,"Leukemia-Lymphoma, Precursor B-Cell Lymphoblastic",1,0.11111111,1.17559524,0.5921,1,1,hsa-mir-142
Disease,"Carcinoma, Thyroid, Follicular",1,0.11111111,1.17559524,0.5921,1,1,hsa-mir-146b
Disease,Osteoporosis,1,0.11111111,1.17559524,0.5921,1,1,hsa-mir-216a
Disease,Chronic Kidney Disease,3,0.09375,0.99190848,0.5966,1,1,"hsa-mir-217,hsa-mir-21,hsa-mir-210"
Disease,"Leukemia, Myeloid, Chronic",6,0.08955224,0.94749467,0.6219,1,1,"hsa-mir-224,hsa-mir-299,hsa-mir-21,hsa-mir-196b,hsa-mir-142,hsa-mir-155"
Disease,Alcoholic Hepatitis,1,0.1,1.05803571,0.631,1,1,hsa-mir-122
Disease,"Carcinoma, Basal Cell",1,0.1,1.05803571,0.631,1,1,hsa-mir-21
Disease,Aplastic Anemia,1,0.1,1.05803571,0.631,1,1,hsa-mir-146b
Disease,"Lymphoma, Hodgkin",2,0.09090909,0.96185065,0.6315,1,1,"hsa-mir-21,hsa-mir-155"
Disease,Lung Fibrosis,2,0.09090909,0.96185065,0.6315,1,1,"hsa-mir-154,hsa-mir-21"
Disease,Intrahepatic Cholangiocarcinoma,2,0.09090909,0.96185065,0.6315,1,1,"hsa-mir-874,hsa-mir-376c"
Disease,Hematologic Neoplasms,3,0.08823529,0.93356092,0.639,1,1,"hsa-mir-21,hsa-mir-155,hsa-mir-372"
Disease,"Leukemia, Lymphocytic, Chronic, B-Cell",3,0.08823529,0.93356092,0.639,1,1,"hsa-mir-146b,hsa-mir-21,hsa-mir-155"
Disease,Acute Myocardial Infarction,4,0.08695652,0.92003106,0.6479,1,1,"hsa-mir-133b,hsa-mir-21,hsa-mir-122,hsa-mir-144"
Disease,"Squamous Cell Carcinoma, Lung",2,0.08695652,0.92003106,0.6561,1,1,"hsa-mir-206,hsa-mir-21"
Disease,Depression Disorder,2,0.08695652,0.92003106,0.6561,1,1,"hsa-mir-135a-1,hsa-mir-135a-2"
Disease,Mesothelioma,1,0.09090909,0.96185065,0.6661,1,1,hsa-mir-21
Disease,Synovial Sarcoma,1,0.09090909,0.96185065,0.6661,1,1,hsa-mir-146b
Disease,Neuroblastoma,5,0.08474576,0.89664044,0.6723,1,1,"hsa-mir-203a,hsa-mir-362,hsa-mir-203b,hsa-mir-363,hsa-mir-21"
Disease,"Leukemia, Lymphoblastic, Acute",2,0.08333333,0.88169643,0.6795,1,1,"hsa-mir-196b,hsa-mir-142"
Disease,Endometrial Neoplasms,1,0.08333333,0.88169643,0.698,1,1,hsa-mir-155
Disease,"Lymphoma, Large-Cell, Anaplastic",1,0.08333333,0.88169643,0.698,1,1,hsa-mir-155
Disease,"Leukemia, Lymphoblastic, Acute, Childhood",1,0.08333333,0.88169643,0.698,1,1,hsa-mir-210
Disease,Aortic Stenosis,2,0.08,0.84642857,0.7015,1,1,"hsa-mir-133b,hsa-mir-210"
Disease,Diabetes Mellitus,6,0.08108108,0.8578668,0.7194,1,1,"hsa-mir-200c,hsa-mir-429,hsa-mir-200b,hsa-mir-196b,hsa-mir-21,hsa-mir-155"
Disease,Lupus Nephritis,1,0.07692308,0.81387363,0.7268,1,1,hsa-mir-155
Disease,"Lymphoma, Burkitt's",1,0.07692308,0.81387363,0.7268,1,1,hsa-mir-155
Disease,Rhinosinusitis,1,0.07692308,0.81387363,0.7268,1,1,hsa-mir-155
Disease,Tuberculosis,1,0.07692308,0.81387363,0.7268,1,1,hsa-mir-155
Disease,Hemoglobin Diseases,1,0.07692308,0.81387363,0.7268,1,1,hsa-mir-210
Disease,Vascular Injuries,1,0.07692308,0.81387363,0.7268,1,1,hsa-mir-21
Disease,"Leukemia, Lymphoblastic, Acute, B-Cell",1,0.07692308,0.81387363,0.7268,1,1,hsa-mir-323b
Disease,Immune Thrombocytopenic Purpura,1,0.07692308,0.81387363,0.7268,1,1,hsa-mir-302a
Disease,Kaposi's Sarcoma,2,0.07407407,0.78373016,0.7418,1,1,"hsa-mir-200c,hsa-mir-200b"
Disease,Chordoma,1,0.07142857,0.7557398,0.7529,1,1,hsa-mir-155
Disease,Mandibular Prognathism,1,0.07142857,0.7557398,0.7529,1,1,hsa-mir-629
Disease,Peripheral Vascular Disease,1,0.07142857,0.7557398,0.7529,1,1,hsa-mir-363
Disease,Polycystic Kidney Disease,1,0.07142857,0.7557398,0.7529,1,1,hsa-mir-133b
Disease,Chronic Obstructive Pulmonary Disease,2,0.07142857,0.7557398,0.7602,1,1,"hsa-mir-21,hsa-mir-122"
Disease,Osteoarthritis,3,0.07317073,0.77417247,0.7624,1,1,"hsa-mir-146b,hsa-mir-21,hsa-mir-122"
Disease,Maternal Obesity During Childbirth,1,0.06666667,0.70535714,0.7766,1,1,hsa-mir-122
Disease,"Adenocarcinoma, Gastric-Esophageal Junction",1,0.06666667,0.70535714,0.7766,1,1,hsa-mir-21
Disease,"Leukemia, Promyelocytic, Acute",1,0.06666667,0.70535714,0.7766,1,1,hsa-mir-142
Disease,"Carcinoma, Thyroid, Papillary",4,0.07142857,0.7557398,0.7945,1,1,"hsa-mir-146b,hsa-mir-21,hsa-mir-144,hsa-mir-155"
Disease,Retinoblastoma,3,0.06666667,0.70535714,0.8163,1,1,"hsa-mir-215,hsa-mir-433,hsa-mir-21"
Disease,"Squamous Cell Carcinoma, Skin or Unspecific",1,0.05555556,0.58779762,0.8348,1,1,hsa-mir-21
Disease,"Muscular Dystrophy, Facioscapulohumeral",1,0.05555556,0.58779762,0.8348,1,1,hsa-mir-206
Disease,Epstein-Barr Virus Infection,1,0.05555556,0.58779762,0.8348,1,1,hsa-mir-142
Disease,Multiple Myeloma,4,0.06666667,0.70535714,0.8376,1,1,"hsa-mir-215,hsa-mir-660,hsa-mir-21,hsa-mir-155"
Disease,Cutaneous Melanoma,1,0.05263158,0.5568609,0.8507,1,1,hsa-mir-21
Disease,Pituitary Adenoma,1,0.05263158,0.5568609,0.8507,1,1,hsa-mir-200c
Disease,Neurodegenerative Diseases [unspecific],1,0.05263158,0.5568609,0.8507,1,1,hsa-mir-144
Disease,"Carcinoma, Laryngeal",4,0.06349206,0.67176871,0.8649,1,1,"hsa-mir-206,hsa-mir-210,hsa-mir-487a,hsa-mir-144"
Disease,Cerebral Aneurysm,1,0.05,0.52901786,0.865,1,1,hsa-mir-133b
Disease,"Carcinoma, Lung, Small-Cell",1,0.04761905,0.50382653,0.878,1,1,hsa-mir-155
Disease,Colon Adenoma,1,0.04761905,0.50382653,0.878,1,1,hsa-mir-21
Disease,Schizophrenia,3,0.05660377,0.59888814,0.8937,1,1,"hsa-mir-206,hsa-mir-146b,hsa-mir-122"
Disease,"Cardiomyopathy, Hypertrophic",3,0.05454545,0.57711039,0.9079,1,1,"hsa-mir-133b,hsa-mir-184,hsa-mir-21"
Disease,Pleural Mesothelioma,1,0.03125,0.33063616,0.9601,1,1,hsa-mir-21
