Category,Term,Count,Percent,Fold,P-value,Bonferroni,FDR,miRNA
Disease,"Carcinoma, Breast",100,0.28735632,2.59936825,0,0,0,"hsa-mir-181a-1,hsa-mir-660,hsa-mir-92a-1,hsa-let-7d,hsa-mir-16-2,hsa-mir-375,hsa-mir-135b,hsa-mir-215,hsa-mir-451a,hsa-mir-10b,hsa-mir-196a-2,hsa-mir-92a-2,hsa-mir-708,hsa-mir-183,hsa-mir-486-2,hsa-mir-374b,hsa-mir-24-2,hsa-mir-223,hsa-mir-24-1,hsa-mir-200c,hsa-mir-486-1,hsa-mir-29b-1,hsa-mir-196b,hsa-mir-1-2,hsa-mir-126,hsa-mir-429,hsa-mir-16-1,hsa-mir-29b-2,hsa-mir-335,hsa-mir-1-1,hsa-mir-424,hsa-mir-150,hsa-mir-125a,hsa-mir-26b,hsa-mir-101-2,hsa-mir-23a,hsa-mir-98,hsa-mir-19b-2,hsa-mir-30b,hsa-mir-374a,hsa-mir-590,hsa-mir-301a,hsa-mir-20a,hsa-mir-193a,hsa-mir-106a,hsa-mir-140,hsa-mir-92b,hsa-mir-197,hsa-mir-142,hsa-mir-203a,hsa-mir-9-1,hsa-mir-96,hsa-mir-203b,hsa-mir-129-1,hsa-mir-361,hsa-mir-144,hsa-let-7b,hsa-mir-338,hsa-mir-450b,hsa-mir-129-2,hsa-mir-378a,hsa-mir-182,hsa-mir-15a,hsa-mir-3613,hsa-mir-139,hsa-mir-29c,hsa-mir-22,hsa-mir-30e,hsa-mir-145,hsa-mir-143,hsa-mir-153-2,hsa-mir-574,hsa-mir-21,hsa-mir-141,hsa-mir-1307,hsa-mir-199b,hsa-mir-101-1,hsa-mir-9-2,hsa-mir-452,hsa-mir-19b-1,hsa-mir-4728,hsa-mir-324,hsa-mir-10a,hsa-mir-592,hsa-mir-192,hsa-mir-379,hsa-mir-199a-2,hsa-mir-148a,hsa-mir-17,hsa-mir-423,hsa-mir-15b,hsa-mir-1266,hsa-mir-152,hsa-mir-652,hsa-mir-542,hsa-mir-9-3,hsa-mir-199a-1,hsa-mir-19a,hsa-mir-328,hsa-mir-484"
Disease,"Carcinoma, Colon",96,0.3047619,2.7568157,0,0,0,"hsa-mir-24-1,hsa-mir-203a,hsa-mir-9-1,hsa-mir-454,hsa-mir-96,hsa-mir-200c,hsa-mir-181a-1,hsa-mir-92a-1,hsa-mir-486-1,hsa-mir-203b,hsa-mir-129-1,hsa-let-7d,hsa-mir-1307,hsa-mir-16-2,hsa-mir-29b-1,hsa-mir-361,hsa-mir-199b,hsa-mir-101-1,hsa-mir-196b,hsa-mir-9-2,hsa-mir-628,hsa-mir-1-2,hsa-mir-375,hsa-mir-144,hsa-let-7b,hsa-mir-19b-1,hsa-mir-338,hsa-mir-135b,hsa-mir-215,hsa-mir-126,hsa-mir-429,hsa-mir-16-1,hsa-mir-29b-2,hsa-mir-324,hsa-mir-129-2,hsa-mir-1-1,hsa-mir-335,hsa-mir-451a,hsa-mir-326,hsa-mir-378a,hsa-mir-10b,hsa-mir-196a-2,hsa-mir-182,hsa-mir-424,hsa-mir-15a,hsa-mir-592,hsa-mir-92a-2,hsa-mir-192,hsa-mir-150,hsa-mir-125a,hsa-mir-139,hsa-mir-29c,hsa-mir-26b,hsa-mir-101-2,hsa-mir-3622a,hsa-mir-23a,hsa-mir-98,hsa-mir-22,hsa-mir-19b-2,hsa-mir-30b,hsa-mir-30e,hsa-mir-145,hsa-mir-32,hsa-mir-183,hsa-mir-552,hsa-mir-143,hsa-mir-590,hsa-mir-199a-2,hsa-mir-486-2,hsa-mir-582,hsa-mir-301a,hsa-mir-337,hsa-mir-20a,hsa-mir-193a,hsa-mir-106a,hsa-mir-148a,hsa-mir-153-2,hsa-mir-17,hsa-mir-423,hsa-mir-15b,hsa-mir-374b,hsa-mir-1296,hsa-mir-152,hsa-mir-140,hsa-mir-652,hsa-mir-24-2,hsa-mir-21,hsa-mir-141,hsa-mir-223,hsa-mir-9-3,hsa-mir-199a-1,hsa-mir-197,hsa-mir-142,hsa-mir-19a,hsa-mir-328,hsa-mir-484"
Disease,"Carcinoma, Gastric",89,0.32363636,2.92755031,0,0,0,"hsa-mir-24-1,hsa-mir-203a,hsa-mir-9-1,hsa-mir-96,hsa-mir-200c,hsa-mir-181a-1,hsa-mir-92a-1,hsa-mir-486-1,hsa-mir-203b,hsa-mir-129-1,hsa-mir-16-2,hsa-mir-29b-1,hsa-mir-361,hsa-mir-101-1,hsa-mir-196b,hsa-mir-9-2,hsa-mir-628,hsa-mir-1-2,hsa-mir-375,hsa-mir-144,hsa-let-7b,hsa-mir-19b-1,hsa-mir-338,hsa-mir-135b,hsa-mir-215,hsa-mir-126,hsa-mir-429,hsa-mir-4732,hsa-mir-16-1,hsa-mir-29b-2,hsa-mir-129-2,hsa-mir-1-1,hsa-mir-335,hsa-mir-451a,hsa-mir-326,hsa-mir-10a,hsa-mir-378a,hsa-mir-10b,hsa-mir-196a-2,hsa-mir-182,hsa-mir-92a-2,hsa-mir-192,hsa-mir-125a,hsa-mir-139,hsa-mir-29c,hsa-mir-136,hsa-mir-26b,hsa-mir-101-2,hsa-mir-23a,hsa-mir-22,hsa-mir-19b-2,hsa-mir-30b,hsa-mir-30e,hsa-mir-145,hsa-mir-32,hsa-mir-183,hsa-mir-504,hsa-mir-143,hsa-mir-374a,hsa-mir-199a-2,hsa-mir-486-2,hsa-mir-301a,hsa-mir-337,hsa-mir-20a,hsa-mir-193a,hsa-mir-106a,hsa-mir-148a,hsa-mir-17,hsa-mir-423,hsa-mir-15b,hsa-mir-374b,hsa-mir-1266,hsa-mir-1296,hsa-mir-152,hsa-mir-574,hsa-mir-140,hsa-mir-652,hsa-mir-542,hsa-mir-24-2,hsa-mir-21,hsa-mir-141,hsa-mir-223,hsa-mir-9-3,hsa-mir-199a-1,hsa-mir-92b,hsa-mir-197,hsa-mir-142,hsa-mir-19a,hsa-mir-328"
Disease,"Carcinoma, Hepatocellular",101,0.2979351,2.69506181,0,0,0,"hsa-mir-24-1,hsa-mir-203a,hsa-mir-9-1,hsa-mir-96,hsa-mir-200c,hsa-mir-181a-1,hsa-mir-92a-1,hsa-mir-486-1,hsa-mir-203b,hsa-mir-129-1,hsa-let-7d,hsa-mir-1307,hsa-mir-16-2,hsa-mir-29b-1,hsa-mir-361,hsa-mir-199b,hsa-mir-101-1,hsa-mir-9-2,hsa-mir-1-2,hsa-mir-375,hsa-mir-452,hsa-mir-144,hsa-let-7b,hsa-mir-19b-1,hsa-mir-338,hsa-mir-135b,hsa-mir-215,hsa-mir-1180,hsa-mir-126,hsa-mir-450b,hsa-mir-429,hsa-mir-16-1,hsa-mir-29b-2,hsa-mir-324,hsa-mir-129-2,hsa-mir-1-1,hsa-mir-335,hsa-mir-451a,hsa-mir-3127,hsa-mir-326,hsa-mir-10a,hsa-mir-378a,hsa-mir-10b,hsa-mir-196a-2,hsa-mir-182,hsa-mir-424,hsa-mir-15a,hsa-mir-592,hsa-mir-92a-2,hsa-mir-192,hsa-mir-150,hsa-mir-125a,hsa-mir-139,hsa-mir-708,hsa-mir-1249,hsa-mir-29c,hsa-let-7f-1,hsa-let-7f-2,hsa-mir-136,hsa-mir-101-2,hsa-mir-26b,hsa-mir-379,hsa-mir-23a,hsa-mir-98,hsa-mir-22,hsa-mir-19b-2,hsa-mir-30b,hsa-mir-30e,hsa-mir-145,hsa-mir-32,hsa-mir-183,hsa-mir-143,hsa-mir-374a,hsa-mir-590,hsa-mir-199a-2,hsa-mir-486-2,hsa-mir-582,hsa-mir-301a,hsa-mir-20a,hsa-mir-193a,hsa-mir-106a,hsa-mir-148a,hsa-mir-153-2,hsa-mir-17,hsa-mir-423,hsa-mir-15b,hsa-mir-152,hsa-mir-574,hsa-mir-140,hsa-mir-542,hsa-mir-24-2,hsa-mir-21,hsa-mir-141,hsa-mir-9-3,hsa-mir-223,hsa-mir-199a-1,hsa-mir-92b,hsa-mir-197,hsa-mir-142,hsa-mir-19a,hsa-mir-484"
Disease,Osteosarcoma,70,0.40935673,3.70295969,3.00E-30,2.10E-27,7.11E-28,"hsa-mir-24-1,hsa-mir-203a,hsa-mir-9-1,hsa-mir-454,hsa-mir-200c,hsa-mir-181a-1,hsa-mir-92a-1,hsa-mir-486-1,hsa-mir-203b,hsa-mir-129-1,hsa-let-7d,hsa-mir-16-2,hsa-mir-29b-1,hsa-mir-101-1,hsa-mir-196b,hsa-mir-9-2,hsa-mir-1-2,hsa-mir-375,hsa-mir-144,hsa-mir-19b-1,hsa-mir-135b,hsa-mir-126,hsa-mir-429,hsa-mir-16-1,hsa-mir-29b-2,hsa-mir-129-2,hsa-mir-335,hsa-mir-1-1,hsa-mir-451a,hsa-mir-326,hsa-mir-10b,hsa-mir-196a-2,hsa-mir-182,hsa-mir-15a,hsa-mir-92a-2,hsa-mir-192,hsa-mir-150,hsa-mir-29c,hsa-mir-26b,hsa-mir-101-2,hsa-mir-379,hsa-mir-23a,hsa-mir-22,hsa-mir-19b-2,hsa-mir-145,hsa-mir-32,hsa-mir-183,hsa-mir-143,hsa-mir-374a,hsa-mir-199a-2,hsa-mir-486-2,hsa-mir-301a,hsa-mir-20a,hsa-mir-193a,hsa-mir-106a,hsa-mir-148a,hsa-mir-153-2,hsa-mir-17,hsa-mir-574,hsa-mir-140,hsa-mir-542,hsa-mir-24-2,hsa-mir-21,hsa-mir-9-3,hsa-mir-141,hsa-mir-223,hsa-mir-199a-1,hsa-mir-142,hsa-mir-19a,hsa-mir-328"
Disease,"Carcinoma, Lung. Non-Small-Cell",76,0.34703196,3.13918226,1.28E-27,8.98E-25,2.54E-25,"hsa-mir-24-1,hsa-mir-203a,hsa-mir-9-1,hsa-mir-454,hsa-mir-200c,hsa-mir-181a-1,hsa-mir-92a-1,hsa-mir-486-1,hsa-mir-203b,hsa-mir-129-1,hsa-let-7d,hsa-mir-16-2,hsa-mir-29b-1,hsa-mir-361,hsa-mir-101-1,hsa-mir-196b,hsa-mir-1-2,hsa-mir-375,hsa-mir-452,hsa-mir-144,hsa-let-7b,hsa-mir-19b-1,hsa-mir-135b,hsa-mir-126,hsa-mir-429,hsa-mir-16-1,hsa-mir-29b-2,hsa-mir-129-2,hsa-mir-1-1,hsa-mir-326,hsa-mir-10a,hsa-mir-378a,hsa-mir-10b,hsa-mir-196a-2,hsa-mir-182,hsa-mir-592,hsa-mir-424,hsa-mir-15a,hsa-mir-92a-2,hsa-mir-192,hsa-mir-150,hsa-mir-125a,hsa-mir-139,hsa-mir-708,hsa-mir-29c,hsa-mir-136,hsa-mir-26b,hsa-mir-101-2,hsa-mir-379,hsa-mir-23a,hsa-mir-98,hsa-mir-22,hsa-mir-19b-2,hsa-mir-30b,hsa-mir-145,hsa-mir-32,hsa-mir-143,hsa-mir-590,hsa-mir-199a-2,hsa-mir-486-2,hsa-mir-301a,hsa-mir-193a,hsa-mir-148a,hsa-mir-153-2,hsa-mir-17,hsa-mir-152,hsa-mir-140,hsa-mir-542,hsa-mir-24-2,hsa-mir-21,hsa-mir-141,hsa-mir-223,hsa-mir-199a-1,hsa-mir-92b,hsa-mir-197,hsa-mir-142"
Disease,Glioma,73,0.35096154,3.17472842,1.45E-26,1.01E-23,2.45E-24,"hsa-mir-203a,hsa-mir-9-1,hsa-mir-454,hsa-mir-96,hsa-mir-200c,hsa-mir-181a-1,hsa-mir-92a-1,hsa-mir-203b,hsa-mir-16-2,hsa-mir-29b-1,hsa-mir-361,hsa-mir-101-1,hsa-mir-196b,hsa-mir-9-2,hsa-mir-628,hsa-mir-144,hsa-let-7b,hsa-mir-19b-1,hsa-mir-338,hsa-mir-135b,hsa-mir-215,hsa-mir-126,hsa-mir-429,hsa-mir-16-1,hsa-mir-29b-2,hsa-mir-324,hsa-mir-129-2,hsa-mir-335,hsa-mir-451a,hsa-mir-326,hsa-mir-10a,hsa-mir-378a,hsa-mir-10b,hsa-mir-196a-2,hsa-mir-182,hsa-mir-592,hsa-mir-15a,hsa-mir-92a-2,hsa-mir-150,hsa-mir-125a,hsa-mir-139,hsa-mir-29c,hsa-mir-136,hsa-mir-101-2,hsa-mir-23a,hsa-mir-98,hsa-mir-19b-2,hsa-mir-30b,hsa-mir-30e,hsa-mir-145,hsa-mir-183,hsa-mir-504,hsa-mir-143,hsa-mir-199a-2,hsa-mir-20a,hsa-mir-193a,hsa-mir-106a,hsa-mir-148a,hsa-mir-153-2,hsa-mir-17,hsa-mir-423,hsa-mir-15b,hsa-mir-152,hsa-mir-140,hsa-mir-21,hsa-mir-9-3,hsa-mir-141,hsa-mir-199a-1,hsa-mir-92b,hsa-mir-197,hsa-mir-142,hsa-mir-19a,hsa-mir-328"
Disease,"Carcinoma, Lung",73,0.342723,3.10020428,8.96E-26,6.26E-23,1.33E-23,"hsa-mir-203a,hsa-mir-9-1,hsa-mir-96,hsa-mir-200c,hsa-mir-181a-1,hsa-mir-660,hsa-mir-92a-1,hsa-mir-486-1,hsa-mir-203b,hsa-mir-129-1,hsa-let-7d,hsa-mir-16-2,hsa-mir-29b-1,hsa-mir-361,hsa-mir-101-1,hsa-mir-9-2,hsa-mir-1-2,hsa-mir-375,hsa-mir-144,hsa-let-7b,hsa-mir-19b-1,hsa-mir-338,hsa-mir-215,hsa-mir-126,hsa-mir-450b,hsa-mir-1226,hsa-mir-16-1,hsa-mir-29b-2,hsa-mir-129-2,hsa-mir-1-1,hsa-mir-335,hsa-mir-451a,hsa-mir-10a,hsa-mir-378a,hsa-mir-10b,hsa-mir-196a-2,hsa-mir-182,hsa-mir-592,hsa-mir-15a,hsa-mir-92a-2,hsa-mir-192,hsa-mir-150,hsa-mir-125a,hsa-mir-139,hsa-mir-29c,hsa-mir-26b,hsa-mir-101-2,hsa-mir-19b-2,hsa-mir-30b,hsa-mir-145,hsa-mir-32,hsa-mir-183,hsa-mir-143,hsa-mir-199a-2,hsa-mir-486-2,hsa-mir-582,hsa-mir-193a,hsa-mir-106a,hsa-mir-148a,hsa-mir-153-2,hsa-mir-17,hsa-mir-423,hsa-mir-152,hsa-mir-140,hsa-mir-21,hsa-mir-141,hsa-mir-9-3,hsa-mir-223,hsa-mir-199a-1,hsa-mir-197,hsa-mir-142,hsa-mir-19a,hsa-mir-328"
Disease,"Carcinoma, Bladder",53,0.44166667,3.99522901,1.03E-23,7.22E-21,1.36E-21,"hsa-mir-24-1,hsa-mir-9-1,hsa-mir-96,hsa-mir-200c,hsa-mir-16-2,hsa-mir-29b-1,hsa-mir-199b,hsa-mir-101-1,hsa-mir-9-2,hsa-mir-1-2,hsa-mir-375,hsa-mir-144,hsa-mir-1180,hsa-mir-126,hsa-mir-16-1,hsa-mir-29b-2,hsa-mir-335,hsa-mir-1-1,hsa-mir-451a,hsa-mir-10a,hsa-mir-10b,hsa-mir-196a-2,hsa-mir-182,hsa-mir-192,hsa-mir-150,hsa-mir-125a,hsa-mir-139,hsa-mir-29c,hsa-mir-26b,hsa-mir-101-2,hsa-mir-23a,hsa-mir-30b,hsa-mir-145,hsa-mir-183,hsa-mir-143,hsa-mir-199a-2,hsa-mir-20a,hsa-mir-193a,hsa-mir-106a,hsa-mir-148a,hsa-mir-15b,hsa-mir-152,hsa-mir-140,hsa-mir-542,hsa-mir-24-2,hsa-mir-21,hsa-mir-9-3,hsa-mir-141,hsa-mir-223,hsa-mir-199a-1,hsa-mir-92b,hsa-mir-197,hsa-mir-19a"
Disease,Glioblastoma,62,0.36686391,3.31857807,6.76E-23,4.72E-20,8.01E-21,"hsa-mir-24-1,hsa-mir-203a,hsa-mir-9-1,hsa-mir-200c,hsa-mir-577,hsa-mir-181a-1,hsa-mir-486-1,hsa-mir-203b,hsa-mir-129-1,hsa-let-7d,hsa-mir-16-2,hsa-mir-29b-1,hsa-mir-101-1,hsa-mir-9-2,hsa-mir-1-2,hsa-mir-452,hsa-mir-144,hsa-let-7b,hsa-mir-19b-1,hsa-mir-135b,hsa-mir-126,hsa-mir-429,hsa-mir-16-1,hsa-mir-29b-2,hsa-mir-129-2,hsa-mir-1-1,hsa-mir-451a,hsa-mir-326,hsa-mir-10a,hsa-mir-10b,hsa-mir-182,hsa-mir-15a,hsa-mir-125a,hsa-mir-139,hsa-mir-29c,hsa-mir-101-2,hsa-mir-19b-2,hsa-mir-30b,hsa-mir-30e,hsa-mir-145,hsa-mir-504,hsa-mir-143,hsa-mir-590,hsa-mir-199a-2,hsa-mir-486-2,hsa-mir-20a,hsa-mir-106a,hsa-mir-148a,hsa-mir-153-2,hsa-mir-17,hsa-mir-423,hsa-mir-15b,hsa-mir-152,hsa-mir-24-2,hsa-mir-21,hsa-mir-9-3,hsa-mir-223,hsa-mir-199a-1,hsa-mir-92b,hsa-mir-197,hsa-mir-142,hsa-mir-19a"
Disease,Multiple Myeloma,36,0.6,5.42748092,1.47E-21,1.03E-18,1.59E-19,"hsa-mir-125a,hsa-mir-199a-2,hsa-let-7b,hsa-mir-24-1,hsa-mir-19b-1,hsa-mir-135b,hsa-mir-215,hsa-mir-9-1,hsa-mir-301a,hsa-mir-96,hsa-mir-20a,hsa-mir-148a,hsa-mir-181a-1,hsa-mir-660,hsa-mir-17,hsa-mir-16-1,hsa-mir-152,hsa-mir-19b-2,hsa-mir-29b-2,hsa-mir-335,hsa-mir-30b,hsa-mir-16-2,hsa-mir-29b-1,hsa-mir-451a,hsa-mir-24-2,hsa-mir-145,hsa-mir-182,hsa-mir-21,hsa-mir-9-3,hsa-mir-223,hsa-mir-199a-1,hsa-mir-9-2,hsa-mir-15a,hsa-mir-197,hsa-mir-192,hsa-mir-150"
Disease,Atrial Fibrillation,34,0.56666667,5.1259542,3.28E-19,2.29E-16,2.99E-17,"hsa-mir-590,hsa-mir-199a-2,hsa-mir-3613,hsa-mir-19b-1,hsa-mir-486-2,hsa-mir-215,hsa-mir-29c,hsa-mir-126,hsa-mir-106a,hsa-mir-26b,hsa-mir-15b,hsa-mir-486-1,hsa-mir-23a,hsa-mir-1266,hsa-mir-19b-2,hsa-mir-29b-2,hsa-mir-574,hsa-mir-1-1,hsa-mir-30b,hsa-mir-29b-1,hsa-mir-199b,hsa-mir-451a,hsa-mir-10a,hsa-mir-10b,hsa-mir-196a-2,hsa-mir-21,hsa-mir-183,hsa-mir-199a-1,hsa-mir-1-2,hsa-mir-19a,hsa-mir-144,hsa-mir-328,hsa-mir-192,hsa-mir-150"
Disease,"Carcinoma, Ovarian",62,0.31958763,2.89092626,4.04E-19,2.83E-16,3.42E-17,"hsa-mir-24-1,hsa-mir-203a,hsa-mir-9-1,hsa-mir-96,hsa-mir-200c,hsa-mir-181a-1,hsa-mir-92a-1,hsa-mir-203b,hsa-mir-129-1,hsa-mir-1307,hsa-mir-16-2,hsa-mir-29b-1,hsa-mir-199b,hsa-mir-101-1,hsa-mir-196b,hsa-mir-9-2,hsa-mir-1-2,hsa-mir-19b-1,hsa-mir-135b,hsa-mir-429,hsa-mir-16-1,hsa-mir-29b-2,hsa-mir-129-2,hsa-mir-1-1,hsa-mir-335,hsa-mir-451a,hsa-mir-378a,hsa-mir-196a-2,hsa-mir-182,hsa-mir-424,hsa-mir-92a-2,hsa-mir-150,hsa-mir-3613,hsa-mir-708,hsa-mir-136,hsa-mir-26b,hsa-mir-101-2,hsa-mir-23a,hsa-mir-98,hsa-mir-22,hsa-mir-19b-2,hsa-mir-145,hsa-mir-183,hsa-mir-143,hsa-mir-374a,hsa-mir-199a-2,hsa-mir-20a,hsa-mir-193a,hsa-mir-106a,hsa-mir-148a,hsa-mir-153-2,hsa-mir-17,hsa-mir-15b,hsa-mir-152,hsa-mir-574,hsa-mir-24-2,hsa-mir-21,hsa-mir-141,hsa-mir-9-3,hsa-mir-199a-1,hsa-mir-92b,hsa-mir-197"
Disease,Colon Neoplasms,38,0.49350649,4.46416179,1.10E-18,7.69E-16,8.15E-17,"hsa-let-7b,hsa-mir-24-1,hsa-mir-19b-1,hsa-mir-135b,hsa-mir-486-2,hsa-mir-582,hsa-mir-20a,hsa-mir-126,hsa-mir-106a,hsa-mir-148a,hsa-let-7f-1,hsa-let-7f-2,hsa-mir-101-2,hsa-mir-143,hsa-mir-17,hsa-mir-15b,hsa-mir-92a-1,hsa-mir-486-1,hsa-let-7d,hsa-mir-16-1,hsa-mir-152,hsa-mir-19b-2,hsa-mir-29b-2,hsa-mir-140,hsa-mir-16-2,hsa-mir-29b-1,hsa-mir-101-1,hsa-mir-24-2,hsa-mir-145,hsa-mir-32,hsa-mir-21,hsa-mir-141,hsa-mir-223,hsa-mir-142,hsa-mir-19a,hsa-mir-92a-2,hsa-mir-552,hsa-mir-192"
Disease,"Carcinoma, Cervical",51,0.36956522,3.34301361,1.99E-18,1.39E-15,1.39E-16,"hsa-mir-203a,hsa-mir-9-1,hsa-mir-96,hsa-mir-181a-1,hsa-mir-92a-1,hsa-mir-203b,hsa-mir-129-1,hsa-mir-16-2,hsa-mir-29b-1,hsa-mir-361,hsa-mir-101-1,hsa-mir-196b,hsa-mir-9-2,hsa-mir-375,hsa-mir-135b,hsa-mir-215,hsa-mir-126,hsa-mir-429,hsa-mir-29b-2,hsa-mir-129-2,hsa-mir-335,hsa-mir-10a,hsa-mir-196a-2,hsa-mir-182,hsa-mir-424,hsa-mir-15a,hsa-mir-92a-2,hsa-mir-150,hsa-mir-125a,hsa-mir-139,hsa-mir-29c,hsa-mir-26b,hsa-mir-101-2,hsa-mir-98,hsa-mir-30b,hsa-mir-145,hsa-mir-183,hsa-mir-143,hsa-mir-590,hsa-mir-337,hsa-mir-20a,hsa-mir-148a,hsa-mir-17,hsa-mir-15b,hsa-mir-152,hsa-mir-21,hsa-mir-9-3,hsa-mir-141,hsa-mir-223,hsa-mir-142,hsa-mir-328"
Disease,Melanoma,49,0.37121212,3.35791117,1.00E-17,7.02E-15,6.26E-16,"hsa-mir-203a,hsa-mir-9-1,hsa-mir-200c,hsa-mir-181a-1,hsa-mir-203b,hsa-let-7d,hsa-mir-16-2,hsa-mir-29b-1,hsa-mir-101-1,hsa-mir-9-2,hsa-mir-375,hsa-mir-452,hsa-let-7b,hsa-mir-19b-1,hsa-mir-338,hsa-mir-429,hsa-mir-16-1,hsa-mir-29b-2,hsa-mir-451a,hsa-mir-378a,hsa-mir-10b,hsa-mir-196a-2,hsa-mir-182,hsa-mir-424,hsa-mir-15a,hsa-mir-150,hsa-mir-125a,hsa-let-7f-1,hsa-let-7f-2,hsa-mir-26b,hsa-mir-101-2,hsa-mir-98,hsa-mir-22,hsa-mir-19b-2,hsa-mir-145,hsa-mir-183,hsa-mir-143,hsa-mir-199a-2,hsa-mir-301a,hsa-mir-20a,hsa-mir-17,hsa-mir-15b,hsa-mir-374b,hsa-mir-21,hsa-mir-141,hsa-mir-9-3,hsa-mir-199a-1,hsa-mir-142,hsa-mir-328"
Disease,Lung Neoplasms,44,0.4,3.61832061,2.94E-17,2.05E-14,1.74E-15,"hsa-mir-24-1,hsa-mir-203a,hsa-mir-9-1,hsa-mir-181a-1,hsa-mir-486-1,hsa-mir-203b,hsa-let-7d,hsa-mir-16-2,hsa-mir-29b-1,hsa-mir-9-2,hsa-mir-1-2,hsa-mir-375,hsa-let-7b,hsa-mir-338,hsa-mir-126,hsa-mir-16-1,hsa-mir-29b-2,hsa-mir-129-2,hsa-mir-1-1,hsa-mir-196a-2,hsa-mir-182,hsa-mir-192,hsa-mir-150,hsa-mir-125a,hsa-mir-29c,hsa-let-7f-1,hsa-let-7f-2,hsa-mir-136,hsa-mir-98,hsa-mir-30e,hsa-mir-145,hsa-mir-183,hsa-mir-143,hsa-mir-199a-2,hsa-mir-486-2,hsa-mir-20a,hsa-mir-193a,hsa-mir-106a,hsa-mir-140,hsa-mir-24-2,hsa-mir-21,hsa-mir-199a-1,hsa-mir-197,hsa-mir-142"
Disease,"Carcinoma, Nasopharyngeal",43,0.37719298,3.41201286,1.08E-15,7.51E-13,5.79E-14,"hsa-mir-24-1,hsa-mir-203a,hsa-mir-9-1,hsa-mir-200c,hsa-mir-181a-1,hsa-mir-203b,hsa-let-7d,hsa-mir-16-2,hsa-mir-29b-1,hsa-mir-199b,hsa-mir-101-1,hsa-mir-9-2,hsa-mir-1-2,hsa-let-7b,hsa-mir-338,hsa-mir-16-1,hsa-mir-29b-2,hsa-mir-324,hsa-mir-1-1,hsa-mir-451a,hsa-mir-378a,hsa-mir-10b,hsa-mir-15a,hsa-mir-150,hsa-mir-125a,hsa-mir-29c,hsa-mir-26b,hsa-mir-101-2,hsa-mir-23a,hsa-mir-30b,hsa-mir-30e,hsa-mir-145,hsa-mir-183,hsa-mir-504,hsa-mir-143,hsa-mir-374a,hsa-mir-148a,hsa-mir-152,hsa-mir-24-2,hsa-mir-21,hsa-mir-9-3,hsa-mir-223,hsa-mir-142"
Disease,"Leukemia, Myeloid, Acute",44,0.3697479,3.34466611,1.08E-15,7.54E-13,5.56E-14,"hsa-mir-24-1,hsa-mir-203a,hsa-mir-9-1,hsa-mir-96,hsa-mir-200c,hsa-mir-181a-1,hsa-mir-92a-1,hsa-mir-203b,hsa-let-7d,hsa-mir-29b-1,hsa-mir-361,hsa-mir-199b,hsa-mir-196b,hsa-mir-9-2,hsa-let-7b,hsa-mir-19b-1,hsa-mir-215,hsa-mir-126,hsa-mir-29b-2,hsa-mir-335,hsa-mir-326,hsa-mir-10a,hsa-mir-378a,hsa-mir-15a,hsa-mir-92a-2,hsa-mir-150,hsa-mir-125a,hsa-mir-29c,hsa-let-7f-1,hsa-let-7f-2,hsa-mir-23a,hsa-mir-22,hsa-mir-19b-2,hsa-mir-30b,hsa-mir-20a,hsa-mir-193a,hsa-mir-17,hsa-mir-24-2,hsa-mir-21,hsa-mir-9-3,hsa-mir-223,hsa-mir-142,hsa-mir-19a,hsa-mir-328"
Disease,Diabetes Mellitus,34,0.45945946,4.15617908,1.89E-15,1.32E-12,8.96E-14,"hsa-mir-19b-1,hsa-mir-486-2,hsa-mir-708,hsa-mir-29c,hsa-mir-9-1,hsa-mir-200c,hsa-mir-20a,hsa-let-7f-1,hsa-let-7f-2,hsa-mir-26b,hsa-mir-429,hsa-mir-17,hsa-mir-92a-1,hsa-mir-486-1,hsa-mir-23a,hsa-mir-16-1,hsa-mir-19b-2,hsa-mir-1-1,hsa-mir-30b,hsa-mir-16-2,hsa-mir-30e,hsa-mir-326,hsa-mir-145,hsa-mir-196a-2,hsa-mir-196b,hsa-mir-21,hsa-mir-9-3,hsa-mir-223,hsa-mir-9-2,hsa-mir-1-2,hsa-mir-375,hsa-mir-19a,hsa-mir-92a-2,hsa-mir-143"
Disease,"Squamous Cell Carcinoma, Esophageal",48,0.33802817,3.05773573,2.27E-15,1.59E-12,1.04E-13,"hsa-mir-203a,hsa-mir-9-1,hsa-mir-577,hsa-mir-181a-1,hsa-mir-203b,hsa-mir-129-1,hsa-let-7d,hsa-mir-16-2,hsa-mir-101-1,hsa-mir-9-2,hsa-mir-1-2,hsa-mir-375,hsa-let-7b,hsa-mir-338,hsa-mir-126,hsa-mir-16-1,hsa-mir-129-2,hsa-mir-335,hsa-mir-1-1,hsa-mir-10b,hsa-mir-196a-2,hsa-mir-424,hsa-mir-15a,hsa-mir-150,hsa-mir-125a,hsa-mir-139,hsa-mir-29c,hsa-mir-26b,hsa-mir-101-2,hsa-mir-98,hsa-mir-145,hsa-mir-183,hsa-mir-889,hsa-mir-143,hsa-mir-337,hsa-mir-20a,hsa-mir-193a,hsa-mir-106a,hsa-mir-148a,hsa-mir-17,hsa-mir-423,hsa-mir-152,hsa-mir-574,hsa-mir-21,hsa-mir-9-3,hsa-mir-223,hsa-mir-92b,hsa-mir-19a"
Disease,"Carcinoma, Pancreatic",52,0.31325301,2.83362457,3.86E-15,2.70E-12,1.69E-13,"hsa-mir-24-1,hsa-mir-96,hsa-mir-200c,hsa-mir-181a-1,hsa-mir-92a-1,hsa-let-7d,hsa-mir-16-2,hsa-mir-29b-1,hsa-mir-101-1,hsa-mir-196b,hsa-mir-375,hsa-let-7b,hsa-mir-135b,hsa-mir-215,hsa-mir-126,hsa-mir-429,hsa-mir-16-1,hsa-mir-29b-2,hsa-mir-335,hsa-mir-10b,hsa-mir-196a-2,hsa-mir-182,hsa-mir-15a,hsa-mir-92a-2,hsa-mir-192,hsa-mir-150,hsa-mir-125a,hsa-mir-139,hsa-mir-29c,hsa-mir-26b,hsa-mir-101-2,hsa-mir-23a,hsa-mir-22,hsa-mir-30b,hsa-mir-145,hsa-mir-183,hsa-mir-143,hsa-mir-374a,hsa-mir-301a,hsa-mir-20a,hsa-mir-106a,hsa-mir-148a,hsa-mir-17,hsa-mir-15b,hsa-mir-374b,hsa-mir-152,hsa-mir-652,hsa-mir-24-2,hsa-mir-21,hsa-mir-141,hsa-mir-223,hsa-mir-19a"
Disease,"Carcinoma, Prostate",66,0.25680934,2.32304631,8.60E-15,6.01E-12,3.64E-13,"hsa-mir-24-1,hsa-mir-203a,hsa-mir-9-1,hsa-mir-96,hsa-mir-200c,hsa-mir-181a-1,hsa-mir-574,hsa-mir-129-1,hsa-let-7d,hsa-mir-1307,hsa-mir-16-2,hsa-mir-29b-1,hsa-mir-361,hsa-mir-101-1,hsa-mir-9-2,hsa-mir-628,hsa-mir-1-2,hsa-mir-375,hsa-mir-452,hsa-let-7b,hsa-mir-19b-1,hsa-mir-135b,hsa-mir-126,hsa-mir-429,hsa-mir-16-1,hsa-mir-29b-2,hsa-mir-129-2,hsa-mir-1-1,hsa-mir-335,hsa-mir-378a,hsa-mir-196a-2,hsa-mir-182,hsa-mir-424,hsa-mir-15a,hsa-mir-150,hsa-mir-139,hsa-mir-708,hsa-mir-29c,hsa-mir-101-2,hsa-mir-26b,hsa-mir-23a,hsa-mir-22,hsa-mir-19b-2,hsa-mir-145,hsa-mir-32,hsa-mir-183,hsa-mir-143,hsa-mir-590,hsa-mir-199a-2,hsa-mir-582,hsa-mir-301a,hsa-mir-20a,hsa-mir-193a,hsa-mir-148a,hsa-mir-17,hsa-mir-15b,hsa-mir-152,hsa-mir-9-3,hsa-mir-24-2,hsa-mir-21,hsa-mir-141,hsa-mir-223,hsa-mir-199a-1,hsa-mir-92b,hsa-mir-197,hsa-mir-19a"
Disease,"Diabetes Mellitus, Type 2",48,0.32653061,2.95373111,1.13E-14,7.92E-12,4.63E-13,"hsa-mir-24-1,hsa-mir-9-1,hsa-mir-454,hsa-mir-96,hsa-mir-200c,hsa-mir-92a-1,hsa-mir-486-1,hsa-let-7d,hsa-mir-29b-1,hsa-mir-101-1,hsa-mir-9-2,hsa-mir-1-2,hsa-mir-375,hsa-mir-144,hsa-let-7b,hsa-mir-126,hsa-mir-29b-2,hsa-mir-1-1,hsa-mir-451a,hsa-mir-196a-2,hsa-mir-182,hsa-mir-15a,hsa-mir-92a-2,hsa-mir-192,hsa-mir-150,hsa-mir-29c,hsa-mir-101-2,hsa-mir-23a,hsa-mir-98,hsa-mir-22,hsa-mir-30e,hsa-mir-145,hsa-mir-143,hsa-mir-590,hsa-mir-199a-2,hsa-mir-486-2,hsa-mir-148a,hsa-mir-423,hsa-mir-15b,hsa-mir-766,hsa-mir-652,hsa-mir-24-2,hsa-mir-21,hsa-mir-9-3,hsa-mir-223,hsa-mir-199a-1,hsa-mir-197,hsa-mir-142"
Disease,Leukemia,31,0.46268657,4.18537086,3.40E-14,2.38E-11,1.30E-12,"hsa-mir-125a,hsa-mir-139,hsa-mir-19b-1,hsa-mir-24-1,hsa-mir-486-2,hsa-mir-9-1,hsa-mir-454,hsa-mir-20a,hsa-mir-126,hsa-mir-181a-1,hsa-mir-17,hsa-mir-660,hsa-mir-92a-1,hsa-mir-486-1,hsa-mir-23a,hsa-mir-16-1,hsa-mir-19b-2,hsa-mir-16-2,hsa-mir-199b,hsa-mir-24-2,hsa-mir-378a,hsa-mir-196b,hsa-mir-21,hsa-mir-183,hsa-mir-9-3,hsa-mir-9-2,hsa-mir-424,hsa-mir-15a,hsa-mir-19a,hsa-mir-92a-2,hsa-mir-143"
Disease,Atherosclerosis,37,0.38947368,3.52310165,5.92E-14,4.14E-11,2.19E-12,"hsa-mir-24-1,hsa-mir-9-1,hsa-mir-181a-1,hsa-mir-92a-1,hsa-mir-16-2,hsa-mir-29b-1,hsa-mir-9-2,hsa-mir-144,hsa-let-7b,hsa-mir-19b-1,hsa-mir-135b,hsa-mir-126,hsa-mir-16-1,hsa-mir-29b-2,hsa-mir-10a,hsa-mir-378a,hsa-mir-10b,hsa-mir-182,hsa-mir-92a-2,hsa-mir-150,hsa-mir-29c,hsa-mir-136,hsa-mir-26b,hsa-mir-98,hsa-mir-22,hsa-mir-19b-2,hsa-mir-30b,hsa-mir-30e,hsa-mir-145,hsa-mir-143,hsa-mir-17,hsa-mir-24-2,hsa-mir-21,hsa-mir-9-3,hsa-mir-223,hsa-mir-142,hsa-mir-19a"
Disease,Lymphoma,29,0.48333333,4.3721374,6.33E-14,4.43E-11,2.27E-12,"hsa-mir-199a-2,hsa-mir-24-1,hsa-mir-19b-1,hsa-mir-203a,hsa-mir-486-2,hsa-mir-200c,hsa-mir-20a,hsa-mir-26b,hsa-mir-17,hsa-mir-92a-1,hsa-mir-486-1,hsa-mir-203b,hsa-mir-23a,hsa-let-7d,hsa-mir-16-1,hsa-mir-22,hsa-mir-19b-2,hsa-mir-16-2,hsa-mir-24-2,hsa-mir-10b,hsa-mir-21,hsa-mir-504,hsa-mir-199a-1,hsa-mir-15a,hsa-mir-19a,hsa-mir-144,hsa-mir-92a-2,hsa-mir-150,hsa-mir-143"
Disease,Hepatitis C Virus Infection,35,0.40229885,3.63911556,1.05E-13,7.37E-11,3.67E-12,"hsa-mir-24-1,hsa-mir-96,hsa-mir-181a-1,hsa-let-7d,hsa-mir-16-2,hsa-mir-29b-1,hsa-mir-196b,hsa-let-7b,hsa-mir-215,hsa-mir-126,hsa-mir-16-1,hsa-mir-29b-2,hsa-mir-182,hsa-mir-424,hsa-mir-192,hsa-mir-125a,hsa-let-7f-1,hsa-let-7f-2,hsa-mir-136,hsa-mir-26b,hsa-mir-23a,hsa-mir-22,hsa-mir-145,hsa-mir-199a-2,hsa-mir-369,hsa-mir-148a,hsa-mir-17,hsa-mir-152,hsa-mir-542,hsa-mir-24-2,hsa-mir-21,hsa-mir-223,hsa-mir-199a-1,hsa-mir-142,hsa-mir-19a"
Disease,"Squamous Cell Carcinoma, Oral",34,0.40963855,3.70550906,1.36E-13,9.53E-11,4.62E-12,"hsa-mir-125a,hsa-mir-139,hsa-mir-338,hsa-mir-203a,hsa-mir-9-1,hsa-mir-200c,hsa-mir-20a,hsa-mir-126,hsa-let-7f-1,hsa-let-7f-2,hsa-mir-26b,hsa-mir-143,hsa-mir-429,hsa-mir-17,hsa-mir-203b,hsa-let-7d,hsa-mir-16-1,hsa-mir-29b-2,hsa-mir-16-2,hsa-mir-29b-1,hsa-mir-542,hsa-mir-145,hsa-mir-32,hsa-mir-10b,hsa-mir-196a-2,hsa-mir-21,hsa-mir-223,hsa-mir-9-3,hsa-mir-9-2,hsa-mir-92b,hsa-mir-142,hsa-mir-19a,hsa-mir-144,hsa-mir-375"
Disease,Heart Failure,41,0.34166667,3.09064885,3.57E-13,2.50E-10,1.14E-11,"hsa-mir-24-1,hsa-mir-181a-1,hsa-mir-129-1,hsa-let-7d,hsa-mir-16-2,hsa-mir-29b-1,hsa-mir-199b,hsa-mir-1-2,hsa-mir-375,hsa-let-7b,hsa-mir-19b-1,hsa-mir-126,hsa-mir-429,hsa-mir-16-1,hsa-mir-29b-2,hsa-mir-129-2,hsa-mir-1-1,hsa-mir-451a,hsa-mir-378a,hsa-mir-10b,hsa-mir-182,hsa-mir-424,hsa-mir-192,hsa-mir-150,hsa-mir-125a,hsa-mir-139,hsa-mir-98,hsa-mir-22,hsa-mir-19b-2,hsa-mir-30b,hsa-mir-30e,hsa-mir-145,hsa-mir-199a-2,hsa-mir-148a,hsa-mir-17,hsa-mir-423,hsa-mir-24-2,hsa-mir-21,hsa-mir-199a-1,hsa-mir-142,hsa-mir-328"
Disease,Endometriosis,23,0.56097561,5.07447403,5.97E-13,4.17E-10,1.86E-11,"hsa-mir-125a,hsa-mir-199a-2,hsa-let-7b,hsa-mir-29c,hsa-mir-20a,hsa-mir-126,hsa-mir-16-1,hsa-mir-1-1,hsa-mir-16-2,hsa-mir-451a,hsa-mir-145,hsa-mir-10b,hsa-mir-196b,hsa-mir-141,hsa-mir-223,hsa-mir-183,hsa-mir-199a-1,hsa-mir-424,hsa-mir-15a,hsa-mir-1-2,hsa-mir-142,hsa-mir-150,hsa-mir-143"
Disease,Breast Neoplasms,45,0.30405405,2.75041263,2.20E-12,1.54E-09,6.68E-11,"hsa-mir-9-1,hsa-mir-96,hsa-mir-200c,hsa-mir-92a-1,hsa-mir-486-1,hsa-let-7d,hsa-mir-199b,hsa-mir-9-2,hsa-mir-1-2,hsa-mir-19b-1,hsa-mir-338,hsa-mir-135b,hsa-mir-215,hsa-mir-429,hsa-mir-129-2,hsa-mir-1-1,hsa-mir-335,hsa-mir-451a,hsa-mir-10a,hsa-mir-10b,hsa-mir-196a-2,hsa-mir-182,hsa-mir-15a,hsa-mir-92a-2,hsa-mir-125a,hsa-let-7f-1,hsa-let-7f-2,hsa-mir-19b-2,hsa-mir-30b,hsa-mir-145,hsa-mir-183,hsa-mir-143,hsa-mir-199a-2,hsa-mir-486-2,hsa-mir-20a,hsa-mir-153-2,hsa-mir-17,hsa-mir-21,hsa-mir-141,hsa-mir-223,hsa-mir-199a-1,hsa-mir-197,hsa-mir-142,hsa-mir-19a,hsa-mir-328"
Disease,"Cardiomyopathy, Hypertrophic",26,0.47272727,4.27619709,3.07E-12,2.15E-09,9.10E-11,"hsa-mir-199a-2,hsa-mir-708,hsa-mir-29c,hsa-mir-9-1,hsa-mir-96,hsa-mir-106a,hsa-mir-15b,hsa-mir-23a,hsa-mir-16-1,hsa-mir-1-1,hsa-mir-30b,hsa-mir-16-2,hsa-mir-451a,hsa-mir-30e,hsa-mir-10a,hsa-mir-145,hsa-mir-10b,hsa-mir-21,hsa-mir-9-3,hsa-mir-199a-1,hsa-mir-9-2,hsa-mir-1-2,hsa-mir-19a,hsa-mir-192,hsa-mir-150,hsa-mir-143"
Disease,Ovarian Neoplasms,37,0.3490566,3.15749676,3.44E-12,2.41E-09,9.95E-11,"hsa-mir-9-1,hsa-mir-200c,hsa-mir-486-1,hsa-let-7d,hsa-mir-16-2,hsa-mir-9-2,hsa-mir-1-2,hsa-let-7b,hsa-mir-19b-1,hsa-mir-338,hsa-mir-135b,hsa-mir-215,hsa-mir-126,hsa-mir-429,hsa-mir-16-1,hsa-mir-335,hsa-mir-1-1,hsa-mir-125a,hsa-let-7f-1,hsa-let-7f-2,hsa-mir-22,hsa-mir-19b-2,hsa-mir-30b,hsa-mir-145,hsa-mir-183,hsa-mir-199a-2,hsa-mir-486-2,hsa-mir-20a,hsa-mir-153-2,hsa-mir-17,hsa-mir-21,hsa-mir-9-3,hsa-mir-141,hsa-mir-223,hsa-mir-199a-1,hsa-mir-92b,hsa-mir-19a"
Disease,Pancreatic Neoplasms,28,0.4375,3.95753817,4.29E-12,3.00E-09,1.18E-10,"hsa-mir-199a-2,hsa-let-7b,hsa-mir-24-1,hsa-mir-203a,hsa-mir-486-2,hsa-mir-96,hsa-mir-200c,hsa-mir-20a,hsa-mir-106a,hsa-mir-148a,hsa-let-7f-1,hsa-let-7f-2,hsa-mir-17,hsa-mir-15b,hsa-mir-203b,hsa-mir-486-1,hsa-let-7d,hsa-mir-29b-2,hsa-mir-29b-1,hsa-mir-24-2,hsa-mir-145,hsa-mir-32,hsa-mir-196a-2,hsa-mir-21,hsa-mir-223,hsa-mir-199a-1,hsa-mir-15a,hsa-mir-143"
Disease,"Carcinoma, Renal Cell",39,0.32773109,2.96459042,7.71E-12,5.39E-09,2.03E-10,"hsa-mir-203a,hsa-mir-96,hsa-mir-454,hsa-mir-200c,hsa-mir-181a-1,hsa-let-7d,hsa-mir-16-2,hsa-mir-452,hsa-mir-144,hsa-let-7b,hsa-mir-126,hsa-mir-429,hsa-mir-16-1,hsa-mir-129-2,hsa-mir-451a,hsa-mir-378a,hsa-mir-196a-2,hsa-mir-182,hsa-mir-424,hsa-mir-15a,hsa-let-7f-1,hsa-let-7f-2,hsa-mir-22,hsa-mir-30b,hsa-mir-145,hsa-mir-183,hsa-mir-143,hsa-mir-590,hsa-mir-199a-2,hsa-mir-193a,hsa-mir-106a,hsa-mir-148a,hsa-mir-17,hsa-mir-21,hsa-mir-141,hsa-mir-199a-1,hsa-mir-142,hsa-mir-19a,hsa-mir-484"
Disease,"Carcinoma, Esophageal",28,0.42424242,3.83761277,1.09E-11,7.61E-09,2.80E-10,"hsa-mir-203a,hsa-mir-96,hsa-mir-200c,hsa-mir-126,hsa-mir-106a,hsa-mir-193a,hsa-mir-101-2,hsa-mir-181a-1,hsa-mir-423,hsa-mir-429,hsa-mir-203b,hsa-mir-30b,hsa-mir-140,hsa-mir-101-1,hsa-mir-451a,hsa-mir-542,hsa-mir-145,hsa-mir-374a,hsa-mir-196a-2,hsa-mir-21,hsa-mir-141,hsa-mir-183,hsa-mir-197,hsa-mir-375,hsa-mir-144,hsa-mir-328,hsa-mir-192,hsa-mir-143"
Disease,"Adenocarcinoma, Lung",35,0.34653465,3.1346837,2.02E-11,1.41E-08,5.08E-10,"hsa-mir-203a,hsa-mir-9-1,hsa-mir-200c,hsa-mir-181a-1,hsa-mir-203b,hsa-mir-16-2,hsa-mir-101-1,hsa-mir-196b,hsa-mir-9-2,hsa-mir-375,hsa-mir-452,hsa-let-7b,hsa-mir-215,hsa-mir-126,hsa-mir-16-1,hsa-mir-451a,hsa-mir-326,hsa-mir-182,hsa-mir-592,hsa-mir-192,hsa-mir-150,hsa-mir-26b,hsa-mir-23a,hsa-mir-145,hsa-mir-183,hsa-mir-552,hsa-mir-590,hsa-mir-106a,hsa-mir-17,hsa-mir-15b,hsa-mir-766,hsa-mir-140,hsa-mir-21,hsa-mir-9-3,hsa-mir-328"
Disease,Cardiovascular Diseases [unspecific],27,0.421875,3.81619752,3.21E-11,2.25E-08,7.77E-10,"hsa-mir-590,hsa-let-7b,hsa-mir-29c,hsa-mir-200c,hsa-mir-126,hsa-mir-148a,hsa-mir-26b,hsa-mir-181a-1,hsa-mir-17,hsa-mir-92a-1,hsa-mir-23a,hsa-mir-22,hsa-mir-29b-2,hsa-mir-1-1,hsa-mir-29b-1,hsa-mir-451a,hsa-mir-145,hsa-mir-32,hsa-mir-10b,hsa-mir-21,hsa-mir-378a,hsa-mir-223,hsa-mir-1-2,hsa-mir-144,hsa-mir-92a-2,hsa-mir-150,hsa-mir-143"
Disease,Parkinson's Disease,21,0.51219512,4.63321542,7.25E-11,5.07E-08,1.65E-09,"hsa-mir-19b-1,hsa-mir-29c,hsa-mir-9-1,hsa-mir-126,hsa-mir-106a,hsa-mir-153-2,hsa-mir-181a-1,hsa-mir-129-1,hsa-mir-22,hsa-mir-16-1,hsa-mir-19b-2,hsa-mir-29b-2,hsa-mir-129-2,hsa-mir-1-1,hsa-mir-16-2,hsa-mir-29b-1,hsa-mir-21,hsa-mir-9-3,hsa-mir-9-2,hsa-mir-1-2,hsa-mir-144"
Disease,Chronic Obstructive Pulmonary Disease,17,0.60714286,5.49209378,1.54E-10,1.08E-07,3.45E-09,"hsa-mir-199a-2,hsa-mir-9-1,hsa-mir-106a,hsa-mir-181a-1,hsa-mir-17,hsa-mir-23a,hsa-mir-16-1,hsa-mir-1-1,hsa-mir-16-2,hsa-mir-196a-2,hsa-mir-21,hsa-mir-9-3,hsa-mir-199a-1,hsa-mir-9-2,hsa-mir-15a,hsa-mir-1-2,hsa-mir-192"
Disease,Neuroblastoma,25,0.42372881,3.83296675,1.75E-10,1.23E-07,3.85E-09,"hsa-let-7b,hsa-mir-19b-1,hsa-mir-338,hsa-mir-203a,hsa-mir-337,hsa-mir-20a,hsa-mir-153-2,hsa-mir-181a-1,hsa-mir-17,hsa-mir-203b,hsa-mir-92a-1,hsa-let-7d,hsa-mir-19b-2,hsa-mir-335,hsa-mir-542,hsa-mir-10a,hsa-mir-10b,hsa-mir-21,hsa-mir-424,hsa-mir-628,hsa-mir-375,hsa-mir-19a,hsa-mir-92a-2,hsa-mir-192,hsa-mir-143"
Disease,Coronary Heart Diseases,24,0.42857143,3.87677208,3.23E-10,2.26E-07,6.97E-09,"hsa-mir-199a-2,hsa-mir-486-2,hsa-mir-454,hsa-mir-126,hsa-mir-17,hsa-mir-423,hsa-mir-15b,hsa-mir-92a-1,hsa-mir-486-1,hsa-mir-23a,hsa-mir-22,hsa-mir-574,hsa-mir-1-1,hsa-mir-361,hsa-mir-451a,hsa-mir-145,hsa-mir-32,hsa-mir-196a-2,hsa-mir-21,hsa-mir-223,hsa-mir-199a-1,hsa-mir-197,hsa-mir-1-2,hsa-mir-92a-2"
Disease,"Carcinoma, Rectal",22,0.45833333,4.14599237,3.98E-10,2.78E-07,8.43E-09,"hsa-mir-199a-2,hsa-mir-139,hsa-mir-135b,hsa-mir-203a,hsa-mir-486-2,hsa-mir-20a,hsa-mir-193a,hsa-mir-17,hsa-mir-92a-1,hsa-mir-486-1,hsa-mir-203b,hsa-mir-199b,hsa-mir-145,hsa-mir-141,hsa-mir-196a-2,hsa-mir-21,hsa-mir-183,hsa-mir-199a-1,hsa-mir-92b,hsa-mir-92a-2,hsa-mir-150,hsa-mir-143"
Disease,Prostate Neoplasms,28,0.37333333,3.37709924,4.36E-10,3.05E-07,9.06E-09,"hsa-mir-199a-2,hsa-mir-135b,hsa-mir-203a,hsa-mir-486-2,hsa-mir-200c,hsa-mir-20a,hsa-mir-106a,hsa-mir-148a,hsa-mir-101-2,hsa-mir-17,hsa-mir-486-1,hsa-mir-203b,hsa-mir-1296,hsa-mir-16-1,hsa-mir-22,hsa-mir-29b-2,hsa-mir-16-2,hsa-mir-29b-1,hsa-mir-101-1,hsa-mir-145,hsa-mir-32,hsa-mir-21,hsa-mir-182,hsa-mir-223,hsa-mir-199a-1,hsa-mir-424,hsa-mir-15a,hsa-mir-143"
Disease,Liver Cirrhosis,24,0.42105263,3.80875854,5.08E-10,3.55E-07,1.04E-08,"hsa-mir-199a-2,hsa-mir-203a,hsa-mir-29c,hsa-mir-454,hsa-mir-9-1,hsa-mir-193a,hsa-mir-126,hsa-mir-101-2,hsa-mir-17,hsa-mir-92a-1,hsa-mir-203b,hsa-mir-22,hsa-mir-29b-2,hsa-mir-29b-1,hsa-mir-101-1,hsa-mir-145,hsa-mir-378a,hsa-mir-10b,hsa-mir-21,hsa-mir-9-3,hsa-mir-199a-1,hsa-mir-9-2,hsa-mir-144,hsa-mir-92a-2"
Disease,Schizophrenia,23,0.43396226,3.92553651,5.90E-10,4.13E-07,1.19E-08,"hsa-mir-19b-1,hsa-mir-338,hsa-mir-29c,hsa-mir-9-1,hsa-mir-193a,hsa-mir-26b,hsa-mir-15b,hsa-mir-92a-1,hsa-mir-23a,hsa-mir-98,hsa-mir-19b-2,hsa-mir-29b-2,hsa-mir-335,hsa-mir-30b,hsa-mir-29b-1,hsa-mir-652,hsa-mir-30e,hsa-mir-9-3,hsa-mir-183,hsa-mir-9-2,hsa-mir-19a,hsa-mir-328,hsa-mir-92a-2"
Disease,Peritoneal Dialysis Failure,17,0.5483871,4.96060084,1.42E-09,9.94E-07,2.81E-08,"hsa-mir-193a,hsa-mir-148a,hsa-mir-136,hsa-mir-26b,hsa-mir-15b,hsa-mir-129-1,hsa-let-7d,hsa-mir-152,hsa-mir-129-2,hsa-mir-30b,hsa-mir-335,hsa-mir-589,hsa-mir-21,hsa-mir-223,hsa-mir-15a,hsa-mir-142,hsa-mir-192"
Disease,Choriocarcinoma,24,0.4,3.61832061,1.83E-09,1.28E-06,3.56E-08,"hsa-mir-203a,hsa-mir-215,hsa-mir-200c,hsa-mir-20a,hsa-mir-126,hsa-mir-106a,hsa-mir-429,hsa-mir-17,hsa-mir-92a-1,hsa-mir-203b,hsa-mir-16-1,hsa-mir-152,hsa-mir-16-2,hsa-mir-199b,hsa-mir-145,hsa-mir-10b,hsa-mir-196a-2,hsa-mir-21,hsa-mir-182,hsa-mir-223,hsa-mir-183,hsa-mir-92a-2,hsa-mir-192,hsa-mir-143"
Disease,"Leukemia-Lymphoma, Adult T-Cell",9,1,9.04580153,1.92E-09,1.34E-06,3.67E-08,"hsa-mir-223,hsa-mir-19b-1,hsa-mir-17,hsa-mir-92a-1,hsa-mir-92a-2,hsa-mir-145,hsa-mir-20a,hsa-mir-150,hsa-mir-19b-2"
Disease,Autoimmune Diseases [unspecific],18,0.5,4.52290076,3.24E-09,2.27E-06,6.10E-08,"hsa-mir-125a,hsa-mir-199a-2,hsa-mir-301a,hsa-mir-200c,hsa-mir-126,hsa-mir-106a,hsa-mir-181a-1,hsa-mir-92a-1,hsa-mir-23a,hsa-mir-98,hsa-mir-30b,hsa-mir-10a,hsa-mir-21,hsa-mir-223,hsa-mir-199a-1,hsa-mir-142,hsa-mir-92a-2,hsa-mir-150"
Disease,Crohn Disease,17,0.51515152,4.65995836,5.15E-09,3.60E-06,9.54E-08,"hsa-let-7b,hsa-mir-19b-1,hsa-mir-29c,hsa-mir-301a,hsa-mir-423,hsa-let-7d,hsa-mir-19b-2,hsa-mir-29b-2,hsa-mir-29b-1,hsa-mir-361,hsa-mir-196a-2,hsa-mir-21,hsa-mir-196b,hsa-mir-141,hsa-mir-142,hsa-mir-19a,hsa-mir-192"
Disease,Asthma,19,0.46341463,4.19195681,5.80E-09,4.06E-06,1.06E-07,"hsa-let-7b,hsa-mir-708,hsa-mir-9-1,hsa-mir-200c,hsa-mir-126,hsa-mir-148a,hsa-let-7f-1,hsa-let-7f-2,hsa-let-7d,hsa-mir-22,hsa-mir-152,hsa-mir-140,hsa-mir-145,hsa-mir-196a-2,hsa-mir-21,hsa-mir-9-3,hsa-mir-9-2,hsa-mir-19a,hsa-mir-143"
Disease,Osteoarthritis,19,0.46341463,4.19195681,5.80E-09,4.06E-06,1.06E-07,"hsa-mir-199a-2,hsa-mir-139,hsa-mir-24-1,hsa-mir-9-1,hsa-mir-148a,hsa-mir-26b,hsa-mir-181a-1,hsa-mir-23a,hsa-mir-98,hsa-mir-335,hsa-mir-30b,hsa-mir-140,hsa-mir-24-2,hsa-mir-145,hsa-mir-21,hsa-mir-9-3,hsa-mir-199a-1,hsa-mir-9-2,hsa-mir-15a"
Disease,Rheumatoid Arthritis,22,0.40740741,3.68532655,6.39E-09,4.47E-06,1.13E-07,"hsa-mir-125a,hsa-mir-24-1,hsa-mir-203a,hsa-mir-9-1,hsa-mir-126,hsa-mir-106a,hsa-mir-26b,hsa-mir-17,hsa-mir-92a-1,hsa-mir-203b,hsa-mir-23a,hsa-mir-98,hsa-mir-22,hsa-mir-16-1,hsa-mir-16-2,hsa-mir-451a,hsa-mir-24-2,hsa-mir-21,hsa-mir-223,hsa-mir-9-3,hsa-mir-9-2,hsa-mir-92a-2"
Disease,"Squamous Cell Carcinoma, Lung",14,0.60869565,5.50614006,7.24E-09,5.06E-06,1.26E-07,"hsa-mir-19b-1,hsa-mir-29c,hsa-mir-20a,hsa-mir-126,hsa-mir-98,hsa-mir-29b-2,hsa-mir-19b-2,hsa-mir-30b,hsa-mir-29b-1,hsa-mir-21,hsa-mir-182,hsa-mir-183,hsa-mir-375,hsa-mir-19a"
Disease,Cerebral Aneurysm,13,0.65,5.87977099,8.29E-09,5.79E-06,1.40E-07,"hsa-mir-1-1,hsa-mir-24-1,hsa-mir-9-2,hsa-mir-29b-1,hsa-mir-9-3,hsa-mir-1-2,hsa-mir-92a-1,hsa-mir-29c,hsa-mir-9-1,hsa-mir-92a-2,hsa-mir-145,hsa-mir-29b-2,hsa-mir-143"
Disease,Systemic Lupus Erythematosus,22,0.4,3.61832061,9.68E-09,6.77E-06,1.62E-07,"hsa-mir-29c,hsa-mir-126,hsa-mir-148a,hsa-mir-181a-1,hsa-mir-17,hsa-mir-15b,hsa-mir-98,hsa-let-7d,hsa-mir-16-1,hsa-mir-152,hsa-mir-324,hsa-mir-335,hsa-mir-16-2,hsa-mir-326,hsa-mir-10a,hsa-mir-145,hsa-mir-196a-2,hsa-mir-21,hsa-mir-223,hsa-mir-142,hsa-mir-328,hsa-mir-150"
Disease,Vascular Diseases [unspecific],15,0.55555556,5.02544529,1.15E-08,8.04E-06,1.89E-07,"hsa-mir-125a,hsa-mir-20a,hsa-mir-126,hsa-mir-181a-1,hsa-mir-17,hsa-mir-15b,hsa-mir-23a,hsa-mir-22,hsa-mir-16-1,hsa-mir-16-2,hsa-mir-145,hsa-mir-196a-2,hsa-mir-21,hsa-mir-19a,hsa-mir-143"
Disease,Prolactinoma,11,0.73333333,6.63358779,1.89E-08,1.32E-05,3.02E-07,"hsa-mir-136,hsa-mir-17,hsa-mir-486-2,hsa-mir-92a-1,hsa-mir-451a,hsa-mir-486-1,hsa-mir-142,hsa-mir-144,hsa-mir-92a-2,hsa-mir-22,hsa-mir-126"
Disease,"Leukemia, Myeloid",12,0.66666667,6.03053435,2.16E-08,1.51E-05,3.41E-07,"hsa-mir-150,hsa-mir-20a,hsa-mir-139,hsa-mir-19b-1,hsa-mir-17,hsa-mir-486-2,hsa-mir-92a-1,hsa-mir-486-1,hsa-mir-23a,hsa-mir-19a,hsa-mir-92a-2,hsa-mir-19b-2"
Disease,Gastrointestinal Neoplasms,27,0.32926829,2.97849562,2.42E-08,1.69E-05,3.77E-07,"hsa-mir-150,hsa-mir-139,hsa-mir-24-1,hsa-mir-9-1,hsa-mir-126,hsa-mir-106a,hsa-mir-200c,hsa-mir-148a,hsa-mir-20a,hsa-mir-17,hsa-mir-129-1,hsa-mir-98,hsa-mir-152,hsa-mir-129-2,hsa-mir-335,hsa-mir-451a,hsa-mir-24-2,hsa-mir-9-3,hsa-mir-145,hsa-mir-378a,hsa-mir-196a-2,hsa-mir-21,hsa-mir-141,hsa-mir-223,hsa-mir-9-2,hsa-mir-375,hsa-mir-19a"
Disease,Chronic Kidney Disease,16,0.5,4.52290076,2.68E-08,1.87E-05,4.12E-07,"hsa-mir-29c,hsa-mir-20a,hsa-mir-126,hsa-mir-26b,hsa-mir-17,hsa-mir-423,hsa-mir-15b,hsa-mir-29b-2,hsa-mir-30b,hsa-mir-29b-1,hsa-mir-374a,hsa-mir-21,hsa-mir-15a,hsa-mir-19a,hsa-mir-150,hsa-mir-143"
Disease,Pleural Mesothelioma,16,0.5,4.52290076,2.68E-08,1.87E-05,4.12E-07,"hsa-mir-125a,hsa-mir-193a,hsa-mir-126,hsa-mir-26b,hsa-mir-379,hsa-mir-23a,hsa-mir-16-1,hsa-mir-335,hsa-mir-16-2,hsa-mir-652,hsa-mir-30e,hsa-mir-145,hsa-mir-21,hsa-mir-223,hsa-mir-484,hsa-mir-143"
Disease,"Carcinoma, Renal Cell, Clear-Cell",22,0.37931034,3.4311661,3.14E-08,2.19E-05,4.71E-07,"hsa-mir-199a-2,hsa-mir-9-1,hsa-mir-126,hsa-mir-136,hsa-mir-101-2,hsa-mir-429,hsa-mir-22,hsa-mir-335,hsa-mir-1-1,hsa-mir-101-1,hsa-mir-145,hsa-mir-10b,hsa-mir-21,hsa-mir-141,hsa-mir-223,hsa-mir-9-3,hsa-mir-199a-1,hsa-mir-424,hsa-mir-9-2,hsa-mir-142,hsa-mir-19a,hsa-mir-452"
Disease,"Leukemia, Lymphocytic, Chronic",18,0.43902439,3.9713275,4.44E-08,3.11E-05,6.50E-07,"hsa-mir-708,hsa-mir-29c,hsa-mir-9-1,hsa-mir-181a-1,hsa-mir-17,hsa-mir-15b,hsa-mir-22,hsa-mir-16-1,hsa-mir-29b-2,hsa-mir-16-2,hsa-mir-29b-1,hsa-mir-21,hsa-mir-9-3,hsa-mir-223,hsa-mir-9-2,hsa-mir-15a,hsa-mir-150,hsa-mir-143"
Disease,Preeclampsia,25,0.33783784,3.05601403,4.91E-08,3.43E-05,7.09E-07,"hsa-let-7b,hsa-mir-135b,hsa-mir-203a,hsa-mir-582,hsa-mir-301a,hsa-mir-126,hsa-mir-106a,hsa-mir-101-2,hsa-mir-181a-1,hsa-mir-17,hsa-mir-26b,hsa-mir-203b,hsa-mir-98,hsa-mir-22,hsa-mir-152,hsa-mir-29b-2,hsa-mir-335,hsa-mir-29b-1,hsa-mir-101-1,hsa-mir-182,hsa-mir-21,hsa-mir-223,hsa-mir-92b,hsa-mir-197,hsa-mir-142"
Disease,Chronic Hepatitis,9,0.81818182,7.40111034,8.68E-08,6.07E-05,1.22E-06,"hsa-mir-199a-2,hsa-mir-101-2,hsa-mir-199a-1,hsa-mir-203a,hsa-mir-215,hsa-mir-101-1,hsa-mir-145,hsa-mir-126,hsa-mir-143"
Disease,"Adenocarcinoma, Colon",13,0.56521739,5.11284434,9.11E-08,6.37E-05,1.27E-06,"hsa-mir-24-1,hsa-mir-135b,hsa-mir-96,hsa-mir-429,hsa-mir-16-1,hsa-mir-30b,hsa-mir-16-2,hsa-mir-24-2,hsa-mir-30e,hsa-mir-145,hsa-mir-21,hsa-mir-182,hsa-mir-552"
Disease,"Squamous Cell Carcinoma, Tongue",14,0.51851852,4.69041561,1.20E-07,8.39E-05,1.65E-06,"hsa-mir-24-1,hsa-mir-203a,hsa-mir-96,hsa-mir-26b,hsa-mir-15b,hsa-mir-203b,hsa-mir-23a,hsa-mir-29b-2,hsa-mir-29b-1,hsa-mir-24-2,hsa-mir-21,hsa-mir-183,hsa-mir-424,hsa-mir-375"
Disease,Cholangiocarcinoma,16,0.45714286,4.13522356,1.35E-07,9.43E-05,1.82E-06,"hsa-mir-203a,hsa-mir-96,hsa-mir-200c,hsa-mir-106a,hsa-mir-26b,hsa-mir-429,hsa-mir-203b,hsa-mir-29b-2,hsa-mir-1-1,hsa-mir-29b-1,hsa-mir-21,hsa-mir-141,hsa-mir-1-2,hsa-mir-144,hsa-mir-192,hsa-mir-150"
Disease,"Leukemia, B-Cell",10,0.71428571,6.4612868,1.35E-07,9.40E-05,1.83E-06,"hsa-mir-20a,hsa-mir-19b-1,hsa-mir-17,hsa-mir-15a,hsa-mir-92a-1,hsa-mir-142,hsa-mir-19a,hsa-mir-92a-2,hsa-mir-16-1,hsa-mir-19b-2"
Disease,"Lymphoma, B-Cell",13,0.54166667,4.89980916,1.80E-07,0.000126,2.40E-06,"hsa-mir-150,hsa-mir-19b-1,hsa-mir-20a,hsa-mir-26b,hsa-mir-17,hsa-mir-92a-1,hsa-mir-22,hsa-mir-19b-2,hsa-mir-30e,hsa-mir-15a,hsa-mir-92b,hsa-mir-142,hsa-mir-92a-2"
Disease,"Carcinoma, Laryngeal",22,0.34920635,3.15885133,1.82E-07,0.000127,2.39E-06,"hsa-mir-486-2,hsa-mir-29c,hsa-mir-9-1,hsa-mir-20a,hsa-mir-101-2,hsa-mir-423,hsa-mir-486-1,hsa-mir-152,hsa-mir-29b-2,hsa-mir-1-1,hsa-mir-30b,hsa-mir-29b-1,hsa-mir-101-1,hsa-mir-10a,hsa-mir-378a,hsa-mir-10b,hsa-mir-196a-2,hsa-mir-9-3,hsa-mir-9-2,hsa-mir-1-2,hsa-mir-375,hsa-mir-144"
Disease,Colon Adenoma,12,0.57142857,5.16902944,2.54E-07,0.000178,3.31E-06,"hsa-mir-125a,hsa-mir-24-1,hsa-mir-16-2,hsa-mir-15b,hsa-mir-15a,hsa-mir-24-2,hsa-mir-145,hsa-mir-378a,hsa-mir-192,hsa-mir-21,hsa-mir-16-1,hsa-mir-182"
Disease,Epstein-Barr Virus Infection,11,0.61111111,5.52798982,3.28E-07,0.000229,4.22E-06,"hsa-mir-183,hsa-mir-9-2,hsa-mir-15a,hsa-mir-15b,hsa-mir-9-3,hsa-mir-142,hsa-mir-9-1,hsa-mir-10a,hsa-mir-96,hsa-mir-10b,hsa-mir-182"
Disease,Bladder Neoplasms,16,0.43243243,3.91169796,3.52E-07,0.000246,4.48E-06,"hsa-mir-203a,hsa-mir-708,hsa-mir-9-1,hsa-mir-101-2,hsa-mir-203b,hsa-mir-1-1,hsa-mir-29b-1,hsa-mir-199b,hsa-mir-101-1,hsa-mir-145,hsa-mir-21,hsa-mir-9-3,hsa-mir-9-2,hsa-mir-1-2,hsa-mir-328,hsa-mir-143"
Disease,Stroke,16,0.43243243,3.91169796,3.52E-07,0.000246,4.48E-06,"hsa-let-7b,hsa-mir-20a,hsa-mir-26b,hsa-mir-181a-1,hsa-mir-374b,hsa-mir-22,hsa-mir-16-1,hsa-mir-29b-2,hsa-mir-30b,hsa-mir-16-2,hsa-mir-29b-1,hsa-mir-30e,hsa-mir-145,hsa-mir-21,hsa-mir-19a,hsa-mir-150"
Disease,Glaucoma,14,0.48275862,4.36693867,3.81E-07,0.000266,4.75E-06,"hsa-mir-24-1,hsa-mir-29c,hsa-mir-450b,hsa-mir-22,hsa-mir-16-1,hsa-mir-29b-2,hsa-mir-16-2,hsa-mir-29b-1,hsa-mir-451a,hsa-mir-24-2,hsa-mir-21,hsa-mir-182,hsa-mir-19a,hsa-mir-144"
Disease,"Adenocarcinoma, Gastric",16,0.42105263,3.80875854,5.51E-07,0.000385,6.80E-06,"hsa-mir-203a,hsa-mir-486-2,hsa-mir-96,hsa-mir-20a,hsa-mir-193a,hsa-mir-106a,hsa-mir-17,hsa-mir-486-1,hsa-mir-203b,hsa-mir-23a,hsa-mir-16-1,hsa-mir-145,hsa-mir-21,hsa-mir-223,hsa-mir-15a,hsa-mir-143"
Disease,"Lymphoma, T-Cell",13,0.5,4.52290076,6.16E-07,0.000431,7.53E-06,"hsa-mir-19b-1,hsa-mir-20a,hsa-mir-181a-1,hsa-mir-17,hsa-mir-92a-1,hsa-mir-16-1,hsa-mir-19b-2,hsa-mir-16-2,hsa-mir-145,hsa-mir-21,hsa-mir-223,hsa-mir-142,hsa-mir-92a-2"
Disease,Influenza,13,0.5,4.52290076,6.16E-07,0.000431,7.53E-06,"hsa-let-7b,hsa-mir-24-1,hsa-mir-29c,hsa-mir-20a,hsa-mir-126,hsa-mir-106a,hsa-mir-17,hsa-mir-30b,hsa-mir-24-2,hsa-mir-30e,hsa-mir-144,hsa-mir-192,hsa-mir-150"
Disease,Myocardial Infarction,19,0.36538462,3.30519671,6.22E-07,0.000435,7.45E-06,"hsa-mir-29c,hsa-mir-126,hsa-mir-106a,hsa-mir-26b,hsa-mir-660,hsa-mir-23a,hsa-mir-22,hsa-mir-16-1,hsa-mir-29b-2,hsa-mir-1-1,hsa-mir-16-2,hsa-mir-29b-1,hsa-mir-451a,hsa-mir-196a-2,hsa-mir-21,hsa-mir-424,hsa-mir-1-2,hsa-mir-144,hsa-mir-150"
Disease,"Leukemia, Myeloid, Chronic",22,0.32835821,2.97026319,6.36E-07,0.000445,7.54E-06,"hsa-let-7b,hsa-mir-9-1,hsa-mir-126,hsa-mir-181a-1,hsa-mir-17,hsa-mir-423,hsa-mir-23a,hsa-let-7d,hsa-mir-22,hsa-mir-16-1,hsa-mir-140,hsa-mir-16-2,hsa-mir-199b,hsa-mir-145,hsa-mir-378a,hsa-mir-21,hsa-mir-196b,hsa-mir-9-3,hsa-mir-9-2,hsa-mir-424,hsa-mir-142,hsa-mir-328"
Disease,Medulloblastoma,14,0.46666667,4.22137405,6.48E-07,0.000453,7.60E-06,"hsa-mir-125a,hsa-mir-19b-1,hsa-mir-135b,hsa-mir-9-1,hsa-let-7f-1,hsa-mir-17,hsa-mir-22,hsa-mir-19b-2,hsa-mir-199b,hsa-mir-10b,hsa-mir-9-3,hsa-mir-9-2,hsa-mir-19a,hsa-mir-192"
Disease,Alzheimer's Disease,28,0.28,2.53282443,6.62E-07,0.000463,7.70E-06,"hsa-mir-9-1,hsa-mir-200c,hsa-mir-181a-1,hsa-let-7d,hsa-mir-29b-1,hsa-mir-101-1,hsa-mir-9-2,hsa-mir-375,hsa-mir-29b-2,hsa-mir-10a,hsa-mir-15a,hsa-mir-139,hsa-mir-708,hsa-mir-29c,hsa-mir-136,hsa-mir-26b,hsa-mir-101-2,hsa-mir-98,hsa-mir-143,hsa-mir-301a,hsa-mir-20a,hsa-mir-153-2,hsa-mir-17,hsa-mir-15b,hsa-mir-766,hsa-mir-21,hsa-mir-9-3,hsa-mir-142"
Disease,Aplastic Anemia,8,0.8,7.23664122,6.80E-07,0.000475,7.83E-06,"hsa-mir-223,hsa-mir-1-1,hsa-mir-199a-2,hsa-mir-199a-1,hsa-mir-1-2,hsa-mir-145,hsa-mir-150,hsa-mir-126"
Disease,Essential Hypertension,11,0.57894737,5.23704299,7.05E-07,0.000493,8.04E-06,"hsa-mir-590,hsa-mir-1-1,hsa-mir-26b,hsa-mir-9-2,hsa-mir-361,hsa-mir-9-3,hsa-mir-1-2,hsa-mir-9-1,hsa-mir-98,hsa-mir-21,hsa-mir-126"
Disease,"Lymphoma, Burkitt's",9,0.69230769,6.26247798,9.27E-07,0.000648,1.05E-05,"hsa-mir-101-2,hsa-mir-29b-1,hsa-mir-101-1,hsa-mir-197,hsa-mir-29c,hsa-mir-145,hsa-mir-150,hsa-mir-29b-2,hsa-mir-143"
Disease,Hemophagocytic Lymphohistiocytosis,7,0.875,7.91507634,1.27E-06,0.000886,1.42E-05,"hsa-mir-223,hsa-mir-423,hsa-mir-142,hsa-mir-19a,hsa-mir-144,hsa-mir-21,hsa-mir-143"
Disease,Fibromyalgia,6,1,9.04580153,1.65E-06,0.00115,1.82E-05,"hsa-mir-223,hsa-mir-338,hsa-mir-451a,hsa-mir-145,hsa-mir-21,hsa-mir-143"
Disease,Chronic Hepatitis B,14,0.4375,3.95753817,1.72E-06,0.00121,1.89E-05,"hsa-mir-125a,hsa-mir-29c,hsa-mir-200c,hsa-mir-106a,hsa-mir-181a-1,hsa-mir-98,hsa-mir-29b-2,hsa-mir-574,hsa-mir-30b,hsa-mir-29b-1,hsa-mir-10a,hsa-mir-196a-2,hsa-mir-15a,hsa-mir-192"
Disease,"Leukemia, Lymphoblastic, Acute",12,0.5,4.52290076,1.74E-06,0.00122,1.89E-05,"hsa-let-7b,hsa-mir-708,hsa-mir-20a,hsa-mir-181a-1,hsa-mir-17,hsa-mir-16-1,hsa-mir-16-2,hsa-mir-196a-2,hsa-mir-196b,hsa-mir-15a,hsa-mir-142,hsa-mir-150"
Disease,"Adenocarcinoma, Pancreatic Ductal",22,0.30985915,2.80292442,1.98E-06,0.00139,2.13E-05,"hsa-mir-96,hsa-mir-301a,hsa-mir-337,hsa-mir-200c,hsa-mir-106a,hsa-mir-148a,hsa-mir-153-2,hsa-mir-429,hsa-mir-23a,hsa-mir-326,hsa-mir-145,hsa-mir-10a,hsa-mir-10b,hsa-mir-196a-2,hsa-mir-141,hsa-mir-196b,hsa-mir-21,hsa-mir-183,hsa-mir-378a,hsa-mir-15a,hsa-mir-375,hsa-mir-143"
Disease,ACTH-Secreting Pituitary Adenoma,8,0.72727273,6.57876475,2.26E-06,0.00158,2.42E-05,"hsa-mir-16-1,hsa-mir-16-2,hsa-mir-15a,hsa-mir-145,hsa-mir-21,hsa-mir-150,hsa-mir-141,hsa-mir-143"
Disease,Kidney Transplant Rejection,8,0.72727273,6.57876475,2.26E-06,0.00158,2.42E-05,"hsa-mir-338,hsa-mir-423,hsa-mir-486-2,hsa-mir-486-1,hsa-mir-142,hsa-mir-192,hsa-mir-21,hsa-mir-150"
Disease,Aortic Aneurysm,8,0.72727273,6.57876475,2.26E-06,0.00158,2.42E-05,"hsa-mir-1-1,hsa-mir-29b-1,hsa-mir-1-2,hsa-mir-22,hsa-mir-145,hsa-mir-378a,hsa-mir-29b-2,hsa-mir-143"
Disease,"Carcinoma, Thyroid, Papillary",19,0.33928571,3.06911123,2.34E-06,0.00164,2.44E-05,"hsa-let-7b,hsa-mir-135b,hsa-mir-9-1,hsa-mir-96,hsa-mir-126,hsa-mir-181a-1,hsa-mir-140,hsa-mir-199b,hsa-mir-451a,hsa-mir-10a,hsa-mir-21,hsa-mir-182,hsa-mir-9-3,hsa-mir-183,hsa-mir-9-2,hsa-mir-197,hsa-mir-375,hsa-mir-144,hsa-mir-192"
Disease,Allergy,11,0.52380952,4.73827699,2.70E-06,0.00189,2.79E-05,"hsa-mir-223,hsa-mir-301a,hsa-mir-22,hsa-mir-142,hsa-mir-375,hsa-mir-145,hsa-mir-452,hsa-mir-21,hsa-mir-150,hsa-mir-126,hsa-mir-106a"
Disease,"Leukemia, Lymphoblastic",11,0.52380952,4.73827699,2.70E-06,0.00189,2.79E-05,"hsa-mir-223,hsa-mir-16-2,hsa-mir-181a-1,hsa-mir-17,hsa-mir-29b-1,hsa-mir-29b-2,hsa-mir-29c,hsa-mir-374b,hsa-mir-22,hsa-mir-16-1,hsa-mir-126"
Disease,"Carcinoma, Lung, Small-Cell",11,0.52380952,4.73827699,2.70E-06,0.00189,2.79E-05,"hsa-mir-125a,hsa-mir-30b,hsa-mir-324,hsa-mir-24-1,hsa-mir-181a-1,hsa-mir-29b-1,hsa-mir-335,hsa-mir-29b-2,hsa-mir-24-2,hsa-mir-30e,hsa-mir-92a-2"
Disease,Respiratory Syncytial Virus Pneumonia,10,0.55555556,5.02544529,3.97E-06,0.00278,3.95E-05,"hsa-mir-125a,hsa-mir-26b,hsa-mir-24-1,hsa-mir-16-2,hsa-mir-429,hsa-mir-203a,hsa-mir-24-2,hsa-mir-29c,hsa-let-7d,hsa-mir-16-1"
Disease,Rhabdomyosarcoma,10,0.55555556,5.02544529,3.97E-06,0.00278,3.95E-05,"hsa-mir-1-1,hsa-let-7b,hsa-mir-9-2,hsa-mir-203a,hsa-mir-1-2,hsa-mir-203b,hsa-mir-9-1,hsa-mir-22,hsa-mir-9-3,hsa-mir-378a"
Disease,"Leukemia, Lymphocytic, Chronic, B-Cell",14,0.41176471,3.72474181,4.18E-06,0.00292,4.10E-05,"hsa-mir-29c,hsa-mir-148a,hsa-mir-181a-1,hsa-mir-15b,hsa-mir-92a-1,hsa-mir-22,hsa-mir-16-1,hsa-mir-29b-2,hsa-mir-16-2,hsa-mir-29b-1,hsa-mir-21,hsa-mir-223,hsa-mir-15a,hsa-mir-92a-2"
Disease,"Carcinoma, Adrenocortical",13,0.43333333,3.91984733,4.79E-06,0.00335,4.65E-05,"hsa-let-7b,hsa-mir-139,hsa-mir-203a,hsa-mir-126,hsa-mir-203b,hsa-let-7d,hsa-mir-16-1,hsa-mir-335,hsa-mir-16-2,hsa-mir-145,hsa-mir-375,hsa-mir-192,hsa-mir-484"
Disease,Acute Coronary Syndrome,11,0.5,4.52290076,4.90E-06,0.00343,4.72E-05,"hsa-mir-125a,hsa-mir-486-2,hsa-mir-15b,hsa-mir-92a-1,hsa-mir-486-1,hsa-mir-652,hsa-mir-21,hsa-mir-223,hsa-mir-15a,hsa-mir-92b,hsa-mir-92a-2"
Disease,Lung Fibrosis,11,0.5,4.52290076,4.90E-06,0.00343,4.72E-05,"hsa-mir-19b-1,hsa-mir-486-2,hsa-mir-26b,hsa-mir-153-2,hsa-mir-1343,hsa-mir-486-1,hsa-let-7d,hsa-mir-19b-2,hsa-mir-326,hsa-mir-21,hsa-mir-19a"
Disease,"Lymphoma, Hodgkin",11,0.5,4.52290076,4.90E-06,0.00343,4.72E-05,"hsa-mir-24-1,hsa-mir-9-1,hsa-mir-96,hsa-mir-20a,hsa-mir-17,hsa-mir-16-1,hsa-mir-16-2,hsa-mir-24-2,hsa-mir-21,hsa-mir-9-3,hsa-mir-9-2"
Disease,Intrahepatic Cholangiocarcinoma,11,0.5,4.52290076,4.90E-06,0.00343,4.72E-05,"hsa-mir-338,hsa-mir-96,hsa-mir-193a,hsa-mir-101-2,hsa-mir-1-1,hsa-mir-652,hsa-mir-101-1,hsa-mir-199b,hsa-mir-145,hsa-mir-1-2,hsa-mir-150"
Disease,Hypertension,15,0.38461538,3.47915443,5.12E-06,0.00358,4.74E-05,"hsa-mir-199a-2,hsa-let-7b,hsa-mir-139,hsa-mir-24-1,hsa-mir-135b,hsa-mir-17,hsa-mir-15b,hsa-mir-98,hsa-mir-1-1,hsa-mir-24-2,hsa-mir-196a-2,hsa-mir-21,hsa-mir-199a-1,hsa-mir-15a,hsa-mir-1-2"
Disease,Esophageal Neoplasms,7,0.77777778,7.03562341,5.18E-06,0.00362,4.76E-05,"hsa-mir-203a,hsa-mir-92a-1,hsa-mir-203b,hsa-mir-145,hsa-mir-21,hsa-mir-141,hsa-mir-143"
Disease,Retinal Degeneration,7,0.77777778,7.03562341,5.18E-06,0.00362,4.76E-05,"hsa-mir-125a,hsa-mir-183,hsa-mir-1-1,hsa-mir-1-2,hsa-mir-142,hsa-mir-96,hsa-mir-182"
Disease,"Lymphoma, Large-Cell, Anaplastic",8,0.66666667,6.03053435,6.16E-06,0.0043,5.53E-05,"hsa-mir-101-2,hsa-mir-17,hsa-mir-135b,hsa-mir-708,hsa-mir-101-1,hsa-mir-92a-1,hsa-mir-92a-2,hsa-mir-150"
Disease,Chronic Hepatitis C,14,0.38888889,3.5178117,9.37E-06,0.00655,8.35E-05,"hsa-mir-199a-2,hsa-mir-24-1,hsa-mir-17,hsa-mir-23a,hsa-mir-16-1,hsa-mir-324,hsa-mir-1-1,hsa-mir-30b,hsa-mir-16-2,hsa-mir-24-2,hsa-mir-196a-2,hsa-mir-196b,hsa-mir-199a-1,hsa-mir-1-2"
Disease,Acute Myocardial Infarction,16,0.34782609,3.14636575,1.12E-05,0.00783,9.76E-05,"hsa-mir-486-2,hsa-mir-126,hsa-mir-26b,hsa-mir-181a-1,hsa-mir-423,hsa-mir-92a-1,hsa-mir-486-1,hsa-mir-1-1,hsa-mir-145,hsa-mir-21,hsa-mir-1-2,hsa-mir-19a,hsa-mir-144,hsa-mir-328,hsa-mir-92a-2,hsa-mir-150"
Disease,Hepatitis B Virus Infection,20,0.29850746,2.70023926,1.18E-05,0.00826,0.000102,"hsa-mir-125a,hsa-mir-24-1,hsa-mir-203a,hsa-mir-215,hsa-mir-29c,hsa-mir-126,hsa-mir-26b,hsa-mir-181a-1,hsa-mir-15b,hsa-mir-22,hsa-mir-29b-2,hsa-mir-29b-1,hsa-mir-542,hsa-mir-24-2,hsa-mir-374a,hsa-mir-196a-2,hsa-mir-141,hsa-mir-21,hsa-mir-15a,hsa-mir-143"
Disease,Kidney Injury,12,0.42857143,3.87677208,1.32E-05,0.00923,0.000113,"hsa-mir-24-1,hsa-mir-200c,hsa-mir-20a,hsa-mir-126,hsa-mir-423,hsa-mir-30b,hsa-mir-24-2,hsa-mir-30e,hsa-mir-21,hsa-mir-182,hsa-mir-192,hsa-mir-150"
Disease,"Squamous Cell Carcinoma, Laryngeal or Hypopharyngeal",12,0.42857143,3.87677208,1.32E-05,0.00923,0.000113,"hsa-mir-139,hsa-mir-203a,hsa-mir-148a,hsa-mir-203b,hsa-mir-23a,hsa-mir-140,hsa-mir-451a,hsa-mir-21,hsa-mir-504,hsa-mir-15a,hsa-mir-375,hsa-mir-19a"
Disease,HIV-Associated Lipodystrophy,12,0.42857143,3.87677208,1.32E-05,0.00923,0.000113,"hsa-mir-125a,hsa-mir-199a-2,hsa-mir-24-1,hsa-mir-454,hsa-mir-374b,hsa-let-7d,hsa-mir-24-2,hsa-mir-196b,hsa-mir-199a-1,hsa-mir-628,hsa-mir-452,hsa-mir-374a"
Disease,Cardiomyopathy,11,0.45833333,4.14599237,1.42E-05,0.00996,0.00012,"hsa-mir-29c,hsa-mir-9-1,hsa-mir-200c,hsa-mir-29b-2,hsa-mir-30b,hsa-mir-29b-1,hsa-mir-451a,hsa-mir-30e,hsa-mir-21,hsa-mir-9-3,hsa-mir-9-2"
Disease,Spinal Cord Injuries,8,0.61538462,5.56664709,1.45E-05,0.0102,0.000121,"hsa-mir-16-2,hsa-mir-29b-1,hsa-mir-23a,hsa-mir-142,hsa-mir-145,hsa-mir-21,hsa-mir-16-1,hsa-mir-29b-2"
Disease,Human Immunodeficiency Virus Infection,16,0.34042553,3.0794218,1.54E-05,0.0108,0.000128,"hsa-let-7b,hsa-mir-29c,hsa-mir-126,hsa-mir-181a-1,hsa-mir-17,hsa-mir-92a-1,hsa-let-7d,hsa-mir-29b-2,hsa-mir-29b-1,hsa-mir-196a-2,hsa-mir-196b,hsa-mir-21,hsa-mir-223,hsa-mir-183,hsa-mir-92a-2,hsa-mir-150"
Disease,Multiple Sclerosis,16,0.34042553,3.0794218,1.54E-05,0.0108,0.000128,"hsa-mir-369,hsa-mir-96,hsa-mir-20a,hsa-mir-17,hsa-mir-15b,hsa-mir-92a-1,hsa-mir-23a,hsa-mir-16-1,hsa-mir-16-2,hsa-mir-326,hsa-mir-145,hsa-mir-141,hsa-mir-223,hsa-mir-197,hsa-mir-142,hsa-mir-92a-2"
Disease,Uterine Leiomyoma,5,1,9.04580153,1.54E-05,0.0108,0.000126,"hsa-mir-29b-1,hsa-mir-29c,hsa-mir-15b,hsa-mir-29b-2,hsa-mir-197"
Disease,"Carcinoma, Endometrial",18,0.31034483,2.80731772,1.88E-05,0.0131,0.000151,"hsa-let-7b,hsa-mir-135b,hsa-mir-203a,hsa-mir-200c,hsa-mir-181a-1,hsa-mir-429,hsa-mir-203b,hsa-let-7d,hsa-mir-29b-2,hsa-mir-1-1,hsa-mir-29b-1,hsa-mir-145,hsa-mir-10b,hsa-mir-196a-2,hsa-mir-182,hsa-mir-141,hsa-mir-424,hsa-mir-1-2"
Disease,"Squamous Cell Carcinoma, Head and Neck",16,0.33333333,3.01526718,2.09E-05,0.0146,0.000166,"hsa-mir-24-1,hsa-mir-29c,hsa-mir-582,hsa-mir-200c,hsa-mir-106a,hsa-mir-15b,hsa-mir-1-1,hsa-mir-24-2,hsa-mir-196a-2,hsa-mir-21,hsa-mir-182,hsa-mir-141,hsa-mir-424,hsa-mir-1-2,hsa-mir-375,hsa-mir-150"
Disease,Allergic Rhinitis,10,0.47619048,4.30752454,2.38E-05,0.0167,0.000187,"hsa-mir-20a,hsa-mir-19b-1,hsa-mir-17,hsa-mir-92a-1,hsa-mir-19b-2,hsa-mir-19a,hsa-mir-92a-2,hsa-mir-196a-2,hsa-mir-126,hsa-mir-143"
Disease,Human Papilloma Virus Infection,13,0.38235294,3.45868882,2.50E-05,0.0175,0.000195,"hsa-mir-24-1,hsa-mir-203a,hsa-mir-96,hsa-mir-20a,hsa-mir-17,hsa-mir-203b,hsa-mir-24-2,hsa-mir-145,hsa-mir-196a-2,hsa-mir-21,hsa-mir-15a,hsa-mir-150,hsa-mir-143"
Disease,Sepsis,13,0.38235294,3.45868882,2.50E-05,0.0175,0.000195,"hsa-mir-486-2,hsa-mir-126,hsa-mir-486-1,hsa-mir-574,hsa-mir-145,hsa-mir-182,hsa-mir-21,hsa-mir-223,hsa-mir-15a,hsa-mir-375,hsa-mir-19a,hsa-mir-150,hsa-mir-143"
Disease,"Stroke, Ischemic",13,0.38235294,3.45868882,2.50E-05,0.0175,0.000195,"hsa-mir-199a-2,hsa-let-7b,hsa-mir-126,hsa-let-7f-1,hsa-let-7f-2,hsa-mir-16-1,hsa-mir-16-2,hsa-mir-199b,hsa-mir-196a-2,hsa-mir-223,hsa-mir-199a-1,hsa-mir-144,hsa-mir-150"
Disease,Retinoblastoma,15,0.33333333,3.01526718,3.89E-05,0.0272,0.000298,"hsa-mir-125a,hsa-let-7b,hsa-mir-19b-1,hsa-mir-215,hsa-mir-20a,hsa-let-7f-1,hsa-let-7f-2,hsa-mir-101-2,hsa-mir-181a-1,hsa-mir-17,hsa-let-7d,hsa-mir-19b-2,hsa-mir-101-1,hsa-mir-21,hsa-mir-183"
Disease,Barrett's Esophagus,7,0.63636364,5.75641915,3.91E-05,0.0274,0.000297,"hsa-mir-203a,hsa-mir-215,hsa-mir-203b,hsa-mir-192,hsa-mir-196a-2,hsa-mir-21,hsa-mir-143"
Disease,"Carcinoma, Thyroid, Medullary",7,0.63636364,5.75641915,3.91E-05,0.0274,0.000297,"hsa-mir-129-2,hsa-mir-197,hsa-mir-375,hsa-mir-129-1,hsa-mir-200c,hsa-mir-21,hsa-mir-182"
Disease,Uveal Melanoma,7,0.63636364,5.75641915,3.91E-05,0.0274,0.000297,"hsa-mir-223,hsa-mir-181a-1,hsa-mir-454,hsa-mir-144,hsa-mir-145,hsa-mir-20a,hsa-mir-21"
Disease,Pulmonary Hypertension,13,0.36111111,3.26653944,5.11E-05,0.0357,0.000376,"hsa-mir-29c,hsa-mir-96,hsa-mir-193a,hsa-mir-17,hsa-mir-23a,hsa-mir-98,hsa-mir-29b-2,hsa-mir-29b-1,hsa-mir-145,hsa-mir-21,hsa-mir-223,hsa-mir-424,hsa-mir-143"
Disease,"Carcinoma, Urothelial",8,0.53333333,4.82442748,5.98E-05,0.0418,0.000437,"hsa-mir-129-2,hsa-mir-183,hsa-mir-101-2,hsa-mir-101-1,hsa-mir-96,hsa-mir-145,hsa-mir-21,hsa-mir-182"
Disease,Ischemia-Reperfusion Injury,10,0.43478261,3.93295719,6.36E-05,0.0444,0.000462,"hsa-mir-199a-2,hsa-mir-24-1,hsa-mir-20a,hsa-mir-92a-1,hsa-mir-24-2,hsa-mir-21,hsa-mir-223,hsa-mir-199a-1,hsa-mir-92a-2,hsa-mir-192"
Disease,Cutaneous Melanoma,9,0.47368421,4.28485335,6.66E-05,0.0466,0.000482,"hsa-let-7b,hsa-mir-424,hsa-mir-423,hsa-mir-15b,hsa-mir-193a,hsa-mir-199b,hsa-mir-21,hsa-mir-150,hsa-mir-182"
Disease,"Carcinoma, Oral",13,0.35135135,3.17825459,7.14E-05,0.0499,0.00051,"hsa-mir-139,hsa-mir-135b,hsa-mir-203a,hsa-mir-181a-1,hsa-mir-203b,hsa-mir-542,hsa-mir-145,hsa-mir-196a-2,hsa-mir-21,hsa-mir-196b,hsa-mir-223,hsa-mir-197,hsa-mir-142"
Disease,Acute Cerebral Infarction,5,0.83333333,7.53816794,8.43E-05,0.0589,0.000598,"hsa-mir-16-1,hsa-mir-24-1,hsa-mir-16-2,hsa-mir-24-2,hsa-mir-21"
Disease,Ependymoma,5,0.83333333,7.53816794,8.43E-05,0.0589,0.000598,"hsa-mir-24-1,hsa-mir-29b-1,hsa-mir-15a,hsa-mir-29c,hsa-mir-29b-2"
Disease,Irritable Bowel Syndrome,5,0.83333333,7.53816794,8.43E-05,0.0589,0.000598,"hsa-mir-199a-2,hsa-mir-199a-1,hsa-mir-24-1,hsa-mir-24-2,hsa-mir-150"
Disease,Endometrial Neoplasms,7,0.58333333,5.27671756,8.53E-05,0.0596,0.000591,"hsa-mir-183,hsa-mir-153-2,hsa-mir-9-2,hsa-mir-9-3,hsa-mir-9-1,hsa-mir-96,hsa-mir-182"
Disease,"Leukemia, Lymphoblastic, Acute, T-Cell",7,0.58333333,5.27671756,8.53E-05,0.0596,0.000591,"hsa-mir-223,hsa-mir-150,hsa-mir-101-2,hsa-mir-16-2,hsa-mir-17,hsa-mir-101-1,hsa-mir-16-1"
Disease,Myocardial Fibrosis,8,0.5,4.52290076,0.000109,0.0759,0.000744,"hsa-mir-29b-1,hsa-mir-15b,hsa-mir-203a,hsa-mir-21,hsa-mir-203b,hsa-mir-98,hsa-mir-378a,hsa-mir-29b-2"
Disease,Polycystic Ovarian Syndrome,11,0.37931034,3.4311661,0.000121,0.0844,0.000813,"hsa-mir-486-2,hsa-mir-486-1,hsa-mir-23a,hsa-mir-324,hsa-mir-199b,hsa-mir-32,hsa-mir-21,hsa-mir-223,hsa-mir-592,hsa-mir-375,hsa-mir-484"
Disease,Hematologic Neoplasms,12,0.35294118,3.19263583,0.000132,0.0921,0.000882,"hsa-mir-20a,hsa-mir-148a,hsa-mir-17,hsa-mir-15b,hsa-mir-92a-1,hsa-mir-152,hsa-mir-378a,hsa-mir-21,hsa-mir-223,hsa-mir-15a,hsa-mir-92a-2,hsa-mir-150"
Disease,"Carcinoma, Ovarian, Clear Cell",4,1,9.04580153,0.000143,0.1002,0.000954,"hsa-mir-9-1,hsa-mir-21,hsa-mir-9-3,hsa-mir-9-2"
Disease,Hyperactivity Disorder,4,1,9.04580153,0.000143,0.1002,0.000954,"hsa-let-7d,hsa-mir-96,hsa-mir-182,hsa-mir-183"
Disease,Non-Alcoholic Steatohepatitis,4,1,9.04580153,0.000143,0.1002,0.000954,"hsa-mir-9-3,hsa-mir-9-1,hsa-mir-144,hsa-mir-9-2"
Disease,Knee Osteoarthritis,4,1,9.04580153,0.000143,0.1002,0.000954,"hsa-mir-223,hsa-mir-9-1,hsa-mir-9-3,hsa-mir-9-2"
Disease,Aortic Stenosis,10,0.4,3.61832061,0.000149,0.1043,0.000967,"hsa-mir-24-1,hsa-mir-106a,hsa-mir-148a,hsa-mir-22,hsa-mir-1-1,hsa-mir-30b,hsa-mir-451a,hsa-mir-24-2,hsa-mir-424,hsa-mir-1-2"
Disease,Tuberculosis,7,0.53846154,4.87081621,0.000168,0.1174,0.00108,"hsa-mir-223,hsa-mir-183,hsa-mir-29b-1,hsa-mir-29c,hsa-mir-582,hsa-mir-337,hsa-mir-29b-2"
Disease,Diabetic Retinopathy,9,0.42857143,3.87677208,0.000174,0.1219,0.00112,"hsa-mir-16-2,hsa-mir-15a,hsa-mir-15b,hsa-mir-423,hsa-mir-106a,hsa-mir-21,hsa-mir-16-1,hsa-mir-126,hsa-mir-152"
Disease,Obesity,15,0.29411765,2.66052986,0.000199,0.1392,0.00127,"hsa-mir-125a,hsa-mir-199a-2,hsa-mir-126,hsa-mir-148a,hsa-mir-26b,hsa-mir-15b,hsa-mir-16-1,hsa-mir-335,hsa-mir-16-2,hsa-mir-652,hsa-mir-378a,hsa-mir-21,hsa-mir-223,hsa-mir-199a-1,hsa-mir-143"
Disease,Hepatoblastoma,10,0.38461538,3.47915443,0.00022,0.1537,0.00139,"hsa-mir-125a,hsa-mir-96,hsa-mir-148a,hsa-mir-181a-1,hsa-mir-17,hsa-mir-140,hsa-mir-145,hsa-mir-21,hsa-mir-223,hsa-mir-150"
Disease,"Carcinoma, Basal Cell",6,0.6,5.42748092,0.000236,0.1652,0.00149,"hsa-mir-24-1,hsa-mir-92b,hsa-mir-24-2,hsa-mir-375,hsa-mir-328,hsa-mir-21"
Disease,Graves' Disease,6,0.6,5.42748092,0.000236,0.1652,0.00149,"hsa-mir-183,hsa-mir-101-2,hsa-mir-660,hsa-mir-101-1,hsa-mir-197,hsa-mir-22"
Disease,Head And Neck Neoplasms,12,0.33333333,3.01526718,0.000247,0.1727,0.00154,"hsa-let-7b,hsa-mir-29c,hsa-mir-200c,hsa-let-7f-1,hsa-let-7f-2,hsa-mir-181a-1,hsa-let-7d,hsa-mir-1-1,hsa-mir-21,hsa-mir-15a,hsa-mir-1-2,hsa-mir-142"
Disease,"Carcinoma, Endometrioid Endometrial",5,0.71428571,6.4612868,0.000269,0.1878,0.00166,"hsa-mir-145,hsa-mir-200c,hsa-mir-22,hsa-mir-141,hsa-mir-143"
Disease,"Carcinoma, Adenoid Cystic",5,0.71428571,6.4612868,0.000269,0.1878,0.00166,"hsa-let-7b,hsa-mir-24-1,hsa-mir-17,hsa-mir-24-2,hsa-mir-20a"
Disease,Peripheral Vascular Disease,7,0.5,4.52290076,0.000305,0.2133,0.00184,"hsa-mir-335,hsa-mir-26b,hsa-mir-16-2,hsa-mir-15b,hsa-mir-145,hsa-mir-16-1,hsa-mir-126"
Disease,Bladder Outlet Obstruction,7,0.5,4.52290076,0.000305,0.2133,0.00184,"hsa-mir-1-1,hsa-mir-30b,hsa-mir-29b-1,hsa-mir-1-2,hsa-mir-29c,hsa-mir-30e,hsa-mir-29b-2"
Disease,Polycystic Kidney Disease,7,0.5,4.52290076,0.000305,0.2133,0.00184,"hsa-mir-223,hsa-mir-1-1,hsa-mir-199a-2,hsa-mir-199a-1,hsa-mir-199b,hsa-mir-1-2,hsa-mir-143"
Disease,Inflammatory Bowel Diseases,11,0.34375,3.10949427,0.000335,0.2344,0.00199,"hsa-mir-301a,hsa-mir-200c,hsa-mir-193a,hsa-mir-129-1,hsa-mir-16-1,hsa-mir-129-2,hsa-mir-16-2,hsa-mir-10a,hsa-mir-21,hsa-mir-223,hsa-mir-424"
Disease,Autism Spectrum Disorder,10,0.35714286,3.2306434,0.000447,0.3122,0.00261,"hsa-mir-486-2,hsa-mir-106a,hsa-mir-486-1,hsa-mir-23a,hsa-mir-129-1,hsa-mir-129-2,hsa-mir-140,hsa-mir-21,hsa-mir-15a,hsa-mir-484"
Disease,Myelodysplastic Syndromes,10,0.35714286,3.2306434,0.000447,0.3122,0.00261,"hsa-mir-125a,hsa-mir-23a,hsa-mir-1-1,hsa-mir-145,hsa-mir-378a,hsa-mir-21,hsa-mir-196b,hsa-mir-424,hsa-mir-15a,hsa-mir-1-2"
Disease,Psoriasis,11,0.33333333,3.01526718,0.000456,0.3188,0.00262,"hsa-mir-203a,hsa-mir-369,hsa-mir-106a,hsa-mir-203b,hsa-mir-1266,hsa-mir-21,hsa-mir-223,hsa-mir-424,hsa-mir-19a,hsa-mir-150,hsa-mir-143"
Disease,Non-Traumatic Subarachnoid Hemorrhage,6,0.54545455,4.93407356,0.000473,0.3305,0.00271,"hsa-mir-15b,hsa-mir-193a,hsa-mir-142,hsa-mir-32,hsa-mir-150,hsa-mir-126"
Disease,Cerebral Ischemia,6,0.54545455,4.93407356,0.000473,0.3305,0.00271,"hsa-let-7f-1,hsa-let-7f-2,hsa-mir-24-1,hsa-mir-29b-1,hsa-mir-24-2,hsa-mir-29b-2"
Disease,"Fatty Liver, Non-Alcoholic",7,0.46666667,4.22137405,0.00052,0.3633,0.00293,"hsa-mir-9-2,hsa-mir-17,hsa-mir-423,hsa-mir-577,hsa-mir-9-3,hsa-mir-9-1,hsa-mir-21"
Disease,Brain Neoplasms,9,0.375,3.39217557,0.000579,0.4048,0.00325,"hsa-mir-9-1,hsa-mir-181a-1,hsa-mir-129-1,hsa-mir-129-2,hsa-mir-451a,hsa-mir-21,hsa-mir-9-3,hsa-mir-9-2,hsa-mir-92b"
Disease,Keratitis,4,0.8,7.23664122,0.000655,0.4578,0.00359,"hsa-mir-183,hsa-mir-96,hsa-mir-182,hsa-mir-145"
Disease,Wounds and Injuries [unspecific],4,0.8,7.23664122,0.000655,0.4578,0.00359,"hsa-mir-29b-1,hsa-mir-29b-2,hsa-mir-145,hsa-mir-143"
Disease,Cardiomegaly,4,0.8,7.23664122,0.000655,0.4578,0.00359,"hsa-mir-1-2,hsa-mir-1-1,hsa-mir-199a-2,hsa-mir-199a-1"
Disease,Polycythemia Vera,8,0.4,3.61832061,0.000721,0.5041,0.00385,"hsa-mir-125a,hsa-mir-150,hsa-mir-26b,hsa-mir-16-2,hsa-mir-451a,hsa-mir-378a,hsa-mir-16-1,hsa-mir-21"
Disease,Cystic Fibrosis,7,0.4375,3.95753817,0.00084,0.5868,0.00444,"hsa-mir-125a,hsa-mir-199a-2,hsa-mir-199a-1,hsa-mir-16-2,hsa-mir-17,hsa-mir-708,hsa-mir-16-1"
Disease,Lofgren's Syndrome,6,0.5,4.52290076,0.00086,0.6014,0.00453,"hsa-mir-1-1,hsa-mir-150,hsa-mir-16-2,hsa-mir-1-2,hsa-mir-21,hsa-mir-16-1"
Disease,Adrenal Cortex Neoplasms,6,0.5,4.52290076,0.00086,0.6014,0.00453,"hsa-mir-24-1,hsa-mir-203a,hsa-mir-203b,hsa-mir-142,hsa-mir-24-2,hsa-mir-484"
Disease,Traumatic Brain Injury,6,0.5,4.52290076,0.00086,0.6014,0.00453,"hsa-mir-223,hsa-mir-423,hsa-mir-23a,hsa-mir-142,hsa-mir-30e,hsa-mir-150"
Disease,Chondrosarcoma,8,0.38095238,3.44601963,0.00106,0.7393,0.0055,"hsa-mir-129-2,hsa-mir-199a-2,hsa-mir-199a-1,hsa-mir-181a-1,hsa-mir-129-1,hsa-mir-145,hsa-mir-126,hsa-mir-141"
Disease,"Colitis, Ulcerative",9,0.34615385,3.13123899,0.00114,0.7963,0.00582,"hsa-mir-200c,hsa-mir-26b,hsa-mir-429,hsa-mir-4732,hsa-mir-335,hsa-mir-196a-2,hsa-mir-21,hsa-mir-141,hsa-mir-142"
Disease,"Tuberculosis, Pulmonary",9,0.34615385,3.13123899,0.00114,0.7963,0.00582,"hsa-mir-200c,hsa-mir-16-1,hsa-mir-30b,hsa-mir-16-2,hsa-mir-196a-2,hsa-mir-21,hsa-mir-196b,hsa-mir-223,hsa-mir-192"
Disease,Muscle Atrophy,7,0.41176471,3.72474181,0.0013,0.9065,0.00657,"hsa-mir-125a,hsa-mir-335,hsa-mir-140,hsa-mir-181a-1,hsa-mir-23a,hsa-mir-21,hsa-mir-143"
Disease,Chronic Atrial Fibrillation,3,1,9.04580153,0.00132,0.9252,0.00662,"hsa-mir-1-2,hsa-mir-1-1,hsa-mir-21"
Disease,Heart Transplant Rejection,3,1,9.04580153,0.00132,0.9252,0.00662,"hsa-mir-101-2,hsa-mir-142,hsa-mir-101-1"
Disease,Thyroid Adenomas,3,1,9.04580153,0.00132,0.9252,0.00662,"hsa-mir-101-2,hsa-mir-144,hsa-mir-101-1"
Disease,"Carcinoma, Merkel Cell",3,1,9.04580153,0.00132,0.9252,0.00662,"hsa-mir-203b,hsa-mir-375,hsa-mir-203a"
Disease,"Leukemia, Acute",3,1,9.04580153,0.00132,0.9252,0.00662,"hsa-mir-24-2,hsa-mir-150,hsa-mir-24-1"
Disease,MELAS Syndrome,3,1,9.04580153,0.00132,0.9252,0.00662,"hsa-mir-9-1,hsa-mir-9-3,hsa-mir-9-2"
Disease,"Carcinoma, Vulvar",5,0.55555556,5.02544529,0.00134,0.9362,0.00635,"hsa-mir-223,hsa-mir-19b-1,hsa-mir-17,hsa-mir-19a,hsa-mir-19b-2"
Disease,"Carcinoma, Thyroid, Follicular",5,0.55555556,5.02544529,0.00134,0.9362,0.00635,"hsa-mir-183,hsa-mir-17,hsa-mir-199b,hsa-mir-375,hsa-mir-484"
Disease,Keloid,6,0.46153846,4.17498532,0.00145,1,0.00684,"hsa-mir-199a-2,hsa-mir-199a-1,hsa-mir-181a-1,hsa-mir-10a,hsa-mir-145,hsa-mir-21"
Disease,Mycobacterium Tuberculosis Infection,6,0.46153846,4.17498532,0.00145,1,0.00684,"hsa-mir-140,hsa-mir-326,hsa-mir-32,hsa-mir-21,hsa-mir-150,hsa-mir-193a"
Disease,"Carcinoma, Head And Neck",6,0.46153846,4.17498532,0.00145,1,0.00684,"hsa-mir-203a,hsa-mir-203b,hsa-mir-29c,hsa-mir-375,hsa-mir-10b,hsa-mir-196a-2"
Disease,Congenital Heart Diseases,8,0.36363636,3.28938237,0.00151,1,0.00701,"hsa-mir-96,hsa-mir-1-1,hsa-mir-30b,hsa-mir-10a,hsa-mir-10b,hsa-mir-196a-2,hsa-mir-1-2,hsa-mir-143"
Disease,Biliary Atresia,4,0.66666667,6.03053435,0.0018,1,0.00828,"hsa-mir-129-2,hsa-mir-29c,hsa-mir-129-1,hsa-mir-21"
Disease,Leiomyoma,4,0.66666667,6.03053435,0.0018,1,0.00828,"hsa-mir-29b-1,hsa-mir-29c,hsa-mir-200c,hsa-mir-29b-2"
Disease,Spinal Muscular Atrophy,4,0.66666667,6.03053435,0.0018,1,0.00828,"hsa-mir-335,hsa-mir-9-2,hsa-mir-9-1,hsa-mir-9-3"
Disease,Kallmann Syndrome,4,0.66666667,6.03053435,0.0018,1,0.00828,"hsa-mir-9-2,hsa-mir-9-1,hsa-mir-200c,hsa-mir-9-3"
Disease,Arteriosclerosis Obliterans,7,0.38888889,3.5178117,0.00193,1,0.00872,"hsa-mir-1-1,hsa-mir-92a-1,hsa-mir-1-2,hsa-mir-142,hsa-mir-92a-2,hsa-mir-21,hsa-mir-126"
Disease,Graft-Versus-Host Disease,7,0.38888889,3.5178117,0.00193,1,0.00872,"hsa-mir-199a-2,hsa-mir-26b,hsa-mir-199a-1,hsa-mir-181a-1,hsa-mir-423,hsa-mir-21,hsa-mir-374a"
Disease,"Squamous Cell Carcinoma, Skin or Unspecific",7,0.38888889,3.5178117,0.00193,1,0.00872,"hsa-mir-148a,hsa-mir-199a-2,hsa-mir-199a-1,hsa-mir-135b,hsa-mir-15b,hsa-mir-20a,hsa-mir-21"
Disease,"Diabetes Mellitus, Gestational",8,0.34782609,3.14636575,0.0021,1,0.00939,"hsa-mir-9-1,hsa-mir-126,hsa-mir-148a,hsa-mir-92a-1,hsa-mir-9-3,hsa-mir-9-2,hsa-mir-452,hsa-mir-92a-2"
Disease,Myasthenia Gravis,6,0.42857143,3.87677208,0.00232,1,0.0103,"hsa-mir-140,hsa-mir-15a,hsa-mir-15b,hsa-mir-192,hsa-mir-21,hsa-mir-150"
Disease,Acute Ischemic Stroke,6,0.42857143,3.87677208,0.00232,1,0.0103,"hsa-mir-148a,hsa-mir-223,hsa-mir-335,hsa-mir-19a,hsa-mir-145,hsa-mir-22"
Disease,Mandibular Prognathism,6,0.42857143,3.87677208,0.00232,1,0.0103,"hsa-mir-30b,hsa-mir-197,hsa-mir-30e,hsa-mir-10a,hsa-mir-192,hsa-mir-150"
Disease,Nervous System Diseases [unspecific],5,0.5,4.52290076,0.00244,1,0.0107,"hsa-mir-338,hsa-mir-9-2,hsa-mir-9-1,hsa-mir-145,hsa-mir-9-3"
Disease,Liver Diseases [unspecific],9,0.31034483,2.80731772,0.00273,1,0.0119,"hsa-mir-125a,hsa-let-7b,hsa-mir-139,hsa-mir-19b-1,hsa-mir-200c,hsa-let-7d,hsa-mir-19b-2,hsa-mir-152,hsa-mir-21"
Disease,Cervical Neoplasms,7,0.36842105,3.33266372,0.00278,1,0.0121,"hsa-mir-16-2,hsa-mir-15b,hsa-mir-215,hsa-mir-145,hsa-mir-16-1,hsa-mir-126,hsa-mir-143"
Disease,Neurodegenerative Diseases [unspecific],7,0.36842105,3.33266372,0.00278,1,0.0121,"hsa-let-7b,hsa-mir-139,hsa-mir-337,hsa-mir-338,hsa-mir-17,hsa-mir-144,hsa-mir-328"
Disease,"Carcinoma, Ovarian, Serous",8,0.33333333,3.01526718,0.00286,1,0.0124,"hsa-mir-106a,hsa-mir-423,hsa-mir-92a-1,hsa-mir-16-1,hsa-mir-16-2,hsa-mir-30e,hsa-mir-21,hsa-mir-92a-2"
Disease,"Carcinoma, Thyroid",10,0.27777778,2.51272265,0.00396,1,0.0169,"hsa-mir-125a,hsa-mir-486-2,hsa-mir-126,hsa-mir-148a,hsa-mir-486-1,hsa-mir-145,hsa-mir-21,hsa-mir-142,hsa-mir-144,hsa-mir-150"
Disease,Gastric Neoplasms,5,0.45454545,4.11172797,0.00408,1,0.0173,"hsa-mir-125a,hsa-mir-129-2,hsa-mir-9-2,hsa-mir-9-1,hsa-mir-21"
Disease,Mesothelioma,5,0.45454545,4.11172797,0.00408,1,0.0173,"hsa-mir-17,hsa-mir-21,hsa-mir-126,hsa-mir-106a,hsa-mir-143"
Disease,Pulmonary Sarcoidosis,5,0.45454545,4.11172797,0.00408,1,0.0173,"hsa-mir-16-2,hsa-mir-15b,hsa-mir-192,hsa-mir-20a,hsa-mir-16-1"
Disease,Pain[unspecific],3,0.75,6.78435115,0.00486,1,0.0203,"hsa-mir-96,hsa-mir-183,hsa-mir-182"
Disease,"Diabetes Mellitus, Type 1",3,0.75,6.78435115,0.00486,1,0.0203,"hsa-mir-101-2,hsa-mir-30b,hsa-mir-101-1"
Disease,Pheochromocytoma,3,0.75,6.78435115,0.00486,1,0.0203,"hsa-mir-101-2,hsa-mir-22,hsa-mir-101-1"
Disease,Plasmodium vivax Infection,3,0.75,6.78435115,0.00486,1,0.0203,"hsa-mir-451a,hsa-mir-16-1,hsa-mir-16-2"
Disease,Bronchopulmonary Dysplasia,6,0.375,3.39217557,0.00512,1,0.0204,"hsa-let-7f-1,hsa-let-7f-2,hsa-mir-181a-1,hsa-mir-29b-1,hsa-mir-21,hsa-mir-29b-2"
Disease,Colitis,5,0.41666667,3.76908397,0.00639,1,0.0254,"hsa-mir-139,hsa-mir-19a,hsa-mir-145,hsa-mir-21,hsa-mir-150"
Disease,Hepatitis [unspecific],5,0.41666667,3.76908397,0.00639,1,0.0254,"hsa-mir-9-2,hsa-mir-197,hsa-mir-9-1,hsa-mir-21,hsa-mir-9-3"
Disease,Renal Fibrosis,5,0.41666667,3.76908397,0.00639,1,0.0254,"hsa-mir-29c,hsa-mir-378a,hsa-mir-196a-2,hsa-mir-21,hsa-mir-196b"
Disease,Ewing's Sarcoma,5,0.41666667,3.76908397,0.00639,1,0.0254,"hsa-mir-16-2,hsa-mir-29b-1,hsa-mir-22,hsa-mir-16-1,hsa-mir-29b-2"
Disease,"Carcinoma, Gallbladder",8,0.2962963,2.68023749,0.00647,1,0.0252,"hsa-mir-181a-1,hsa-mir-335,hsa-mir-1-1,hsa-mir-145,hsa-mir-21,hsa-mir-182,hsa-mir-1-2,hsa-mir-143"
Disease,Epilepsy,8,0.2962963,2.68023749,0.00647,1,0.0252,"hsa-mir-139,hsa-mir-301a,hsa-mir-23a,hsa-let-7d,hsa-mir-30b,hsa-mir-21,hsa-mir-223,hsa-mir-15a"
Disease,Kaposi's Sarcoma,8,0.2962963,2.68023749,0.00647,1,0.0252,"hsa-let-7b,hsa-mir-708,hsa-mir-200c,hsa-mir-17,hsa-mir-23a,hsa-let-7d,hsa-mir-335,hsa-mir-199b"
Disease,Vasculitis,4,0.5,4.52290076,0.00701,1,0.0271,"hsa-mir-92a-1,hsa-mir-142,hsa-mir-92a-2,hsa-mir-20a"
Disease,Bipolar Disorder,4,0.5,4.52290076,0.00701,1,0.0271,"hsa-mir-652,hsa-mir-15b,hsa-mir-708,hsa-mir-328"
Disease,"Adenocarcinoma, Esophageal",7,0.31818182,2.87820958,0.00706,1,0.027,"hsa-mir-203a,hsa-mir-203b,hsa-mir-22,hsa-mir-145,hsa-mir-378a,hsa-mir-21,hsa-mir-452"
Disease,Hirschsprung's Disease,7,0.31818182,2.87820958,0.00706,1,0.027,"hsa-mir-24-1,hsa-mir-215,hsa-mir-369,hsa-mir-429,hsa-mir-141,hsa-mir-142,hsa-mir-192"
Disease,"Squamous Cell Carcinoma, Cerevial",6,0.35294118,3.19263583,0.0072,1,0.0273,"hsa-mir-181a-1,hsa-mir-96,hsa-mir-144,hsa-mir-145,hsa-mir-126,hsa-mir-143"
Disease,Vascular Injuries,5,0.38461538,3.47915443,0.00947,1,0.0358,"hsa-mir-92a-1,hsa-mir-92a-2,hsa-mir-22,hsa-mir-21,hsa-mir-126"
Disease,Lupus Nephritis,5,0.38461538,3.47915443,0.00947,1,0.0358,"hsa-mir-125a,hsa-mir-148a,hsa-mir-423,hsa-mir-145,hsa-mir-150"
Disease,"Leukemia, Lymphoblastic, Acute, B-Cell",5,0.38461538,3.47915443,0.00947,1,0.0358,"hsa-mir-223,hsa-mir-199a-2,hsa-mir-199a-1,hsa-mir-15a,hsa-mir-451a"
Disease,Ectopic Pregnancy,5,0.38461538,3.47915443,0.00947,1,0.0358,"hsa-mir-125a,hsa-mir-223,hsa-mir-451a,hsa-mir-337,hsa-mir-196b"
Disease,Muscular Dystrophy,8,0.27586207,2.49539352,0.0103,1,0.0385,"hsa-mir-29c,hsa-mir-98,hsa-mir-1-1,hsa-mir-145,hsa-mir-21,hsa-mir-223,hsa-mir-1-2,hsa-mir-150"
Disease,"Adenocarcinoma, Prostate",3,0.6,5.42748092,0.0112,1,0.0415,"hsa-mir-21,hsa-mir-126,hsa-mir-141"
Disease,"Carcinoma, Supraglottic",3,0.6,5.42748092,0.0112,1,0.0415,"hsa-mir-21,hsa-mir-19a,hsa-mir-375"
Disease,Acquired Immunodeficiency Syndrome,3,0.6,5.42748092,0.0112,1,0.0415,"hsa-mir-29b-1,hsa-mir-29b-2,hsa-mir-150"
Disease,Cholestatic Liver Injury,3,0.6,5.42748092,0.0112,1,0.0415,"hsa-mir-29b-1,hsa-mir-29c,hsa-mir-29b-2"
Disease,"Adenocarcinoma, Cervical",3,0.6,5.42748092,0.0112,1,0.0415,"hsa-mir-9-1,hsa-mir-192,hsa-mir-135b"
Disease,Sickle Cell Disease,3,0.6,5.42748092,0.0112,1,0.0415,"hsa-mir-199a-2,hsa-mir-454,hsa-mir-301a"
Disease,Gallstones,3,0.6,5.42748092,0.0112,1,0.0415,"hsa-mir-375,hsa-mir-15a,hsa-mir-429"
Disease,"Carcinoma, Periampullary",3,0.6,5.42748092,0.0112,1,0.0415,"hsa-mir-192,hsa-mir-196a-2,hsa-mir-375"
Disease,Reflux Esophagitis,3,0.6,5.42748092,0.0112,1,0.0415,"hsa-mir-192,hsa-mir-145,hsa-mir-143"
Disease,Atopic Dermatitis,4,0.44444444,4.02035623,0.0116,1,0.0409,"hsa-mir-148a,hsa-let-7b,hsa-mir-22,hsa-mir-21"
Disease,Amyotrophic Lateral Sclerosis,4,0.44444444,4.02035623,0.0116,1,0.0409,"hsa-mir-129-2,hsa-mir-9-2,hsa-mir-338,hsa-mir-141"
Disease,Fetal Alcohol Syndrome,2,1,9.04580153,0.0121,1,0.0426,"hsa-mir-335,hsa-mir-21"
Disease,Hamartoma Syndrome,2,1,9.04580153,0.0121,1,0.0426,"hsa-mir-21,hsa-mir-19a"
Disease,Neutropenia,2,1,9.04580153,0.0121,1,0.0426,"hsa-mir-21,hsa-mir-196b"
Disease,Type 2 Diabetes Complications,2,1,9.04580153,0.0121,1,0.0426,"hsa-mir-21,hsa-mir-126"
Disease,Fever,2,1,9.04580153,0.0121,1,0.0426,"hsa-mir-142,hsa-mir-143"
Disease,Invasive Candida Infection,2,1,9.04580153,0.0121,1,0.0426,"hsa-mir-17,hsa-mir-16-1"
Disease,Leiomyosarcoma,2,1,9.04580153,0.0121,1,0.0426,"hsa-mir-200c,hsa-mir-152"
Disease,Fragile X Syndrome,2,1,9.04580153,0.0121,1,0.0426,"hsa-mir-424,hsa-mir-574"
Disease,"Cardiomyopathy, Ischemic",6,0.31578947,2.8565689,0.0131,1,0.0413,"hsa-mir-30b,hsa-mir-139,hsa-mir-23a,hsa-mir-21,hsa-mir-126,hsa-mir-141"
Disease,Coronary Atherosclerosis,5,0.35714286,3.2306434,0.0134,1,0.0423,"hsa-mir-125a,hsa-mir-199a-2,hsa-mir-199a-1,hsa-mir-199b,hsa-mir-21"
Disease,Macular Degeneration,5,0.35714286,3.2306434,0.0134,1,0.0423,"hsa-let-7b,hsa-mir-17,hsa-mir-23a,hsa-let-7d,hsa-mir-126"
Disease,Myotonic Muscular Dystrophy,5,0.35714286,3.2306434,0.0134,1,0.0423,"hsa-mir-335,hsa-mir-1-1,hsa-mir-29b-1,hsa-mir-1-2,hsa-mir-29c"
Disease,Liver Neoplasms,7,0.28,2.53282443,0.015,1,0.0466,"hsa-mir-24-1,hsa-mir-486-2,hsa-mir-486-1,hsa-mir-10b,hsa-mir-21,hsa-mir-223,hsa-mir-375"
Disease,Testicular Germ Cell Tumor,4,0.4,3.61832061,0.0176,1,0.0545,"hsa-mir-223,hsa-mir-199a-2,hsa-mir-199a-1,hsa-mir-142"
Disease,Helicobacter Pylori Infection,4,0.4,3.61832061,0.0176,1,0.0545,"hsa-mir-223,hsa-mir-203a,hsa-mir-203b,hsa-mir-375"
Disease,"Adenocarcinoma, Gastric-Esophageal Junction",5,0.33333333,3.01526718,0.0184,1,0.0564,"hsa-mir-135b,hsa-mir-628,hsa-mir-192,hsa-mir-196a-2,hsa-mir-21"
Disease,Liver Injury,5,0.33333333,3.01526718,0.0184,1,0.0564,"hsa-mir-223,hsa-let-7b,hsa-mir-192,hsa-mir-21,hsa-mir-182"
Disease,"Leukemia, Promyelocytic, Acute",5,0.33333333,3.01526718,0.0184,1,0.0564,"hsa-mir-181a-1,hsa-mir-92a-1,hsa-mir-142,hsa-mir-92a-2,hsa-mir-126"
Disease,Dengue Virus Infection,5,0.33333333,3.01526718,0.0184,1,0.0564,"hsa-mir-223,hsa-mir-30e,hsa-mir-378a,hsa-mir-150,hsa-mir-126"
Disease,Maternal Obesity During Childbirth,5,0.33333333,3.01526718,0.0184,1,0.0564,"hsa-mir-324,hsa-mir-652,hsa-mir-29c,hsa-mir-375,hsa-mir-150"
Disease,Chronic Heart Failure,3,0.5,4.52290076,0.0206,1,0.0622,"hsa-mir-150,hsa-mir-21,hsa-mir-126"
Disease,"Leukemia, Biphenotypic, Acute",3,0.5,4.52290076,0.0206,1,0.0622,"hsa-mir-29b-1,hsa-mir-182,hsa-mir-29b-2"
Disease,Nephrosclerosis,3,0.5,4.52290076,0.0206,1,0.0622,"hsa-mir-429,hsa-mir-192,hsa-mir-141"
Disease,Essential Thrombocythemia,3,0.5,4.52290076,0.0206,1,0.0622,"hsa-mir-125a,hsa-mir-203a,hsa-mir-203b"
Disease,"Lymphoma, Mantle-Cell",3,0.5,4.52290076,0.0206,1,0.0622,"hsa-mir-15b,hsa-mir-15a,hsa-mir-16-1"
Disease,Huntington's Disease,3,0.5,4.52290076,0.0206,1,0.0622,"hsa-mir-10b,hsa-mir-196a-2,hsa-mir-574"
Disease,"Aortic Aneurysm, Abdominal",6,0.28571429,2.58451472,0.0217,1,0.0639,"hsa-mir-19b-1,hsa-mir-29b-1,hsa-mir-15a,hsa-mir-98,hsa-mir-21,hsa-mir-29b-2"
Disease,Thyroid Neoplasms,5,0.3125,2.82681298,0.0244,1,0.0717,"hsa-mir-181a-1,hsa-mir-22,hsa-mir-144,hsa-mir-21,hsa-mir-141"
Disease,Necrotizing Enterocolitis,4,0.36363636,3.28938237,0.0254,1,0.0742,"hsa-mir-203a,hsa-mir-451a,hsa-mir-203b,hsa-mir-21"
Disease,Machado-Joseph Disease,4,0.36363636,3.28938237,0.0254,1,0.0742,"hsa-mir-181a-1,hsa-mir-9-2,hsa-mir-9-1,hsa-mir-9-3"
Disease,Acute Kidney Injury,5,0.29411765,2.66052986,0.0316,1,0.091,"hsa-mir-192,hsa-mir-200c,hsa-mir-145,hsa-mir-21,hsa-mir-182"
Disease,Astrocytoma,5,0.29411765,2.66052986,0.0316,1,0.091,"hsa-mir-24-1,hsa-mir-15a,hsa-mir-22,hsa-mir-21,hsa-mir-106a"
Disease,"Carcinoma, Biliary Tract",3,0.42857143,3.87677208,0.0331,1,0.0945,"hsa-mir-140,hsa-mir-21,hsa-mir-141"
Disease,Behcet's Disease,3,0.42857143,3.87677208,0.0331,1,0.0945,"hsa-mir-139,hsa-mir-196a-2,hsa-mir-182"
Disease,Retinal Neovascularization,3,0.42857143,3.87677208,0.0331,1,0.0945,"hsa-mir-451a,hsa-mir-106a,hsa-mir-150"
Disease,Depression Disorder,6,0.26086957,2.35977431,0.0336,1,0.0946,"hsa-mir-17,hsa-mir-335,hsa-mir-451a,hsa-mir-145,hsa-mir-223,hsa-mir-424"
Disease,Bronchiolitis Obliterans Syndrome,2,0.66666667,6.03053435,0.0338,1,0.0948,"hsa-mir-21,hsa-mir-144"
Disease,Granular Corneal Dystrophy,2,0.66666667,6.03053435,0.0338,1,0.0948,"hsa-mir-21,hsa-mir-181a-1"
Disease,Endometrial Stromal Sarcoma,2,0.66666667,6.03053435,0.0338,1,0.0948,"hsa-mir-142,hsa-mir-15a"
Disease,"Lymphoma, T-Cell, Cutaneous",2,0.66666667,6.03053435,0.0338,1,0.0948,"hsa-mir-150,hsa-mir-126"
Disease,Diabetic Foot,2,0.66666667,6.03053435,0.0338,1,0.0948,"hsa-mir-203b,hsa-mir-203a"
Disease,"Carcinoma, Non-Functioning Pituitary",2,0.66666667,6.03053435,0.0338,1,0.0948,"hsa-mir-17,hsa-mir-20a"
Disease,Primary Biliary Cirrhosis,2,0.66666667,6.03053435,0.0338,1,0.0948,"hsa-let-7b,hsa-mir-197"
Disease,Gout,2,0.66666667,6.03053435,0.0338,1,0.0948,"hsa-mir-15a,hsa-mir-140"
Disease,Erythropoiesis,2,0.66666667,6.03053435,0.0338,1,0.0948,"hsa-mir-24-2,hsa-mir-24-1"
Disease,Liver Failure,2,0.66666667,6.03053435,0.0338,1,0.0948,"hsa-mir-223,hsa-mir-375"
Disease,Oral Leukoplakia,4,0.33333333,3.01526718,0.0349,1,0.0932,"hsa-mir-129-2,hsa-mir-423,hsa-mir-129-1,hsa-mir-21"
Disease,Adenovirus Infection,8,0.22222222,2.01017812,0.0374,1,0.0997,"hsa-mir-148a,hsa-mir-26b,hsa-mir-101-2,hsa-mir-30b,hsa-mir-101-1,hsa-mir-378a,hsa-mir-452,hsa-mir-150"
Disease,Male Infertility,4,0.30769231,2.78332355,0.0461,1,0.1229,"hsa-mir-335,hsa-mir-29c,hsa-mir-145,hsa-mir-152"
Disease,"Lymphoma, Primary Effusion",4,0.30769231,2.78332355,0.0461,1,0.1229,"hsa-let-7f-1,hsa-let-7f-2,hsa-let-7b,hsa-let-7d"
Disease,Arrhythmia,3,0.375,3.39217557,0.0488,1,0.1293,"hsa-mir-1-1,hsa-mir-1-2,hsa-mir-21"
Disease,"Carcinoma, Skin",3,0.375,3.39217557,0.0488,1,0.1293,"hsa-mir-148a,hsa-mir-200c,hsa-mir-21"
Disease,Waldenstrom Macroglobulinemia,3,0.375,3.39217557,0.0488,1,0.1293,"hsa-mir-9-2,hsa-mir-9-1,hsa-mir-9-3"
Disease,Chordoma,4,0.28571429,2.58451472,0.0592,1,0.1539,"hsa-mir-148a,hsa-mir-1-1,hsa-mir-140,hsa-mir-1-2"
Disease,"Carcinoma, Salivary Adenoid Cystic",2,0.5,4.52290076,0.0627,1,0.1625,"hsa-mir-21,hsa-mir-181a-1"
Disease,Cryptosporidium infection,2,0.5,4.52290076,0.0627,1,0.1625,"hsa-mir-30b,hsa-mir-21"
Disease,Fungal Keratitis,2,0.5,4.52290076,0.0627,1,0.1625,"hsa-mir-142,hsa-mir-451a"
Disease,"Lymphoma, Follicular",2,0.5,4.52290076,0.0627,1,0.1625,"hsa-mir-17,hsa-mir-142"
Disease,Fatty Liver [unspecific],2,0.5,4.52290076,0.0627,1,0.1625,"hsa-mir-182,hsa-mir-183"
Disease,Rheumatic Heart Diseases,2,0.5,4.52290076,0.0627,1,0.1625,"hsa-mir-101-2,hsa-mir-101-1"
Disease,Wilms' Tumor,2,0.5,4.52290076,0.0627,1,0.1625,"hsa-mir-101-2,hsa-mir-101-1"
Disease,Sjogren's Syndrome,2,0.5,4.52290076,0.0627,1,0.1625,"hsa-mir-335,hsa-mir-126"
Disease,Unstable Angina,2,0.5,4.52290076,0.0627,1,0.1625,"hsa-mir-19b-2,hsa-mir-19b-1"
Disease,Marek Disease,2,0.5,4.52290076,0.0627,1,0.1625,"hsa-mir-223,hsa-mir-150"
Disease,Long QT Syndrome,2,0.5,4.52290076,0.0627,1,0.1625,"hsa-mir-1-2,hsa-mir-1-1"
Disease,Liposarcoma,2,0.5,4.52290076,0.0627,1,0.1625,"hsa-mir-451a,hsa-mir-145"
Disease,Metabolic Syndrome,3,0.33333333,3.01526718,0.0674,1,0.1691,"hsa-mir-145,hsa-mir-21,hsa-mir-126"
Disease,Salivary Gland Neoplasms,3,0.33333333,3.01526718,0.0674,1,0.1691,"hsa-mir-140,hsa-mir-375,hsa-mir-21"
Disease,Systemic Sclerosis,3,0.33333333,3.01526718,0.0674,1,0.1691,"hsa-mir-10a,hsa-mir-21,hsa-mir-126"
Disease,"Leukemia-Lymphoma, Precursor B-Cell Lymphoblastic",3,0.33333333,3.01526718,0.0674,1,0.1691,"hsa-mir-451a,hsa-mir-142,hsa-mir-126"
Disease,Myeloproliferative Neoplasms,3,0.33333333,3.01526718,0.0674,1,0.1691,"hsa-mir-375,hsa-mir-10a,hsa-mir-143"
Disease,Idiopathic Pulmonary Fibrosis,4,0.26666667,2.41221374,0.0741,1,0.1828,"hsa-mir-92a-1,hsa-mir-96,hsa-mir-92a-2,hsa-mir-21"
Disease,Alcoholic Hepatitis,3,0.3,2.71374046,0.0887,1,0.218,"hsa-mir-30b,hsa-mir-192,hsa-mir-182"
Disease,Myocardial Ischemic-Reperfusion Injury,4,0.25,2.26145038,0.0906,1,0.2223,"hsa-mir-1-1,hsa-mir-1-2,hsa-mir-21,hsa-mir-126"
Disease,Panic Disorder,2,0.4,3.61832061,0.097,1,0.2375,"hsa-mir-148a,hsa-mir-22"
Disease,Pregnancy Complications [unspecific],2,0.4,3.61832061,0.097,1,0.2375,"hsa-mir-16-1,hsa-mir-16-2"
Disease,"Stroke, Hemorrhagic",2,0.4,3.61832061,0.097,1,0.2375,"hsa-mir-16-1,hsa-mir-16-2"
Disease,Cerebral Cavernous Malformations,2,0.4,3.61832061,0.097,1,0.2375,"hsa-mir-361,hsa-let-7b"
Disease,Distal Myopathy,2,0.4,3.61832061,0.097,1,0.2375,"hsa-mir-1-2,hsa-mir-1-1"
Disease,Musculoskeletal Abnormalities [unspecific],2,0.4,3.61832061,0.097,1,0.2375,"hsa-mir-1-2,hsa-mir-1-1"
Disease,Ventricular Tachycardia,2,0.4,3.61832061,0.097,1,0.2375,"hsa-mir-1-2,hsa-mir-1-1"
Disease,Hyperlipidemia,2,0.4,3.61832061,0.097,1,0.2375,"hsa-mir-24-2,hsa-mir-24-1"
Disease,Mycosis Fungoides,2,0.4,3.61832061,0.097,1,0.2375,"hsa-mir-223,hsa-mir-326"
Disease,Azoospermia,3,0.27272727,2.46703678,0.1124,1,0.2648,"hsa-mir-19b-1,hsa-mir-17,hsa-mir-19b-2"
Disease,Synovial Sarcoma,3,0.27272727,2.46703678,0.1124,1,0.2648,"hsa-mir-125a,hsa-mir-223,hsa-mir-17"
Disease,Heart Diseases [unspecific],7,0.18421053,1.66633186,0.1168,1,0.2729,"hsa-mir-301a,hsa-mir-193a,hsa-mir-324,hsa-mir-1-1,hsa-mir-29b-1,hsa-mir-21,hsa-mir-1-2"
Disease,"Muscular Dystrophy, Facioscapulohumeral",4,0.22222222,2.01017812,0.1284,1,0.2995,"hsa-mir-1-1,hsa-mir-1-2,hsa-mir-582,hsa-mir-32"
Disease,Chronic Brucellosis,2,0.33333333,3.01526718,0.1352,1,0.3148,"hsa-mir-126,hsa-mir-139"
Disease,Non-Traumatic Osteonecrosis,2,0.33333333,3.01526718,0.1352,1,0.3148,"hsa-mir-335,hsa-mir-17"
Disease,Toxoplasma gondii Infection,2,0.33333333,3.01526718,0.1352,1,0.3148,"hsa-mir-17,hsa-mir-20a"
Disease,"Carcinoma, Gastrointestinal",2,0.33333333,3.01526718,0.1352,1,0.3148,"hsa-mir-23a,hsa-mir-30e"
Disease,Digeorge Syndrome,2,0.33333333,3.01526718,0.1352,1,0.3148,"hsa-mir-125a,hsa-mir-150"
Disease,Nasopharyngeal Neoplasms,2,0.33333333,3.01526718,0.1352,1,0.3148,"hsa-mir-29c,hsa-mir-10b"
Disease,"Muscular Dystrophy, Duchenne",2,0.33333333,3.01526718,0.1352,1,0.3148,"hsa-mir-1-1,hsa-mir-1-2"
Disease,Cervical Dysplasia,2,0.33333333,3.01526718,0.1352,1,0.3148,"hsa-mir-196a-2,hsa-mir-143"
Disease,Hemoglobin Diseases,3,0.23076923,2.08749266,0.1659,1,0.3781,"hsa-mir-223,hsa-let-7b,hsa-let-7d"
Disease,Intervertebral Disc Degeneration,3,0.23076923,2.08749266,0.1659,1,0.3781,"hsa-mir-15a,hsa-mir-589,hsa-mir-10b"
Disease,Rhinosinusitis,3,0.23076923,2.08749266,0.1659,1,0.3781,"hsa-mir-26b,hsa-mir-92a-1,hsa-mir-92a-2"
Disease,Kidney Diseases [unspecific],2,0.28571429,2.58451472,0.1761,1,0.3989,"hsa-mir-200c,hsa-mir-21"
Disease,Acute Pancreatitis,2,0.28571429,2.58451472,0.1761,1,0.3989,"hsa-mir-22,hsa-mir-126"
Disease,Enterovirus Infection,2,0.28571429,2.58451472,0.1761,1,0.3989,"hsa-mir-590,hsa-mir-135b"
Disease,Oral Lichen Planus,2,0.28571429,2.58451472,0.1761,1,0.3989,"hsa-mir-26b,hsa-mir-628"
Disease,Cocaine Abuse,2,0.28571429,2.58451472,0.1761,1,0.3989,"hsa-mir-181a-1,hsa-let-7d"
Disease,Prediabetes,2,0.28571429,2.58451472,0.1761,1,0.3989,"hsa-mir-192,hsa-mir-143"
Disease,Periodontitis,1,0.5,4.52290076,0.209,1,0.4646,hsa-mir-21
Disease,Thyroid-Associated Ophthalmopathy,1,0.5,4.52290076,0.209,1,0.4646,hsa-mir-21
Disease,Hypoxic-Ischemic Encephalopathy,1,0.5,4.52290076,0.209,1,0.4646,hsa-mir-374a
Disease,Acute Brucellosis,1,0.5,4.52290076,0.209,1,0.4646,hsa-mir-126
Disease,Angiosarcoma,1,0.5,4.52290076,0.209,1,0.4646,hsa-mir-126
Disease,Choroidal Neovascularization,1,0.5,4.52290076,0.209,1,0.4646,hsa-mir-126
Disease,Hyperglycemia,1,0.5,4.52290076,0.209,1,0.4646,hsa-mir-126
Disease,Idiopathic Asthenospermia,1,0.5,4.52290076,0.209,1,0.4646,hsa-mir-141
Disease,Idiopathic Short Stature,1,0.5,4.52290076,0.209,1,0.4646,hsa-mir-574
Disease,Congenital Diaphragmatic Hernia,1,0.5,4.52290076,0.209,1,0.4646,hsa-mir-10a
Disease,Atypical Teratoid Tumor,1,0.5,4.52290076,0.209,1,0.4646,hsa-let-7b
Disease,Emphysema,1,0.5,4.52290076,0.209,1,0.4646,hsa-mir-22
Disease,Androgenetic Alopecia,1,0.5,4.52290076,0.209,1,0.4646,hsa-mir-125a
Disease,Post-Traumatic Stress Disorder,1,0.5,4.52290076,0.209,1,0.4646,hsa-mir-125a
Disease,Systemic Juvenile Idiopathic Arthritis,1,0.5,4.52290076,0.209,1,0.4646,hsa-mir-125a
Disease,Uterine Leiomyosarcoma,1,0.5,4.52290076,0.209,1,0.4646,hsa-mir-15a
Disease,Aneurysmal Subarachnoid Hemorrhage,1,0.5,4.52290076,0.209,1,0.4646,hsa-mir-324
Disease,Spinal Chordoma,1,0.5,4.52290076,0.209,1,0.4646,hsa-mir-140
Disease,Vitiligo,1,0.5,4.52290076,0.209,1,0.4646,hsa-mir-196a-2
Disease,Muscle Diseases [unspecific],2,0.25,2.26145038,0.2185,1,0.4381,"hsa-mir-30b,hsa-mir-30e"
Disease,Nephrotic Syndrome,2,0.25,2.26145038,0.2185,1,0.4381,"hsa-mir-181a-1,hsa-mir-192"
Disease,"Lymphoma, Large B-Cell, Diffuse",6,0.15789474,1.42828445,0.2364,1,0.47,"hsa-mir-200c,hsa-mir-126,hsa-mir-23a,hsa-mir-10a,hsa-mir-21,hsa-mir-150"
Disease,Pituitary Neoplasms,3,0.1875,1.69608779,0.2563,1,0.5088,"hsa-let-7b,hsa-mir-15a,hsa-let-7d"
Disease,Ankylosing Spondylitis,2,0.22222222,2.01017812,0.2617,1,0.5185,"hsa-mir-10b,hsa-mir-21"
Disease,Human Cytomegalovirus Infection,2,0.22222222,2.01017812,0.2617,1,0.5185,"hsa-mir-200c,hsa-mir-21"
Disease,Alopecia,2,0.22222222,2.01017812,0.2617,1,0.5185,"hsa-mir-203a,hsa-mir-203b"
Disease,Osteoporosis,2,0.22222222,2.01017812,0.2617,1,0.5185,"hsa-mir-148a,hsa-mir-150"
Disease,Focal Segmental Glomerulosclerosis,3,0.17647059,1.59631792,0.2879,1,0.5658,"hsa-mir-30b,hsa-mir-196a-2,hsa-mir-193a"
Disease,Growth Disorders,1,0.33333333,3.01526718,0.2966,1,0.5818,hsa-mir-21
Disease,Pneumonia,1,0.33333333,3.01526718,0.2966,1,0.5818,hsa-mir-126
Disease,Hereditary Breast Carcinoma,1,0.33333333,3.01526718,0.2966,1,0.5818,hsa-mir-423
Disease,Laryngeal Neoplasms,1,0.33333333,3.01526718,0.2966,1,0.5818,hsa-mir-10a
Disease,"Scleroderma, Localized",1,0.33333333,3.01526718,0.2966,1,0.5818,hsa-mir-196a-2
Disease,"Lymphoma, Extranodal NK-T-Cell",1,0.33333333,3.01526718,0.2966,1,0.5818,hsa-mir-223
Disease,Preterm Labor,1,0.33333333,3.01526718,0.2966,1,0.5818,hsa-mir-223
Disease,Chronic Post-Traumatic Headache,1,0.33333333,3.01526718,0.2966,1,0.5818,hsa-mir-3613
Disease,"Osteoporosis, Postmenopausal",1,0.33333333,3.01526718,0.2966,1,0.5818,hsa-mir-145
Disease,Celiac Disease,2,0.2,1.80916031,0.3049,1,0.5717,"hsa-mir-17,hsa-mir-192"
Disease,Carotid Atherosclerosis,2,0.2,1.80916031,0.3049,1,0.5717,"hsa-mir-125a,hsa-mir-145"
Disease,Viral Myocarditis,2,0.2,1.80916031,0.3049,1,0.5717,"hsa-mir-1-1,hsa-mir-1-2"
Disease,Mesial Temporal Lobe Epilepsy,3,0.16666667,1.50763359,0.3198,1,0.5959,"hsa-mir-145,hsa-mir-196b,hsa-mir-143"
Disease,Pituitary Adenoma,3,0.15789474,1.42828445,0.3518,1,0.6524,"hsa-mir-181a-1,hsa-mir-200c,hsa-mir-10b"
Disease,"Carcinoma, Oropharyngeal",1,0.25,2.26145038,0.3745,1,0.6934,hsa-mir-21
Disease,Cholesteatoma,1,0.25,2.26145038,0.3745,1,0.6934,hsa-mir-21
Disease,Chronic Pancreatitis,1,0.25,2.26145038,0.3745,1,0.6934,hsa-mir-21
Disease,Meningioma,1,0.25,2.26145038,0.3745,1,0.6934,hsa-mir-21
Disease,Acute Lung Injury,1,0.25,2.26145038,0.3745,1,0.6934,hsa-mir-374a
Disease,"Carcinoma, Renal Cell, Chromophobe",1,0.25,2.26145038,0.3745,1,0.6934,hsa-mir-19a
Disease,Epithelioid Sarcoma,1,0.25,2.26145038,0.3745,1,0.6934,hsa-mir-193a
Disease,Allergic Asthma,1,0.25,2.26145038,0.3745,1,0.6934,hsa-mir-144
Disease,Encephalomyelitis,1,0.25,2.26145038,0.3745,1,0.6934,hsa-mir-17
Disease,Diabetic Vasculopathy,1,0.25,2.26145038,0.3745,1,0.6934,hsa-mir-15a
Disease,"Carcinoma, Spindle Cell",1,0.25,2.26145038,0.3745,1,0.6934,hsa-mir-200c
Disease,Ovarian Serous Cystadenocarcinoma,1,0.25,2.26145038,0.3745,1,0.6934,hsa-mir-200c
Disease,"Cardiomyopathy, Dilated",1,0.25,2.26145038,0.3745,1,0.6934,hsa-mir-196a-2
Disease,Japanese Encephalitis Virus Infection,1,0.25,2.26145038,0.3745,1,0.6934,hsa-mir-15b
Disease,Aortic Insufficiency,1,0.25,2.26145038,0.3745,1,0.6934,hsa-mir-30b
Disease,"Leukemia, Lymphoblastic, Acute, Childhood",2,0.16666667,1.50763359,0.3896,1,0.6932,"hsa-let-7b,hsa-mir-181a-1"
Disease,Immune Thrombocytopenic Purpura,2,0.15384615,1.39166177,0.4303,1,0.7632,"hsa-mir-125a,hsa-mir-223"
Disease,IgA Nephropathy,1,0.2,1.80916031,0.4439,1,0.7863,hsa-mir-21
Disease,Varicella,1,0.2,1.80916031,0.4439,1,0.7863,hsa-mir-197
Disease,Ossification of Posterior Longitudinal Ligament,1,0.2,1.80916031,0.4439,1,0.7863,hsa-mir-196a-2
Disease,Pancreatic Intraductal Papillary Mucinous Neoplasms,1,0.16666667,1.50763359,0.5056,1,0.8864,hsa-mir-126
Disease,Lupus Vulgaris,1,0.16666667,1.50763359,0.5056,1,0.8864,hsa-mir-423
Disease,Kawasaki's Syndrome,1,0.16666667,1.50763359,0.5056,1,0.8864,hsa-mir-200c
Disease,"Lymphoma, Non-Hodgkin",1,0.16666667,1.50763359,0.5056,1,0.8864,hsa-mir-196a-2
Disease,Neuroendocrine Tumors,1,0.16666667,1.50763359,0.5056,1,0.8864,hsa-mir-196a-2
Disease,Giant Cell Tumor of Bone,1,0.14285714,1.29225736,0.5606,1,0.9683,hsa-mir-126
Disease,Glomerulonephritis,1,0.14285714,1.29225736,0.5606,1,0.9683,hsa-mir-429
Disease,Soft Tissue Sarcoma,1,0.125,1.13072519,0.6094,1,1,hsa-mir-182
Disease,Interstitial Cystitis,1,0.09090909,0.82234559,0.726,1,1,hsa-mir-328
Disease,Kidney Neoplasms,1,0.09090909,0.82234559,0.726,1,1,hsa-mir-200c
Disease,"Carcinoma, Thyroid, Anaplastic",1,0.08333333,0.75381679,0.7565,1,1,hsa-mir-20a
Disease,Down Syndrome,1,0.08333333,0.75381679,0.7565,1,1,hsa-mir-96
Disease,Diabetic Nephropathy,2,0.08333333,0.75381679,0.7636,1,1,"hsa-mir-125a,hsa-mir-21"
Disease,Habitual Abortion,1,0.07142857,0.64612868,0.8079,1,1,hsa-mir-196a-2
