Category,Term,Count,Percent,Fold,P-value,Bonferroni,FDR,miRNA
Disease,Craniofacial Abnormalities,2,1,28.90243902,0.00117,0.2794,0.4617,"hsa-mir-876,hsa-mir-873"
Disease,"Carcinoma, Merkel Cell",2,0.66666667,19.26829268,0.00343,0.8197,0.4516,"hsa-mir-203b,hsa-mir-375"
Disease,Endometrial Neoplasms,3,0.25,7.22560976,0.00681,1,0.6209,"hsa-mir-153-2,hsa-mir-153-1,hsa-mir-96"
Disease,Neuroblastoma,6,0.10169492,2.93923109,0.0136,1,1,"hsa-mir-153-2,hsa-mir-153-1,hsa-mir-203b,hsa-mir-10a,hsa-mir-204,hsa-mir-375"
Disease,"Carcinoma, Hepatocellular",18,0.05309735,1.53464278,0.0183,1,1,"hsa-mir-3664,hsa-mir-96,hsa-mir-203b,hsa-mir-888,hsa-mir-449a,hsa-mir-375,hsa-mir-615,hsa-mir-449b,hsa-mir-1275,hsa-mir-10a,hsa-mir-204,hsa-mir-153-1,hsa-mir-184,hsa-mir-187,hsa-mir-1269b,hsa-mir-490,hsa-mir-153-2,hsa-mir-1269a"
Disease,"Squamous Cell Carcinoma, Cerevial",3,0.17647059,5.10043042,0.0187,1,1,"hsa-mir-323b,hsa-mir-490,hsa-mir-96"
Disease,"Adenocarcinoma, Pancreatic Ductal",6,0.08450704,2.44245964,0.0316,1,1,"hsa-mir-96,hsa-mir-153-2,hsa-mir-615,hsa-mir-153-1,hsa-mir-10a,hsa-mir-375"
Disease,Retinal Degeneration,2,0.22222222,6.42276423,0.0361,1,1,"hsa-mir-204,hsa-mir-96"
Disease,Myeloproliferative Neoplasms,2,0.22222222,6.42276423,0.0361,1,1,"hsa-mir-375,hsa-mir-10a"
Disease,Intrahepatic Cholangiocarcinoma,3,0.13636364,3.94124169,0.0375,1,1,"hsa-mir-96,hsa-mir-1275,hsa-mir-204"
Disease,Glioma,12,0.05769231,1.66744841,0.042,1,1,"hsa-mir-96,hsa-mir-1224,hsa-mir-203b,hsa-mir-449a,hsa-mir-873,hsa-mir-10a,hsa-mir-219a-2,hsa-mir-204,hsa-mir-153-1,hsa-mir-184,hsa-mir-153-2,hsa-mir-323b"
Disease,Helicobacter Pylori Infection,2,0.2,5.7804878,0.0441,1,1,"hsa-mir-203b,hsa-mir-375"
Disease,"Carcinoma, Ovarian",11,0.05670103,1.63879809,0.058,1,1,"hsa-mir-96,hsa-mir-203b,hsa-mir-449a,hsa-mir-517a,hsa-mir-873,hsa-mir-204,hsa-mir-153-1,hsa-mir-184,hsa-mir-187,hsa-mir-490,hsa-mir-153-2"
Disease,"Squamous Cell Carcinoma, Oral",6,0.07228916,2.08933294,0.061,1,1,"hsa-mir-203b,hsa-mir-1275,hsa-mir-184,hsa-mir-3651,hsa-mir-204,hsa-mir-375"
Disease,"Squamous Cell Carcinoma, Tongue",3,0.11111111,3.21138211,0.0632,1,1,"hsa-mir-96,hsa-mir-203b,hsa-mir-375"
Disease,Congenital Diaphragmatic Hernia,1,0.5,14.45121951,0.068,1,1,hsa-mir-10a
Disease,Cataract,1,0.5,14.45121951,0.068,1,1,hsa-mir-184
Disease,Ectopic Pregnancy,2,0.15384615,4.44652908,0.0716,1,1,"hsa-mir-873,hsa-mir-323b"
Disease,"Carcinoma, Head And Neck",2,0.15384615,4.44652908,0.0716,1,1,"hsa-mir-203b,hsa-mir-375"
Disease,Gestational Trophoblastic Disease,2,0.15384615,4.44652908,0.0716,1,1,"hsa-mir-517a,hsa-mir-517b"
Disease,"Carcinoma, Breast",16,0.04597701,1.32884777,0.0768,1,1,"hsa-mir-449a,hsa-mir-375,hsa-mir-1275,hsa-mir-153-1,hsa-mir-184,hsa-mir-873,hsa-mir-892b,hsa-mir-449b,hsa-mir-219a-2,hsa-mir-892a,hsa-mir-96,hsa-mir-203b,hsa-mir-888,hsa-mir-204,hsa-mir-153-2,hsa-mir-10a"
Disease,Habitual Abortion,2,0.14285714,4.12891986,0.0817,1,1,"hsa-mir-184,hsa-mir-187"
Disease,Laryngeal Neoplasms,1,0.33333333,9.63414634,0.1003,1,1,hsa-mir-10a
Disease,Diabetic Foot,1,0.33333333,9.63414634,0.1003,1,1,hsa-mir-203b
Disease,Liver Failure,1,0.33333333,9.63414634,0.1003,1,1,hsa-mir-375
Disease,Coxsackievirus Infection,1,0.33333333,9.63414634,0.1003,1,1,hsa-mir-490
Disease,"Cardiomyopathy, Hypertrophic",4,0.07272727,2.10199557,0.1178,1,1,"hsa-mir-96,hsa-mir-184,hsa-mir-10a,hsa-mir-204"
Disease,"Carcinoma, Lung. Non-Small-Cell",11,0.05022831,1.45172068,0.118,1,1,"hsa-mir-203b,hsa-mir-449a,hsa-mir-541,hsa-mir-375,hsa-mir-10a,hsa-mir-204,hsa-mir-1304,hsa-mir-153-1,hsa-mir-184,hsa-mir-187,hsa-mir-153-2"
Disease,"Carcinoma, Thyroid, Papillary",4,0.07142857,2.06445993,0.1238,1,1,"hsa-mir-96,hsa-mir-10a,hsa-mir-204,hsa-mir-375"
Disease,Alzheimer's Disease,6,0.06,1.73414634,0.1244,1,1,"hsa-mir-375,hsa-mir-10a,hsa-mir-219a-2,hsa-mir-153-1,hsa-mir-153-2,hsa-mir-323b"
Disease,"Carcinoma, Thyroid",3,0.08333333,2.40853659,0.1248,1,1,"hsa-mir-618,hsa-mir-449b,hsa-mir-204"
Disease,Epstein-Barr Virus Infection,2,0.11111111,3.21138211,0.1261,1,1,"hsa-mir-10a,hsa-mir-96"
Disease,"Squamous Cell Carcinoma, Skin or Unspecific",2,0.11111111,3.21138211,0.1261,1,1,"hsa-mir-204,hsa-mir-490"
Disease,"Muscular Dystrophy, Facioscapulohumeral",2,0.11111111,3.21138211,0.1261,1,1,"hsa-mir-517a,hsa-mir-517b"
Disease,Hyperactivity Disorder,1,0.25,7.22560976,0.1315,1,1,hsa-mir-96
Disease,Pain[unspecific],1,0.25,7.22560976,0.1315,1,1,hsa-mir-96
Disease,Fatty Liver [unspecific],1,0.25,7.22560976,0.1315,1,1,hsa-mir-1224
Disease,"Lymphoma, Follicular",1,0.25,7.22560976,0.1315,1,1,hsa-mir-618
Disease,Keratitis,1,0.2,5.7804878,0.1617,1,1,hsa-mir-96
Disease,"Carcinoma, Periampullary",1,0.2,5.7804878,0.1617,1,1,hsa-mir-375
Disease,"Carcinoma, Supraglottic",1,0.2,5.7804878,0.1617,1,1,hsa-mir-375
Disease,Gallstones,1,0.2,5.7804878,0.1617,1,1,hsa-mir-375
Disease,Allergy,2,0.0952381,2.75261324,0.1623,1,1,"hsa-mir-615,hsa-mir-375"
Disease,Lung Fibrosis,2,0.09090909,2.62749446,0.1748,1,1,"hsa-mir-153-2,hsa-mir-153-1"
Disease,Congenital Heart Diseases,2,0.09090909,2.62749446,0.1748,1,1,"hsa-mir-96,hsa-mir-10a"
Disease,"Carcinoma, Lung",10,0.04694836,1.35692202,0.1861,1,1,"hsa-mir-96,hsa-mir-203b,hsa-mir-449a,hsa-mir-517a,hsa-mir-375,hsa-mir-10a,hsa-mir-153-1,hsa-mir-187,hsa-mir-490,hsa-mir-153-2"
Disease,"Carcinoma, Esophageal",4,0.06060606,1.75166297,0.1902,1,1,"hsa-mir-96,hsa-mir-203b,hsa-mir-204,hsa-mir-375"
Disease,Nasopharyngeal Neoplasms,1,0.16666667,4.81707317,0.1908,1,1,hsa-mir-204
Disease,Essential Thrombocythemia,1,0.16666667,4.81707317,0.1908,1,1,hsa-mir-203b
Disease,Retinal Neovascularization,1,0.14285714,4.12891986,0.219,1,1,hsa-mir-184
Disease,Glioblastoma,8,0.04733728,1.36816279,0.2195,1,1,"hsa-mir-203b,hsa-mir-449a,hsa-mir-873,hsa-mir-10a,hsa-mir-219a-2,hsa-mir-153-1,hsa-mir-153-2,hsa-mir-3189"
Disease,Breast Neoplasms,7,0.0472973,1.36700725,0.2436,1,1,"hsa-mir-96,hsa-mir-10a,hsa-mir-219a-2,hsa-mir-204,hsa-mir-153-1,hsa-mir-184,hsa-mir-153-2"
Disease,Bipolar Disorder,1,0.125,3.61280488,0.2461,1,1,hsa-mir-449a
Disease,Preeclampsia,4,0.05405405,1.562294,0.2502,1,1,"hsa-mir-203b,hsa-mir-517b,hsa-mir-204,hsa-mir-517a"
Disease,"Squamous Cell Carcinoma, Laryngeal or Hypopharyngeal",2,0.07142857,2.06445993,0.2522,1,1,"hsa-mir-203b,hsa-mir-375"
Disease,"Carcinoma, Prostate",11,0.04280156,1.23706937,0.2609,1,1,"hsa-mir-96,hsa-mir-888,hsa-mir-449a,hsa-mir-541,hsa-mir-375,hsa-mir-449b,hsa-mir-204,hsa-mir-187,hsa-mir-3189,hsa-mir-323b,hsa-mir-23c"
Disease,Glaucoma,2,0.06896552,1.99327166,0.2653,1,1,"hsa-mir-184,hsa-mir-3074"
Disease,Systemic Sclerosis,1,0.11111111,3.21138211,0.2724,1,1,hsa-mir-10a
Disease,Alopecia,1,0.11111111,3.21138211,0.2724,1,1,hsa-mir-203b
Disease,Esophageal Neoplasms,1,0.11111111,3.21138211,0.2724,1,1,hsa-mir-203b
Disease,"Carcinoma, Thyroid, Follicular",1,0.11111111,3.21138211,0.2724,1,1,hsa-mir-375
Disease,Salivary Gland Neoplasms,1,0.11111111,3.21138211,0.2724,1,1,hsa-mir-375
Disease,Schizophrenia,3,0.05660377,1.63598711,0.2763,1,1,"hsa-mir-449a,hsa-mir-219a-2,hsa-mir-4449"
Disease,"Carcinoma, Adrenocortical",2,0.06666667,1.92682927,0.2784,1,1,"hsa-mir-203b,hsa-mir-375"
Disease,Aplastic Anemia,1,0.1,2.8902439,0.2978,1,1,hsa-mir-204
Disease,"Carcinoma, Basal Cell",1,0.1,2.8902439,0.2978,1,1,hsa-mir-375
Disease,Nervous System Diseases [unspecific],1,0.1,2.8902439,0.2978,1,1,hsa-mir-219a-2
Disease,Barrett's Esophagus,1,0.09090909,2.62749446,0.3223,1,1,hsa-mir-203b
Disease,Necrotizing Enterocolitis,1,0.09090909,2.62749446,0.3223,1,1,hsa-mir-203b
Disease,"Carcinoma, Thyroid, Medullary",1,0.09090909,2.62749446,0.3223,1,1,hsa-mir-375
Disease,Mild Cognitive Impairment,1,0.09090909,2.62749446,0.3223,1,1,hsa-mir-323b
Disease,Interstitial Cystitis,1,0.09090909,2.62749446,0.3223,1,1,hsa-mir-449b
Disease,"Carcinoma, Endometrial",3,0.05172414,1.49495374,0.3249,1,1,"hsa-mir-203b,hsa-mir-449a,hsa-mir-204"
Disease,Human Papilloma Virus Infection,2,0.05882353,1.70014347,0.3307,1,1,"hsa-mir-96,hsa-mir-203b"
Disease,Cholangiocarcinoma,2,0.05714286,1.65156794,0.3436,1,1,"hsa-mir-96,hsa-mir-203b"
Disease,Choriocarcinoma,3,0.05,1.44512195,0.3445,1,1,"hsa-mir-203b,hsa-mir-449a,hsa-mir-204"
Disease,Down Syndrome,1,0.08333333,2.40853659,0.3459,1,1,hsa-mir-96
Disease,"Leukemia, Lymphoblastic, Acute, T-Cell",1,0.08333333,2.40853659,0.3459,1,1,hsa-mir-204
Disease,Adrenal Cortex Neoplasms,1,0.08333333,2.40853659,0.3459,1,1,hsa-mir-203b
Disease,Pulmonary Hypertension,2,0.05555556,1.60569106,0.3565,1,1,"hsa-mir-96,hsa-mir-204"
Disease,"Carcinoma, Nasopharyngeal",5,0.04385965,1.26765083,0.359,1,1,"hsa-mir-203b,hsa-mir-449a,hsa-mir-204,hsa-mir-4501,hsa-mir-184"
Disease,Lupus Nephritis,1,0.07692308,2.22326454,0.3688,1,1,hsa-mir-1224
Disease,Keloid,1,0.07692308,2.22326454,0.3688,1,1,hsa-mir-10a
Disease,Male Infertility,1,0.07692308,2.22326454,0.3688,1,1,hsa-mir-449a
Disease,"Leukemia, Lymphoblastic, Acute, B-Cell",1,0.07692308,2.22326454,0.3688,1,1,hsa-mir-323b
Disease,Bladder Neoplasms,2,0.05405405,1.562294,0.3693,1,1,"hsa-mir-1224,hsa-mir-203b"
Disease,"Carcinoma, Oral",2,0.05405405,1.562294,0.3693,1,1,"hsa-mir-203b,hsa-mir-1269b"
Disease,Osteosarcoma,7,0.04093567,1.18314078,0.3781,1,1,"hsa-mir-203b,hsa-mir-449a,hsa-mir-375,hsa-mir-204,hsa-mir-153-1,hsa-mir-490,hsa-mir-153-2"
Disease,"Adenocarcinoma, Gastric",2,0.05263158,1.521181,0.382,1,1,"hsa-mir-96,hsa-mir-203b"
Disease,Heart Diseases [unspecific],2,0.05263158,1.521181,0.382,1,1,"hsa-mir-873,hsa-mir-184"
Disease,Bladder Outlet Obstruction,1,0.07142857,2.06445993,0.3909,1,1,hsa-mir-204
Disease,Mandibular Prognathism,1,0.07142857,2.06445993,0.3909,1,1,hsa-mir-10a
Disease,Macular Degeneration,1,0.07142857,2.06445993,0.3909,1,1,hsa-mir-184
Disease,"Leukemia, Myeloid, Acute",5,0.04201681,1.21438819,0.3952,1,1,"hsa-mir-96,hsa-mir-203b,hsa-mir-10a,hsa-mir-204,hsa-mir-323b"
Disease,"Carcinoma, Bladder",5,0.04166667,1.20426829,0.4024,1,1,"hsa-mir-96,hsa-mir-375,hsa-mir-892b,hsa-mir-10a,hsa-mir-490"
Disease,"Carcinoma, Colon",12,0.03809524,1.1010453,0.4048,1,1,"hsa-mir-96,hsa-mir-203b,hsa-mir-888,hsa-mir-375,hsa-mir-219a-2,hsa-mir-204,hsa-mir-892a,hsa-mir-153-1,hsa-mir-187,hsa-mir-490,hsa-mir-153-2,hsa-mir-1269a"
Disease,"Carcinoma, Urothelial",1,0.06666667,1.92682927,0.4122,1,1,hsa-mir-96
Disease,Idiopathic Pulmonary Fibrosis,1,0.06666667,1.92682927,0.4122,1,1,hsa-mir-96
Disease,Maternal Obesity During Childbirth,1,0.06666667,1.92682927,0.4122,1,1,hsa-mir-375
Disease,Parkinson's Disease,2,0.04878049,1.40987507,0.4194,1,1,"hsa-mir-153-2,hsa-mir-153-1"
Disease,Myocardial Fibrosis,1,0.0625,1.80640244,0.4328,1,1,hsa-mir-203b
Disease,Thyroid Neoplasms,1,0.0625,1.80640244,0.4328,1,1,hsa-mir-323b
Disease,Acute Kidney Injury,1,0.05882353,1.70014347,0.4527,1,1,hsa-mir-449a
Disease,Focal Segmental Glomerulosclerosis,1,0.05882353,1.70014347,0.4527,1,1,hsa-mir-490
Disease,"Adenocarcinoma, Lung",4,0.03960396,1.14465105,0.4685,1,1,"hsa-mir-203b,hsa-mir-375,hsa-mir-449b,hsa-mir-187"
Disease,Mesial Temporal Lobe Epilepsy,1,0.05555556,1.60569106,0.4719,1,1,hsa-mir-204
Disease,Rhabdomyosarcoma,1,0.05555556,1.60569106,0.4719,1,1,hsa-mir-203b
Disease,"Leukemia, Myeloid",1,0.05555556,1.60569106,0.4719,1,1,hsa-mir-449b
Disease,"Cardiomyopathy, Ischemic",1,0.05263158,1.521181,0.4905,1,1,hsa-mir-23c
Disease,Allergic Rhinitis,1,0.04761905,1.37630662,0.5257,1,1,hsa-mir-187
Disease,"Leukemia, Lymphoblastic",1,0.04761905,1.37630662,0.5257,1,1,hsa-mir-449b
Disease,"Carcinoma, Cervical",5,0.03623188,1.04718982,0.5302,1,1,"hsa-mir-96,hsa-mir-203b,hsa-mir-375,hsa-mir-10a,hsa-mir-187"
Disease,Lung Neoplasms,4,0.03636364,1.05099778,0.5385,1,1,"hsa-mir-203b,hsa-mir-375,hsa-mir-219a-2,hsa-mir-187"
Disease,"Lymphoma, Hodgkin",1,0.04545455,1.31374723,0.5424,1,1,hsa-mir-96
Disease,"Adenocarcinoma, Esophageal",1,0.04545455,1.31374723,0.5424,1,1,hsa-mir-203b
Disease,Acute Coronary Syndrome,1,0.04545455,1.31374723,0.5424,1,1,hsa-mir-323b
Disease,"Squamous Cell Carcinoma, Esophageal",5,0.03521127,1.01769151,0.5572,1,1,"hsa-mir-203b,hsa-mir-3651,hsa-mir-375,hsa-mir-449b,hsa-mir-219a-2"
Disease,"Adenocarcinoma, Colon",1,0.04347826,1.25662778,0.5585,1,1,hsa-mir-96
Disease,Ischemia-Reperfusion Injury,1,0.04347826,1.25662778,0.5585,1,1,hsa-mir-187
Disease,"Squamous Cell Carcinoma, Lung",1,0.04347826,1.25662778,0.5585,1,1,hsa-mir-375
Disease,Rheumatoid Arthritis,2,0.03703704,1.0704607,0.5673,1,1,"hsa-mir-203b,hsa-mir-219a-2"
Disease,"Lymphoma, B-Cell",1,0.04166667,1.20426829,0.5741,1,1,hsa-mir-204
Disease,Diabetic Nephropathy,1,0.04166667,1.20426829,0.5741,1,1,hsa-mir-23c
Disease,Systemic Lupus Erythematosus,2,0.03636364,1.05099778,0.5776,1,1,"hsa-mir-10a,hsa-mir-3074"
Disease,Aortic Stenosis,1,0.04,1.15609756,0.5891,1,1,hsa-mir-204
Disease,Liver Neoplasms,1,0.04,1.15609756,0.5891,1,1,hsa-mir-375
Disease,Liver Cirrhosis,2,0.03508772,1.01412067,0.5976,1,1,"hsa-mir-203b,hsa-mir-219a-2"
Disease,Hepatoblastoma,1,0.03846154,1.11163227,0.6037,1,1,hsa-mir-96
Disease,"Tuberculosis, Pulmonary",1,0.03846154,1.11163227,0.6037,1,1,hsa-mir-204
Disease,Influenza,1,0.03846154,1.11163227,0.6037,1,1,hsa-mir-449b
Disease,"Carcinoma, Renal Cell, Clear-Cell",2,0.03448276,0.99663583,0.6073,1,1,"hsa-mir-187,hsa-mir-204"
Disease,Kaposi's Sarcoma,1,0.03703704,1.0704607,0.6177,1,1,hsa-mir-23c
Disease,"Carcinoma, Gallbladder",1,0.03703704,1.0704607,0.6177,1,1,hsa-mir-187
Disease,Multiple Myeloma,2,0.03333333,0.96341463,0.6263,1,1,"hsa-mir-96,hsa-mir-4449"
Disease,Atrial Fibrillation,2,0.03333333,0.96341463,0.6263,1,1,"hsa-mir-892a,hsa-mir-10a"
Disease,Lymphoma,2,0.03333333,0.96341463,0.6263,1,1,"hsa-mir-203b,hsa-mir-1275"
Disease,Kidney Injury,1,0.03571429,1.03222997,0.6312,1,1,hsa-mir-204
Disease,"Carcinoma, Gastric",9,0.03272727,0.945898,0.6383,1,1,"hsa-mir-96,hsa-mir-203b,hsa-mir-449a,hsa-mir-375,hsa-mir-10a,hsa-mir-219a-2,hsa-mir-204,hsa-mir-187,hsa-mir-490"
Disease,Polycystic Ovarian Syndrome,1,0.03448276,0.99663583,0.6443,1,1,hsa-mir-375
Disease,"Carcinoma, Laryngeal",2,0.03174603,0.91753775,0.6534,1,1,"hsa-mir-10a,hsa-mir-375"
Disease,Pancreatic Neoplasms,2,0.03125,0.90320122,0.6621,1,1,"hsa-mir-96,hsa-mir-203b"
Disease,Chronic Kidney Disease,1,0.03125,0.90320122,0.6808,1,1,hsa-mir-204
Disease,Chronic Hepatitis B,1,0.03125,0.90320122,0.6808,1,1,hsa-mir-10a
Disease,Inflammatory Bowel Diseases,1,0.03125,0.90320122,0.6808,1,1,hsa-mir-10a
Disease,Hepatitis B Virus Infection,2,0.02985075,0.86275937,0.6872,1,1,"hsa-mir-323b,hsa-mir-1275"
Disease,Psoriasis,1,0.03030303,0.87583149,0.6922,1,1,hsa-mir-203b
Disease,Sepsis,1,0.02941176,0.85007174,0.7031,1,1,hsa-mir-375
Disease,"Stroke, Ischemic",1,0.02941176,0.85007174,0.7031,1,1,hsa-mir-618
Disease,Head And Neck Neoplasms,1,0.02777778,0.80284553,0.7239,1,1,hsa-mir-204
Disease,Autoimmune Diseases [unspecific],1,0.02777778,0.80284553,0.7239,1,1,hsa-mir-10a
Disease,Ovarian Neoplasms,3,0.02830189,0.81799356,0.7273,1,1,"hsa-mir-219a-2,hsa-mir-153-1,hsa-mir-153-2"
Disease,Diabetes Mellitus,2,0.02702703,0.781147,0.7401,1,1,"hsa-mir-204,hsa-mir-375"
Disease,"Lymphoma, Large B-Cell, Diffuse",1,0.02631579,0.7605905,0.7433,1,1,hsa-mir-10a
Disease,Hypertension,1,0.02564103,0.74108818,0.7525,1,1,hsa-mir-204
Disease,Colon Neoplasms,2,0.02597403,0.7507127,0.7604,1,1,"hsa-mir-615,hsa-mir-449a"
Disease,Osteoarthritis,1,0.02439024,0.70493754,0.7699,1,1,hsa-mir-204
Disease,Asthma,1,0.02439024,0.70493754,0.7699,1,1,hsa-mir-187
Disease,Endometriosis,1,0.02439024,0.70493754,0.7699,1,1,hsa-mir-449b
Disease,"Carcinoma, Renal Cell",3,0.02521008,0.72863292,0.7989,1,1,"hsa-mir-96,hsa-mir-204,hsa-mir-184"
Disease,Retinoblastoma,1,0.02222222,0.64227642,0.8012,1,1,hsa-mir-204
Disease,Acute Myocardial Infarction,1,0.02173913,0.62831389,0.8083,1,1,hsa-mir-204
Disease,Multiple Sclerosis,1,0.0212766,0.61494551,0.8152,1,1,hsa-mir-96
Disease,Hepatitis C Virus Infection,2,0.02298851,0.66442389,0.8187,1,1,"hsa-mir-96,hsa-mir-449a"
Disease,"Carcinoma, Rectal",1,0.02083333,0.60213415,0.8219,1,1,hsa-mir-203b
Disease,"Squamous Cell Carcinoma, Head and Neck",1,0.02083333,0.60213415,0.8219,1,1,hsa-mir-375
Disease,"Carcinoma, Pancreatic",4,0.02409639,0.69644431,0.8495,1,1,"hsa-mir-96,hsa-mir-375,hsa-mir-204,hsa-mir-323b"
Disease,Melanoma,3,0.02272727,0.65687361,0.8546,1,1,"hsa-mir-203b,hsa-mir-375,hsa-mir-204"
Disease,Atherosclerosis,2,0.02105263,0.6084724,0.8561,1,1,"hsa-mir-10a,hsa-mir-490"
Disease,"Diabetes Mellitus, Type 2",3,0.02040816,0.58984569,0.9022,1,1,"hsa-mir-96,hsa-mir-375,hsa-mir-187"
Disease,Heart Failure,2,0.01666667,0.48170732,0.9328,1,1,"hsa-mir-375,hsa-mir-204"
Disease,Prostate Neoplasms,1,0.01333333,0.38536585,0.9347,1,1,hsa-mir-203b
Disease,Gastrointestinal Neoplasms,1,0.01219512,0.35246877,0.9499,1,1,hsa-mir-375
