Category,Term,Count,Percent,Fold,P-value,Bonferroni,FDR,miRNA
Disease,"Adenocarcinoma, Ampullary",2,1.0,8.90977444,0.0125,1.0,0.1098,"hsa-mir-222,hsa-mir-221"
Disease,"Adenocarcinoma, Gastric-Esophageal Junction",4,0.26666667,2.37593985,0.0775,1.0,0.41200000000000003,"hsa-mir-135b,hsa-mir-222,hsa-mir-192,hsa-mir-381"
Disease,"Adenocarcinoma, Pancreatic Ductal",20,0.28169014,2.50979562,3.929999999999999e-05,0.0225,0.0015,"hsa-mir-483,hsa-mir-96,hsa-mir-221,hsa-mir-337,hsa-mir-506,hsa-mir-200c,hsa-mir-217,hsa-mir-194-2,hsa-mir-218-2,hsa-mir-194-1,hsa-mir-124-1,hsa-mir-206,hsa-mir-222,hsa-mir-145,hsa-mir-138-2,hsa-mir-141,hsa-mir-183,hsa-mir-218-1,hsa-mir-124-3,hsa-mir-494"
Disease,Alzheimer's Disease,11,0.11,0.98007519,0.5812,1.0,1.0,"hsa-mir-200c,hsa-mir-885,hsa-mir-124-3,hsa-mir-206,hsa-mir-222,hsa-mir-195,hsa-mir-136,hsa-mir-138-2,hsa-mir-483,hsa-mir-15b,hsa-mir-124-1"
Disease,Arteriosclerosis Obliterans,9,0.5,4.45488722,4.3799999999999994e-05,0.0251,0.00162,"hsa-mir-1-1,hsa-mir-133a-2,hsa-mir-222,hsa-mir-133a-1,hsa-mir-1-2,hsa-mir-130a,hsa-mir-221,hsa-mir-370,hsa-mir-134"
Disease,Atherosclerosis,17,0.17894737,1.59438069,0.0291,1.0,0.198,"hsa-mir-302a,hsa-mir-133b,hsa-mir-144,hsa-mir-135b,hsa-mir-432,hsa-mir-134,hsa-mir-127,hsa-mir-206,hsa-mir-222,hsa-mir-182,hsa-mir-133a-2,hsa-mir-221,hsa-mir-136,hsa-mir-145,hsa-mir-133a-1,hsa-mir-216a,hsa-mir-495"
Disease,Autoimmune Diseases [unspecific],6,0.16666667,1.48496241,0.209,1.0,0.823,"hsa-mir-584,hsa-mir-199a-2,hsa-mir-221,hsa-mir-200c,hsa-mir-222,hsa-mir-199a-1"
Disease,Brain Neoplasms,2,0.08333333,0.7424812,0.7714,1.0,1.0,"hsa-mir-598,hsa-mir-222"
Disease,Breast Neoplasms,34,0.22972973,2.04684007,8.21e-06,0.0047,0.000573,"hsa-mir-302a,hsa-mir-96,hsa-mir-133b,hsa-mir-200c,hsa-mir-194-2,hsa-mir-486-1,hsa-mir-199b,hsa-mir-493,hsa-mir-124-3,hsa-mir-1-2,hsa-mir-135b,hsa-mir-127,hsa-mir-1-1,hsa-mir-206,hsa-mir-222,hsa-mir-182,hsa-mir-133a-2,hsa-mir-195,hsa-mir-516a-1,hsa-mir-221,hsa-mir-218-2,hsa-mir-194-1,hsa-mir-214,hsa-mir-184,hsa-mir-145,hsa-mir-183,hsa-mir-520a,hsa-mir-199a-2,hsa-mir-486-2,hsa-mir-133a-1,hsa-mir-124-1,hsa-mir-141,hsa-mir-218-1,hsa-mir-199a-1"
Disease,"Carcinoma, Adenoid Cystic",1,0.14285714,1.27282492,0.5664,1.0,1.0,hsa-mir-222
Disease,"Carcinoma, Bladder",31,0.25833333,2.30169173,1.54e-06,0.000883,0.000166,"hsa-mir-96,hsa-mir-200c,hsa-mir-133b,hsa-mir-199b,hsa-mir-130a,hsa-mir-124-3,hsa-mir-1-2,hsa-mir-144,hsa-mir-892b,hsa-mir-127,hsa-mir-1-1,hsa-mir-222,hsa-mir-182,hsa-mir-133a-2,hsa-mir-195,hsa-mir-192,hsa-mir-221,hsa-mir-218-2,hsa-mir-214,hsa-mir-145,hsa-mir-138-2,hsa-mir-183,hsa-mir-199a-2,hsa-mir-133a-1,hsa-mir-15b,hsa-mir-124-1,hsa-mir-518e,hsa-mir-141,hsa-mir-218-1,hsa-mir-495,hsa-mir-199a-1"
Disease,"Carcinoma, Breast",65,0.18678161,1.66418201,3.43e-08,1.9600000000000002e-05,1.0199999999999999e-05,"hsa-mir-376c,hsa-mir-124-3,hsa-mir-135b,hsa-mir-184,hsa-mir-942,hsa-mir-183,hsa-mir-486-2,hsa-mir-495,hsa-mir-302a,hsa-mir-506,hsa-mir-200c,hsa-mir-486-1,hsa-mir-493,hsa-mir-1-2,hsa-mir-892b,hsa-mir-127,hsa-mir-1-1,hsa-mir-133a-2,hsa-mir-195,hsa-mir-105-2,hsa-mir-892a,hsa-mir-381,hsa-mir-494,hsa-mir-1258,hsa-mir-377,hsa-mir-96,hsa-mir-133b,hsa-mir-888,hsa-mir-411,hsa-mir-144,hsa-mir-134,hsa-mir-190a,hsa-mir-206,hsa-mir-874,hsa-mir-182,hsa-mir-185,hsa-mir-221,hsa-mir-145,hsa-mir-455,hsa-mir-216b,hsa-mir-320d-1,hsa-mir-561,hsa-mir-217,hsa-mir-124-1,hsa-mir-141,hsa-mir-218-1,hsa-mir-526b,hsa-mir-199b,hsa-mir-130a,hsa-mir-222,hsa-mir-105-1,hsa-mir-192,hsa-mir-379,hsa-mir-218-2,hsa-mir-651,hsa-mir-675,hsa-mir-214,hsa-mir-370,hsa-mir-138-2,hsa-mir-485,hsa-mir-199a-2,hsa-mir-133a-1,hsa-mir-519a-1,hsa-mir-15b,hsa-mir-199a-1"
Disease,"Carcinoma, Cervical",28,0.20289855,1.80778032,0.000647,0.3703,0.0128,"hsa-mir-96,hsa-mir-506,hsa-mir-130a,hsa-mir-376c,hsa-mir-124-3,hsa-mir-944,hsa-mir-135b,hsa-mir-432,hsa-mir-127,hsa-mir-206,hsa-mir-222,hsa-mir-182,hsa-mir-133a-2,hsa-mir-195,hsa-mir-218-2,hsa-mir-214,hsa-mir-145,hsa-mir-138-2,hsa-mir-187,hsa-mir-183,hsa-mir-494,hsa-mir-133a-1,hsa-mir-337,hsa-mir-15b,hsa-mir-543,hsa-mir-124-1,hsa-mir-141,hsa-mir-218-1"
Disease,"Carcinoma, Colon",65,0.20634921,1.83852488,3.8900000000000004e-09,2.22e-06,2.3e-06,"hsa-mir-584,hsa-mir-302a,hsa-mir-96,hsa-mir-133b,hsa-mir-200c,hsa-mir-506,hsa-mir-194-2,hsa-mir-382,hsa-mir-486-1,hsa-mir-199b,hsa-mir-888,hsa-mir-130a,hsa-mir-885,hsa-mir-493,hsa-mir-376c,hsa-mir-124-3,hsa-mir-1-2,hsa-mir-144,hsa-mir-135b,hsa-mir-134,hsa-mir-127,hsa-mir-1-1,hsa-mir-206,hsa-mir-222,hsa-mir-95,hsa-mir-182,hsa-mir-874,hsa-mir-133a-2,hsa-mir-195,hsa-mir-192,hsa-mir-185,hsa-mir-221,hsa-mir-892a,hsa-mir-3622a,hsa-mir-218-2,hsa-mir-194-1,hsa-mir-675,hsa-mir-214,hsa-mir-145,hsa-mir-138-2,hsa-mir-370,hsa-mir-187,hsa-mir-183,hsa-mir-455,hsa-mir-494,hsa-mir-520a,hsa-mir-216b,hsa-mir-199a-2,hsa-mir-486-2,hsa-mir-133a-1,hsa-mir-483,hsa-mir-582,hsa-mir-337,hsa-mir-217,hsa-mir-15b,hsa-mir-598,hsa-mir-487b,hsa-mir-216a,hsa-mir-124-1,hsa-mir-154,hsa-mir-1269a,hsa-mir-141,hsa-mir-218-1,hsa-mir-539,hsa-mir-199a-1"
Disease,"Carcinoma, Endometrial",16,0.27586207,2.45786881,0.000333,0.1903,0.00717,"hsa-mir-302a,hsa-mir-135b,hsa-mir-200c,hsa-mir-194-2,hsa-mir-543,hsa-mir-218-2,hsa-mir-194-1,hsa-mir-134,hsa-mir-1-1,hsa-mir-222,hsa-mir-145,hsa-mir-182,hsa-mir-141,hsa-mir-218-1,hsa-mir-1-2,hsa-mir-944"
Disease,"Carcinoma, Gastric",51,0.18545455,1.65235817,2.1899999999999997e-05,0.0125,0.001,"hsa-mir-96,hsa-mir-133b,hsa-mir-200c,hsa-mir-506,hsa-mir-194-2,hsa-mir-486-1,hsa-mir-942,hsa-mir-130a,hsa-mir-124-3,hsa-mir-1-2,hsa-mir-144,hsa-mir-135b,hsa-mir-4732,hsa-mir-134,hsa-mir-127,hsa-mir-1-1,hsa-mir-206,hsa-mir-222,hsa-mir-182,hsa-mir-874,hsa-mir-133a-2,hsa-mir-192,hsa-mir-185,hsa-mir-221,hsa-mir-136,hsa-mir-218-2,hsa-mir-194-1,hsa-mir-675,hsa-mir-214,hsa-mir-145,hsa-mir-370,hsa-mir-187,hsa-mir-381,hsa-mir-183,hsa-mir-455,hsa-mir-494,hsa-mir-199a-2,hsa-mir-486-2,hsa-mir-133a-1,hsa-mir-483,hsa-mir-337,hsa-mir-217,hsa-mir-519a-1,hsa-mir-15b,hsa-mir-543,hsa-mir-124-1,hsa-mir-141,hsa-mir-218-1,hsa-mir-377,hsa-mir-495,hsa-mir-199a-1"
Disease,"Carcinoma, Hepatocellular",66,0.19469027,1.73464635,1.1699999999999999e-08,6.68e-06,4.61e-06,"hsa-mir-3144,hsa-mir-96,hsa-mir-133b,hsa-mir-200c,hsa-mir-506,hsa-mir-194-2,hsa-mir-486-1,hsa-mir-942,hsa-mir-199b,hsa-mir-888,hsa-mir-130a,hsa-mir-885,hsa-mir-411,hsa-mir-1-2,hsa-mir-144,hsa-mir-135b,hsa-mir-432,hsa-mir-616,hsa-mir-134,hsa-mir-127,hsa-mir-190a,hsa-mir-1-1,hsa-mir-206,hsa-mir-222,hsa-mir-95,hsa-mir-105-1,hsa-mir-182,hsa-mir-133a-2,hsa-mir-195,hsa-mir-192,hsa-mir-185,hsa-mir-221,hsa-mir-105-2,hsa-mir-136,hsa-mir-379,hsa-mir-218-2,hsa-mir-194-1,hsa-mir-675,hsa-mir-214,hsa-mir-184,hsa-mir-145,hsa-mir-138-2,hsa-mir-187,hsa-mir-370,hsa-mir-183,hsa-mir-1269b,hsa-mir-455,hsa-mir-485,hsa-mir-494,hsa-mir-520a,hsa-mir-216b,hsa-mir-199a-2,hsa-mir-486-2,hsa-mir-133a-1,hsa-mir-483,hsa-mir-582,hsa-mir-217,hsa-mir-15b,hsa-mir-216a,hsa-mir-154,hsa-mir-1269a,hsa-mir-141,hsa-mir-218-1,hsa-mir-539,hsa-mir-377,hsa-mir-199a-1"
Disease,"Carcinoma, Lung",47,0.22065728,1.96600657,2.48e-07,0.00014199999999999998,3.6700000000000004e-05,"hsa-mir-96,hsa-mir-526b,hsa-mir-506,hsa-mir-200c,hsa-mir-133b,hsa-mir-486-1,hsa-mir-493,hsa-mir-124-3,hsa-mir-517a,hsa-mir-1-2,hsa-mir-144,hsa-mir-944,hsa-mir-616,hsa-mir-134,hsa-mir-127,hsa-mir-1-1,hsa-mir-206,hsa-mir-222,hsa-mir-95,hsa-mir-182,hsa-mir-133a-2,hsa-mir-192,hsa-mir-5100,hsa-mir-185,hsa-mir-221,hsa-mir-218-2,hsa-mir-214,hsa-mir-145,hsa-mir-370,hsa-mir-138-2,hsa-mir-187,hsa-mir-183,hsa-mir-494,hsa-mir-199a-2,hsa-mir-486-2,hsa-mir-133a-1,hsa-mir-582,hsa-mir-217,hsa-mir-1258,hsa-mir-487b,hsa-mir-299,hsa-mir-124-1,hsa-mir-154,hsa-mir-141,hsa-mir-218-1,hsa-mir-495,hsa-mir-199a-1"
Disease,"Carcinoma, Lung. Non-Small-Cell",45,0.20547945,1.83077557,4.76e-06,0.0027199999999999998,0.00040300000000000004,"hsa-mir-200c,hsa-mir-382,hsa-mir-486-1,hsa-mir-130a,hsa-mir-124-3,hsa-mir-1-2,hsa-mir-144,hsa-mir-135b,hsa-mir-134,hsa-mir-127,hsa-mir-1-1,hsa-mir-222,hsa-mir-95,hsa-mir-182,hsa-mir-874,hsa-mir-133a-2,hsa-mir-195,hsa-mir-192,hsa-mir-1304,hsa-mir-185,hsa-mir-221,hsa-mir-136,hsa-mir-379,hsa-mir-218-2,hsa-mir-675,hsa-mir-214,hsa-mir-184,hsa-mir-145,hsa-mir-138-2,hsa-mir-370,hsa-mir-187,hsa-mir-494,hsa-mir-520a,hsa-mir-216b,hsa-mir-199a-2,hsa-mir-486-2,hsa-mir-133a-1,hsa-mir-483,hsa-mir-543,hsa-mir-124-1,hsa-mir-141,hsa-mir-218-1,hsa-mir-377,hsa-mir-199a-1,hsa-mir-495"
Disease,"Carcinoma, Pancreatic",31,0.18674699,1.66387354,0.00145,0.8297,0.0207,"hsa-mir-96,hsa-mir-506,hsa-mir-200c,hsa-mir-885,hsa-mir-124-3,hsa-mir-135b,hsa-mir-127,hsa-mir-206,hsa-mir-222,hsa-mir-182,hsa-mir-874,hsa-mir-133a-2,hsa-mir-195,hsa-mir-192,hsa-mir-221,hsa-mir-218-2,hsa-mir-214,hsa-mir-145,hsa-mir-138-2,hsa-mir-183,hsa-mir-494,hsa-mir-216b,hsa-mir-133a-1,hsa-mir-483,hsa-mir-217,hsa-mir-15b,hsa-mir-216a,hsa-mir-124-1,hsa-mir-141,hsa-mir-218-1,hsa-mir-377"
Disease,"Carcinoma, Prostate",50,0.19455253,1.73341915,6.18e-06,0.0035299999999999997,0.00045700000000000005,"hsa-mir-302a,hsa-mir-96,hsa-mir-200c,hsa-mir-133b,hsa-mir-194-2,hsa-mir-382,hsa-mir-888,hsa-mir-130a,hsa-mir-376c,hsa-mir-124-3,hsa-mir-1-2,hsa-mir-135b,hsa-mir-134,hsa-mir-190a,hsa-mir-1-1,hsa-mir-222,hsa-mir-182,hsa-mir-133a-2,hsa-mir-195,hsa-mir-185,hsa-mir-221,hsa-mir-218-2,hsa-mir-194-1,hsa-mir-675,hsa-mir-214,hsa-mir-145,hsa-mir-138-2,hsa-mir-370,hsa-mir-187,hsa-mir-381,hsa-mir-183,hsa-mir-455,hsa-mir-485,hsa-mir-494,hsa-mir-199a-2,hsa-mir-133a-1,hsa-mir-483,hsa-mir-582,hsa-mir-15b,hsa-mir-543,hsa-mir-487b,hsa-mir-654,hsa-mir-299,hsa-mir-124-1,hsa-mir-154,hsa-mir-141,hsa-mir-218-1,hsa-mir-377,hsa-mir-495,hsa-mir-199a-1"
Disease,"Carcinoma, Renal Cell",27,0.22689076,2.02154546,0.000113,0.0645,0.00318,"hsa-mir-96,hsa-mir-200c,hsa-mir-133b,hsa-mir-124-3,hsa-mir-144,hsa-mir-3065,hsa-mir-134,hsa-mir-206,hsa-mir-222,hsa-mir-182,hsa-mir-195,hsa-mir-185,hsa-mir-221,hsa-mir-218-2,hsa-mir-214,hsa-mir-184,hsa-mir-145,hsa-mir-138-2,hsa-mir-381,hsa-mir-183,hsa-mir-216b,hsa-mir-199a-2,hsa-mir-124-1,hsa-mir-141,hsa-mir-218-1,hsa-mir-495,hsa-mir-199a-1"
Disease,"Carcinoma, Thyroid",10,0.27777778,2.47493734,0.00443,1.0,0.051,"hsa-mir-584,hsa-mir-618,hsa-mir-486-2,hsa-mir-221,hsa-mir-486-1,hsa-mir-222,hsa-mir-214,hsa-mir-145,hsa-mir-539,hsa-mir-144"
Disease,"Carcinoma, Thyroid, Anaplastic",3,0.25,2.22744361,0.1431,1.0,0.6232,"hsa-mir-206,hsa-mir-222,hsa-mir-221"
Disease,"Carcinoma, Thyroid, Papillary",10,0.17857143,1.59103115,0.087,1.0,0.4464,"hsa-mir-135b,hsa-mir-96,hsa-mir-221,hsa-mir-199b,hsa-mir-222,hsa-mir-214,hsa-mir-182,hsa-mir-183,hsa-mir-144,hsa-mir-192"
Disease,"Cardiomyopathy, Hypertrophic",15,0.27272727,2.42993848,0.000594,0.3397,0.0119,"hsa-mir-199a-2,hsa-mir-133a-1,hsa-mir-96,hsa-mir-133b,hsa-mir-15b,hsa-mir-1-1,hsa-mir-222,hsa-mir-214,hsa-mir-184,hsa-mir-145,hsa-mir-133a-2,hsa-mir-199a-1,hsa-mir-195,hsa-mir-1-2,hsa-mir-192"
Disease,Cardiovascular Diseases [unspecific],14,0.21875,1.94901316,0.00856,1.0,0.0867,"hsa-mir-758,hsa-mir-133a-1,hsa-mir-221,hsa-mir-200c,hsa-mir-382,hsa-mir-487b,hsa-mir-216a,hsa-mir-1-1,hsa-mir-222,hsa-mir-145,hsa-mir-138-2,hsa-mir-133a-2,hsa-mir-1-2,hsa-mir-144"
Disease,Carotid Artery Diseases,3,1.0,8.90977444,0.00139,0.7926,0.0222,"hsa-mir-222,hsa-mir-494,hsa-mir-221"
Disease,Cholangiocarcinoma,12,0.34285714,3.05477981,0.00021099999999999998,0.1208,0.0050100000000000006,"hsa-mir-483,hsa-mir-96,hsa-mir-221,hsa-mir-200c,hsa-mir-194-2,hsa-mir-194-1,hsa-mir-1-1,hsa-mir-222,hsa-mir-141,hsa-mir-1-2,hsa-mir-144,hsa-mir-192"
Disease,Chordoma,3,0.21428571,1.90923738,0.2013,1.0,0.8168,"hsa-mir-1-1,hsa-mir-222,hsa-mir-1-2"
Disease,Chronic Heart Failure,3,0.5,4.45488722,0.0214,1.0,0.1485,"hsa-mir-222,hsa-mir-214,hsa-mir-221"
Disease,Chronic Hepatitis C,5,0.13888889,1.23746867,0.3791,1.0,1.0,"hsa-mir-199a-2,hsa-mir-1-1,hsa-mir-222,hsa-mir-199a-1,hsa-mir-1-2"
Disease,"Diabetes Mellitus, Gestational",1,0.04347826,0.3873815,0.9371,1.0,1.0,hsa-mir-222
Disease,"Diabetes Mellitus, Type 2",31,0.21088435,1.87893202,0.000143,0.0815,0.00367,"hsa-mir-96,hsa-mir-133b,hsa-mir-200c,hsa-mir-486-1,hsa-mir-376c,hsa-mir-124-3,hsa-mir-1-2,hsa-mir-144,hsa-mir-550a-2,hsa-mir-376b,hsa-mir-1-1,hsa-mir-206,hsa-mir-222,hsa-mir-182,hsa-mir-133a-2,hsa-mir-195,hsa-mir-192,hsa-mir-221,hsa-mir-214,hsa-mir-145,hsa-mir-138-2,hsa-mir-187,hsa-mir-455,hsa-mir-320d-1,hsa-mir-199a-2,hsa-mir-486-2,hsa-mir-133a-1,hsa-mir-217,hsa-mir-15b,hsa-mir-124-1,hsa-mir-199a-1"
Disease,Epstein-Barr Virus Infection,6,0.33333333,2.96992481,0.0106,1.0,0.1029,"hsa-mir-183,hsa-mir-15b,hsa-mir-222,hsa-mir-221,hsa-mir-96,hsa-mir-182"
Disease,Gastrointestinal Neoplasms,10,0.12195122,1.08655786,0.4413,1.0,1.0,"hsa-mir-221,hsa-mir-133b,hsa-mir-200c,hsa-mir-218-2,hsa-mir-222,hsa-mir-214,hsa-mir-145,hsa-mir-141,hsa-mir-218-1,hsa-mir-195"
Disease,Glioblastoma,32,0.18934911,1.68705788,0.0009199999999999999,0.5265,0.0158,"hsa-mir-302a,hsa-mir-200c,hsa-mir-133b,hsa-mir-506,hsa-mir-486-1,hsa-mir-130a,hsa-mir-124-3,hsa-mir-1-2,hsa-mir-144,hsa-mir-135b,hsa-mir-134,hsa-mir-127,hsa-mir-1-1,hsa-mir-206,hsa-mir-222,hsa-mir-182,hsa-mir-195,hsa-mir-518b,hsa-mir-221,hsa-mir-218-2,hsa-mir-145,hsa-mir-455,hsa-mir-494,hsa-mir-199a-2,hsa-mir-486-2,hsa-mir-15b,hsa-mir-299,hsa-mir-124-1,hsa-mir-154,hsa-mir-218-1,hsa-mir-377,hsa-mir-199a-1"
Disease,Glioma,44,0.21153846,1.88475998,2.7e-06,0.00155,0.000246,"hsa-mir-584,hsa-mir-302a,hsa-mir-96,hsa-mir-200c,hsa-mir-133b,hsa-mir-506,hsa-mir-194-2,hsa-mir-124-3,hsa-mir-144,hsa-mir-135b,hsa-mir-134,hsa-mir-127,hsa-mir-222,hsa-mir-95,hsa-mir-105-1,hsa-mir-182,hsa-mir-133a-2,hsa-mir-195,hsa-mir-185,hsa-mir-221,hsa-mir-105-2,hsa-mir-136,hsa-mir-218-2,hsa-mir-194-1,hsa-mir-675,hsa-mir-214,hsa-mir-184,hsa-mir-145,hsa-mir-138-2,hsa-mir-370,hsa-mir-381,hsa-mir-183,hsa-mir-455,hsa-mir-494,hsa-mir-320d-1,hsa-mir-199a-2,hsa-mir-133a-1,hsa-mir-15b,hsa-mir-124-1,hsa-mir-154,hsa-mir-141,hsa-mir-218-1,hsa-mir-495,hsa-mir-199a-1"
Disease,Heart Failure,25,0.20833333,1.85620301,0.0008810000000000001,0.5038,0.0156,"hsa-mir-133b,hsa-mir-382,hsa-mir-199b,hsa-mir-130a,hsa-mir-1-2,hsa-mir-1-1,hsa-mir-222,hsa-mir-105-1,hsa-mir-182,hsa-mir-133a-2,hsa-mir-195,hsa-mir-192,hsa-mir-221,hsa-mir-105-2,hsa-mir-218-2,hsa-mir-214,hsa-mir-145,hsa-mir-494,hsa-mir-199a-2,hsa-mir-133a-1,hsa-mir-299,hsa-mir-218-1,hsa-mir-539,hsa-mir-377,hsa-mir-199a-1"
Disease,Hematologic Neoplasms,5,0.14705882,1.31026095,0.3319,1.0,0.9933,"hsa-mir-221,hsa-mir-15b,hsa-mir-124-1,hsa-mir-222,hsa-mir-124-3"
Disease,Hepatoblastoma,7,0.26923077,2.39878543,0.0202,1.0,0.1423,"hsa-mir-96,hsa-mir-221,hsa-mir-222,hsa-mir-95,hsa-mir-214,hsa-mir-145,hsa-mir-195"
Disease,Human Immunodeficiency Virus Infection,6,0.12765957,1.13741801,0.4355,1.0,1.0,"hsa-mir-382,hsa-mir-124-1,hsa-mir-222,hsa-mir-942,hsa-mir-183,hsa-mir-124-3"
Disease,Intervertebral Disc Degeneration,3,0.23076923,2.05610179,0.1714,1.0,0.7282,"hsa-mir-222,hsa-mir-494,hsa-mir-138-2"
Disease,Kaposi's Sarcoma,5,0.18518519,1.64995823,0.1774,1.0,0.7481,"hsa-mir-221,hsa-mir-200c,hsa-mir-1258,hsa-mir-199b,hsa-mir-222"
Disease,"Leukemia, Lymphoblastic, Acute",4,0.16666667,1.48496241,0.2791,1.0,0.9011,"hsa-mir-221,hsa-mir-124-1,hsa-mir-222,hsa-mir-124-3"
Disease,"Leukemia, Lymphocytic, Chronic, B-Cell",4,0.11764706,1.04820876,0.542,1.0,1.0,"hsa-mir-221,hsa-mir-15b,hsa-mir-222,hsa-mir-195"
Disease,"Leukemia, Myeloid, Acute",16,0.13445378,1.19795287,0.25,1.0,0.823,"hsa-mir-96,hsa-mir-200c,hsa-mir-382,hsa-mir-199b,hsa-mir-124-3,hsa-mir-3151,hsa-mir-127,hsa-mir-222,hsa-mir-221,hsa-mir-370,hsa-mir-494,hsa-mir-519a-1,hsa-mir-299,hsa-mir-124-1,hsa-mir-154,hsa-mir-377"
Disease,"Leukemia-Lymphoma, Precursor B-Cell Lymphoblastic",1,0.11111111,0.98997494,0.6588,1.0,1.0,hsa-mir-222
Disease,Liver Cirrhosis,11,0.19298246,1.71943015,0.0459,1.0,0.2879,"hsa-mir-199a-2,hsa-mir-185,hsa-mir-221,hsa-mir-134,hsa-mir-222,hsa-mir-214,hsa-mir-145,hsa-mir-370,hsa-mir-199a-1,hsa-mir-494,hsa-mir-144"
Disease,"Lymphoma, Large B-Cell, Diffuse",7,0.18421053,1.64127424,0.1241,1.0,0.5634,"hsa-mir-221,hsa-mir-200c,hsa-mir-222,hsa-mir-214,hsa-mir-320d-1,hsa-mir-138-2,hsa-mir-455"
Disease,"Lymphoma, Primary Effusion",2,0.15384615,1.37073453,0.4383,1.0,1.0,"hsa-mir-222,hsa-mir-221"
Disease,Marek Disease,2,0.5,4.45488722,0.0644,1.0,0.3672,"hsa-mir-222,hsa-mir-221"
Disease,Melanoma,25,0.18939394,1.68745728,0.00374,1.0,0.0452,"hsa-mir-302a,hsa-mir-506,hsa-mir-200c,hsa-mir-194-2,hsa-mir-493,hsa-mir-124-3,hsa-mir-206,hsa-mir-222,hsa-mir-182,hsa-mir-185,hsa-mir-221,hsa-mir-218-2,hsa-mir-194-1,hsa-mir-214,hsa-mir-145,hsa-mir-183,hsa-mir-455,hsa-mir-199a-2,hsa-mir-15b,hsa-mir-216a,hsa-mir-124-1,hsa-mir-141,hsa-mir-218-1,hsa-mir-377,hsa-mir-199a-1"
Disease,Muscular Dystrophy,11,0.37931034,3.37956961,0.000139,0.0797,0.00367,"hsa-mir-133a-1,hsa-mir-221,hsa-mir-1-1,hsa-mir-206,hsa-mir-222,hsa-mir-214,hsa-mir-145,hsa-mir-381,hsa-mir-133a-2,hsa-mir-195,hsa-mir-1-2"
Disease,Myelodysplastic Syndromes,9,0.32142857,2.86385607,0.00231,1.0,0.0301,"hsa-mir-221,hsa-mir-194-2,hsa-mir-194-1,hsa-mir-1-1,hsa-mir-124-1,hsa-mir-222,hsa-mir-145,hsa-mir-124-3,hsa-mir-1-2"
Disease,Pancreatic Neoplasms,15,0.234375,2.08822838,0.00322,1.0,0.0394,"hsa-mir-199a-2,hsa-mir-486-2,hsa-mir-221,hsa-mir-96,hsa-mir-200c,hsa-mir-133b,hsa-mir-217,hsa-mir-15b,hsa-mir-486-1,hsa-mir-216a,hsa-mir-222,hsa-mir-214,hsa-mir-95,hsa-mir-145,hsa-mir-199a-1"
Disease,Pleural Mesothelioma,5,0.15625,1.39215226,0.2855,1.0,0.9167,"hsa-mir-221,hsa-mir-379,hsa-mir-222,hsa-mir-145,hsa-mir-411"
Disease,Polycythemia Vera,2,0.1,0.89097744,0.6762,1.0,1.0,"hsa-mir-222,hsa-mir-221"
Disease,Preeclampsia,15,0.2027027,1.80603536,0.0135,1.0,0.1013,"hsa-mir-135b,hsa-mir-582,hsa-mir-133b,hsa-mir-206,hsa-mir-222,hsa-mir-95,hsa-mir-130a,hsa-mir-518e,hsa-mir-942,hsa-mir-885,hsa-mir-182,hsa-mir-495,hsa-mir-195,hsa-mir-411,hsa-mir-517a"
Disease,Prostate Neoplasms,18,0.24,2.13834586,0.000907,0.5188,0.0158,"hsa-mir-199a-2,hsa-mir-135b,hsa-mir-486-2,hsa-mir-221,hsa-mir-616,hsa-mir-200c,hsa-mir-133b,hsa-mir-105-2,hsa-mir-194-2,hsa-mir-486-1,hsa-mir-194-1,hsa-mir-127,hsa-mir-222,hsa-mir-214,hsa-mir-145,hsa-mir-105-1,hsa-mir-182,hsa-mir-199a-1"
Disease,Pulmonary Sarcoidosis,5,0.45454545,4.04989747,0.004370000000000001,1.0,0.0518,"hsa-mir-15b,hsa-mir-222,hsa-mir-130a,hsa-mir-221,hsa-mir-192"
Disease,Rheumatoid Arthritis,2,0.03703704,0.32999165,0.9887,1.0,1.0,"hsa-mir-221,hsa-mir-222"
Disease,"Squamous Cell Carcinoma, Oral",19,0.22891566,2.03958692,0.00121,0.6931,0.0197,"hsa-mir-133a-1,hsa-mir-221,hsa-mir-200c,hsa-mir-133b,hsa-mir-218-2,hsa-mir-216a,hsa-mir-124-1,hsa-mir-222,hsa-mir-184,hsa-mir-145,hsa-mir-138-2,hsa-mir-218-1,hsa-mir-3651,hsa-mir-377,hsa-mir-133a-2,hsa-mir-455,hsa-mir-124-3,hsa-mir-144,hsa-mir-494"
Disease,Thyroid Lymphoma,2,0.4,3.56390977,0.0996,1.0,0.494,"hsa-mir-222,hsa-mir-221"
Disease,Thyroid Neoplasms,6,0.375,3.34116541,0.005529999999999999,1.0,0.059000000000000004,"hsa-mir-222,hsa-mir-130a,hsa-mir-144,hsa-mir-221,hsa-mir-127,hsa-mir-141"
Disease,Vascular Injuries,1,0.07692308,0.68536726,0.789,1.0,1.0,hsa-mir-222
Disease,Viral Myocarditis,4,0.4,3.56390977,0.0186,1.0,0.1359,"hsa-mir-1-1,hsa-mir-222,hsa-mir-1-2,hsa-mir-221"
Disease,Acute Myocardial Infarction,14,0.30434783,2.71167048,0.000261,0.1494,0.00607,"hsa-mir-486-2,hsa-mir-133a-1,hsa-mir-221,hsa-mir-133b,hsa-mir-486-1,hsa-mir-134,hsa-mir-1-1,hsa-mir-124-1,hsa-mir-214,hsa-mir-145,hsa-mir-133a-2,hsa-mir-124-3,hsa-mir-1-2,hsa-mir-144"
Disease,"Adenocarcinoma, Prostate",3,0.6,5.34586466,0.0117,1.0,0.1089,"hsa-mir-154,hsa-mir-221,hsa-mir-141"
Disease,Allergy,4,0.19047619,1.69709989,0.2024,1.0,0.805,"hsa-mir-124-1,hsa-mir-124-3,hsa-mir-221,hsa-mir-145"
Disease,Alopecia,1,0.11111111,0.98997494,0.6588,1.0,1.0,hsa-mir-221
Disease,Asthma,5,0.12195122,1.08655786,0.4955,1.0,1.0,"hsa-mir-221,hsa-mir-200c,hsa-mir-145,hsa-mir-187,hsa-mir-874"
Disease,Astrocytoma,4,0.23529412,2.09641751,0.1135,1.0,0.5318,"hsa-mir-124-1,hsa-mir-206,hsa-mir-124-3,hsa-mir-221"
Disease,Bladder Outlet Obstruction,3,0.21428571,1.90923738,0.2013,1.0,0.8168,"hsa-mir-1-1,hsa-mir-1-2,hsa-mir-221"
Disease,"Carcinoma, Esophageal",16,0.24242424,2.15994532,0.00159,0.9117,0.0225,"hsa-mir-133a-1,hsa-mir-483,hsa-mir-221,hsa-mir-96,hsa-mir-506,hsa-mir-200c,hsa-mir-217,hsa-mir-218-2,hsa-mir-145,hsa-mir-138-2,hsa-mir-141,hsa-mir-218-1,hsa-mir-183,hsa-mir-133a-2,hsa-mir-144,hsa-mir-192"
Disease,"Carcinoma, Laryngeal",13,0.20634921,1.83852488,0.0183,1.0,0.1348,"hsa-mir-486-2,hsa-mir-133a-1,hsa-mir-221,hsa-mir-486-1,hsa-mir-1-1,hsa-mir-206,hsa-mir-214,hsa-mir-130a,hsa-mir-133a-2,hsa-mir-195,hsa-mir-1-2,hsa-mir-487a,hsa-mir-144"
Disease,"Carcinoma, Rectal",12,0.25,2.22744361,0.0048,1.0,0.0542,"hsa-mir-199a-2,hsa-mir-135b,hsa-mir-185,hsa-mir-486-2,hsa-mir-221,hsa-mir-486-1,hsa-mir-199b,hsa-mir-145,hsa-mir-141,hsa-mir-183,hsa-mir-199a-1,hsa-mir-195"
Disease,"Carcinoma, Thyroid, Follicular",3,0.33333333,2.96992481,0.07,1.0,0.3838,"hsa-mir-183,hsa-mir-199b,hsa-mir-221"
Disease,Carotid Atherosclerosis,5,0.5,4.45488722,0.00262,1.0,0.0334,"hsa-mir-133a-2,hsa-mir-133a-1,hsa-mir-221,hsa-mir-145,hsa-mir-127"
Disease,Choriocarcinoma,15,0.25,2.22744361,0.00161,0.9191,0.0224,"hsa-mir-133a-1,hsa-mir-221,hsa-mir-200c,hsa-mir-194-2,hsa-mir-218-2,hsa-mir-194-1,hsa-mir-199b,hsa-mir-95,hsa-mir-145,hsa-mir-182,hsa-mir-218-1,hsa-mir-183,hsa-mir-133a-2,hsa-mir-195,hsa-mir-192"
Disease,Colon Neoplasms,15,0.19480519,1.73567034,0.0193,1.0,0.1381,"hsa-mir-584,hsa-mir-135b,hsa-mir-486-2,hsa-mir-582,hsa-mir-221,hsa-mir-133b,hsa-mir-194-2,hsa-mir-15b,hsa-mir-486-1,hsa-mir-194-1,hsa-mir-127,hsa-mir-145,hsa-mir-141,hsa-mir-518c,hsa-mir-192"
Disease,Coronary Atherosclerosis,4,0.28571429,2.54564984,0.0621,1.0,0.3588,"hsa-mir-199a-2,hsa-mir-199a-1,hsa-mir-199b,hsa-mir-221"
Disease,Coronary Heart Diseases,17,0.30357143,2.70475295,5.59e-05,0.032,0.00195,"hsa-mir-199a-2,hsa-mir-486-2,hsa-mir-133a-1,hsa-mir-221,hsa-mir-526b,hsa-mir-616,hsa-mir-15b,hsa-mir-486-1,hsa-mir-1-1,hsa-mir-154,hsa-mir-206,hsa-mir-214,hsa-mir-130a,hsa-mir-145,hsa-mir-133a-2,hsa-mir-199a-1,hsa-mir-1-2"
Disease,Epilepsy,6,0.22222222,1.97994987,0.0725,1.0,0.387,"hsa-mir-221,hsa-mir-194-2,hsa-mir-194-1,hsa-mir-124-1,hsa-mir-130a,hsa-mir-124-3"
Disease,Essential Thrombocythemia,1,0.16666667,1.48496241,0.5112,1.0,1.0,hsa-mir-221
Disease,Head And Neck Neoplasms,7,0.19444444,1.73245614,0.099,1.0,0.495,"hsa-mir-133a-1,hsa-mir-221,hsa-mir-200c,hsa-mir-1-1,hsa-mir-133a-2,hsa-mir-455,hsa-mir-1-2"
Disease,Hepatitis B Virus Infection,10,0.14925373,1.32981708,0.2098,1.0,0.8232,"hsa-mir-185,hsa-mir-221,hsa-mir-15b,hsa-mir-218-2,hsa-mir-124-1,hsa-mir-130a,hsa-mir-370,hsa-mir-141,hsa-mir-218-1,hsa-mir-124-3"
Disease,Hepatitis C Virus Infection,22,0.25287356,2.25304641,9.77e-05,0.0559,0.00282,"hsa-mir-758,hsa-mir-96,hsa-mir-133b,hsa-mir-194-2,hsa-mir-130a,hsa-mir-885,hsa-mir-124-3,hsa-mir-134,hsa-mir-182,hsa-mir-195,hsa-mir-192,hsa-mir-185,hsa-mir-221,hsa-mir-136,hsa-mir-194-1,hsa-mir-651,hsa-mir-145,hsa-mir-199a-2,hsa-mir-369,hsa-mir-217,hsa-mir-124-1,hsa-mir-199a-1"
Disease,Hereditary Breast Carcinoma,1,0.33333333,2.96992481,0.3006,1.0,0.9548,hsa-mir-221
Disease,"Leukemia, Lymphoblastic",1,0.04761905,0.42427497,0.9198,1.0,1.0,hsa-mir-221
Disease,"Leukemia, Lymphoblastic, Acute, B-Cell",3,0.23076923,2.05610179,0.1714,1.0,0.7282,"hsa-mir-199a-2,hsa-mir-199a-1,hsa-mir-221"
Disease,Liver Injury,4,0.26666667,2.37593985,0.0775,1.0,0.41200000000000003,"hsa-mir-382,hsa-mir-221,hsa-mir-192,hsa-mir-182"
Disease,Lung Fibrosis,4,0.18181818,1.61995899,0.2273,1.0,0.7545,"hsa-mir-486-2,hsa-mir-221,hsa-mir-486-1,hsa-mir-154"
Disease,Maternal Obesity During Childbirth,2,0.13333333,1.18796992,0.5156,1.0,1.0,"hsa-mir-130a,hsa-mir-221"
Disease,Multiple Myeloma,11,0.18333333,1.63345865,0.0635,1.0,0.3635,"hsa-mir-199a-2,hsa-mir-135b,hsa-mir-561,hsa-mir-221,hsa-mir-96,hsa-mir-194-2,hsa-mir-194-1,hsa-mir-145,hsa-mir-182,hsa-mir-199a-1,hsa-mir-192"
Disease,Obesity,7,0.13725489999999999,1.22291022,0.3451,1.0,1.0,"hsa-mir-199a-2,hsa-mir-221,hsa-mir-483,hsa-mir-15b,hsa-mir-127,hsa-mir-138-2,hsa-mir-199a-1"
Disease,Osteosarcoma,38,0.22222222,1.97994987,4.82e-06,0.0027600000000000003,0.000381,"hsa-mir-200c,hsa-mir-133b,hsa-mir-194-2,hsa-mir-382,hsa-mir-486-1,hsa-mir-124-3,hsa-mir-1-2,hsa-mir-144,hsa-mir-135b,hsa-mir-134,hsa-mir-127,hsa-mir-1-1,hsa-mir-206,hsa-mir-182,hsa-mir-133a-2,hsa-mir-195,hsa-mir-192,hsa-mir-221,hsa-mir-379,hsa-mir-218-2,hsa-mir-194-1,hsa-mir-214,hsa-mir-145,hsa-mir-370,hsa-mir-138-2,hsa-mir-381,hsa-mir-183,hsa-mir-199a-2,hsa-mir-486-2,hsa-mir-133a-1,hsa-mir-217,hsa-mir-543,hsa-mir-124-1,hsa-mir-141,hsa-mir-218-1,hsa-mir-539,hsa-mir-377,hsa-mir-199a-1"
Disease,Parkinson's Disease,10,0.24390244,2.17311572,0.0119,1.0,0.1079,"hsa-mir-221,hsa-mir-133b,hsa-mir-382,hsa-mir-543,hsa-mir-1-1,hsa-mir-214,hsa-mir-495,hsa-mir-195,hsa-mir-1-2,hsa-mir-144"
Disease,Pediatric Astrocytoma,3,0.6,5.34586466,0.0117,1.0,0.1089,"hsa-mir-221,hsa-mir-124-1,hsa-mir-124-3"
Disease,Peritoneal Dialysis Failure,4,0.12903226,1.14964831,0.4661,1.0,1.0,"hsa-mir-221,hsa-mir-136,hsa-mir-15b,hsa-mir-192"
Disease,Stroke,7,0.18918919,1.6856330000000002,0.1112,1.0,0.5227,"hsa-mir-185,hsa-mir-133a-1,hsa-mir-221,hsa-mir-124-1,hsa-mir-145,hsa-mir-133a-2,hsa-mir-124-3"
Disease,Systemic Lupus Erythematosus,5,0.09090909,0.80997949,0.7601,1.0,1.0,"hsa-mir-758,hsa-mir-221,hsa-mir-15b,hsa-mir-145,hsa-mir-494"
Disease,Vasculitis,1,0.125,1.1137218,0.6153,1.0,1.0,hsa-mir-221
Disease,Allergic Rhinitis,2,0.0952381,0.84854995,0.7026,1.0,1.0,"hsa-mir-874,hsa-mir-187"
Disease,HIV-Associated Lipodystrophy,7,0.25,2.22744361,0.03,1.0,0.2007,"hsa-mir-199a-2,hsa-mir-218-2,hsa-mir-487b,hsa-mir-214,hsa-mir-874,hsa-mir-218-1,hsa-mir-199a-1"
Disease,Intrahepatic Cholangiocarcinoma,10,0.45454545,4.04989747,4.54e-05,0.026000000000000002,0.0016300000000000002,"hsa-mir-483,hsa-mir-96,hsa-mir-1-1,hsa-mir-199b,hsa-mir-675,hsa-mir-145,hsa-mir-874,hsa-mir-195,hsa-mir-376c,hsa-mir-1-2"
Disease,Mild Cognitive Impairment,5,0.45454545,4.04989747,0.004370000000000001,1.0,0.0518,"hsa-mir-206,hsa-mir-382,hsa-mir-874,hsa-mir-370,hsa-mir-134"
Disease,Multiple Sclerosis,9,0.19148936,1.70612702,0.0711,1.0,0.3812,"hsa-mir-369,hsa-mir-96,hsa-mir-15b,hsa-mir-214,hsa-mir-145,hsa-mir-874,hsa-mir-141,hsa-mir-411,hsa-mir-494"
Disease,"Muscular Dystrophy, Facioscapulohumeral",7,0.38888889,3.46491228,0.0021100000000000003,1.0,0.0281,"hsa-mir-1-1,hsa-mir-133a-2,hsa-mir-206,hsa-mir-133a-1,hsa-mir-1-2,hsa-mir-517a,hsa-mir-582"
Disease,"Squamous Cell Carcinoma, Head and Neck",14,0.29166667,2.59868421,0.00043,0.2458,0.00909,"hsa-mir-934,hsa-mir-582,hsa-mir-200c,hsa-mir-15b,hsa-mir-134,hsa-mir-1-1,hsa-mir-206,hsa-mir-675,hsa-mir-138-2,hsa-mir-182,hsa-mir-141,hsa-mir-376c,hsa-mir-1-2,hsa-mir-494"
Disease,Tuberculosis,4,0.30769231,2.74146906,0.0484,1.0,0.2989,"hsa-mir-183,hsa-mir-582,hsa-mir-337,hsa-mir-381"
Disease,"Lymphoma, Follicular",1,0.25,2.22744361,0.3793,1.0,1.0,hsa-mir-618
Disease,"Stroke, Ischemic",9,0.26470588,2.3584697,0.00972,1.0,0.0968,"hsa-mir-199a-2,hsa-mir-618,hsa-mir-124-1,hsa-mir-199b,hsa-mir-130a,hsa-mir-495,hsa-mir-199a-1,hsa-mir-124-3,hsa-mir-144"
Disease,"Adenocarcinoma, Lung",22,0.21782178,1.94074295,0.0009960000000000001,0.5699,0.0169,"hsa-mir-200c,hsa-mir-133b,hsa-mir-134,hsa-mir-127,hsa-mir-206,hsa-mir-95,hsa-mir-182,hsa-mir-133a-2,hsa-mir-195,hsa-mir-192,hsa-mir-214,hsa-mir-145,hsa-mir-187,hsa-mir-183,hsa-mir-485,hsa-mir-494,hsa-mir-133a-1,hsa-mir-483,hsa-mir-519a-1,hsa-mir-15b,hsa-mir-487b,hsa-mir-218-1"
Disease,Amyotrophic Lateral Sclerosis,2,0.22222222,1.97994987,0.2676,1.0,0.8736,"hsa-mir-206,hsa-mir-141"
Disease,Bipolar Disorder,2,0.25,2.22744361,0.2237,1.0,0.7552,"hsa-mir-206,hsa-mir-15b"
Disease,Bronchopulmonary Dysplasia,4,0.25,2.22744361,0.0947,1.0,0.4776,"hsa-mir-206,hsa-mir-382,hsa-mir-411,hsa-mir-214"
Disease,"Carcinoma, Ovarian",38,0.19587629,1.74521355,0.00011599999999999999,0.0664,0.00313,"hsa-mir-302a,hsa-mir-96,hsa-mir-506,hsa-mir-200c,hsa-mir-133b,hsa-mir-382,hsa-mir-199b,hsa-mir-130a,hsa-mir-411,hsa-mir-1-2,hsa-mir-517a,hsa-mir-135b,hsa-mir-432,hsa-mir-134,hsa-mir-127,hsa-mir-1-1,hsa-mir-206,hsa-mir-182,hsa-mir-133a-2,hsa-mir-195,hsa-mir-136,hsa-mir-214,hsa-mir-184,hsa-mir-145,hsa-mir-370,hsa-mir-138-2,hsa-mir-187,hsa-mir-381,hsa-mir-183,hsa-mir-485,hsa-mir-494,hsa-mir-199a-2,hsa-mir-133a-1,hsa-mir-483,hsa-mir-15b,hsa-mir-543,hsa-mir-141,hsa-mir-199a-1"
Disease,"Carcinoma, Supraglottic",1,0.2,1.78195489,0.4492,1.0,1.0,hsa-mir-206
Disease,Chondrosarcoma,8,0.38095238,3.39419979,0.00117,0.6707,0.0196,"hsa-mir-199a-2,hsa-mir-199a-1,hsa-mir-206,hsa-mir-518b,hsa-mir-145,hsa-mir-494,hsa-mir-138-2,hsa-mir-141"
Disease,Costello Syndrome,2,0.33333333,2.96992481,0.1387,1.0,0.6204,"hsa-mir-206,hsa-mir-138-2"
Disease,Dermatomyositis,1,0.5,4.45488722,0.212,1.0,0.8290000000000001,hsa-mir-206
Disease,Distal Myopathy,5,1.0,8.90977444,1.66e-05,0.00952,0.0011,"hsa-mir-1-2,hsa-mir-206,hsa-mir-1-1,hsa-mir-133a-2,hsa-mir-133a-1"
Disease,Epithelioid Sarcoma,2,0.5,4.45488722,0.0644,1.0,0.3672,"hsa-mir-206,hsa-mir-381"
Disease,Hirschsprung's Disease,7,0.31818182,2.83492823,0.007679999999999999,1.0,0.0799,"hsa-mir-369,hsa-mir-206,hsa-mir-885,hsa-mir-141,hsa-mir-218-1,hsa-mir-195,hsa-mir-192"
Disease,Inflammatory Bowel Diseases,4,0.125,1.1137218,0.49200000000000005,1.0,1.0,"hsa-mir-200c,hsa-mir-124-1,hsa-mir-206,hsa-mir-124-3"
Disease,Lung Neoplasms,26,0.23636364,2.10594668,7.329999999999999e-05,0.0419,0.0024100000000000002,"hsa-mir-133b,hsa-mir-486-1,hsa-mir-124-3,hsa-mir-1-2,hsa-mir-134,hsa-mir-1-1,hsa-mir-206,hsa-mir-95,hsa-mir-182,hsa-mir-192,hsa-mir-185,hsa-mir-136,hsa-mir-218-2,hsa-mir-214,hsa-mir-145,hsa-mir-187,hsa-mir-381,hsa-mir-183,hsa-mir-199a-2,hsa-mir-486-2,hsa-mir-1258,hsa-mir-216a,hsa-mir-124-1,hsa-mir-218-1,hsa-mir-495,hsa-mir-199a-1"
Disease,Medulloblastoma,7,0.23333333,2.07894737,0.0426,1.0,0.2685,"hsa-mir-135b,hsa-mir-124-1,hsa-mir-206,hsa-mir-199b,hsa-mir-495,hsa-mir-124-3,hsa-mir-192"
Disease,Muscle Diseases [unspecific],4,0.5,4.45488722,0.007409999999999999,1.0,0.0777,"hsa-mir-133a-2,hsa-mir-206,hsa-mir-133a-1,hsa-mir-133b"
Disease,"Muscular Dystrophy, Duchenne",6,1.0,8.90977444,1.81e-06,0.00103,0.000178,"hsa-mir-1-1,hsa-mir-133a-2,hsa-mir-206,hsa-mir-133a-1,hsa-mir-1-2,hsa-mir-133b"
Disease,Musculoskeletal Abnormalities [unspecific],5,1.0,8.90977444,1.66e-05,0.00952,0.0011,"hsa-mir-1-2,hsa-mir-206,hsa-mir-1-1,hsa-mir-133a-2,hsa-mir-133a-1"
Disease,Mycobacterium Tuberculosis Infection,2,0.15384615,1.37073453,0.4383,1.0,1.0,"hsa-mir-206,hsa-mir-485"
Disease,Myocardial Infarction,7,0.13461538,1.19939271,0.3645,1.0,1.0,"hsa-mir-133b,hsa-mir-218-2,hsa-mir-1-1,hsa-mir-206,hsa-mir-218-1,hsa-mir-1-2,hsa-mir-144"
Disease,Myotonic Muscular Dystrophy,6,0.42857143,3.81847476,0.00251,1.0,0.0323,"hsa-mir-1-1,hsa-mir-133a-2,hsa-mir-206,hsa-mir-133a-1,hsa-mir-1-2,hsa-mir-133b"
Disease,Pulmonary Hypertension,7,0.19444444,1.73245614,0.099,1.0,0.495,"hsa-mir-96,hsa-mir-124-1,hsa-mir-206,hsa-mir-130a,hsa-mir-145,hsa-mir-138-2,hsa-mir-124-3"
Disease,Rhabdomyosarcoma,7,0.38888889,3.46491228,0.0021100000000000003,1.0,0.0281,"hsa-mir-1-1,hsa-mir-133a-2,hsa-mir-206,hsa-mir-411,hsa-mir-133a-1,hsa-mir-1-2,hsa-mir-214"
Disease,Schizophrenia,5,0.09433962,0.84054476,0.7297,1.0,1.0,"hsa-mir-432,hsa-mir-15b,hsa-mir-206,hsa-mir-183,hsa-mir-195"
Disease,Soft Tissue Sarcoma,3,0.375,3.34116541,0.0507,1.0,0.3081,"hsa-mir-206,hsa-mir-182,hsa-mir-381"
Disease,Spinal Muscular Atrophy,1,0.16666667,1.48496241,0.5112,1.0,1.0,hsa-mir-206
Disease,"Squamous Cell Carcinoma, Laryngeal or Hypopharyngeal",4,0.14285714,1.27282492,0.3865,1.0,1.0,"hsa-mir-519a-1,hsa-mir-206,hsa-mir-214,hsa-mir-370"
Disease,"Squamous Cell Carcinoma, Lung",7,0.30434783,2.71167048,0.01,1.0,0.0982,"hsa-mir-133a-1,hsa-mir-218-2,hsa-mir-206,hsa-mir-182,hsa-mir-218-1,hsa-mir-183,hsa-mir-133a-2"
Disease,"Tuberculosis, Pulmonary",6,0.23076923,2.05610179,0.0619,1.0,0.3612,"hsa-mir-200c,hsa-mir-124-1,hsa-mir-206,hsa-mir-376c,hsa-mir-124-3,hsa-mir-192"
Disease,Waldenstrom Macroglobulinemia,1,0.125,1.1137218,0.6153,1.0,1.0,hsa-mir-206
Disease,Acute Kidney Injury,9,0.52941176,4.71693941,2.42e-05,0.0139,0.00106,"hsa-mir-216a,hsa-mir-216b,hsa-mir-194-2,hsa-mir-217,hsa-mir-192,hsa-mir-194-1,hsa-mir-200c,hsa-mir-145,hsa-mir-182"
Disease,"Adenocarcinoma, Colon",4,0.17391304,1.54952599,0.2529,1.0,0.8302,"hsa-mir-135b,hsa-mir-96,hsa-mir-145,hsa-mir-182"
Disease,Alcoholic Hepatitis,4,0.4,3.56390977,0.0186,1.0,0.1359,"hsa-mir-483,hsa-mir-130a,hsa-mir-192,hsa-mir-182"
Disease,Behcet's Disease,1,0.14285714,1.27282492,0.5664,1.0,1.0,hsa-mir-182
Disease,"Carcinoma, Gallbladder",9,0.33333333,2.96992481,0.00173,0.9908,0.0236,"hsa-mir-194-2,hsa-mir-194-1,hsa-mir-1-1,hsa-mir-130a,hsa-mir-145,hsa-mir-138-2,hsa-mir-182,hsa-mir-187,hsa-mir-1-2"
Disease,"Carcinoma, Thyroid, Medullary",3,0.27272727,2.42993848,0.1165,1.0,0.5412,"hsa-mir-214,hsa-mir-200c,hsa-mir-182"
Disease,"Carcinoma, Urothelial",4,0.26666667,2.37593985,0.0775,1.0,0.41200000000000003,"hsa-mir-183,hsa-mir-96,hsa-mir-145,hsa-mir-182"
Disease,Colon Adenoma,4,0.19047619,1.69709989,0.2024,1.0,0.805,"hsa-mir-15b,hsa-mir-145,hsa-mir-192,hsa-mir-182"
Disease,Cutaneous Melanoma,3,0.15789474,1.40680649,0.3611,1.0,1.0,"hsa-mir-15b,hsa-mir-199b,hsa-mir-182"
Disease,Endometrial Neoplasms,3,0.25,2.22744361,0.1431,1.0,0.6232,"hsa-mir-183,hsa-mir-96,hsa-mir-182"
Disease,Fatty Liver [unspecific],3,0.75,6.68233083,0.00509,1.0,0.0568,"hsa-mir-130a,hsa-mir-182,hsa-mir-183"
Disease,Glaucoma,4,0.13793103,1.2289344,0.4133,1.0,1.0,"hsa-mir-483,hsa-mir-184,hsa-mir-182,hsa-mir-144"
Disease,Hyperactivity Disorder,3,0.75,6.68233083,0.00509,1.0,0.0568,"hsa-mir-96,hsa-mir-182,hsa-mir-183"
Disease,Keratitis,4,0.8,7.12781955,0.000695,0.3978,0.0135,"hsa-mir-183,hsa-mir-96,hsa-mir-182,hsa-mir-145"
Disease,Kidney Injury,6,0.21428571,1.90923738,0.0841,1.0,0.4371,"hsa-mir-200c,hsa-mir-382,hsa-mir-127,hsa-mir-182,hsa-mir-494,hsa-mir-192"
Disease,"Leukemia, Biphenotypic, Acute",2,0.33333333,2.96992481,0.1387,1.0,0.6204,"hsa-mir-584,hsa-mir-182"
Disease,Pain[unspecific],3,0.75,6.68233083,0.00509,1.0,0.0568,"hsa-mir-96,hsa-mir-183,hsa-mir-182"
Disease,Retinal Degeneration,6,0.66666667,5.93984962,0.000113,0.0649,0.00313,"hsa-mir-183,hsa-mir-1-1,hsa-mir-1-2,hsa-mir-96,hsa-mir-133b,hsa-mir-182"
Disease,Sepsis,9,0.26470588,2.3584697,0.00972,1.0,0.0968,"hsa-mir-486-2,hsa-mir-133a-1,hsa-mir-486-1,hsa-mir-124-1,hsa-mir-145,hsa-mir-182,hsa-mir-466,hsa-mir-133a-2,hsa-mir-124-3"
Disease,"Carcinoma, Basal Cell",2,0.2,1.78195489,0.3115,1.0,0.9393,"hsa-mir-485,hsa-mir-185"
Disease,"Carcinoma, Nasopharyngeal",21,0.18421053,1.64127424,0.0112,1.0,0.1053,"hsa-mir-200c,hsa-mir-506,hsa-mir-4649,hsa-mir-199b,hsa-mir-130a,hsa-mir-124-3,hsa-mir-1-2,hsa-mir-134,hsa-mir-1-1,hsa-mir-195,hsa-mir-185,hsa-mir-4501,hsa-mir-214,hsa-mir-184,hsa-mir-145,hsa-mir-138-2,hsa-mir-183,hsa-mir-494,hsa-mir-216b,hsa-mir-483,hsa-mir-124-1"
Disease,"Carcinoma, Renal Cell, Clear-Cell",17,0.29310345,2.61148561,9.22e-05,0.0527,0.0028,"hsa-mir-199a-2,hsa-mir-185,hsa-mir-506,hsa-mir-217,hsa-mir-136,hsa-mir-299,hsa-mir-1-1,hsa-mir-124-1,hsa-mir-145,hsa-mir-187,hsa-mir-141,hsa-mir-377,hsa-mir-199a-1,hsa-mir-195,hsa-mir-124-3,hsa-mir-487a,hsa-mir-320d-1"
Disease,Diabetes Mellitus,13,0.17567568,1.56523064,0.0613,1.0,0.3594,"hsa-mir-486-2,hsa-mir-185,hsa-mir-133a-1,hsa-mir-200c,hsa-mir-486-1,hsa-mir-1-1,hsa-mir-130a,hsa-mir-145,hsa-mir-370,hsa-mir-133a-2,hsa-mir-495,hsa-mir-1-2,hsa-mir-550a-2"
Disease,Digeorge Syndrome,1,0.16666667,1.48496241,0.5112,1.0,1.0,hsa-mir-185
Disease,Idiopathic Pulmonary Fibrosis,2,0.13333333,1.18796992,0.5156,1.0,1.0,"hsa-mir-185,hsa-mir-96"
Disease,Idiopathic Short Stature,1,0.5,4.45488722,0.212,1.0,0.8290000000000001,hsa-mir-185
Disease,Keloid,4,0.30769231,2.74146906,0.0484,1.0,0.2989,"hsa-mir-199a-2,hsa-mir-199a-1,hsa-mir-185,hsa-mir-145"
Disease,Liver Diseases [unspecific],2,0.06896552,0.6144672,0.8556,1.0,1.0,"hsa-mir-185,hsa-mir-200c"
Disease,Myasthenia Gravis,4,0.28571429,2.54564984,0.0621,1.0,0.3588,"hsa-mir-15b,hsa-mir-185,hsa-mir-885,hsa-mir-192"
Disease,Pituitary Adenoma,3,0.15789474,1.40680649,0.3611,1.0,1.0,"hsa-mir-185,hsa-mir-598,hsa-mir-200c"
Disease,"Squamous Cell Carcinoma, Esophageal",29,0.20422535,1.81960182,0.00045,0.2572,0.00935,"hsa-mir-526b,hsa-mir-133b,hsa-mir-194-2,hsa-mir-382,hsa-mir-3651,hsa-mir-1-2,hsa-mir-127,hsa-mir-1-1,hsa-mir-133a-2,hsa-mir-195,hsa-mir-518c,hsa-mir-185,hsa-mir-518b,hsa-mir-218-2,hsa-mir-194-1,hsa-mir-214,hsa-mir-942,hsa-mir-145,hsa-mir-183,hsa-mir-889,hsa-mir-494,hsa-mir-520a,hsa-mir-133a-1,hsa-mir-483,hsa-mir-337,hsa-mir-217,hsa-mir-124-1,hsa-mir-518e,hsa-mir-218-1"
Disease,"Adenocarcinoma, Gastric",9,0.23684211,2.11020973,0.0204,1.0,0.1432,"hsa-mir-486-2,hsa-mir-483,hsa-mir-96,hsa-mir-486-1,hsa-mir-127,hsa-mir-299,hsa-mir-145,hsa-mir-381,hsa-mir-455"
Disease,Congenital Heart Diseases,7,0.31818182,2.83492823,0.007679999999999999,1.0,0.0799,"hsa-mir-133a-1,hsa-mir-96,hsa-mir-1-1,hsa-mir-518e,hsa-mir-133a-2,hsa-mir-195,hsa-mir-1-2"
Disease,Down Syndrome,2,0.16666667,1.48496241,0.3972,1.0,1.0,"hsa-mir-96,hsa-mir-518e"
Disease,Human Papilloma Virus Infection,3,0.08823529,0.78615657,0.755,1.0,1.0,"hsa-mir-3144,hsa-mir-96,hsa-mir-145"
Disease,"Lymphoma, Hodgkin",3,0.13636364,1.21496924,0.4563,1.0,1.0,"hsa-mir-96,hsa-mir-494,hsa-mir-520a"
Disease,"Squamous Cell Carcinoma, Cerevial",4,0.23529412,2.09641751,0.1135,1.0,0.5318,"hsa-mir-96,hsa-mir-144,hsa-mir-145,hsa-mir-138-2"
Disease,"Squamous Cell Carcinoma, Tongue",7,0.25925926,2.30994152,0.0247,1.0,0.1704,"hsa-mir-483,hsa-mir-96,hsa-mir-15b,hsa-mir-214,hsa-mir-183,hsa-mir-195,hsa-mir-494"
Disease,Aplastic Anemia,5,0.5,4.45488722,0.00262,1.0,0.0334,"hsa-mir-1-1,hsa-mir-199a-2,hsa-mir-199a-1,hsa-mir-1-2,hsa-mir-145"
Disease,Atrial Fibrillation,17,0.28333333,2.52443609,0.000148,0.0846,0.00373,"hsa-mir-199a-2,hsa-mir-486-2,hsa-mir-483,hsa-mir-892a,hsa-mir-15b,hsa-mir-486-1,hsa-mir-1-1,hsa-mir-124-1,hsa-mir-199b,hsa-mir-466,hsa-mir-183,hsa-mir-377,hsa-mir-199a-1,hsa-mir-124-3,hsa-mir-1-2,hsa-mir-144,hsa-mir-192"
Disease,Cardiomegaly,4,0.8,7.12781955,0.000695,0.3978,0.0135,"hsa-mir-1-2,hsa-mir-1-1,hsa-mir-199a-2,hsa-mir-199a-1"
Disease,Chronic Hepatitis,3,0.27272727,2.42993848,0.1165,1.0,0.5412,"hsa-mir-199a-2,hsa-mir-199a-1,hsa-mir-145"
Disease,Chronic Obstructive Pulmonary Disease,7,0.25,2.22744361,0.03,1.0,0.2007,"hsa-mir-199a-2,hsa-mir-218-2,hsa-mir-1-1,hsa-mir-218-1,hsa-mir-199a-1,hsa-mir-1-2,hsa-mir-192"
Disease,Cystic Fibrosis,3,0.1875,1.67058271,0.2639,1.0,0.8640000000000001,"hsa-mir-199a-2,hsa-mir-199a-1,hsa-mir-370"
Disease,Endometriosis,10,0.24390244,2.17311572,0.0119,1.0,0.1079,"hsa-mir-199a-2,hsa-mir-194-2,hsa-mir-194-1,hsa-mir-1-1,hsa-mir-145,hsa-mir-141,hsa-mir-183,hsa-mir-199a-1,hsa-mir-195,hsa-mir-1-2"
Disease,Graft-Versus-Host Disease,4,0.22222222,1.97994987,0.1339,1.0,0.6054,"hsa-mir-199a-2,hsa-mir-377,hsa-mir-199a-1,hsa-mir-411"
Disease,Hypertension,13,0.33333333,2.96992481,0.000157,0.0899,0.0038,"hsa-mir-584,hsa-mir-199a-2,hsa-mir-135b,hsa-mir-133a-1,hsa-mir-105-2,hsa-mir-15b,hsa-mir-1-1,hsa-mir-214,hsa-mir-518e,hsa-mir-105-1,hsa-mir-133a-2,hsa-mir-199a-1,hsa-mir-1-2"
Disease,Irritable Bowel Syndrome,2,0.33333333,2.96992481,0.1387,1.0,0.6204,"hsa-mir-199a-2,hsa-mir-199a-1"
Disease,Ischemia-Reperfusion Injury,10,0.43478261,3.87381497,7.269999999999999e-05,0.0416,0.00246,"hsa-mir-199a-2,hsa-mir-194-2,hsa-mir-194-1,hsa-mir-134,hsa-mir-214,hsa-mir-187,hsa-mir-377,hsa-mir-199a-1,hsa-mir-494,hsa-mir-192"
Disease,Lymphoma,12,0.2,1.78195489,0.0292,1.0,0.1967,"hsa-mir-199a-2,hsa-mir-486-2,hsa-mir-200c,hsa-mir-133b,hsa-mir-194-2,hsa-mir-486-1,hsa-mir-194-1,hsa-mir-127,hsa-mir-199a-1,hsa-mir-144,hsa-mir-494,hsa-mir-520a"
Disease,Osteoarthritis,7,0.17073171,1.521181,0.1672,1.0,0.7125,"hsa-mir-199a-2,hsa-mir-483,hsa-mir-127,hsa-mir-130a,hsa-mir-145,hsa-mir-370,hsa-mir-199a-1"
Disease,Ovarian Neoplasms,24,0.22641509,2.01730742,0.000302,0.1729,0.00663,"hsa-mir-302a,hsa-mir-200c,hsa-mir-133b,hsa-mir-194-2,hsa-mir-486-1,hsa-mir-130a,hsa-mir-376c,hsa-mir-1-2,hsa-mir-135b,hsa-mir-127,hsa-mir-1-1,hsa-mir-133a-2,hsa-mir-516a-1,hsa-mir-218-2,hsa-mir-194-1,hsa-mir-214,hsa-mir-145,hsa-mir-183,hsa-mir-199a-2,hsa-mir-486-2,hsa-mir-133a-1,hsa-mir-141,hsa-mir-218-1,hsa-mir-199a-1"
Disease,Polycystic Kidney Disease,8,0.57142857,5.09129968,3.45e-05,0.0197,0.00141,"hsa-mir-1-1,hsa-mir-133a-2,hsa-mir-199a-2,hsa-mir-199a-1,hsa-mir-199b,hsa-mir-133a-1,hsa-mir-1-2,hsa-mir-133b"
Disease,Sickle Cell Disease,2,0.4,3.56390977,0.0996,1.0,0.494,"hsa-mir-214,hsa-mir-199a-2"
Disease,"Squamous Cell Carcinoma, Skin or Unspecific",6,0.33333333,2.96992481,0.0106,1.0,0.1029,"hsa-mir-124-1,hsa-mir-199a-2,hsa-mir-199a-1,hsa-mir-135b,hsa-mir-15b,hsa-mir-124-3"
Disease,Testicular Germ Cell Tumor,3,0.3,2.67293233,0.092,1.0,0.4678,"hsa-mir-199a-2,hsa-mir-199a-1,hsa-mir-214"
Disease,Bladder Neoplasms,8,0.21621622,1.92643772,0.0469,1.0,0.2908,"hsa-mir-133a-1,hsa-mir-133b,hsa-mir-127,hsa-mir-1-1,hsa-mir-199b,hsa-mir-145,hsa-mir-133a-2,hsa-mir-1-2"
Disease,Leukemia,8,0.11940299,1.06385366,0.4846,1.0,1.0,"hsa-mir-486-2,hsa-mir-217,hsa-mir-3151,hsa-mir-486-1,hsa-mir-199b,hsa-mir-138-2,hsa-mir-183,hsa-mir-195"
Disease,"Leukemia, Myeloid, Chronic",8,0.11940299,1.06385366,0.4846,1.0,1.0,"hsa-mir-518b,hsa-mir-483,hsa-mir-299,hsa-mir-199b,hsa-mir-130a,hsa-mir-145,hsa-mir-370,hsa-mir-520a"
Disease,Polycystic Ovarian Syndrome,6,0.20689655,1.84340161,0.0967,1.0,0.4853,"hsa-mir-486-2,hsa-mir-483,hsa-mir-194-2,hsa-mir-486-1,hsa-mir-194-1,hsa-mir-199b"
Disease,Graves' Disease,1,0.1,0.89097744,0.6974,1.0,1.0,hsa-mir-183
Disease,Retinoblastoma,6,0.13333333,1.18796992,0.39299999999999996,1.0,1.0,"hsa-mir-218-2,hsa-mir-124-1,hsa-mir-218-1,hsa-mir-183,hsa-mir-124-3,hsa-mir-494"
Disease,Ankylosing Spondylitis,3,0.33333333,2.96992481,0.07,1.0,0.3838,"hsa-mir-124-1,hsa-mir-124-3,hsa-mir-130a"
Disease,"Carcinoma, Adrenocortical",6,0.2,1.78195489,0.1102,1.0,0.5222,"hsa-mir-483,hsa-mir-382,hsa-mir-130a,hsa-mir-145,hsa-mir-195,hsa-mir-192"
Disease,Chronic Kidney Disease,5,0.15625,1.39215226,0.2855,1.0,0.9167,"hsa-mir-133a-1,hsa-mir-217,hsa-mir-15b,hsa-mir-130a,hsa-mir-133a-2"
Disease,Liver Failure,1,0.33333333,2.96992481,0.3006,1.0,0.9548,hsa-mir-130a
Disease,Narcolepsy,1,0.5,4.45488722,0.212,1.0,0.8290000000000001,hsa-mir-130a
Disease,Neuroblastoma,4,0.06779661,0.6040525,0.9151,1.0,1.0,"hsa-mir-432,hsa-mir-337,hsa-mir-130a,hsa-mir-192"
Disease,Pancreatic Intraductal Papillary Mucinous Neoplasms,1,0.16666667,1.48496241,0.5112,1.0,1.0,hsa-mir-130a
Disease,Psoriasis,6,0.18181818,1.61995899,0.1561,1.0,0.6677,"hsa-mir-369,hsa-mir-217,hsa-mir-194-2,hsa-mir-194-1,hsa-mir-130a,hsa-mir-138-2"
Disease,Spinal Cord Injuries,2,0.15384615,1.37073453,0.4383,1.0,1.0,"hsa-mir-130a,hsa-mir-145"
Disease,"Adenocarcinoma, Cervical",4,0.8,7.12781955,0.000695,0.3978,0.0135,"hsa-mir-192,hsa-mir-135b,hsa-mir-194-1,hsa-mir-194-2"
Disease,"Carcinoma, Oral",9,0.24324324,2.16724243,0.0172,1.0,0.1273,"hsa-mir-135b,hsa-mir-124-1,hsa-mir-214,hsa-mir-145,hsa-mir-138-2,hsa-mir-1269b,hsa-mir-518c,hsa-mir-124-3,hsa-mir-494"
Disease,Enterovirus Infection,1,0.14285714,1.27282492,0.5664,1.0,1.0,hsa-mir-135b
Disease,"Lymphoma, Large-Cell, Anaplastic",1,0.08333333,0.7424812,0.762,1.0,1.0,hsa-mir-135b
Disease,Cerebral Aneurysm,8,0.4,3.56390977,0.000801,0.4581,0.0144,"hsa-mir-1-1,hsa-mir-133a-2,hsa-mir-455,hsa-mir-370,hsa-mir-133a-1,hsa-mir-1-2,hsa-mir-145,hsa-mir-133b"
Disease,"Cardiomyopathy, Ischemic",4,0.21052632,1.87574199,0.1556,1.0,0.6727,"hsa-mir-377,hsa-mir-154,hsa-mir-483,hsa-mir-141"
Disease,Prolactinoma,5,0.33333333,2.96992481,0.0196,1.0,0.139,"hsa-mir-136,hsa-mir-382,hsa-mir-486-2,hsa-mir-486-1,hsa-mir-144"
Disease,Barrett's Esophagus,3,0.27272727,2.42993848,0.1165,1.0,0.5412,"hsa-mir-194-2,hsa-mir-194-1,hsa-mir-192"
Disease,"Carcinoma, Periampullary",1,0.2,1.78195489,0.4492,1.0,1.0,hsa-mir-192
Disease,Celiac Disease,3,0.3,2.67293233,0.092,1.0,0.4678,"hsa-mir-194-2,hsa-mir-194-1,hsa-mir-192"
Disease,Chronic Hepatitis B,5,0.15625,1.39215226,0.2855,1.0,0.9167,"hsa-mir-200c,hsa-mir-124-1,hsa-mir-885,hsa-mir-124-3,hsa-mir-192"
Disease,Crohn Disease,5,0.15151515,1.34996582,0.3086,1.0,0.9328,"hsa-mir-124-1,hsa-mir-141,hsa-mir-495,hsa-mir-124-3,hsa-mir-192"
Disease,Influenza,3,0.11538462,1.0280509,0.573,1.0,1.0,"hsa-mir-376c,hsa-mir-144,hsa-mir-192"
Disease,Kidney Transplant Rejection,3,0.27272727,2.42993848,0.1165,1.0,0.5412,"hsa-mir-486-2,hsa-mir-486-1,hsa-mir-192"
Disease,Mandibular Prognathism,3,0.21428571,1.90923738,0.2013,1.0,0.8168,"hsa-mir-194-2,hsa-mir-194-1,hsa-mir-192"
Disease,Nephrosclerosis,2,0.33333333,2.96992481,0.1387,1.0,0.6204,"hsa-mir-192,hsa-mir-141"
Disease,Nephrotic Syndrome,2,0.25,2.22744361,0.2237,1.0,0.7552,"hsa-mir-942,hsa-mir-192"
Disease,Prediabetes,1,0.14285714,1.27282492,0.5664,1.0,1.0,hsa-mir-192
Disease,Reflux Esophagitis,4,0.8,7.12781955,0.000695,0.3978,0.0135,"hsa-mir-194-2,hsa-mir-192,hsa-mir-194-1,hsa-mir-145"
Disease,Male Infertility,2,0.15384615,1.37073453,0.4383,1.0,1.0,"hsa-mir-885,hsa-mir-145"
Disease,Adenovirus Infection,3,0.08333333,0.7424812,0.7894,1.0,1.0,"hsa-mir-194-2,hsa-mir-194-1,hsa-mir-466"
Disease,"Aortic Aneurysm, Abdominal",3,0.14285714,1.27282492,0.4251,1.0,1.0,"hsa-mir-194-2,hsa-mir-194-1,hsa-mir-550a-2"
Disease,Cervical Neoplasms,7,0.36842105,3.28254848,0.00303,1.0,0.0379,"hsa-mir-218-1,hsa-mir-194-2,hsa-mir-15b,hsa-mir-214,hsa-mir-218-2,hsa-mir-194-1,hsa-mir-145"
Disease,Heart Diseases [unspecific],9,0.23684211,2.11020973,0.0204,1.0,0.1432,"hsa-mir-516a-1,hsa-mir-133a-1,hsa-mir-133b,hsa-mir-194-2,hsa-mir-194-1,hsa-mir-1-1,hsa-mir-184,hsa-mir-133a-2,hsa-mir-1-2"
Disease,Necrotizing Enterocolitis,2,0.18181818,1.61995899,0.3549,1.0,1.0,"hsa-mir-194-2,hsa-mir-194-1"
Disease,Cataract,2,1.0,8.90977444,0.0125,1.0,0.1098,"hsa-mir-214,hsa-mir-184"
Disease,Habitual Abortion,3,0.21428571,1.90923738,0.2013,1.0,0.8168,"hsa-mir-519a-1,hsa-mir-184,hsa-mir-187"
Disease,Macular Degeneration,1,0.07142857,0.63641246,0.813,1.0,1.0,hsa-mir-184
Disease,Retinal Neovascularization,2,0.28571429,2.54564984,0.1804,1.0,0.7503,"hsa-mir-214,hsa-mir-184"
Disease,Acute Ischemic Stroke,3,0.21428571,1.90923738,0.2013,1.0,0.8168,"hsa-mir-487b,hsa-mir-145,hsa-mir-320d-1"
Disease,"Lymphoma, B-Cell",2,0.08333333,0.7424812,0.7714,1.0,1.0,"hsa-mir-195,hsa-mir-376c"
Disease,Acute Coronary Syndrome,3,0.13636364,1.21496924,0.4563,1.0,1.0,"hsa-mir-486-2,hsa-mir-15b,hsa-mir-486-1"
Disease,Diabetic Retinopathy,2,0.0952381,0.84854995,0.7026,1.0,1.0,"hsa-mir-195,hsa-mir-15b"
Disease,Japanese Encephalitis Virus Infection,1,0.25,2.22744361,0.3793,1.0,1.0,hsa-mir-15b
Disease,"Leukemia, Lymphocytic, Chronic",2,0.04878049,0.43462314,0.9557,1.0,1.0,"hsa-mir-15b,hsa-mir-214"
Disease,"Lymphoma, Mantle-Cell",1,0.16666667,1.48496241,0.5112,1.0,1.0,hsa-mir-15b
Disease,Myocardial Fibrosis,2,0.125,1.1137218,0.5515,1.0,1.0,"hsa-mir-154,hsa-mir-15b"
Disease,Non-Traumatic Subarachnoid Hemorrhage,1,0.09090909,0.80997949,0.7316,1.0,1.0,hsa-mir-15b
Disease,Peripheral Vascular Disease,3,0.21428571,1.90923738,0.2013,1.0,0.8168,"hsa-mir-195,hsa-mir-15b,hsa-mir-145"
Disease,Uterine Leiomyoma,1,0.2,1.78195489,0.4492,1.0,1.0,hsa-mir-15b
Disease,Vascular Diseases [unspecific],3,0.11111111,0.98997494,0.5997,1.0,1.0,"hsa-mir-483,hsa-mir-15b,hsa-mir-145"
Disease,Giant Cell Tumor of Bone,1,0.14285714,1.27282492,0.5664,1.0,1.0,hsa-mir-127
Disease,Lupus Nephritis,2,0.15384615,1.37073453,0.4383,1.0,1.0,"hsa-mir-145,hsa-mir-127"
Disease,Cardiac Myxoma,3,1.0,8.90977444,0.00139,0.7926,0.0222,"hsa-mir-218-1,hsa-mir-218-2,hsa-mir-217"
Disease,Diabetic Nephropathy,5,0.20833333,1.85620301,0.122,1.0,0.5563,"hsa-mir-218-2,hsa-mir-124-1,hsa-mir-214,hsa-mir-218-1,hsa-mir-124-3"
Disease,Human Cytomegalovirus Infection,4,0.44444444,3.95989975,0.0122,1.0,0.1087,"hsa-mir-218-1,hsa-mir-217,hsa-mir-218-2,hsa-mir-200c"
Disease,Mesial Temporal Lobe Epilepsy,6,0.33333333,2.96992481,0.0106,1.0,0.1029,"hsa-mir-218-1,hsa-mir-124-1,hsa-mir-124-3,hsa-mir-218-2,hsa-mir-145,hsa-mir-134"
Disease,Aortic Stenosis,7,0.28,2.49473684,0.0162,1.0,0.1209,"hsa-mir-133a-1,hsa-mir-133b,hsa-mir-382,hsa-mir-1-1,hsa-mir-133a-2,hsa-mir-195,hsa-mir-1-2"
Disease,Arrhythmia,5,0.625,5.56860902,0.0007019999999999999,0.4015,0.0128,"hsa-mir-1-1,hsa-mir-133a-2,hsa-mir-3144,hsa-mir-133a-1,hsa-mir-1-2"
Disease,"Carcinoma, Vulvar",2,0.22222222,1.97994987,0.2676,1.0,0.8736,"hsa-mir-133a-2,hsa-mir-133a-1"
Disease,Cardiomyopathy,4,0.16666667,1.48496241,0.2791,1.0,0.9011,"hsa-mir-133a-1,hsa-mir-200c,hsa-mir-133b,hsa-mir-133a-2"
Disease,Dengue Virus Infection,2,0.13333333,1.18796992,0.5156,1.0,1.0,"hsa-mir-133a-2,hsa-mir-133a-1"
Disease,Essential Hypertension,5,0.26315789,2.34467748,0.0525,1.0,0.3095,"hsa-mir-1-1,hsa-mir-133a-2,hsa-mir-133a-1,hsa-mir-1-2,hsa-mir-483"
Disease,HELLP Syndrome,3,0.75,6.68233083,0.00509,1.0,0.0568,"hsa-mir-133a-1,hsa-mir-758,hsa-mir-133a-2"
Disease,Long QT Syndrome,4,1.0,8.90977444,0.000152,0.0872,0.0037600000000000003,"hsa-mir-1-2,hsa-mir-1-1,hsa-mir-133a-2,hsa-mir-133a-1"
Disease,Neuroendocrine Tumors,2,0.33333333,2.96992481,0.1387,1.0,0.6204,"hsa-mir-133a-2,hsa-mir-133a-1"
Disease,Ventricular Tachycardia,5,1.0,8.90977444,1.66e-05,0.00952,0.0011,"hsa-mir-1-2,hsa-mir-1-1,hsa-mir-133a-2,hsa-mir-133b,hsa-mir-133a-1"
Disease,Aortic Aneurysm,4,0.36363636,3.23991798,0.0267,1.0,0.1829,"hsa-mir-1-1,hsa-mir-195,hsa-mir-1-2,hsa-mir-145"
Disease,Chronic Atrial Fibrillation,2,0.66666667,5.93984962,0.0348,1.0,0.2264,"hsa-mir-1-2,hsa-mir-1-1"
Disease,Lofgren's Syndrome,2,0.16666667,1.48496241,0.3972,1.0,1.0,"hsa-mir-1-1,hsa-mir-1-2"
Disease,Myocardial Ischemic-Reperfusion Injury,2,0.125,1.1137218,0.5515,1.0,1.0,"hsa-mir-1-1,hsa-mir-1-2"
Disease,Aortic Insufficiency,1,0.25,2.22744361,0.3793,1.0,1.0,hsa-mir-195
Disease,"Colitis, Ulcerative",6,0.23076923,2.05610179,0.0619,1.0,0.3612,"hsa-mir-200c,hsa-mir-4732,hsa-mir-124-1,hsa-mir-141,hsa-mir-195,hsa-mir-124-3"
Disease,Synovial Sarcoma,1,0.09090909,0.80997949,0.7316,1.0,1.0,hsa-mir-195
Disease,Adrenal Cortex Neoplasms,1,0.08333333,0.7424812,0.762,1.0,1.0,hsa-mir-214
Disease,Angiosarcoma,1,0.5,4.45488722,0.212,1.0,0.8290000000000001,hsa-mir-214
Disease,Coxsackievirus Infection,2,0.66666667,5.93984962,0.0348,1.0,0.2264,"hsa-mir-214,hsa-mir-466"
Disease,Huntington's Disease,1,0.16666667,1.48496241,0.5112,1.0,1.0,hsa-mir-214
Disease,Pediatric Osteosarcoma,1,0.5,4.45488722,0.212,1.0,0.8290000000000001,hsa-mir-214
Disease,"Scleroderma, Localized",1,0.33333333,2.96992481,0.3006,1.0,0.9548,hsa-mir-214
Disease,Liver Neoplasms,3,0.12,1.06917293,0.5453,1.0,1.0,"hsa-mir-486-2,hsa-mir-133b,hsa-mir-486-1"
Disease,Testicular Neoplasms,1,0.33333333,2.96992481,0.3006,1.0,0.9548,hsa-mir-133b
Disease,Pituitary Neoplasms,1,0.0625,0.5568609,0.8531,1.0,1.0,hsa-mir-381
Disease,ACTH-Secreting Pituitary Adenoma,2,0.18181818,1.61995899,0.3549,1.0,1.0,"hsa-mir-145,hsa-mir-141"
Disease,"Carcinoma, Biliary Tract",1,0.14285714,1.27282492,0.5664,1.0,1.0,hsa-mir-141
Disease,"Carcinoma, Endometrioid Endometrial",3,0.42857143,3.81847476,0.0345,1.0,0.2269,"hsa-mir-145,hsa-mir-200c,hsa-mir-141"
Disease,Esophageal Neoplasms,2,0.22222222,1.97994987,0.2676,1.0,0.8736,"hsa-mir-145,hsa-mir-141"
Disease,Idiopathic Asthenospermia,1,0.5,4.45488722,0.212,1.0,0.8290000000000001,hsa-mir-141
Disease,"Carcinoma, Lung, Small-Cell",1,0.04761905,0.42427497,0.9198,1.0,1.0,hsa-mir-495
Disease,Periodontitis,1,0.5,4.45488722,0.212,1.0,0.8290000000000001,hsa-mir-495
Disease,"Adenocarcinoma, Esophageal",2,0.09090909,0.80997949,0.7272,1.0,1.0,"hsa-mir-145,hsa-mir-944"
Disease,Colitis,2,0.16666667,1.48496241,0.3972,1.0,1.0,"hsa-mir-145,hsa-mir-138-2"
Disease,Depression Disorder,3,0.13043478,1.16214449,0.4868,1.0,1.0,"hsa-mir-124-1,hsa-mir-145,hsa-mir-124-3"
Disease,Fibromyalgia,1,0.16666667,1.48496241,0.5112,1.0,1.0,hsa-mir-145
Disease,"Leukemia-Lymphoma, Adult T-Cell",1,0.11111111,0.98997494,0.6588,1.0,1.0,hsa-mir-145
Disease,Liposarcoma,1,0.25,2.22744361,0.3793,1.0,1.0,hsa-mir-145
Disease,"Lymphoma, Burkitt's",2,0.15384615,1.37073453,0.4383,1.0,1.0,"hsa-mir-520a,hsa-mir-145"
Disease,"Lymphoma, T-Cell",1,0.03846154,0.34268363,0.9563,1.0,1.0,hsa-mir-145
Disease,Metabolic Syndrome,1,0.11111111,0.98997494,0.6588,1.0,1.0,hsa-mir-145
Disease,Nervous System Diseases [unspecific],2,0.2,1.78195489,0.3115,1.0,0.9393,"hsa-mir-145,hsa-mir-138-2"
Disease,"Osteoporosis, Postmenopausal",1,0.33333333,2.96992481,0.3006,1.0,0.9548,hsa-mir-145
Disease,Uveal Melanoma,2,0.18181818,1.61995899,0.3549,1.0,1.0,"hsa-mir-144,hsa-mir-145"
Disease,Wounds and Injuries [unspecific],1,0.2,1.78195489,0.4492,1.0,1.0,hsa-mir-145
Disease,"Carcinoma, Embryonal",1,0.5,4.45488722,0.212,1.0,0.8290000000000001,hsa-mir-134
Disease,Cerebral Ischemia,1,0.09090909,0.80997949,0.7316,1.0,1.0,hsa-mir-376b
Disease,"Carcinoma, Ovarian, Serous",1,0.04166667,0.3712406,0.9443,1.0,1.0,hsa-mir-483
Disease,Immune Thrombocytopenic Purpura,2,0.15384615,1.37073453,0.4383,1.0,1.0,"hsa-mir-302a,hsa-mir-483"
Disease,Kawasaki's Syndrome,2,0.33333333,2.96992481,0.1387,1.0,0.6204,"hsa-mir-483,hsa-mir-200c"
Disease,Osteoporosis,2,0.22222222,1.97994987,0.2676,1.0,0.8736,"hsa-mir-216a,hsa-mir-483"
Disease,Cerebral Cavernous Malformations,2,0.4,3.56390977,0.0996,1.0,0.494,"hsa-mir-95,hsa-mir-370"
Disease,Helicobacter Pylori Infection,1,0.1,0.89097744,0.6974,1.0,1.0,hsa-mir-370
Disease,Ectopic Pregnancy,1,0.07692308,0.68536726,0.789,1.0,1.0,hsa-mir-337
Disease,Neurodegenerative Diseases [unspecific],4,0.21052632,1.87574199,0.1556,1.0,0.6727,"hsa-mir-124-1,hsa-mir-337,hsa-mir-124-3,hsa-mir-144"
Disease,"Carcinoma, Gastric, Signet Ring Cell",1,0.33333333,2.96992481,0.3006,1.0,0.9548,hsa-mir-95
Disease,Cocaine Abuse,2,0.28571429,2.54564984,0.1804,1.0,0.7503,"hsa-mir-124-1,hsa-mir-124-3"
Disease,Rhinosinusitis,2,0.15384615,1.37073453,0.4383,1.0,1.0,"hsa-mir-124-1,hsa-mir-124-3"
Disease,"Stroke, Hemorrhagic",2,0.4,3.56390977,0.0996,1.0,0.494,"hsa-mir-124-1,hsa-mir-124-3"
Disease,Toxic Epidermal Necrolysis,2,0.5,4.45488722,0.0644,1.0,0.3672,"hsa-mir-124-1,hsa-mir-124-3"
Disease,Gestational Trophoblastic Disease,4,0.30769231,2.74146906,0.0484,1.0,0.2989,"hsa-mir-516a-1,hsa-mir-517a,hsa-mir-518b,hsa-mir-520a"
Disease,"Lymphoma, Non-Hodgkin",1,0.16666667,1.48496241,0.5112,1.0,1.0,hsa-mir-520a
Disease,Chronic Brucellosis,1,0.16666667,1.48496241,0.5112,1.0,1.0,hsa-mir-494
Disease,Machado-Joseph Disease,1,0.09090909,0.80997949,0.7316,1.0,1.0,hsa-mir-494
Disease,Prion Diseases,1,0.5,4.45488722,0.212,1.0,0.8290000000000001,hsa-mir-494
Disease,Chronic Pancreatitis,1,0.25,2.22744361,0.3793,1.0,1.0,hsa-mir-217
Disease,Medulloepithelioma,3,0.375,3.34116541,0.0507,1.0,0.3081,"hsa-mir-216a,hsa-mir-217,hsa-mir-216b"
Disease,Acute Pancreatitis,2,0.28571429,2.54564984,0.1804,1.0,0.7503,"hsa-mir-216a,hsa-mir-216b"
Disease,Autism Spectrum Disorder,2,0.07142857,0.63641246,0.8414,1.0,1.0,"hsa-mir-486-2,hsa-mir-486-1"
Disease,"Leukemia, Myeloid",2,0.11111111,0.98997494,0.6177,1.0,1.0,"hsa-mir-486-2,hsa-mir-486-1"
Disease,Alcoholic Cardiomyopathy,3,0.375,3.34116541,0.0507,1.0,0.3081,"hsa-mir-485,hsa-mir-506,hsa-mir-138-2"
Disease,Androgenetic Alopecia,1,0.5,4.45488722,0.212,1.0,0.8290000000000001,hsa-mir-485
Disease,Hyperlipidemia,1,0.2,1.78195489,0.4492,1.0,1.0,hsa-mir-485
Disease,Allergic Asthma,1,0.25,2.22744361,0.3793,1.0,1.0,hsa-mir-144
Disease,Bronchiolitis Obliterans Syndrome,1,0.33333333,2.96992481,0.3006,1.0,0.9548,hsa-mir-144
Disease,Hemophagocytic Lymphohistiocytosis,1,0.125,1.1137218,0.6153,1.0,1.0,hsa-mir-144
Disease,Non-Alcoholic Steatohepatitis,1,0.25,2.22744361,0.3793,1.0,1.0,hsa-mir-144
Disease,Thyroid Adenomas,1,0.33333333,2.96992481,0.3006,1.0,0.9548,hsa-mir-144
Disease,Interstitial Cystitis,1,0.09090909,0.80997949,0.7316,1.0,1.0,hsa-mir-320d-1
Disease,Azoospermia,1,0.09090909,0.80997949,0.7316,1.0,1.0,hsa-mir-302a
Disease,Fanconi Anemia,1,0.16666667,1.48496241,0.5112,1.0,1.0,hsa-mir-302a
Disease,Germ Cell Tumor,1,0.16666667,1.48496241,0.5112,1.0,1.0,hsa-mir-302a
Disease,Kidney Neoplasms,2,0.18181818,1.61995899,0.3549,1.0,1.0,"hsa-mir-302a,hsa-mir-200c"
Disease,Skin Neoplasms,1,0.25,2.22744361,0.3793,1.0,1.0,hsa-mir-302a
Disease,Salivary Gland Neoplasms,1,0.11111111,0.98997494,0.6588,1.0,1.0,hsa-mir-299
Disease,"Carcinoma, Skin",1,0.125,1.1137218,0.6153,1.0,1.0,hsa-mir-200c
Disease,"Carcinoma, Spindle Cell",1,0.25,2.22744361,0.3793,1.0,1.0,hsa-mir-200c
Disease,Kallmann Syndrome,1,0.16666667,1.48496241,0.5112,1.0,1.0,hsa-mir-200c
Disease,Kidney Diseases [unspecific],1,0.14285714,1.27282492,0.5664,1.0,1.0,hsa-mir-200c
Disease,Leiomyoma,1,0.16666667,1.48496241,0.5112,1.0,1.0,hsa-mir-200c
Disease,Leiomyosarcoma,1,0.5,4.45488722,0.212,1.0,0.8290000000000001,hsa-mir-200c
Disease,Ovarian Serous Cystadenocarcinoma,1,0.25,2.22744361,0.3793,1.0,1.0,hsa-mir-200c
Disease,Panic Disorder,1,0.2,1.78195489,0.4492,1.0,1.0,hsa-mir-138-2
Disease,Gastric Neoplasms,1,0.09090909,0.80997949,0.7316,1.0,1.0,hsa-mir-516a-1
Disease,"Systemic Lupus Erythematosus, With Pericarditis",1,0.25,2.22744361,0.3793,1.0,1.0,hsa-mir-516a-1
