Category,Subcategory,Enrichment,p-value,observed,miRNAs/precursors
Diseases (HMDD2),Osteosarcoma,enriched,1.51E-07,14,hsa-mir-183; hsa-mir-133a-2; hsa-mir-133a-1; hsa-mir-1-2; hsa-mir-145; hsa-mir-210; hsa-mir-143; hsa-mir-1-1; hsa-mir-125b-1; hsa-mir-133b; hsa-mir-125b-2; hsa-mir-195; hsa-mir-18a; hsa-mir-135b
Diseases (HMDD2),Adrenocortical Carcinoma,enriched,1.73E-06,22,hsa-mir-139; hsa-mir-30a; hsa-mir-133a-2; hsa-mir-133a-1; hsa-mir-1-2; hsa-mir-145; hsa-mir-210; hsa-mir-301b; hsa-mir-143; hsa-mir-335; hsa-mir-1-1; hsa-mir-100; hsa-mir-192; hsa-mir-125b-1; hsa-mir-125b-2; hsa-mir-195; hsa-let-7c; hsa-mir-483; hsa-mir-675; hsa-mir-301a; hsa-mir-7-1; hsa-mir-7-3
Diseases (HMDD2),Atherosclerosis,enriched,1.76E-05,7,hsa-mir-133a-2; hsa-mir-133a-1; hsa-mir-145; hsa-mir-210; hsa-mir-143; hsa-mir-100; hsa-mir-133b
Diseases (HMDD2),"Carcinoma, Squamous Cell",enriched,1.76E-05,25,hsa-mir-30a; hsa-mir-133a-2; hsa-mir-182; hsa-mir-133a-1; hsa-mir-1-2; hsa-mir-145; hsa-mir-210; hsa-mir-143; hsa-mir-1-1; hsa-mir-519a-1; hsa-mir-100; hsa-mir-125b-1; hsa-mir-133b; hsa-mir-125b-2; hsa-mir-195; hsa-mir-18a; hsa-mir-519a-2; hsa-mir-218-2; hsa-mir-218-1; hsa-mir-124-1; hsa-mir-504; hsa-mir-489; hsa-mir-124-2; hsa-mir-138-1; hsa-mir-138-2
Diseases (HMDD2),"Cardiomyopathy, Hypertrophic",enriched,6.36E-05,7,hsa-mir-133a-2; hsa-mir-133a-1; hsa-mir-1-2; hsa-mir-1-1; hsa-mir-125b-1; hsa-mir-125b-2; hsa-mir-195
Diseases (HMDD2),"Aortic Aneurysm, Thoracic",enriched,8.42E-05,5,hsa-mir-30a; hsa-mir-133a-2; hsa-mir-133a-1; hsa-mir-1-2; hsa-mir-1-1
Diseases (HMDD2),Hypertension,enriched,8.42E-05,6,hsa-mir-133a-2; hsa-mir-133a-1; hsa-mir-1-2; hsa-mir-145; hsa-mir-1-1; hsa-mir-133b
Diseases (HMDD2),Retinal Degeneration,enriched,8.42E-05,6,hsa-mir-183; hsa-mir-96; hsa-mir-182; hsa-mir-1-2; hsa-mir-1-1; hsa-mir-133b
Diseases (HMDD2),"Muscular Disorders, Atrophic",enriched,8.42E-05,8,hsa-mir-30a; hsa-mir-145; hsa-mir-210; hsa-mir-143; hsa-mir-335; hsa-mir-100; hsa-mir-195; hsa-let-7c
Diseases (HMDD2),Myocardial Infarction,enriched,0.00011275,9,hsa-mir-30a; hsa-mir-133a-2; hsa-mir-133a-1; hsa-mir-1-2; hsa-mir-210; hsa-mir-1-1; hsa-mir-133b; hsa-mir-195; hsa-mir-206
Diseases (HMDD2),Breast Neoplasms,enriched,0.000205943,54,hsa-mir-139; hsa-mir-30a; hsa-mir-183; hsa-mir-96; hsa-mir-133a-2; hsa-mir-182; hsa-mir-133a-1; hsa-mir-1-2; hsa-mir-145; hsa-mir-210; hsa-mir-301b; hsa-mir-425; hsa-mir-143; hsa-mir-335; hsa-mir-1-1; hsa-mir-345; hsa-mir-100; hsa-mir-516a-2; hsa-mir-125b-1; hsa-mir-133b; hsa-mir-125b-2; hsa-mir-195; hsa-mir-584; hsa-mir-18a; hsa-mir-708; hsa-let-7c; hsa-mir-1258; hsa-mir-1323; hsa-mir-520b; hsa-mir-516a-1; hsa-mir-520a; hsa-mir-135b; hsa-mir-218-2; hsa-mir-218-1; hsa-mir-520c; hsa-mir-224; hsa-mir-206; hsa-mir-1915; hsa-mir-429; hsa-mir-124-1; hsa-mir-301a; hsa-mir-124-3; hsa-mir-149; hsa-mir-7-1; hsa-mir-383; hsa-mir-519c; hsa-mir-141; hsa-mir-7-3; hsa-mir-520h; hsa-mir-124-2; hsa-mir-520d; hsa-mir-200a; hsa-mir-519d; hsa-mir-373
Diseases (HMDD2),Ovarian Neoplasms,enriched,0.000245914,28,hsa-mir-30a; hsa-mir-183; hsa-mir-96; hsa-mir-133a-2; hsa-mir-182; hsa-mir-133a-1; hsa-mir-145; hsa-mir-335; hsa-mir-1-1; hsa-mir-100; hsa-mir-516a-2; hsa-mir-192; hsa-mir-125b-1; hsa-mir-133b; hsa-mir-125b-2; hsa-mir-18a; hsa-let-7c; hsa-mir-516a-1; hsa-mir-135b; hsa-mir-218-1; hsa-mir-224; hsa-mir-429; hsa-mir-99a; hsa-mir-383; hsa-mir-141; hsa-mir-200a; hsa-mir-138-1; hsa-mir-138-2
Diseases (HMDD2),Multiple Myeloma,enriched,0.000348791,6,hsa-mir-130b; hsa-mir-335; hsa-mir-192; hsa-mir-125b-1; hsa-mir-125b-2; hsa-mir-18a
Diseases (HMDD2),Laryngeal Neoplasms,enriched,0.000398282,10,hsa-mir-133a-2; hsa-mir-133a-1; hsa-mir-1-2; hsa-mir-145; hsa-mir-1-1; hsa-mir-125b-1; hsa-mir-125b-2; hsa-mir-708; hsa-mir-378a; hsa-mir-206
Diseases (HMDD2),Acute Coronary Syndrome,enriched,0.000408811,5,hsa-mir-133a-2; hsa-mir-133a-1; hsa-mir-1-2; hsa-mir-1-1; hsa-mir-133b
Diseases (HMDD2),Pain,enriched,0.000480496,3,hsa-mir-183; hsa-mir-96; hsa-mir-182
Diseases (HMDD2),Adenocarcinoma,enriched,0.000520106,10,hsa-mir-183; hsa-mir-133a-2; hsa-mir-182; hsa-mir-145; hsa-mir-210; hsa-mir-143; hsa-mir-192; hsa-mir-195; hsa-mir-429; hsa-mir-200a
Diseases (HMDD2),"Arrhythmias, Cardiac",enriched,0.000520106,4,hsa-mir-133a-2; hsa-mir-133a-1; hsa-mir-1-2; hsa-mir-1-1
Diseases (HMDD2),Head and Neck Neoplasms,enriched,0.000604626,19,hsa-mir-133a-2; hsa-mir-130b; hsa-mir-133a-1; hsa-mir-1-2; hsa-mir-145; hsa-mir-143; hsa-mir-1-1; hsa-mir-100; hsa-mir-125b-1; hsa-mir-125b-2; hsa-mir-195; hsa-mir-18a; hsa-let-7c; hsa-mir-99a; hsa-mir-7-1; hsa-mir-141; hsa-mir-7-3; hsa-mir-138-1; hsa-mir-138-2
Diseases (HMDD2),Colonic Neoplasms,enriched,0.000677686,17,hsa-mir-30a; hsa-mir-145; hsa-mir-143; hsa-mir-1-1; hsa-mir-192; hsa-mir-125b-1; hsa-mir-133b; hsa-mir-125b-2; hsa-mir-584; hsa-mir-18a; hsa-mir-615; hsa-let-7c; hsa-mir-218-2; hsa-mir-218-1; hsa-mir-518c; hsa-mir-141; hsa-mir-498
Diseases (HMDD2),Colorectal Neoplasms,enriched,0.000677686,47,hsa-mir-139; hsa-mir-30a; hsa-mir-183; hsa-mir-96; hsa-mir-133a-2; hsa-mir-182; hsa-mir-133a-1; hsa-mir-1-2; hsa-mir-145; hsa-mir-210; hsa-mir-143; hsa-mir-335; hsa-mir-1-1; hsa-mir-345; hsa-mir-125b-1; hsa-mir-133b; hsa-mir-125b-2; hsa-mir-147b; hsa-mir-195; hsa-mir-584; hsa-mir-18a; hsa-mir-708; hsa-let-7c; hsa-mir-378a; hsa-mir-520a; hsa-mir-135b; hsa-mir-218-2; hsa-mir-33a; hsa-mir-218-1; hsa-mir-483; hsa-mir-224; hsa-mir-206; hsa-mir-1915; hsa-mir-429; hsa-mir-99a; hsa-mir-124-1; hsa-mir-301a; hsa-mir-124-3; hsa-mir-149; hsa-mir-7-1; hsa-mir-141; hsa-mir-7-3; hsa-mir-372; hsa-mir-124-2; hsa-mir-200a; hsa-mir-760; hsa-mir-373
Diseases (HMDD2),"Carcinoma, Small Cell",enriched,0.00088091,6,hsa-mir-145; hsa-mir-143; hsa-mir-100; hsa-mir-125b-1; hsa-mir-125b-2; hsa-let-7c
Diseases (HMDD2),Lung Neoplasms,enriched,0.00133926,33,hsa-mir-30a; hsa-mir-183; hsa-mir-96; hsa-mir-182; hsa-mir-133a-1; hsa-mir-1-2; hsa-mir-145; hsa-mir-210; hsa-mir-143; hsa-mir-335; hsa-mir-1-1; hsa-mir-100; hsa-mir-192; hsa-mir-125b-1; hsa-mir-133b; hsa-mir-18a; hsa-let-7c; hsa-mir-135b; hsa-mir-218-2; hsa-mir-33a; hsa-mir-224; hsa-mir-33b; hsa-mir-206; hsa-mir-124-1; hsa-mir-301a; hsa-mir-124-3; hsa-mir-7-1; hsa-mir-7-3; hsa-mir-520h; hsa-mir-124-2; hsa-mir-200a; hsa-mir-138-1; hsa-mir-138-2
Diseases (HMDD2),Prostatic Neoplasms,enriched,0.00149182,38,hsa-mir-183; hsa-mir-96; hsa-mir-133a-2; hsa-mir-130b; hsa-mir-182; hsa-mir-133a-1; hsa-mir-1-2; hsa-mir-145; hsa-mir-301b; hsa-mir-143; hsa-mir-335; hsa-mir-1-1; hsa-mir-100; hsa-mir-125b-1; hsa-mir-133b; hsa-mir-125b-2; hsa-mir-195; hsa-mir-708; hsa-let-7c; hsa-mir-378a; hsa-mir-378c; hsa-mir-135b; hsa-mir-218-1; hsa-mir-521-1; hsa-mir-520c; hsa-mir-521-2; hsa-mir-378d-1; hsa-mir-224; hsa-mir-378d-2; hsa-mir-99a; hsa-mir-124-1; hsa-mir-301a; hsa-mir-124-3; hsa-mir-141; hsa-mir-124-2; hsa-mir-200a; hsa-mir-519d; hsa-mir-373
Diseases (HMDD2),Urinary Bladder Neoplasms,enriched,0.00190063,39,hsa-mir-139; hsa-mir-183; hsa-mir-96; hsa-mir-133a-2; hsa-mir-182; hsa-mir-133a-1; hsa-mir-1-2; hsa-mir-145; hsa-mir-210; hsa-mir-143; hsa-mir-1-1; hsa-mir-100; hsa-mir-192; hsa-mir-125b-1; hsa-mir-133b; hsa-mir-125b-2; hsa-mir-195; hsa-mir-18a; hsa-mir-708; hsa-mir-378a; hsa-mir-378c; hsa-mir-135b; hsa-mir-218-2; hsa-mir-218-1; hsa-mir-378d-1; hsa-mir-224; hsa-mir-378d-2; hsa-mir-429; hsa-mir-99a; hsa-mir-149; hsa-mir-7-1; hsa-mir-141; hsa-mir-1224; hsa-mir-7-3; hsa-mir-1229; hsa-mir-517a; hsa-mir-200a; hsa-mir-138-1; hsa-mir-138-2
Diseases (HMDD2),"Hypertrophy, Left Ventricular",enriched,0.00205192,4,hsa-mir-30a; hsa-mir-133a-2; hsa-mir-133a-1; hsa-mir-133b
Diseases (HMDD2),Pancreatic Neoplasms,enriched,0.00237105,26,hsa-mir-183; hsa-mir-96; hsa-mir-182; hsa-mir-145; hsa-mir-210; hsa-mir-425; hsa-mir-143; hsa-mir-100; hsa-mir-192; hsa-mir-125b-1; hsa-mir-133b; hsa-mir-125b-2; hsa-mir-18a; hsa-mir-708; hsa-let-7c; hsa-mir-135b; hsa-mir-218-2; hsa-mir-218-1; hsa-mir-224; hsa-mir-429; hsa-mir-99a; hsa-mir-124-1; hsa-mir-124-3; hsa-mir-520h; hsa-mir-124-2; hsa-mir-200a
Diseases (HMDD2),Esophageal Neoplasms,enriched,0.00245224,16,hsa-mir-183; hsa-mir-133a-2; hsa-mir-130b; hsa-mir-133a-1; hsa-mir-145; hsa-mir-210; hsa-mir-425; hsa-mir-143; hsa-mir-100; hsa-let-7c; hsa-mir-135b; hsa-mir-99a; hsa-mir-518b; hsa-mir-519c; hsa-mir-141; hsa-mir-200a
Diseases (HMDD2),"Heart Defects, Congenital",enriched,0.00411195,4,hsa-mir-133a-2; hsa-mir-133a-1; hsa-mir-1-2; hsa-mir-195
Diseases (HMDD2),"Carcinoma, Non-Small-Cell Lung",enriched,0.0041171,34,hsa-mir-30a; hsa-mir-183; hsa-mir-96; hsa-mir-182; hsa-mir-1-2; hsa-mir-145; hsa-mir-210; hsa-mir-143; hsa-mir-1-1; hsa-mir-345; hsa-mir-100; hsa-mir-125b-1; hsa-mir-133b; hsa-mir-125b-2; hsa-mir-708; hsa-mir-378a; hsa-mir-1258; hsa-mir-520b; hsa-mir-520a; hsa-mir-135b; hsa-mir-218-2; hsa-mir-218-1; hsa-mir-520c; hsa-mir-429; hsa-mir-124-1; hsa-mir-124-3; hsa-mir-149; hsa-mir-7-1; hsa-mir-7-3; hsa-mir-124-2; hsa-mir-520d; hsa-mir-520e; hsa-mir-138-1; hsa-mir-138-2
Diseases (HMDD2),Cardiomegaly,enriched,0.00451527,5,hsa-mir-133a-2; hsa-mir-133a-1; hsa-mir-1-2; hsa-mir-1-1; hsa-mir-378a
Diseases (HMDD2),"Muscular Dystrophy, Duchenne",enriched,0.00451527,6,hsa-mir-133a-2; hsa-mir-133a-1; hsa-mir-1-2; hsa-mir-1-1; hsa-mir-133b; hsa-mir-206
Diseases (HMDD2),Myelodysplastic Syndromes,enriched,0.00451527,12,hsa-mir-1-2; hsa-mir-145; hsa-mir-210; hsa-mir-143; hsa-mir-1-1; hsa-mir-125b-1; hsa-mir-671; hsa-let-7c; hsa-mir-378a; hsa-mir-124-1; hsa-mir-124-3; hsa-mir-124-2
Diseases (HMDD2),"Myocytes, Cardiac",enriched,0.00451527,5,hsa-mir-133a-2; hsa-mir-133a-1; hsa-mir-133b; hsa-mir-195; hsa-mir-378a
Diseases (HMDD2),Precursor Cell Lymphoblastic Leukemia-Lymphoma,enriched,0.00451527,7,hsa-mir-182; hsa-mir-143; hsa-mir-100; hsa-mir-125b-1; hsa-mir-125b-2; hsa-mir-708; hsa-mir-99a
Diseases (HMDD2),Heart Failure,enriched,0.00475116,33,hsa-mir-139; hsa-mir-30a; hsa-mir-133a-2; hsa-mir-130b; hsa-mir-182; hsa-mir-133a-1; hsa-mir-1-2; hsa-mir-145; hsa-mir-210; hsa-mir-1-1; hsa-mir-192; hsa-mir-133b; hsa-mir-195; hsa-mir-18a; hsa-let-7c; hsa-mir-512-2; hsa-mir-520b; hsa-mir-520f; hsa-mir-520a; hsa-mir-218-2; hsa-mir-218-1; hsa-mir-520c; hsa-mir-512-1; hsa-mir-525; hsa-mir-429; hsa-mir-520g; hsa-mir-526b; hsa-mir-372; hsa-mir-520h; hsa-mir-520d; hsa-mir-523; hsa-mir-520e; hsa-mir-373
Diseases (HMDD2),Hodgkin Disease,enriched,0.00475116,4,hsa-mir-183; hsa-mir-96; hsa-mir-182; hsa-mir-18a
Diseases (HMDD2),"Lymphoma, B-Cell",enriched,0.00475116,4,hsa-mir-145; hsa-mir-143; hsa-mir-195; hsa-mir-18a
Diseases (HMDD2),Hypertrophy,enriched,0.00584569,7,hsa-mir-133a-2; hsa-mir-133a-1; hsa-mir-1-2; hsa-mir-1-1; hsa-mir-133b; hsa-let-7c; hsa-mir-206
Diseases (HMDD2),"Leukemia, Myeloid, Acute",enriched,0.00584569,7,hsa-mir-145; hsa-mir-143; hsa-mir-100; hsa-mir-125b-1; hsa-mir-18a; hsa-let-7c; hsa-mir-224
Diseases (HMDD2),Long QT Syndrome,enriched,0.00859096,2,hsa-mir-133a-2; hsa-mir-133a-1
Diseases (HMDD2),Osteoporosis,enriched,0.00859096,2,hsa-mir-133a-2; hsa-mir-133a-1
Diseases (HMDD2),Distal Myopathies,enriched,0.00865705,5,hsa-mir-133a-2; hsa-mir-133a-1; hsa-mir-1-2; hsa-mir-1-1; hsa-mir-206
Diseases (HMDD2),Musculoskeletal Abnormalities,enriched,0.00899368,6,hsa-mir-133a-2; hsa-mir-133a-1; hsa-mir-1-2; hsa-mir-1-1; hsa-mir-18a; hsa-mir-206
Diseases (HMDD2),Carcinoma,enriched,0.00941487,14,hsa-mir-30a; hsa-mir-183; hsa-mir-96; hsa-mir-182; hsa-mir-145; hsa-mir-192; hsa-mir-125b-1; hsa-mir-125b-2; hsa-mir-149; hsa-mir-372; hsa-mir-200a; hsa-mir-138-1; hsa-mir-138-2; hsa-mir-373
Diseases (HMDD2),Stomach Neoplasms,enriched,0.00989806,46,hsa-mir-139; hsa-mir-183; hsa-mir-130b; hsa-mir-182; hsa-mir-1-2; hsa-mir-145; hsa-mir-143; hsa-mir-335; hsa-mir-1-1; hsa-mir-519a-1; hsa-mir-100; hsa-mir-516a-2; hsa-mir-192; hsa-mir-125b-1; hsa-mir-133b; hsa-mir-125b-2; hsa-mir-195; hsa-mir-18a; hsa-mir-519a-2; hsa-mir-378a; hsa-mir-516a-1; hsa-mir-520a; hsa-mir-135b; hsa-mir-518f; hsa-mir-218-2; hsa-mir-218-1; hsa-mir-520c; hsa-mir-224; hsa-mir-206; hsa-mir-429; hsa-mir-124-1; hsa-mir-301a; hsa-mir-124-3; hsa-mir-149; hsa-mir-7-1; hsa-mir-519c; hsa-mir-141; hsa-mir-7-3; hsa-mir-372; hsa-mir-124-2; hsa-mir-520d; hsa-mir-517a; hsa-mir-524; hsa-mir-200a; hsa-mir-544b; hsa-mir-373
