Category,Subcategory,Enrichment,p-value,observed,miRNAs/precursors
Diseases (HMDD2),Breast Neoplasms,enriched,8.90E-16,84,hsa-mir-139; hsa-mir-145; hsa-mir-183; hsa-mir-96; hsa-mir-133a-2; hsa-mir-182; hsa-mir-205; hsa-mir-1-2; hsa-mir-143; hsa-mir-140; hsa-mir-1-1; hsa-mir-133a-1; hsa-mir-133b; hsa-mir-10b; hsa-mir-195; hsa-mir-425; hsa-mir-29a; hsa-mir-26a-1; hsa-mir-26a-2; hsa-mir-450b; hsa-mir-210; hsa-mir-450a-2; hsa-mir-101-2; hsa-mir-101-1; hsa-mir-100; hsa-mir-18a; hsa-mir-450a-1; hsa-mir-324; hsa-mir-516a-2; hsa-mir-20b; hsa-mir-29c; hsa-mir-345; hsa-mir-18b; hsa-mir-301b; hsa-mir-23b; hsa-mir-1245a; hsa-mir-516a-1; hsa-mir-126; hsa-mir-301a; hsa-mir-202; hsa-mir-411; hsa-mir-7-3; hsa-mir-93; hsa-mir-206; hsa-mir-27b; hsa-mir-9-2; hsa-mir-9-1; hsa-mir-9-3; hsa-mir-200a; hsa-mir-29b-2; hsa-mir-7-1; hsa-mir-495; hsa-mir-127; hsa-mir-29b-1; hsa-mir-299; hsa-mir-152; hsa-mir-429; hsa-mir-128-2; hsa-mir-129-2; hsa-mir-376c; hsa-mir-122; hsa-let-7c; hsa-mir-221; hsa-mir-125b-1; hsa-mir-125b-2; hsa-mir-151b; hsa-mir-497; hsa-mir-7-2; hsa-mir-499a; hsa-mir-129-1; hsa-mir-204; hsa-mir-200b; hsa-mir-141; hsa-mir-520b; hsa-mir-155; hsa-mir-200c; hsa-mir-135b; hsa-mir-510; hsa-mir-373; hsa-mir-1245b; hsa-mir-34b; hsa-mir-375; hsa-mir-34c; hsa-mir-196a-1
Diseases (HMDD2),"Carcinoma, Hepatocellular",enriched,9.54E-09,90,hsa-mir-139; hsa-mir-145; hsa-mir-183; hsa-mir-96; hsa-mir-182; hsa-mir-205; hsa-mir-1-2; hsa-mir-140; hsa-mir-1-1; hsa-mir-133b; hsa-mir-130b; hsa-mir-542; hsa-mir-10b; hsa-mir-195; hsa-mir-425; hsa-mir-29a; hsa-mir-26a-1; hsa-mir-26a-2; hsa-mir-450b; hsa-mir-15b; hsa-mir-210; hsa-mir-450a-2; hsa-mir-101-2; hsa-mir-101-1; hsa-mir-1301; hsa-mir-100; hsa-mir-18a; hsa-mir-522; hsa-mir-450a-1; hsa-mir-324; hsa-mir-106a; hsa-mir-20b; hsa-mir-29c; hsa-mir-381; hsa-mir-345; hsa-mir-138-2; hsa-mir-484; hsa-mir-744; hsa-mir-18b; hsa-mir-379; hsa-mir-126; hsa-mir-301a; hsa-mir-202; hsa-mir-99a; hsa-mir-7-3; hsa-mir-93; hsa-mir-200a; hsa-mir-29b-2; hsa-mir-138-1; hsa-mir-7-1; hsa-mir-127; hsa-mir-29b-1; hsa-mir-152; hsa-mir-129-2; hsa-mir-122; hsa-let-7c; hsa-mir-221; hsa-mir-125b-1; hsa-mir-125b-2; hsa-mir-527; hsa-mir-497; hsa-mir-134; hsa-mir-636; hsa-mir-7-2; hsa-mir-489; hsa-mir-192; hsa-mir-370; hsa-mir-499a; hsa-mir-129-1; hsa-mir-200b; hsa-mir-372; hsa-mir-105-2; hsa-mir-141; hsa-mir-520b; hsa-mir-155; hsa-mir-503; hsa-mir-105-1; hsa-mir-508; hsa-mir-200c; hsa-mir-432; hsa-mir-1224; hsa-mir-373; hsa-mir-346; hsa-mir-499b; hsa-mir-375; hsa-mir-34c; hsa-mir-196a-1; hsa-mir-376a-2; hsa-mir-526b; hsa-mir-1231
Diseases (HMDD2),Lung Neoplasms,enriched,1.54E-08,62,hsa-mir-145; hsa-mir-183; hsa-mir-96; hsa-mir-182; hsa-mir-205; hsa-mir-1-2; hsa-mir-143; hsa-mir-140; hsa-mir-1-1; hsa-mir-133a-1; hsa-mir-133b; hsa-mir-542; hsa-mir-10b; hsa-mir-29a; hsa-mir-26a-1; hsa-mir-26a-2; hsa-mir-210; hsa-mir-101-2; hsa-mir-101-1; hsa-mir-100; hsa-mir-18a; hsa-mir-106a; hsa-mir-29c; hsa-mir-381; hsa-mir-138-2; hsa-mir-18b; hsa-mir-126; hsa-mir-301a; hsa-mir-7-3; hsa-mir-93; hsa-mir-206; hsa-mir-27b; hsa-mir-9-2; hsa-mir-9-1; hsa-mir-9-3; hsa-mir-200a; hsa-mir-29b-2; hsa-mir-138-1; hsa-mir-7-1; hsa-mir-127; hsa-mir-29b-1; hsa-mir-128-2; hsa-let-7c; hsa-mir-221; hsa-mir-125b-1; hsa-mir-136; hsa-mir-497; hsa-mir-134; hsa-mir-7-2; hsa-mir-192; hsa-mir-499a; hsa-mir-487b; hsa-mir-200b; hsa-mir-494; hsa-mir-155; hsa-mir-200c; hsa-mir-135b; hsa-mir-34b; hsa-mir-375; hsa-mir-34c; hsa-mir-196a-1; hsa-mir-376a-2
Diseases (HMDD2),Colorectal Neoplasms,enriched,7.93E-08,66,hsa-mir-139; hsa-mir-145; hsa-mir-183; hsa-mir-96; hsa-mir-133a-2; hsa-mir-182; hsa-mir-1-2; hsa-mir-143; hsa-mir-140; hsa-mir-1-1; hsa-mir-133a-1; hsa-mir-133b; hsa-mir-542; hsa-mir-10b; hsa-mir-195; hsa-mir-29a; hsa-mir-26a-1; hsa-mir-26a-2; hsa-mir-210; hsa-mir-18a; hsa-mir-324; hsa-mir-106a; hsa-mir-345; hsa-mir-18b; hsa-mir-28; hsa-mir-126; hsa-mir-301a; hsa-mir-99a; hsa-mir-7-3; hsa-mir-93; hsa-mir-206; hsa-mir-27b; hsa-mir-9-2; hsa-mir-9-1; hsa-mir-9-3; hsa-mir-200a; hsa-mir-7-1; hsa-mir-127; hsa-mir-152; hsa-mir-429; hsa-mir-129-2; hsa-mir-760; hsa-mir-122; hsa-let-7c; hsa-mir-221; hsa-mir-125b-1; hsa-mir-125b-2; hsa-mir-497; hsa-mir-337; hsa-mir-7-2; hsa-mir-499a; hsa-mir-129-1; hsa-mir-200b; hsa-mir-211; hsa-mir-372; hsa-mir-141; hsa-mir-1246; hsa-mir-155; hsa-mir-200c; hsa-mir-135b; hsa-mir-147b; hsa-mir-1179; hsa-mir-373; hsa-mir-34b; hsa-mir-375; hsa-mir-34c
Diseases (HMDD2),"Carcinoma, Squamous Cell",enriched,1.19E-07,45,hsa-mir-145; hsa-mir-133a-2; hsa-mir-182; hsa-mir-205; hsa-mir-1-2; hsa-mir-143; hsa-mir-140; hsa-mir-1-1; hsa-mir-133a-1; hsa-mir-133b; hsa-mir-542; hsa-mir-10b; hsa-mir-195; hsa-mir-210; hsa-mir-101-2; hsa-mir-101-1; hsa-mir-100; hsa-mir-18a; hsa-mir-519a-1; hsa-mir-106a; hsa-mir-20b; hsa-mir-29c; hsa-mir-138-2; hsa-mir-18b; hsa-mir-126; hsa-mir-519a-2; hsa-mir-363; hsa-mir-27b; hsa-mir-9-1; hsa-mir-9-3; hsa-mir-138-1; hsa-mir-129-2; hsa-mir-125b-1; hsa-mir-125b-2; hsa-mir-497; hsa-mir-489; hsa-mir-499a; hsa-mir-211; hsa-mir-155; hsa-mir-200c; hsa-mir-499b; hsa-mir-34b; hsa-mir-375; hsa-mir-34c; hsa-mir-184
Diseases (HMDD2),Urinary Bladder Neoplasms,enriched,1.56E-07,54,hsa-mir-139; hsa-mir-145; hsa-mir-183; hsa-mir-96; hsa-mir-133a-2; hsa-mir-182; hsa-mir-205; hsa-mir-1-2; hsa-mir-143; hsa-mir-1-1; hsa-mir-133a-1; hsa-mir-133b; hsa-mir-10b; hsa-mir-195; hsa-mir-15b; hsa-mir-210; hsa-mir-101-2; hsa-mir-101-1; hsa-mir-100; hsa-mir-18a; hsa-mir-29c; hsa-mir-138-2; hsa-mir-126; hsa-mir-99a; hsa-mir-7-3; hsa-mir-93; hsa-mir-27b; hsa-mir-9-2; hsa-mir-9-1; hsa-mir-9-3; hsa-mir-200a; hsa-mir-138-1; hsa-mir-7-1; hsa-mir-127; hsa-mir-29b-1; hsa-mir-429; hsa-mir-378c; hsa-mir-221; hsa-mir-125b-1; hsa-mir-125b-2; hsa-mir-7-2; hsa-mir-192; hsa-mir-200b; hsa-mir-141; hsa-mir-155; hsa-mir-503; hsa-mir-1229; hsa-mir-200c; hsa-mir-135b; hsa-mir-1224; hsa-mir-378d-2; hsa-mir-378d-1; hsa-mir-34b; hsa-mir-34c
Diseases (HMDD2),Ovarian Neoplasms,enriched,3.31E-07,49,hsa-mir-145; hsa-mir-183; hsa-mir-96; hsa-mir-133a-2; hsa-mir-182; hsa-mir-140; hsa-mir-1-1; hsa-mir-133a-1; hsa-mir-133b; hsa-mir-542; hsa-mir-10b; hsa-mir-29a; hsa-mir-101-2; hsa-mir-101-1; hsa-mir-100; hsa-mir-18a; hsa-mir-516a-2; hsa-mir-20b; hsa-mir-138-2; hsa-mir-516a-1; hsa-mir-126; hsa-mir-99a; hsa-mir-93; hsa-mir-9-1; hsa-mir-200a; hsa-mir-29b-2; hsa-mir-138-1; hsa-mir-127; hsa-mir-29b-1; hsa-mir-152; hsa-mir-429; hsa-mir-128-2; hsa-mir-376c; hsa-let-7c; hsa-mir-221; hsa-mir-125b-1; hsa-mir-125b-2; hsa-mir-192; hsa-mir-370; hsa-mir-499a; hsa-mir-200b; hsa-mir-141; hsa-mir-155; hsa-mir-433; hsa-mir-200c; hsa-mir-135b; hsa-mir-34b; hsa-mir-375; hsa-mir-34c
Diseases (HMDD2),Prostatic Neoplasms,enriched,3.31E-07,56,hsa-mir-145; hsa-mir-183; hsa-mir-96; hsa-mir-133a-2; hsa-mir-182; hsa-mir-205; hsa-mir-1-2; hsa-mir-143; hsa-mir-1-1; hsa-mir-133a-1; hsa-mir-133b; hsa-mir-130b; hsa-mir-195; hsa-mir-29a; hsa-mir-26a-1; hsa-mir-26a-2; hsa-mir-15b; hsa-mir-101-2; hsa-mir-101-1; hsa-mir-100; hsa-mir-106a; hsa-mir-301b; hsa-mir-23b; hsa-mir-126; hsa-mir-301a; hsa-mir-99a; hsa-mir-93; hsa-mir-27b; hsa-mir-200a; hsa-mir-29b-2; hsa-mir-127; hsa-mir-29b-1; hsa-mir-152; hsa-mir-378c; hsa-mir-154; hsa-mir-122; hsa-let-7c; hsa-mir-221; hsa-mir-125b-1; hsa-mir-125b-2; hsa-mir-151b; hsa-mir-204; hsa-mir-200b; hsa-mir-141; hsa-mir-616; hsa-mir-521-1; hsa-mir-521-2; hsa-mir-200c; hsa-mir-135b; hsa-mir-373; hsa-mir-378d-2; hsa-mir-1256; hsa-mir-378d-1; hsa-mir-34b; hsa-mir-375; hsa-mir-34c
Diseases (HMDD2),Neoplasms,enriched,3.39E-07,51,hsa-mir-145; hsa-mir-182; hsa-mir-205; hsa-mir-143; hsa-mir-542; hsa-mir-10b; hsa-mir-29a; hsa-mir-15b; hsa-mir-210; hsa-mir-101-2; hsa-mir-101-1; hsa-mir-18a; hsa-mir-106a; hsa-mir-20b; hsa-mir-29c; hsa-mir-138-2; hsa-mir-18b; hsa-mir-28; hsa-mir-126; hsa-mir-99a; hsa-mir-7-3; hsa-mir-93; hsa-mir-206; hsa-mir-9-2; hsa-mir-9-1; hsa-mir-9-3; hsa-mir-200a; hsa-mir-29b-2; hsa-mir-138-1; hsa-mir-7-1; hsa-mir-127; hsa-mir-29b-1; hsa-mir-429; hsa-mir-122; hsa-let-7c; hsa-mir-221; hsa-mir-125b-1; hsa-mir-125b-2; hsa-mir-7-2; hsa-mir-370; hsa-mir-204; hsa-mir-200b; hsa-mir-372; hsa-mir-141; hsa-mir-520b; hsa-mir-155; hsa-mir-200c; hsa-mir-1224; hsa-mir-373; hsa-mir-34b; hsa-mir-34c
Diseases (HMDD2),Glioblastoma,enriched,9.33E-07,41,hsa-mir-139; hsa-mir-145; hsa-mir-183; hsa-mir-205; hsa-mir-143; hsa-mir-10b; hsa-mir-195; hsa-mir-425; hsa-mir-29a; hsa-mir-26a-1; hsa-mir-26a-2; hsa-mir-210; hsa-mir-101-2; hsa-mir-101-1; hsa-mir-18a; hsa-mir-106a; hsa-mir-20b; hsa-mir-29c; hsa-mir-381; hsa-mir-23b; hsa-mir-99a; hsa-mir-7-3; hsa-mir-206; hsa-mir-27b; hsa-mir-9-2; hsa-mir-9-1; hsa-mir-9-3; hsa-mir-7-1; hsa-mir-128-2; hsa-mir-221; hsa-mir-125b-1; hsa-mir-125b-2; hsa-mir-134; hsa-mir-7-2; hsa-mir-329-1; hsa-mir-200b; hsa-mir-155; hsa-mir-539; hsa-mir-873; hsa-mir-184; hsa-mir-376a-2
Diseases (HMDD2),Colonic Neoplasms,enriched,1.49E-06,31,hsa-mir-145; hsa-mir-205; hsa-mir-143; hsa-mir-140; hsa-mir-1-1; hsa-mir-133b; hsa-mir-10b; hsa-mir-29a; hsa-mir-101-2; hsa-mir-101-1; hsa-mir-18a; hsa-mir-424; hsa-mir-106a; hsa-mir-23b; hsa-mir-126; hsa-mir-9-2; hsa-mir-9-1; hsa-mir-9-3; hsa-mir-127; hsa-mir-29b-1; hsa-mir-152; hsa-mir-128-2; hsa-let-7c; hsa-mir-221; hsa-mir-125b-1; hsa-mir-125b-2; hsa-mir-192; hsa-mir-200b; hsa-mir-141; hsa-mir-155; hsa-mir-200c
Diseases (HMDD2),Head and Neck Neoplasms,enriched,1.52E-06,38,hsa-mir-145; hsa-mir-133a-2; hsa-mir-205; hsa-mir-1-2; hsa-mir-143; hsa-mir-1-1; hsa-mir-133a-1; hsa-mir-130b; hsa-mir-195; hsa-mir-101-2; hsa-mir-101-1; hsa-mir-100; hsa-mir-18a; hsa-mir-29c; hsa-mir-138-2; hsa-mir-744; hsa-mir-18b; hsa-mir-99a; hsa-mir-7-3; hsa-mir-363; hsa-mir-27b; hsa-mir-9-2; hsa-mir-9-1; hsa-mir-9-3; hsa-mir-138-1; hsa-mir-7-1; hsa-let-7c; hsa-mir-221; hsa-mir-125b-1; hsa-mir-125b-2; hsa-mir-7-2; hsa-mir-499a; hsa-mir-204; hsa-mir-211; hsa-mir-141; hsa-mir-155; hsa-mir-200c; hsa-mir-375
Diseases (HMDD2),"Heart Defects, Congenital",enriched,2.06E-06,6,hsa-mir-133a-2; hsa-mir-1-2; hsa-mir-133a-1; hsa-mir-195; hsa-mir-26a-1; hsa-mir-26a-2
Diseases (HMDD2),Osteosarcoma,enriched,2.77E-06,25,hsa-mir-145; hsa-mir-183; hsa-mir-133a-2; hsa-mir-1-2; hsa-mir-143; hsa-mir-140; hsa-mir-1-1; hsa-mir-133a-1; hsa-mir-133b; hsa-mir-542; hsa-mir-195; hsa-mir-29a; hsa-mir-210; hsa-mir-18a; hsa-mir-411; hsa-mir-93; hsa-mir-29b-2; hsa-mir-127; hsa-mir-29b-1; hsa-mir-221; hsa-mir-125b-1; hsa-mir-125b-2; hsa-mir-135b; hsa-mir-432; hsa-mir-34c
Diseases (HMDD2),Stomach Neoplasms,enriched,4.31E-06,76,hsa-mir-139; hsa-mir-145; hsa-mir-183; hsa-mir-182; hsa-mir-1-2; hsa-mir-143; hsa-mir-140; hsa-mir-1-1; hsa-mir-133b; hsa-mir-130b; hsa-mir-10b; hsa-mir-195; hsa-mir-29a; hsa-mir-101-2; hsa-mir-101-1; hsa-mir-100; hsa-mir-18a; hsa-mir-519a-1; hsa-mir-106a; hsa-mir-516a-2; hsa-mir-20b; hsa-mir-29c; hsa-mir-744; hsa-mir-18b; hsa-mir-516a-1; hsa-mir-126; hsa-mir-519a-2; hsa-mir-301a; hsa-mir-7-3; hsa-mir-363; hsa-mir-93; hsa-mir-206; hsa-mir-27b; hsa-mir-9-2; hsa-mir-9-1; hsa-mir-9-3; hsa-mir-200a; hsa-mir-7-1; hsa-mir-495; hsa-mir-127; hsa-mir-429; hsa-mir-128-2; hsa-mir-129-2; hsa-mir-376c; hsa-mir-122; hsa-mir-221; hsa-mir-125b-1; hsa-mir-125b-2; hsa-mir-151b; hsa-mir-497; hsa-mir-7-2; hsa-mir-605; hsa-mir-192; hsa-mir-370; hsa-mir-487b; hsa-mir-129-1; hsa-mir-204; hsa-mir-200b; hsa-mir-372; hsa-mir-141; hsa-mir-494; hsa-mir-155; hsa-mir-503; hsa-mir-577; hsa-mir-513c; hsa-mir-433; hsa-mir-200c; hsa-mir-135b; hsa-mir-513b; hsa-mir-373; hsa-mir-449c; hsa-mir-34b; hsa-mir-375; hsa-mir-34c; hsa-mir-184; hsa-mir-196a-1
Diseases (HMDD2),"Carcinoma, Non-Small-Cell Lung",enriched,5.00E-06,48,hsa-mir-145; hsa-mir-183; hsa-mir-96; hsa-mir-182; hsa-mir-205; hsa-mir-1-2; hsa-mir-143; hsa-mir-1-1; hsa-mir-133b; hsa-mir-15b; hsa-mir-210; hsa-mir-101-2; hsa-mir-101-1; hsa-mir-100; hsa-mir-424; hsa-mir-106a; hsa-mir-29c; hsa-mir-345; hsa-mir-138-2; hsa-mir-126; hsa-mir-7-3; hsa-mir-93; hsa-mir-27b; hsa-mir-9-3; hsa-mir-29b-2; hsa-mir-138-1; hsa-mir-7-1; hsa-mir-29b-1; hsa-mir-429; hsa-mir-221; hsa-mir-125b-1; hsa-mir-125b-2; hsa-mir-151b; hsa-mir-497; hsa-mir-134; hsa-mir-337; hsa-mir-7-2; hsa-mir-499a; hsa-mir-200b; hsa-mir-520b; hsa-mir-3940; hsa-mir-155; hsa-mir-200c; hsa-mir-135b; hsa-mir-1254-1; hsa-mir-34b; hsa-mir-34c; hsa-mir-196a-1
Diseases (HMDD2),"Carcinoma, Renal Cell",enriched,5.00E-06,54,hsa-mir-139; hsa-mir-145; hsa-mir-205; hsa-mir-143; hsa-mir-130b; hsa-mir-10b; hsa-mir-195; hsa-mir-425; hsa-mir-26a-1; hsa-mir-26a-2; hsa-mir-210; hsa-mir-101-2; hsa-mir-101-1; hsa-mir-100; hsa-mir-29c; hsa-mir-381; hsa-mir-138-2; hsa-mir-23b; hsa-mir-126; hsa-mir-99a; hsa-mir-363; hsa-mir-93; hsa-mir-206; hsa-mir-9-2; hsa-mir-9-1; hsa-mir-9-3; hsa-mir-200a; hsa-mir-138-1; hsa-mir-7-1; hsa-mir-127; hsa-mir-429; hsa-mir-378c; hsa-mir-129-2; hsa-mir-760; hsa-mir-122; hsa-let-7c; hsa-mir-655; hsa-mir-151b; hsa-mir-134; hsa-mir-514a-2; hsa-mir-204; hsa-mir-200b; hsa-mir-514a-3; hsa-mir-514a-1; hsa-mir-141; hsa-mir-155; hsa-mir-508; hsa-mir-200c; hsa-mir-378d-2; hsa-mir-378d-1; hsa-mir-34b; hsa-mir-34c; hsa-mir-184; hsa-mir-196a-1
Diseases (HMDD2),"Arrhythmias, Cardiac",enriched,1.03E-05,4,hsa-mir-133a-2; hsa-mir-1-2; hsa-mir-1-1; hsa-mir-133a-1
Diseases (HMDD2),Cardiomegaly,enriched,1.03E-05,4,hsa-mir-133a-2; hsa-mir-1-2; hsa-mir-1-1; hsa-mir-133a-1
Diseases (HMDD2),Glioma,enriched,2.32E-05,34,hsa-mir-139; hsa-mir-145; hsa-mir-183; hsa-mir-96; hsa-mir-182; hsa-mir-143; hsa-mir-542; hsa-mir-10b; hsa-mir-195; hsa-mir-15b; hsa-mir-18a; hsa-mir-106a; hsa-mir-20b; hsa-mir-138-2; hsa-mir-18b; hsa-mir-7-3; hsa-mir-93; hsa-mir-27b; hsa-mir-9-2; hsa-mir-9-1; hsa-mir-138-1; hsa-mir-7-1; hsa-mir-152; hsa-mir-128-2; hsa-mir-221; hsa-mir-125b-1; hsa-mir-7-2; hsa-mir-204; hsa-mir-200b; hsa-mir-211; hsa-mir-410; hsa-mir-373; hsa-mir-375; hsa-mir-196a-1
Diseases (HMDD2),"Muscular Dystrophy, Duchenne",enriched,4.24E-05,10,hsa-mir-133a-2; hsa-mir-1-2; hsa-mir-1-1; hsa-mir-133a-1; hsa-mir-133b; hsa-mir-29a; hsa-mir-29c; hsa-mir-206; hsa-mir-29b-2; hsa-mir-29b-1
Diseases (HMDD2),Precursor Cell Lymphoblastic Leukemia-Lymphoma,enriched,4.24E-05,13,hsa-mir-182; hsa-mir-143; hsa-mir-29a; hsa-mir-100; hsa-mir-29c; hsa-mir-126; hsa-mir-99a; hsa-mir-29b-2; hsa-mir-29b-1; hsa-mir-128-2; hsa-mir-221; hsa-mir-125b-1; hsa-mir-125b-2
Diseases (HMDD2),Nasopharyngeal Neoplasms,enriched,5.73E-05,21,hsa-mir-205; hsa-mir-1-2; hsa-mir-1-1; hsa-mir-10b; hsa-mir-26a-1; hsa-mir-26a-2; hsa-mir-101-2; hsa-mir-101-1; hsa-mir-100; hsa-mir-18a; hsa-mir-29c; hsa-mir-138-2; hsa-mir-18b; hsa-mir-9-2; hsa-mir-9-1; hsa-mir-138-1; hsa-let-7c; hsa-mir-151b; hsa-mir-155; hsa-mir-34b; hsa-mir-34c
Diseases (HMDD2),Retinal Degeneration,enriched,5.75E-05,7,hsa-mir-183; hsa-mir-96; hsa-mir-182; hsa-mir-1-2; hsa-mir-1-1; hsa-mir-133b; hsa-mir-204
Diseases (HMDD2),Adrenocortical Carcinoma,enriched,5.98E-05,32,hsa-mir-139; hsa-mir-145; hsa-mir-133a-2; hsa-mir-1-2; hsa-mir-143; hsa-mir-1-1; hsa-mir-133a-1; hsa-mir-195; hsa-mir-15b; hsa-mir-210; hsa-mir-100; hsa-mir-424; hsa-mir-484; hsa-mir-301b; hsa-mir-23b; hsa-mir-28; hsa-mir-126; hsa-mir-301a; hsa-mir-7-3; hsa-mir-7-1; hsa-mir-376c; hsa-let-7c; hsa-mir-125b-1; hsa-mir-125b-2; hsa-mir-7-2; hsa-mir-192; hsa-mir-200b; hsa-mir-155; hsa-mir-200c; hsa-mir-375; hsa-mir-196a-1; hsa-mir-376a-2
Diseases (HMDD2),Heart Failure,enriched,6.10E-05,49,hsa-mir-139; hsa-mir-145; hsa-mir-133a-2; hsa-mir-182; hsa-mir-205; hsa-mir-1-2; hsa-mir-1-1; hsa-mir-133a-1; hsa-mir-133b; hsa-mir-130b; hsa-mir-10b; hsa-mir-195; hsa-mir-29a; hsa-mir-26a-1; hsa-mir-26a-2; hsa-mir-15b; hsa-mir-210; hsa-mir-18a; hsa-mir-424; hsa-mir-381; hsa-mir-18b; hsa-mir-23b; hsa-mir-28; hsa-mir-126; hsa-mir-29b-1; hsa-mir-299; hsa-mir-429; hsa-mir-129-2; hsa-let-7c; hsa-mir-136; hsa-mir-497; hsa-mir-192; hsa-mir-377; hsa-mir-499a; hsa-mir-204; hsa-mir-211; hsa-mir-372; hsa-mir-520b; hsa-mir-494; hsa-mir-155; hsa-mir-508; hsa-mir-200c; hsa-mir-432; hsa-mir-373; hsa-mir-525; hsa-mir-34b; hsa-mir-34c; hsa-mir-196a-1; hsa-mir-526b
Diseases (HMDD2),Endometrial Neoplasms,enriched,6.26E-05,26,hsa-mir-183; hsa-mir-96; hsa-mir-182; hsa-mir-205; hsa-mir-1-1; hsa-mir-130b; hsa-mir-210; hsa-mir-100; hsa-mir-29c; hsa-mir-18b; hsa-mir-99a; hsa-mir-27b; hsa-mir-9-2; hsa-mir-9-1; hsa-mir-9-3; hsa-mir-200a; hsa-mir-152; hsa-mir-429; hsa-let-7c; hsa-mir-125b-1; hsa-mir-125b-2; hsa-mir-204; hsa-mir-200b; hsa-mir-141; hsa-mir-155; hsa-mir-200c
Diseases (HMDD2),Myocardial Infarction,enriched,6.30E-05,15,hsa-mir-133a-2; hsa-mir-1-2; hsa-mir-1-1; hsa-mir-133a-1; hsa-mir-133b; hsa-mir-10b; hsa-mir-195; hsa-mir-29a; hsa-mir-210; hsa-mir-126; hsa-mir-206; hsa-mir-29b-2; hsa-mir-29b-1; hsa-mir-499a; hsa-mir-155
Diseases (HMDD2),Adenoviridae Infections,enriched,6.56E-05,21,hsa-mir-210; hsa-mir-101-2; hsa-mir-101-1; hsa-mir-1247; hsa-mir-18a; hsa-mir-519a-1; hsa-mir-324; hsa-mir-345; hsa-mir-744; hsa-mir-18b; hsa-mir-942; hsa-mir-7-3; hsa-mir-27b; hsa-mir-7-1; hsa-mir-125b-1; hsa-mir-655; hsa-mir-125b-2; hsa-mir-582; hsa-mir-7-2; hsa-mir-1246; hsa-mir-433
Diseases (HMDD2),"Cardiomyopathy, Hypertrophic",enriched,7.83E-05,12,hsa-mir-133a-2; hsa-mir-1-2; hsa-mir-1-1; hsa-mir-133a-1; hsa-mir-195; hsa-mir-23b; hsa-mir-27b; hsa-mir-9-2; hsa-mir-9-1; hsa-mir-9-3; hsa-mir-125b-1; hsa-mir-125b-2
Diseases (HMDD2),"Lymphoma, B-Cell",enriched,9.76E-05,12,hsa-mir-145; hsa-mir-143; hsa-mir-195; hsa-mir-29a; hsa-mir-18a; hsa-mir-29c; hsa-mir-9-2; hsa-mir-9-1; hsa-mir-9-3; hsa-mir-29b-2; hsa-mir-29b-1; hsa-mir-155
Diseases (HMDD2),"Myocytes, Cardiac",enriched,0.000102832,8,hsa-mir-133a-2; hsa-mir-133a-1; hsa-mir-133b; hsa-mir-195; hsa-mir-126; hsa-mir-9-2; hsa-mir-9-1; hsa-mir-9-3
Diseases (HMDD2),Parkinson Disease,enriched,0.000109611,19,hsa-mir-205; hsa-mir-1-2; hsa-mir-1-1; hsa-mir-133b; hsa-mir-29a; hsa-mir-26a-1; hsa-mir-26a-2; hsa-mir-29c; hsa-mir-28; hsa-mir-126; hsa-mir-301a; hsa-mir-7-3; hsa-mir-29b-2; hsa-mir-7-1; hsa-mir-29b-1; hsa-mir-7-2; hsa-mir-433; hsa-mir-34b; hsa-mir-34c
Diseases (HMDD2),Melanoma,enriched,0.000124035,62,hsa-mir-145; hsa-mir-183; hsa-mir-96; hsa-mir-133a-2; hsa-mir-182; hsa-mir-205; hsa-mir-143; hsa-mir-1-1; hsa-mir-195; hsa-mir-29a; hsa-mir-26a-1; hsa-mir-26a-2; hsa-mir-15b; hsa-mir-210; hsa-mir-18a; hsa-mir-106a; hsa-mir-20b; hsa-mir-138-2; hsa-mir-18b; hsa-mir-23b; hsa-mir-126; hsa-mir-99a; hsa-mir-7-3; hsa-mir-93; hsa-mir-27b; hsa-mir-9-2; hsa-mir-9-1; hsa-mir-9-3; hsa-mir-200a; hsa-mir-29b-2; hsa-mir-138-1; hsa-mir-7-1; hsa-mir-29b-1; hsa-mir-429; hsa-mir-122; hsa-let-7c; hsa-mir-221; hsa-mir-125b-1; hsa-mir-125b-2; hsa-mir-501; hsa-mir-7-2; hsa-mir-514a-2; hsa-mir-204; hsa-mir-767; hsa-mir-200b; hsa-mir-211; hsa-mir-514a-3; hsa-mir-514a-1; hsa-mir-141; hsa-mir-155; hsa-mir-508; hsa-mir-513c; hsa-mir-200c; hsa-mir-135b; hsa-mir-518e; hsa-mir-513b; hsa-mir-510; hsa-mir-933; hsa-mir-34b; hsa-mir-375; hsa-mir-34c; hsa-mir-196a-1
Diseases (HMDD2),"Muscular Disorders, Atrophic",enriched,0.000124035,22,hsa-mir-145; hsa-mir-143; hsa-mir-140; hsa-mir-195; hsa-mir-210; hsa-mir-100; hsa-mir-29c; hsa-mir-381; hsa-mir-28; hsa-mir-379; hsa-mir-126; hsa-mir-495; hsa-mir-299; hsa-mir-154; hsa-mir-376c; hsa-let-7c; hsa-mir-221; hsa-mir-497; hsa-mir-501; hsa-mir-487b; hsa-mir-155; hsa-mir-432
Diseases (HMDD2),Pre-Eclampsia,enriched,0.000124035,13,hsa-mir-182; hsa-mir-133b; hsa-mir-130b; hsa-mir-26a-1; hsa-mir-26a-2; hsa-mir-210; hsa-mir-20b; hsa-mir-411; hsa-mir-29b-2; hsa-mir-29b-1; hsa-mir-152; hsa-mir-128-2; hsa-mir-155
Diseases (HMDD2),Atherosclerosis,enriched,0.000148283,14,hsa-mir-145; hsa-mir-133a-2; hsa-mir-143; hsa-mir-133a-1; hsa-mir-133b; hsa-mir-210; hsa-mir-100; hsa-mir-126; hsa-mir-29b-2; hsa-mir-127; hsa-mir-29b-1; hsa-mir-152; hsa-mir-221; hsa-mir-155
Diseases (HMDD2),Schizophrenia,enriched,0.000154506,14,hsa-mir-195; hsa-mir-29a; hsa-mir-15b; hsa-mir-20b; hsa-mir-29c; hsa-mir-7-3; hsa-mir-206; hsa-mir-9-2; hsa-mir-9-1; hsa-mir-9-3; hsa-mir-7-1; hsa-mir-29b-1; hsa-mir-7-2; hsa-mir-346
Diseases (HMDD2),Neuroblastoma,enriched,0.00023541,22,hsa-mir-145; hsa-mir-542; hsa-mir-10b; hsa-mir-210; hsa-mir-18a; hsa-mir-138-2; hsa-mir-99a; hsa-mir-93; hsa-mir-27b; hsa-mir-9-2; hsa-mir-9-1; hsa-mir-9-3; hsa-mir-138-1; hsa-mir-7-1; hsa-mir-152; hsa-mir-128-2; hsa-mir-497; hsa-mir-7-2; hsa-mir-370; hsa-mir-487b; hsa-mir-204; hsa-mir-410
Diseases (HMDD2),Lymphoma,enriched,0.00026848,25,hsa-mir-139; hsa-mir-133b; hsa-mir-26a-1; hsa-mir-26a-2; hsa-mir-210; hsa-mir-101-2; hsa-mir-101-1; hsa-mir-18a; hsa-mir-20b; hsa-mir-29c; hsa-mir-345; hsa-mir-138-2; hsa-mir-18b; hsa-mir-126; hsa-mir-363; hsa-mir-200a; hsa-mir-138-1; hsa-mir-122; hsa-mir-499a; hsa-mir-200b; hsa-mir-155; hsa-mir-200c; hsa-mir-135b; hsa-mir-539; hsa-mir-184
Diseases (HMDD2),"Aortic Aneurysm, Thoracic",enriched,0.000282226,8,hsa-mir-133a-2; hsa-mir-1-2; hsa-mir-1-1; hsa-mir-133a-1; hsa-mir-29a; hsa-mir-29c; hsa-mir-29b-2; hsa-mir-29b-1
Diseases (HMDD2),Pancreatic Neoplasms,enriched,0.000294772,41,hsa-mir-145; hsa-mir-183; hsa-mir-96; hsa-mir-182; hsa-mir-143; hsa-mir-133b; hsa-mir-10b; hsa-mir-425; hsa-mir-26a-1; hsa-mir-26a-2; hsa-mir-15b; hsa-mir-210; hsa-mir-101-2; hsa-mir-101-1; hsa-mir-100; hsa-mir-18a; hsa-mir-106a; hsa-mir-126; hsa-mir-99a; hsa-mir-200a; hsa-mir-29b-1; hsa-mir-429; hsa-mir-128-2; hsa-mir-122; hsa-let-7c; hsa-mir-221; hsa-mir-125b-1; hsa-mir-125b-2; hsa-mir-192; hsa-mir-548d-2; hsa-mir-204; hsa-mir-200b; hsa-mir-211; hsa-mir-548d-1; hsa-mir-155; hsa-mir-200c; hsa-mir-135b; hsa-mir-34b; hsa-mir-375; hsa-mir-34c; hsa-mir-196a-1
Diseases (HMDD2),"Hypertrophy, Left Ventricular",enriched,0.000343742,3,hsa-mir-133a-2; hsa-mir-133a-1; hsa-mir-133b
Diseases (HMDD2),Acute Coronary Syndrome,enriched,0.000378152,6,hsa-mir-133a-2; hsa-mir-1-2; hsa-mir-1-1; hsa-mir-133a-1; hsa-mir-133b; hsa-mir-155
Diseases (HMDD2),Leukemia,enriched,0.000378152,10,hsa-mir-143; hsa-mir-18a; hsa-mir-138-2; hsa-mir-9-2; hsa-mir-9-1; hsa-mir-9-3; hsa-mir-138-1; hsa-mir-495; hsa-mir-125b-1; hsa-mir-125b-2
Diseases (HMDD2),"Leukemia, Myeloid, Acute",enriched,0.000400361,23,hsa-mir-145; hsa-mir-143; hsa-mir-29a; hsa-mir-26a-1; hsa-mir-26a-2; hsa-mir-15b; hsa-mir-100; hsa-mir-18a; hsa-mir-424; hsa-mir-126; hsa-mir-29b-2; hsa-mir-127; hsa-mir-29b-1; hsa-mir-299; hsa-mir-154; hsa-let-7c; hsa-mir-221; hsa-mir-125b-1; hsa-mir-337; hsa-mir-370; hsa-mir-155; hsa-mir-34b; hsa-mir-196a-1
Diseases (HMDD2),Musculoskeletal Abnormalities,enriched,0.000559399,6,hsa-mir-133a-2; hsa-mir-1-2; hsa-mir-1-1; hsa-mir-133a-1; hsa-mir-18a; hsa-mir-206
Diseases (HMDD2),Uterine Cervical Neoplasms,enriched,0.000559399,33,hsa-mir-145; hsa-mir-182; hsa-mir-205; hsa-mir-143; hsa-mir-133b; hsa-mir-15b; hsa-mir-100; hsa-mir-424; hsa-mir-20b; hsa-mir-345; hsa-mir-23b; hsa-mir-28; hsa-mir-126; hsa-mir-7-3; hsa-mir-9-2; hsa-mir-9-1; hsa-mir-9-3; hsa-mir-200a; hsa-mir-7-1; hsa-mir-221; hsa-mir-125b-1; hsa-mir-125b-2; hsa-mir-497; hsa-mir-518a-2; hsa-mir-7-2; hsa-mir-372; hsa-mir-518a-1; hsa-mir-494; hsa-mir-155; hsa-mir-34b; hsa-mir-375; hsa-mir-34c; hsa-mir-196a-1
Diseases (HMDD2),Thyroid Neoplasms,enriched,0.000563927,32,hsa-mir-183; hsa-mir-1-2; hsa-mir-1-1; hsa-mir-133b; hsa-mir-10b; hsa-mir-100; hsa-mir-138-2; hsa-mir-126; hsa-mir-7-3; hsa-mir-9-2; hsa-mir-9-1; hsa-mir-9-3; hsa-mir-200a; hsa-mir-138-1; hsa-mir-7-1; hsa-mir-127; hsa-mir-154; hsa-mir-129-2; hsa-mir-122; hsa-mir-221; hsa-mir-125b-1; hsa-mir-125b-2; hsa-mir-151b; hsa-mir-7-2; hsa-mir-370; hsa-mir-129-1; hsa-mir-200b; hsa-mir-141; hsa-mir-155; hsa-mir-200c; hsa-mir-34b; hsa-mir-375
Diseases (HMDD2),Rhabdomyosarcoma,enriched,0.000697005,10,hsa-mir-1-2; hsa-mir-1-1; hsa-mir-133a-1; hsa-mir-29a; hsa-mir-106a; hsa-mir-29c; hsa-mir-206; hsa-mir-29b-2; hsa-mir-29b-1; hsa-mir-34c
Diseases (HMDD2),Hodgkin Disease,enriched,0.000760111,11,hsa-mir-183; hsa-mir-96; hsa-mir-182; hsa-mir-205; hsa-mir-18a; hsa-mir-106a; hsa-mir-9-2; hsa-mir-9-1; hsa-mir-9-3; hsa-mir-128-2; hsa-mir-155
Diseases (HMDD2),Alzheimer Disease,enriched,0.000966533,12,hsa-mir-195; hsa-mir-29a; hsa-mir-101-1; hsa-mir-9-2; hsa-mir-9-1; hsa-mir-9-3; hsa-mir-29b-2; hsa-mir-29b-1; hsa-mir-128-2; hsa-mir-125b-1; hsa-mir-125b-2; hsa-mir-34c
Diseases (HMDD2),"Lymphoma, Mantle-Cell",enriched,0.0010094,4,hsa-mir-26a-1; hsa-mir-26a-2; hsa-mir-18a; hsa-mir-20b
Diseases (HMDD2),Esophageal Neoplasms,enriched,0.00114772,36,hsa-mir-145; hsa-mir-183; hsa-mir-133a-2; hsa-mir-205; hsa-mir-143; hsa-mir-133a-1; hsa-mir-130b; hsa-mir-425; hsa-mir-26a-1; hsa-mir-26a-2; hsa-mir-210; hsa-mir-101-2; hsa-mir-101-1; hsa-mir-100; hsa-mir-29c; hsa-mir-28; hsa-mir-126; hsa-mir-99a; hsa-mir-766; hsa-mir-200a; hsa-mir-758; hsa-mir-129-2; hsa-let-7c; hsa-mir-499a; hsa-mir-548d-2; hsa-mir-548d-1; hsa-mir-141; hsa-mir-1246; hsa-mir-155; hsa-mir-200c; hsa-mir-135b; hsa-mir-1286; hsa-mir-34b; hsa-mir-375; hsa-mir-34c; hsa-mir-196a-1
Diseases (HMDD2),Myocardium,enriched,0.00124774,3,hsa-mir-1-2; hsa-mir-1-1; hsa-mir-29a
Diseases (HMDD2),Hypertrophy,enriched,0.00148901,11,hsa-mir-133a-2; hsa-mir-1-2; hsa-mir-1-1; hsa-mir-133a-1; hsa-mir-133b; hsa-mir-26a-1; hsa-mir-26a-2; hsa-mir-206; hsa-let-7c; hsa-mir-221; hsa-mir-155
Diseases (HMDD2),Aortic Valve Insufficiency,enriched,0.00169202,3,hsa-mir-195; hsa-mir-26a-1; hsa-mir-26a-2
Diseases (HMDD2),"Carcinoma, Basal Cell",enriched,0.00169501,14,hsa-mir-139; hsa-mir-145; hsa-mir-183; hsa-mir-182; hsa-mir-140; hsa-mir-542; hsa-mir-18a; hsa-mir-29c; hsa-mir-18b; hsa-mir-93; hsa-mir-378c; hsa-mir-378d-2; hsa-mir-378d-1; hsa-mir-3196
Diseases (HMDD2),"Carcinoma, Small Cell",enriched,0.00193815,8,hsa-mir-145; hsa-mir-143; hsa-mir-100; hsa-mir-29b-2; hsa-mir-29b-1; hsa-let-7c; hsa-mir-125b-1; hsa-mir-125b-2
Diseases (HMDD2),Small Cell Lung Carcinoma,depleted,0.00194497,3,hsa-mir-34b; hsa-mir-375; hsa-mir-34c
Diseases (HMDD2),Toxoplasmosis,enriched,0.00194497,5,hsa-mir-18a; hsa-mir-106a; hsa-mir-20b; hsa-mir-18b; hsa-mir-93
Diseases (HMDD2),Distal Myopathies,enriched,0.00198624,5,hsa-mir-133a-2; hsa-mir-1-2; hsa-mir-1-1; hsa-mir-133a-1; hsa-mir-206
Diseases (HMDD2),Pain,enriched,0.00198624,4,hsa-mir-183; hsa-mir-96; hsa-mir-182; hsa-mir-23b
Diseases (HMDD2),"Leukemia, Lymphocytic, Chronic, B-Cell",enriched,0.00249515,16,hsa-mir-195; hsa-mir-29a; hsa-mir-15b; hsa-mir-18a; hsa-mir-29c; hsa-mir-23b; hsa-mir-206; hsa-mir-27b; hsa-mir-29b-2; hsa-mir-29b-1; hsa-mir-221; hsa-mir-125b-1; hsa-mir-125b-2; hsa-mir-155; hsa-mir-34b; hsa-mir-34c
Diseases (HMDD2),"Pulmonary Disease, Chronic Obstructive",enriched,0.00250277,13,hsa-mir-133a-2; hsa-mir-1-2; hsa-mir-1-1; hsa-mir-133a-1; hsa-mir-133b; hsa-mir-100; hsa-mir-28; hsa-mir-7-3; hsa-mir-206; hsa-mir-7-1; hsa-mir-7-2; hsa-mir-499a; hsa-mir-34c
Diseases (HMDD2),Medulloblastoma,enriched,0.00260488,25,hsa-mir-145; hsa-mir-183; hsa-mir-96; hsa-mir-182; hsa-mir-143; hsa-mir-10b; hsa-mir-18a; hsa-mir-106a; hsa-mir-379; hsa-mir-126; hsa-mir-9-2; hsa-mir-9-1; hsa-mir-9-3; hsa-mir-495; hsa-mir-127; hsa-mir-376c; hsa-mir-125b-1; hsa-mir-125b-2; hsa-mir-548d-2; hsa-mir-548d-1; hsa-mir-494; hsa-mir-135b; hsa-mir-373; hsa-mir-539; hsa-mir-376a-2
Diseases (HMDD2),Astrocytoma,enriched,0.00269223,8,hsa-mir-133a-2; hsa-mir-133a-1; hsa-mir-15b; hsa-mir-106a; hsa-mir-138-2; hsa-mir-138-1; hsa-mir-221; hsa-mir-497
Diseases (HMDD2),Endomyocardial Fibrosis,enriched,0.00269223,3,hsa-mir-29a; hsa-mir-101-2; hsa-mir-101-1
Diseases (HMDD2),Pheochromocytoma,enriched,0.00269223,3,hsa-mir-183; hsa-mir-101-2; hsa-mir-101-1
Diseases (HMDD2),Stomach Neoplasms ,enriched,0.00269223,3,hsa-mir-15b; hsa-mir-101-2; hsa-mir-101-1
Diseases (HMDD2),Chordoma,enriched,0.00310502,2,hsa-mir-1-2; hsa-mir-1-1
Diseases (HMDD2),Wounds and Injuries,enriched,0.00310502,5,hsa-mir-145; hsa-mir-143; hsa-mir-9-2; hsa-mir-9-1; hsa-mir-9-3
Diseases (HMDD2),Hypertension,enriched,0.00329871,11,hsa-mir-145; hsa-mir-133a-2; hsa-mir-1-2; hsa-mir-1-1; hsa-mir-133a-1; hsa-mir-133b; hsa-mir-424; hsa-mir-122; hsa-mir-204; hsa-mir-155; hsa-mir-503
Diseases (HMDD2),Laryngeal Neoplasms,enriched,0.00332297,13,hsa-mir-145; hsa-mir-133a-2; hsa-mir-205; hsa-mir-1-2; hsa-mir-1-1; hsa-mir-133a-1; hsa-mir-20b; hsa-mir-93; hsa-mir-206; hsa-mir-125b-1; hsa-mir-125b-2; hsa-mir-155; hsa-mir-375
Diseases (HMDD2),Long QT Syndrome,enriched,0.00347642,2,hsa-mir-133a-2; hsa-mir-133a-1
Diseases (HMDD2),Osteoporosis,enriched,0.00347642,2,hsa-mir-133a-2; hsa-mir-133a-1
Diseases (HMDD2),Multiple Myeloma,enriched,0.00374548,9,hsa-mir-130b; hsa-mir-18a; hsa-mir-29b-2; hsa-mir-29b-1; hsa-mir-221; hsa-mir-125b-1; hsa-mir-125b-2; hsa-mir-636; hsa-mir-192
Diseases (HMDD2),"Lymphoma, T-Cell",enriched,0.0037879,7,hsa-mir-26a-1; hsa-mir-26a-2; hsa-mir-101-2; hsa-mir-101-1; hsa-mir-18a; hsa-mir-125b-1; hsa-mir-125b-2
Diseases (HMDD2),"Diabetes Mellitus, Type 2",enriched,0.00378805,4,hsa-mir-143; hsa-mir-20b; hsa-mir-126; hsa-mir-99a
Diseases (HMDD2),Adenocarcinoma,enriched,0.00445315,23,hsa-mir-145; hsa-mir-183; hsa-mir-133a-2; hsa-mir-182; hsa-mir-205; hsa-mir-143; hsa-mir-10b; hsa-mir-195; hsa-mir-210; hsa-mir-106a; hsa-mir-126; hsa-mir-93; hsa-mir-200a; hsa-mir-152; hsa-mir-429; hsa-mir-221; hsa-mir-192; hsa-mir-204; hsa-mir-200b; hsa-mir-155; hsa-mir-200c; hsa-mir-34b; hsa-mir-196a-1
Diseases (HMDD2),Stroke,enriched,0.00456259,8,hsa-mir-145; hsa-mir-133a-2; hsa-mir-1-2; hsa-mir-1-1; hsa-mir-133a-1; hsa-mir-122; hsa-mir-497; hsa-mir-155
Diseases (HMDD2),"Hepatitis, Chronic",enriched,0.00596506,8,hsa-mir-145; hsa-mir-182; hsa-mir-143; hsa-mir-15b; hsa-mir-28; hsa-mir-126; hsa-mir-376c; hsa-mir-372
Diseases (HMDD2),Myotonic Dystrophy,enriched,0.0071514,12,hsa-mir-1-2; hsa-mir-1-1; hsa-mir-29c; hsa-mir-381; hsa-mir-206; hsa-mir-29b-2; hsa-mir-29b-1; hsa-mir-221; hsa-mir-125b-1; hsa-mir-125b-2; hsa-mir-34b; hsa-mir-34c
Diseases (HMDD2),"Leukemia, Myeloid",enriched,0.00916803,6,hsa-mir-130b; hsa-mir-18a; hsa-mir-138-2; hsa-mir-138-1; hsa-mir-125b-1; hsa-mir-125b-2
Diseases (HMDD2),Endometriosis,enriched,0.00953054,25,hsa-mir-145; hsa-mir-1-2; hsa-mir-143; hsa-mir-1-1; hsa-mir-10b; hsa-mir-100; hsa-mir-424; hsa-mir-29c; hsa-mir-23b; hsa-mir-126; hsa-mir-202; hsa-mir-99a; hsa-mir-200a; hsa-mir-429; hsa-let-7c; hsa-mir-125b-1; hsa-mir-125b-2; hsa-mir-200b; hsa-mir-141; hsa-mir-520b; hsa-mir-200c; hsa-mir-135b; hsa-mir-873; hsa-mir-375; hsa-mir-34c
Diseases (HMDD2),Myelodysplastic Syndromes,enriched,0.00991628,10,hsa-mir-145; hsa-mir-1-2; hsa-mir-143; hsa-mir-1-1; hsa-mir-210; hsa-let-7c; hsa-mir-221; hsa-mir-125b-1; hsa-mir-636; hsa-mir-155
