Category,Subcategory,Enrichment,p-value,observed,miRNAs/precursors
Diseases (HMDD2),Neoplasms,enriched,1.74E-05,73,hsa-mir-21; hsa-mir-182; hsa-mir-101-1; hsa-mir-101-2; hsa-mir-126; hsa-mir-542; hsa-mir-29b-1; hsa-mir-141; hsa-mir-19b-1; hsa-mir-19b-2; hsa-mir-199b; hsa-mir-335; hsa-mir-20a; hsa-mir-16-2; hsa-mir-16-1; hsa-mir-19a; hsa-mir-199a-2; hsa-mir-29b-2; hsa-let-7b; hsa-mir-199a-1; hsa-mir-429; hsa-let-7d; hsa-mir-22; hsa-mir-378a; hsa-mir-30e; hsa-mir-98; hsa-mir-17; hsa-mir-106a; hsa-mir-125a; hsa-mir-708; hsa-mir-150; hsa-mir-15a; hsa-mir-10b; hsa-let-7f-2; hsa-mir-181a-1; hsa-mir-196b; hsa-let-7f-1; hsa-mir-92b; hsa-mir-200c; hsa-mir-92a-1; hsa-mir-92a-2; hsa-mir-24-2; hsa-mir-15b; hsa-mir-24-1; hsa-mir-143; hsa-mir-29c; hsa-mir-145; hsa-mir-451a; hsa-mir-9-3; hsa-mir-9-1; hsa-mir-9-2; hsa-mir-193b; hsa-mir-7-1; hsa-mir-151a; hsa-mir-132; hsa-mir-1224; hsa-mir-27a; hsa-mir-181a-2; hsa-mir-218-2; hsa-mir-30a; hsa-mir-224; hsa-mir-210; hsa-mir-34b; hsa-mir-125b-1; hsa-mir-125b-2; hsa-mir-34a; hsa-mir-7-2; hsa-mir-205; hsa-mir-218-1; hsa-mir-146a; hsa-mir-34c; hsa-let-7c; hsa-mir-135a-2
Diseases (HMDD2),"Carcinoma, Hepatocellular",enriched,7.36E-05,115,hsa-mir-21; hsa-mir-142; hsa-mir-182; hsa-mir-101-1; hsa-mir-101-2; hsa-mir-126; hsa-mir-542; hsa-mir-29b-1; hsa-mir-141; hsa-mir-19b-1; hsa-mir-19b-2; hsa-mir-148a; hsa-mir-199b; hsa-mir-335; hsa-mir-20a; hsa-mir-16-2; hsa-mir-16-1; hsa-mir-152; hsa-mir-197; hsa-mir-19a; hsa-mir-379; hsa-mir-199a-2; hsa-mir-423; hsa-mir-590; hsa-mir-193a; hsa-mir-10a; hsa-mir-144; hsa-mir-29b-2; hsa-let-7b; hsa-mir-199a-1; hsa-let-7d; hsa-mir-183; hsa-mir-22; hsa-mir-378a; hsa-mir-139; hsa-mir-98; hsa-mir-17; hsa-mir-106a; hsa-mir-125a; hsa-mir-150; hsa-mir-15a; hsa-mir-10b; hsa-let-7f-2; hsa-mir-181a-1; hsa-let-7f-1; hsa-mir-92b; hsa-mir-200c; hsa-mir-92a-1; hsa-mir-92a-2; hsa-mir-450b; hsa-mir-301a; hsa-mir-192; hsa-mir-129-1; hsa-mir-1-1; hsa-mir-324; hsa-mir-140; hsa-mir-338; hsa-mir-196a-2; hsa-mir-129-2; hsa-mir-24-2; hsa-mir-1-2; hsa-mir-361; hsa-mir-96; hsa-mir-15b; hsa-mir-30b; hsa-mir-24-1; hsa-mir-223; hsa-mir-326; hsa-mir-29c; hsa-mir-23a; hsa-mir-484; hsa-mir-145; hsa-mir-1249; hsa-mir-451a; hsa-mir-375; hsa-mir-7-1; hsa-mir-151a; hsa-mir-99b; hsa-mir-217; hsa-mir-744; hsa-mir-1224; hsa-mir-27a; hsa-mir-181a-2; hsa-mir-196a-1; hsa-mir-218-2; hsa-mir-134; hsa-mir-30a; hsa-mir-2110; hsa-mir-130a; hsa-mir-224; hsa-mir-210; hsa-mir-450a-2; hsa-mir-125b-1; hsa-mir-125b-2; hsa-mir-26a-1; hsa-mir-450a-1; hsa-mir-26a-2; hsa-mir-296; hsa-mir-376a-1; hsa-mir-34a; hsa-mir-615; hsa-mir-7-2; hsa-mir-205; hsa-mir-346; hsa-mir-218-1; hsa-mir-508; hsa-mir-493; hsa-mir-376a-2; hsa-mir-146a; hsa-mir-34c; hsa-mir-181d; hsa-let-7c; hsa-mir-320a; hsa-mir-421; hsa-mir-135a-2
Diseases (HMDD2),Breast Neoplasms,enriched,0.000544232,114,hsa-mir-21; hsa-mir-182; hsa-mir-101-1; hsa-mir-101-2; hsa-mir-374a; hsa-mir-126; hsa-mir-29b-1; hsa-mir-141; hsa-mir-19b-1; hsa-mir-148a; hsa-mir-199b; hsa-mir-335; hsa-mir-20a; hsa-mir-16-2; hsa-mir-16-1; hsa-mir-328; hsa-mir-152; hsa-mir-197; hsa-mir-135b; hsa-mir-19a; hsa-mir-199a-2; hsa-mir-423; hsa-mir-193a; hsa-mir-10a; hsa-mir-452; hsa-mir-29b-2; hsa-let-7b; hsa-mir-199a-1; hsa-mir-429; hsa-let-7d; hsa-mir-183; hsa-mir-22; hsa-mir-139; hsa-mir-17; hsa-mir-2355; hsa-mir-153-2; hsa-mir-125a; hsa-mir-708; hsa-mir-15a; hsa-mir-10b; hsa-let-7f-2; hsa-mir-181a-1; hsa-let-7f-1; hsa-mir-200c; hsa-mir-92a-1; hsa-mir-92a-2; hsa-mir-450b; hsa-mir-301a; hsa-mir-129-1; hsa-mir-1-1; hsa-mir-324; hsa-mir-140; hsa-mir-338; hsa-mir-196a-2; hsa-mir-129-2; hsa-mir-24-2; hsa-mir-1-2; hsa-mir-96; hsa-mir-30b; hsa-mir-24-1; hsa-mir-143; hsa-mir-223; hsa-mir-326; hsa-mir-29c; hsa-mir-23a; hsa-mir-26b; hsa-mir-215; hsa-mir-145; hsa-mir-451a; hsa-mir-9-3; hsa-mir-9-1; hsa-mir-375; hsa-mir-9-2; hsa-mir-193b; hsa-mir-7-1; hsa-mir-151a; hsa-mir-874; hsa-mir-376c; hsa-mir-411; hsa-mir-339; hsa-mir-132; hsa-mir-133a-2; hsa-mir-301b; hsa-mir-27a; hsa-mir-181a-2; hsa-mir-196a-1; hsa-mir-495; hsa-mir-218-2; hsa-mir-30a; hsa-mir-133a-1; hsa-mir-224; hsa-mir-340; hsa-mir-210; hsa-mir-450a-2; hsa-mir-34b; hsa-mir-125b-1; hsa-mir-125b-2; hsa-mir-584; hsa-mir-1245a; hsa-mir-26a-1; hsa-mir-450a-1; hsa-mir-26a-2; hsa-mir-296; hsa-mir-34a; hsa-mir-7-2; hsa-mir-205; hsa-mir-218-1; hsa-mir-493; hsa-mir-146a; hsa-mir-194-1; hsa-mir-34c; hsa-let-7c; hsa-mir-320a; hsa-mir-135a-2
Diseases (HMDD2),Lymphoma,enriched,0.000544232,33,hsa-mir-21; hsa-mir-101-1; hsa-mir-101-2; hsa-mir-126; hsa-mir-19b-1; hsa-mir-19b-2; hsa-mir-20a; hsa-mir-16-2; hsa-mir-16-1; hsa-mir-135b; hsa-mir-19a; hsa-mir-139; hsa-mir-17; hsa-mir-125a; hsa-mir-708; hsa-mir-150; hsa-mir-15a; hsa-mir-181a-1; hsa-mir-92b; hsa-mir-200c; hsa-mir-92a-1; hsa-mir-92a-2; hsa-mir-24-1; hsa-mir-29c; hsa-mir-181a-2; hsa-mir-218-2; hsa-mir-210; hsa-mir-26a-1; hsa-mir-26a-2; hsa-mir-218-1; hsa-mir-539; hsa-mir-146a; hsa-mir-135a-2
Diseases (HMDD2),"Lymphoma, Large-Cell, Anaplastic",enriched,0.000544232,9,hsa-mir-101-1; hsa-mir-101-2; hsa-mir-19b-1; hsa-mir-19b-2; hsa-mir-20a; hsa-mir-19a; hsa-mir-17; hsa-mir-92a-1; hsa-mir-92a-2
Diseases (HMDD2),Endometriosis,enriched,0.000687721,40,hsa-mir-142; hsa-mir-126; hsa-mir-141; hsa-mir-20a; hsa-mir-135b; hsa-mir-199a-2; hsa-mir-574; hsa-mir-193a; hsa-mir-10a; hsa-let-7b; hsa-mir-199a-1; hsa-mir-429; hsa-let-7d; hsa-mir-22; hsa-mir-17; hsa-mir-424; hsa-mir-125a; hsa-mir-708; hsa-mir-150; hsa-mir-10b; hsa-let-7f-2; hsa-mir-196b; hsa-let-7f-1; hsa-mir-200c; hsa-mir-1-1; hsa-mir-1-2; hsa-mir-143; hsa-mir-223; hsa-mir-29c; hsa-mir-23a; hsa-mir-145; hsa-mir-504; hsa-mir-375; hsa-mir-99b; hsa-mir-125b-1; hsa-mir-125b-2; hsa-mir-194-1; hsa-mir-34c; hsa-let-7c; hsa-mir-135a-2
Diseases (HMDD2),Osteosarcoma,enriched,0.000958588,38,hsa-mir-21; hsa-mir-142; hsa-mir-542; hsa-mir-29b-1; hsa-mir-19b-1; hsa-mir-19b-2; hsa-mir-20a; hsa-mir-16-2; hsa-mir-16-1; hsa-mir-135b; hsa-mir-19a; hsa-mir-199a-2; hsa-mir-29b-2; hsa-mir-199a-1; hsa-mir-183; hsa-mir-17; hsa-mir-150; hsa-mir-15a; hsa-mir-181a-1; hsa-mir-92a-1; hsa-mir-1-1; hsa-mir-140; hsa-mir-24-2; hsa-mir-1-2; hsa-mir-24-1; hsa-mir-652; hsa-mir-143; hsa-mir-223; hsa-mir-145; hsa-mir-411; hsa-mir-133a-2; hsa-mir-181a-2; hsa-mir-133a-1; hsa-mir-210; hsa-mir-125b-1; hsa-mir-125b-2; hsa-mir-34a; hsa-mir-34c
Diseases (HMDD2),"Carcinoma, Non-Small-Cell Lung",enriched,0.00130813,72,hsa-mir-21; hsa-mir-182; hsa-mir-101-1; hsa-mir-101-2; hsa-mir-374a; hsa-mir-126; hsa-mir-29b-1; hsa-mir-148a; hsa-mir-199b; hsa-mir-16-2; hsa-mir-16-1; hsa-mir-328; hsa-mir-135b; hsa-mir-199a-2; hsa-mir-574; hsa-mir-193a; hsa-mir-10a; hsa-mir-29b-2; hsa-let-7b; hsa-mir-199a-1; hsa-mir-429; hsa-let-7d; hsa-mir-183; hsa-mir-378a; hsa-mir-30e; hsa-mir-98; hsa-mir-17; hsa-mir-424; hsa-mir-106a; hsa-mir-125a; hsa-mir-708; hsa-mir-150; hsa-mir-15a; hsa-mir-181a-1; hsa-mir-200c; hsa-mir-1-1; hsa-mir-196a-2; hsa-mir-1-2; hsa-mir-361; hsa-mir-96; hsa-mir-15b; hsa-mir-143; hsa-mir-223; hsa-mir-29c; hsa-mir-337; hsa-mir-145; hsa-mir-451a; hsa-mir-9-3; hsa-mir-193b; hsa-mir-7-1; hsa-mir-151a; hsa-mir-186; hsa-mir-27a; hsa-mir-181a-2; hsa-mir-196a-1; hsa-mir-218-2; hsa-mir-134; hsa-mir-30a; hsa-mir-3940; hsa-mir-130a; hsa-mir-210; hsa-mir-34b; hsa-mir-125b-1; hsa-mir-125b-2; hsa-mir-34a; hsa-mir-7-2; hsa-mir-205; hsa-mir-218-1; hsa-mir-146a; hsa-mir-34c; hsa-mir-449a; hsa-mir-135a-2
Diseases (HMDD2),Heart Failure,enriched,0.00130813,75,hsa-mir-21; hsa-mir-142; hsa-mir-182; hsa-mir-126; hsa-mir-29b-1; hsa-mir-19b-1; hsa-mir-19b-2; hsa-mir-148a; hsa-mir-199b; hsa-mir-16-2; hsa-mir-16-1; hsa-mir-19a; hsa-mir-199a-2; hsa-mir-423; hsa-mir-452; hsa-let-7b; hsa-mir-199a-1; hsa-mir-136; hsa-mir-429; hsa-let-7d; hsa-mir-22; hsa-mir-139; hsa-mir-30e; hsa-mir-98; hsa-mir-17; hsa-mir-424; hsa-mir-125a; hsa-mir-150; hsa-mir-10b; hsa-let-7f-2; hsa-mir-181a-1; hsa-let-7f-1; hsa-mir-92b; hsa-mir-200c; hsa-mir-92a-1; hsa-mir-92a-2; hsa-mir-192; hsa-mir-1-1; hsa-mir-196a-2; hsa-mir-129-2; hsa-mir-24-2; hsa-mir-1-2; hsa-mir-15b; hsa-mir-30b; hsa-mir-24-1; hsa-mir-223; hsa-mir-23a; hsa-mir-26b; hsa-mir-32; hsa-mir-215; hsa-mir-145; hsa-mir-186; hsa-mir-339; hsa-mir-132; hsa-mir-133a-2; hsa-mir-27a; hsa-mir-196a-1; hsa-mir-218-2; hsa-mir-30a; hsa-mir-133a-1; hsa-mir-130a; hsa-mir-340; hsa-mir-210; hsa-mir-34b; hsa-mir-26a-1; hsa-mir-26a-2; hsa-mir-296; hsa-mir-382; hsa-mir-205; hsa-mir-218-1; hsa-mir-508; hsa-mir-34c; hsa-let-7c; hsa-mir-320a; hsa-mir-135a-2
Diseases (HMDD2),"Lymphoma, B-Cell",enriched,0.00130813,29,hsa-mir-21; hsa-mir-29b-1; hsa-mir-19b-1; hsa-mir-19b-2; hsa-mir-20a; hsa-mir-16-1; hsa-mir-19a; hsa-mir-199a-2; hsa-mir-29b-2; hsa-mir-199a-1; hsa-mir-22; hsa-mir-30e; hsa-mir-17; hsa-mir-150; hsa-mir-15a; hsa-mir-181a-1; hsa-mir-92a-1; hsa-mir-92a-2; hsa-mir-143; hsa-mir-29c; hsa-mir-26b; hsa-mir-145; hsa-mir-9-3; hsa-mir-9-1; hsa-mir-9-2; hsa-mir-193b; hsa-mir-181a-2; hsa-mir-34a; hsa-mir-146a
Diseases (HMDD2),Ovarian Neoplasms,enriched,0.00130813,72,hsa-mir-21; hsa-mir-182; hsa-mir-101-1; hsa-mir-101-2; hsa-mir-126; hsa-mir-542; hsa-mir-29b-1; hsa-mir-141; hsa-mir-19b-1; hsa-mir-148a; hsa-mir-335; hsa-mir-20a; hsa-mir-16-2; hsa-mir-16-1; hsa-mir-152; hsa-mir-135b; hsa-mir-19a; hsa-mir-199a-2; hsa-mir-29b-2; hsa-let-7b; hsa-mir-199a-1; hsa-mir-429; hsa-let-7d; hsa-mir-183; hsa-mir-22; hsa-mir-30e; hsa-mir-17; hsa-mir-153-2; hsa-mir-125a; hsa-mir-10b; hsa-let-7f-2; hsa-let-7f-1; hsa-mir-92b; hsa-mir-200c; hsa-mir-92a-1; hsa-mir-92a-2; hsa-mir-192; hsa-mir-1-1; hsa-mir-140; hsa-mir-338; hsa-mir-96; hsa-mir-30b; hsa-mir-223; hsa-mir-215; hsa-mir-145; hsa-mir-9-1; hsa-mir-375; hsa-mir-193b; hsa-mir-151a; hsa-mir-376c; hsa-mir-99b; hsa-mir-339; hsa-mir-133a-2; hsa-mir-27a; hsa-mir-30a; hsa-mir-642a; hsa-mir-133a-1; hsa-mir-130a; hsa-mir-224; hsa-mir-34b; hsa-mir-125b-1; hsa-mir-125b-2; hsa-mir-296; hsa-mir-34a; hsa-mir-218-1; hsa-mir-146a; hsa-mir-194-1; hsa-mir-34c; hsa-mir-181d; hsa-let-7c; hsa-mir-449a; hsa-mir-320a
Diseases (HMDD2),Mesothelioma,enriched,0.00223786,19,hsa-mir-21; hsa-mir-182; hsa-mir-126; hsa-mir-19b-1; hsa-mir-19b-2; hsa-mir-20a; hsa-mir-193a; hsa-mir-30e; hsa-mir-17; hsa-mir-106a; hsa-let-7f-2; hsa-let-7f-1; hsa-mir-92a-1; hsa-mir-92a-2; hsa-mir-143; hsa-mir-7-1; hsa-mir-34b; hsa-mir-7-2; hsa-mir-34c
Diseases (HMDD2),Hodgkin Disease,enriched,0.0027174,20,hsa-mir-21; hsa-mir-182; hsa-mir-19b-1; hsa-mir-19b-2; hsa-mir-20a; hsa-mir-16-2; hsa-mir-16-1; hsa-mir-19a; hsa-mir-183; hsa-mir-17; hsa-mir-106a; hsa-mir-92a-1; hsa-mir-92a-2; hsa-mir-24-2; hsa-mir-96; hsa-mir-24-1; hsa-mir-9-3; hsa-mir-9-1; hsa-mir-9-2; hsa-mir-205
Diseases (HMDD2),Leukemia,enriched,0.0027174,32,hsa-mir-21; hsa-mir-19b-1; hsa-mir-19b-2; hsa-mir-199b; hsa-mir-20a; hsa-mir-16-2; hsa-mir-16-1; hsa-mir-19a; hsa-mir-199a-2; hsa-mir-199a-1; hsa-mir-378a; hsa-mir-17; hsa-mir-125a; hsa-mir-150; hsa-mir-15a; hsa-mir-181a-1; hsa-mir-196b; hsa-mir-92a-1; hsa-mir-92a-2; hsa-mir-660; hsa-mir-454; hsa-mir-143; hsa-mir-9-3; hsa-mir-9-1; hsa-mir-9-2; hsa-mir-339; hsa-mir-27a; hsa-mir-181a-2; hsa-mir-495; hsa-mir-125b-1; hsa-mir-125b-2; hsa-mir-34a
Diseases (HMDD2),"Leukemia, Myeloid, Acute",enriched,0.0027174,47,hsa-mir-142; hsa-mir-126; hsa-mir-29b-1; hsa-mir-19b-1; hsa-mir-19b-2; hsa-mir-199b; hsa-mir-20a; hsa-mir-19a; hsa-mir-590; hsa-mir-193a; hsa-mir-628; hsa-mir-10a; hsa-mir-29b-2; hsa-let-7b; hsa-let-7d; hsa-mir-98; hsa-mir-17; hsa-mir-424; hsa-mir-150; hsa-mir-15a; hsa-let-7f-2; hsa-mir-181a-1; hsa-mir-196b; hsa-let-7f-1; hsa-mir-92a-1; hsa-mir-92a-2; hsa-mir-196a-2; hsa-mir-15b; hsa-mir-24-1; hsa-mir-143; hsa-mir-223; hsa-mir-337; hsa-mir-145; hsa-mir-193b; hsa-mir-27a; hsa-mir-181a-2; hsa-mir-196a-1; hsa-mir-224; hsa-mir-34b; hsa-mir-125b-1; hsa-mir-26a-1; hsa-mir-26a-2; hsa-mir-34a; hsa-mir-382; hsa-mir-146a; hsa-mir-181d; hsa-let-7c
Diseases (HMDD2),Prostatic Neoplasms,enriched,0.00294579,72,hsa-mir-21; hsa-mir-182; hsa-mir-101-1; hsa-mir-101-2; hsa-mir-126; hsa-mir-29b-1; hsa-mir-141; hsa-mir-148a; hsa-mir-335; hsa-mir-20a; hsa-mir-16-2; hsa-mir-16-1; hsa-mir-152; hsa-mir-135b; hsa-mir-199a-2; hsa-mir-574; hsa-mir-193a; hsa-mir-452; hsa-mir-29b-2; hsa-let-7b; hsa-mir-199a-1; hsa-let-7d; hsa-mir-183; hsa-mir-22; hsa-mir-378a; hsa-mir-98; hsa-mir-17; hsa-mir-153-2; hsa-mir-106a; hsa-mir-708; hsa-mir-15a; hsa-mir-196b; hsa-mir-200c; hsa-mir-92a-1; hsa-mir-92a-2; hsa-mir-301a; hsa-mir-1-1; hsa-mir-1-2; hsa-mir-96; hsa-mir-1296; hsa-mir-15b; hsa-mir-143; hsa-mir-223; hsa-mir-32; hsa-mir-145; hsa-mir-375; hsa-mir-193b; hsa-mir-151a; hsa-mir-99b; hsa-mir-132; hsa-mir-133a-2; hsa-mir-301b; hsa-mir-27a; hsa-mir-642a; hsa-mir-133a-1; hsa-mir-130a; hsa-mir-224; hsa-mir-34b; hsa-mir-125b-1; hsa-mir-125b-2; hsa-mir-26a-1; hsa-mir-26a-2; hsa-mir-296; hsa-mir-34a; hsa-mir-205; hsa-mir-218-1; hsa-mir-146a; hsa-mir-194-1; hsa-mir-34c; hsa-let-7c; hsa-mir-449a; hsa-mir-320a
Diseases (HMDD2),Colorectal Neoplasms,enriched,0.00322173,95,hsa-mir-21; hsa-mir-142; hsa-mir-182; hsa-mir-126; hsa-mir-542; hsa-mir-141; hsa-mir-19b-1; hsa-mir-19b-2; hsa-mir-148a; hsa-mir-199b; hsa-mir-335; hsa-mir-20a; hsa-mir-16-2; hsa-mir-16-1; hsa-mir-328; hsa-mir-152; hsa-mir-135b; hsa-mir-19a; hsa-mir-199a-2; hsa-mir-423; hsa-mir-574; hsa-mir-193a; hsa-mir-144; hsa-let-7b; hsa-mir-199a-1; hsa-mir-429; hsa-mir-183; hsa-mir-22; hsa-mir-378a; hsa-mir-139; hsa-mir-17; hsa-mir-106a; hsa-mir-708; hsa-mir-150; hsa-mir-10b; hsa-mir-181a-1; hsa-mir-92b; hsa-mir-200c; hsa-mir-92a-1; hsa-mir-92a-2; hsa-mir-301a; hsa-mir-129-1; hsa-mir-1-1; hsa-mir-454; hsa-mir-324; hsa-mir-140; hsa-mir-338; hsa-mir-196a-2; hsa-mir-129-2; hsa-mir-1-2; hsa-mir-96; hsa-mir-652; hsa-mir-143; hsa-mir-23a; hsa-mir-337; hsa-mir-26b; hsa-mir-215; hsa-mir-145; hsa-mir-451a; hsa-mir-9-3; hsa-mir-9-1; hsa-mir-375; hsa-mir-9-2; hsa-mir-7-1; hsa-mir-186; hsa-mir-339; hsa-mir-133a-2; hsa-mir-27a; hsa-mir-181a-2; hsa-mir-218-2; hsa-mir-30a; hsa-mir-2110; hsa-mir-133a-1; hsa-mir-130a; hsa-mir-224; hsa-mir-340; hsa-mir-33a; hsa-mir-210; hsa-mir-34b; hsa-mir-125b-1; hsa-mir-125b-2; hsa-mir-584; hsa-mir-26a-1; hsa-mir-26a-2; hsa-mir-760; hsa-mir-34a; hsa-mir-7-2; hsa-mir-218-1; hsa-mir-95; hsa-mir-146a; hsa-mir-194-1; hsa-mir-34c; hsa-let-7c; hsa-mir-320a; hsa-mir-135a-2
Diseases (HMDD2),Endomyocardial Fibrosis,enriched,0.00433227,2,hsa-mir-101-1; hsa-mir-101-2
Diseases (HMDD2),Colonic Neoplasms,enriched,0.00442288,55,hsa-mir-21; hsa-mir-142; hsa-mir-101-1; hsa-mir-101-2; hsa-mir-126; hsa-mir-29b-1; hsa-mir-141; hsa-mir-19b-1; hsa-mir-19b-2; hsa-mir-20a; hsa-mir-16-2; hsa-mir-16-1; hsa-mir-152; hsa-mir-19a; hsa-let-7b; hsa-let-7d; hsa-mir-22; hsa-mir-17; hsa-mir-424; hsa-mir-106a; hsa-mir-125a; hsa-mir-15a; hsa-mir-10b; hsa-let-7f-2; hsa-let-7f-1; hsa-mir-200c; hsa-mir-92a-1; hsa-mir-192; hsa-mir-1-1; hsa-mir-140; hsa-mir-552; hsa-mir-24-2; hsa-mir-24-1; hsa-mir-143; hsa-mir-223; hsa-mir-32; hsa-mir-145; hsa-mir-9-3; hsa-mir-9-1; hsa-mir-9-2; hsa-mir-132; hsa-mir-218-2; hsa-mir-30a; hsa-mir-125b-1; hsa-mir-125b-2; hsa-mir-584; hsa-mir-296; hsa-mir-34a; hsa-mir-615; hsa-mir-205; hsa-mir-218-1; hsa-mir-493; hsa-mir-146a; hsa-let-7c; hsa-mir-449a
Diseases (HMDD2),Retinoblastoma,enriched,0.00457331,24,hsa-mir-142; hsa-mir-29b-1; hsa-mir-19b-1; hsa-mir-20a; hsa-mir-135b; hsa-mir-19a; hsa-mir-29b-2; hsa-let-7b; hsa-let-7d; hsa-mir-17; hsa-mir-125a; hsa-mir-10b; hsa-let-7f-2; hsa-let-7f-1; hsa-mir-92a-1; hsa-mir-192; hsa-mir-24-2; hsa-mir-24-1; hsa-mir-29c; hsa-mir-376a-1; hsa-mir-34a; hsa-mir-376a-2; hsa-mir-34c; hsa-let-7c
Diseases (HMDD2),Toxoplasma,enriched,0.00457331,5,hsa-mir-19b-1; hsa-mir-19b-2; hsa-mir-20a; hsa-mir-19a; hsa-mir-17
Diseases (HMDD2),Lung Neoplasms,enriched,0.00472329,87,hsa-mir-21; hsa-mir-142; hsa-mir-182; hsa-mir-101-1; hsa-mir-101-2; hsa-mir-126; hsa-mir-542; hsa-mir-29b-1; hsa-mir-19b-1; hsa-mir-148a; hsa-mir-199b; hsa-mir-335; hsa-mir-20a; hsa-mir-197; hsa-mir-135b; hsa-mir-19a; hsa-mir-574; hsa-mir-193a; hsa-mir-29b-2; hsa-let-7b; hsa-mir-199a-1; hsa-mir-136; hsa-let-7d; hsa-mir-183; hsa-mir-22; hsa-mir-30e; hsa-mir-98; hsa-mir-17; hsa-mir-106a; hsa-mir-125a; hsa-mir-150; hsa-mir-10b; hsa-let-7f-2; hsa-mir-181a-1; hsa-let-7f-1; hsa-mir-200c; hsa-mir-92a-1; hsa-mir-301a; hsa-mir-192; hsa-mir-1-1; hsa-mir-140; hsa-mir-338; hsa-mir-196a-2; hsa-mir-24-2; hsa-mir-1-2; hsa-mir-96; hsa-mir-30b; hsa-mir-143; hsa-mir-223; hsa-mir-326; hsa-mir-29c; hsa-mir-23a; hsa-mir-26b; hsa-mir-32; hsa-mir-145; hsa-mir-9-3; hsa-mir-9-1; hsa-mir-375; hsa-mir-9-2; hsa-mir-7-1; hsa-mir-186; hsa-mir-132; hsa-mir-27a; hsa-mir-181a-2; hsa-mir-196a-1; hsa-mir-218-2; hsa-mir-134; hsa-mir-30a; hsa-mir-133a-1; hsa-mir-224; hsa-mir-33b; hsa-mir-33a; hsa-mir-210; hsa-mir-34b; hsa-mir-125b-1; hsa-mir-26a-1; hsa-mir-26a-2; hsa-mir-376a-1; hsa-mir-34a; hsa-mir-7-2; hsa-mir-205; hsa-mir-95; hsa-mir-376a-2; hsa-mir-146a; hsa-mir-34c; hsa-let-7c; hsa-mir-135a-2
Diseases (HMDD2),Polycystic Kidney Diseases,enriched,0.00472329,6,hsa-mir-19b-1; hsa-mir-20a; hsa-mir-19a; hsa-mir-17; hsa-mir-15a; hsa-mir-92a-1
Diseases (HMDD2),Pancreatic Neoplasms,enriched,0.0047973,66,hsa-mir-21; hsa-mir-142; hsa-mir-182; hsa-mir-101-1; hsa-mir-101-2; hsa-mir-126; hsa-mir-29b-1; hsa-mir-148a; hsa-mir-199b; hsa-mir-20a; hsa-mir-16-2; hsa-mir-16-1; hsa-mir-197; hsa-mir-135b; hsa-mir-10a; hsa-let-7b; hsa-mir-199a-1; hsa-mir-429; hsa-let-7d; hsa-mir-183; hsa-mir-17; hsa-mir-106a; hsa-mir-708; hsa-mir-150; hsa-mir-15a; hsa-mir-10b; hsa-let-7f-2; hsa-mir-196b; hsa-let-7f-1; hsa-mir-200c; hsa-mir-92a-1; hsa-mir-192; hsa-mir-338; hsa-mir-196a-2; hsa-mir-24-2; hsa-mir-96; hsa-mir-15b; hsa-mir-24-1; hsa-mir-143; hsa-mir-223; hsa-mir-23a; hsa-mir-32; hsa-mir-145; hsa-mir-451a; hsa-mir-375; hsa-mir-186; hsa-mir-217; hsa-mir-132; hsa-mir-27a; hsa-mir-196a-1; hsa-mir-218-2; hsa-mir-224; hsa-mir-210; hsa-mir-34b; hsa-mir-125b-1; hsa-mir-125b-2; hsa-mir-26a-1; hsa-mir-26a-2; hsa-mir-296; hsa-mir-34a; hsa-mir-218-1; hsa-mir-95; hsa-mir-146a; hsa-mir-194-1; hsa-mir-34c; hsa-let-7c
Diseases (HMDD2),Stomach Neoplasms,enriched,0.0047973,92,hsa-mir-21; hsa-mir-142; hsa-mir-182; hsa-mir-101-1; hsa-mir-101-2; hsa-mir-374a; hsa-mir-126; hsa-mir-141; hsa-mir-148a; hsa-mir-199b; hsa-mir-335; hsa-mir-20a; hsa-mir-16-2; hsa-mir-16-1; hsa-mir-328; hsa-mir-135b; hsa-mir-19a; hsa-mir-199a-2; hsa-mir-574; hsa-mir-577; hsa-mir-199a-1; hsa-mir-429; hsa-mir-183; hsa-mir-22; hsa-mir-378a; hsa-mir-139; hsa-mir-17; hsa-mir-106a; hsa-mir-125a; hsa-mir-150; hsa-mir-10b; hsa-let-7f-2; hsa-mir-181a-1; hsa-mir-196b; hsa-let-7f-1; hsa-mir-200c; hsa-mir-301a; hsa-mir-192; hsa-mir-129-1; hsa-mir-1-1; hsa-mir-374b; hsa-mir-140; hsa-mir-196a-2; hsa-mir-129-2; hsa-mir-24-2; hsa-mir-1-2; hsa-mir-30b; hsa-mir-24-1; hsa-mir-143; hsa-mir-223; hsa-mir-29c; hsa-mir-26b; hsa-mir-32; hsa-mir-145; hsa-mir-451a; hsa-mir-9-3; hsa-mir-9-1; hsa-mir-375; hsa-mir-9-2; hsa-mir-193b; hsa-mir-7-1; hsa-mir-151a; hsa-mir-376c; hsa-mir-186; hsa-mir-132; hsa-mir-744; hsa-mir-27a; hsa-mir-181a-2; hsa-mir-196a-1; hsa-mir-495; hsa-mir-218-2; hsa-mir-1228; hsa-mir-605; hsa-mir-130a; hsa-mir-224; hsa-mir-340; hsa-mir-34b; hsa-mir-125b-1; hsa-mir-125b-2; hsa-mir-296; hsa-mir-34a; hsa-mir-7-2; hsa-mir-218-1; hsa-mir-95; hsa-mir-146a; hsa-mir-194-1; hsa-mir-34c; hsa-mir-658; hsa-mir-449a; hsa-mir-320a; hsa-mir-421; hsa-mir-135a-2
Diseases (HMDD2),Crohn Disease,enriched,0.00499033,13,hsa-mir-126; hsa-mir-16-2; hsa-mir-16-1; hsa-mir-199a-2; hsa-mir-199a-1; hsa-mir-106a; hsa-let-7f-2; hsa-mir-196b; hsa-let-7f-1; hsa-mir-200c; hsa-mir-196a-2; hsa-mir-23a; hsa-mir-196a-1
Diseases (HMDD2),Azoospermia,enriched,0.00615225,11,hsa-mir-141; hsa-mir-19b-1; hsa-mir-19b-2; hsa-mir-20a; hsa-mir-19a; hsa-mir-429; hsa-mir-17; hsa-mir-92a-1; hsa-mir-92a-2; hsa-mir-7-1; hsa-mir-7-2
Diseases (HMDD2),Melanoma,enriched,0.00628436,79,hsa-mir-21; hsa-mir-142; hsa-mir-182; hsa-mir-126; hsa-mir-29b-1; hsa-mir-141; hsa-mir-19b-1; hsa-mir-148a; hsa-mir-20a; hsa-mir-16-2; hsa-mir-16-1; hsa-mir-328; hsa-mir-135b; hsa-mir-19a; hsa-mir-199a-2; hsa-mir-193a; hsa-mir-452; hsa-mir-29b-2; hsa-let-7b; hsa-mir-199a-1; hsa-mir-429; hsa-let-7d; hsa-mir-183; hsa-mir-22; hsa-mir-378a; hsa-mir-30e; hsa-mir-17; hsa-mir-153-2; hsa-mir-106a; hsa-mir-125a; hsa-mir-15a; hsa-let-7f-2; hsa-mir-181a-1; hsa-let-7f-1; hsa-mir-200c; hsa-mir-1-1; hsa-mir-338; hsa-mir-196a-2; hsa-mir-361; hsa-mir-96; hsa-mir-15b; hsa-mir-30b; hsa-mir-143; hsa-mir-215; hsa-mir-145; hsa-mir-1249; hsa-mir-9-3; hsa-mir-9-1; hsa-mir-375; hsa-mir-9-2; hsa-mir-193b; hsa-mir-7-1; hsa-mir-151a; hsa-mir-186; hsa-mir-217; hsa-mir-339; hsa-mir-133a-2; hsa-mir-181a-2; hsa-mir-196a-1; hsa-mir-218-2; hsa-mir-30a; hsa-mir-210; hsa-mir-34b; hsa-mir-125b-1; hsa-mir-125b-2; hsa-mir-584; hsa-mir-26a-1; hsa-mir-26a-2; hsa-mir-296; hsa-mir-34a; hsa-mir-7-2; hsa-mir-205; hsa-mir-218-1; hsa-mir-508; hsa-mir-146a; hsa-mir-194-1; hsa-mir-34c; hsa-let-7c; hsa-mir-320a
Diseases (HMDD2),"Leukemia-Lymphoma, Adult T-Cell",enriched,0.00714506,13,hsa-mir-142; hsa-mir-19b-1; hsa-mir-19b-2; hsa-mir-20a; hsa-mir-16-2; hsa-mir-16-1; hsa-mir-19a; hsa-mir-17; hsa-mir-92a-1; hsa-mir-92a-2; hsa-mir-326; hsa-mir-451a; hsa-mir-205
Diseases (HMDD2),Multiple Sclerosis,enriched,0.00752265,12,hsa-mir-21; hsa-mir-29b-1; hsa-mir-16-1; hsa-mir-29b-2; hsa-mir-22; hsa-mir-17; hsa-mir-150; hsa-mir-15a; hsa-mir-338; hsa-mir-96; hsa-mir-326; hsa-mir-146a
Diseases (HMDD2),Multiple Myeloma,enriched,0.00904068,24,hsa-mir-21; hsa-mir-29b-1; hsa-mir-19b-1; hsa-mir-148a; hsa-mir-335; hsa-mir-20a; hsa-mir-16-2; hsa-mir-16-1; hsa-mir-19a; hsa-mir-29b-2; hsa-mir-17; hsa-mir-15a; hsa-mir-181a-1; hsa-mir-92a-1; hsa-mir-192; hsa-mir-30b; hsa-mir-24-1; hsa-mir-223; hsa-mir-215; hsa-mir-99b; hsa-mir-181a-2; hsa-mir-125b-1; hsa-mir-125b-2; hsa-mir-194-1
