Category,Subcategory,Enrichment,p-value,observed,miRNAs/precursors
Diseases (HMDD2),Adenocarcinoma,enriched,0.006809,9,hsa-mir-155; hsa-mir-210; hsa-mir-429; hsa-mir-21; hsa-mir-200c; hsa-mir-200b; hsa-mir-215; hsa-mir-135a-1; hsa-mir-135a-2
Diseases (HMDD2),Barrett Esophagus,enriched,0.000182211,5,hsa-mir-429; hsa-mir-21; hsa-mir-200c; hsa-mir-141; hsa-mir-200b
Diseases (HMDD2),Breast Neoplasms,enriched,0.00656033,34,hsa-mir-122; hsa-mir-155; hsa-mir-2355; hsa-mir-210; hsa-mir-584; hsa-mir-429; hsa-mir-452; hsa-mir-21; hsa-mir-200c; hsa-mir-141; hsa-mir-200b; hsa-mir-224; hsa-mir-629; hsa-mir-506; hsa-mir-206; hsa-mir-874; hsa-mir-129-1; hsa-mir-129-2; hsa-mir-510; hsa-mir-376c; hsa-mir-146b; hsa-mir-3130-1; hsa-mir-513a-1; hsa-mir-513a-2; hsa-mir-299; hsa-mir-301b; hsa-mir-215; hsa-mir-133b; hsa-mir-302b; hsa-mir-135a-1; hsa-mir-320d-2; hsa-mir-135a-2; hsa-mir-187; hsa-mir-302a
Diseases (HMDD2),"Carcinoma, Ehrlich Tumor",enriched,0.00656033,3,hsa-mir-429; hsa-mir-141; hsa-mir-200b
Diseases (HMDD2),"Carcinoma, Renal Cell",enriched,1.84144e-05,32,hsa-mir-122; hsa-mir-155; hsa-mir-210; hsa-mir-429; hsa-mir-184; hsa-mir-452; hsa-mir-21; hsa-mir-200c; hsa-mir-141; hsa-mir-200b; hsa-mir-224; hsa-mir-629; hsa-mir-206; hsa-mir-142; hsa-mir-508; hsa-mir-514a-3; hsa-mir-514a-2; hsa-mir-514a-1; hsa-mir-138-2; hsa-mir-363; hsa-mir-129-2; hsa-mir-138-1; hsa-mir-509-2; hsa-mir-509-3; hsa-mir-760; hsa-mir-509-1; hsa-mir-146b; hsa-mir-215; hsa-mir-144; hsa-mir-302b; hsa-mir-135a-1; hsa-mir-135a-2
Diseases (HMDD2),"Carcinoma, Squamous Cell",enriched,0.000182211,13,hsa-mir-155; hsa-mir-210; hsa-mir-184; hsa-mir-21; hsa-mir-200c; hsa-mir-142; hsa-mir-874; hsa-mir-138-2; hsa-mir-363; hsa-mir-129-2; hsa-mir-885; hsa-mir-138-1; hsa-mir-133b
Diseases (HMDD2),Cerebral Hemorrhage,enriched,0.00469239,2,hsa-mir-362; hsa-mir-155
Diseases (HMDD2),Cholangiocarcinoma,enriched,0.00145404,4,hsa-mir-21; hsa-mir-200c; hsa-mir-141; hsa-mir-200b
Diseases (HMDD2),Colonic Neoplasms,enriched,0.000249372,11,hsa-mir-155; hsa-mir-584; hsa-mir-21; hsa-mir-200c; hsa-mir-141; hsa-mir-200b; hsa-mir-629; hsa-mir-506; hsa-mir-142; hsa-mir-133b; hsa-mir-302b
Diseases (HMDD2),Colorectal Neoplasms,enriched,0.00419198,25,hsa-mir-362; hsa-mir-122; hsa-mir-155; hsa-mir-210; hsa-mir-584; hsa-mir-429; hsa-mir-21; hsa-mir-200c; hsa-mir-141; hsa-mir-200b; hsa-mir-224; hsa-mir-206; hsa-mir-142; hsa-mir-129-1; hsa-mir-129-2; hsa-mir-216b; hsa-mir-760; hsa-mir-33a; hsa-mir-146b; hsa-mir-372; hsa-mir-215; hsa-mir-133b; hsa-mir-144; hsa-mir-135a-1; hsa-mir-135a-2
Diseases (HMDD2),Endometrial Neoplasms,enriched,0.000231073,9,hsa-mir-155; hsa-mir-210; hsa-mir-429; hsa-mir-21; hsa-mir-200c; hsa-mir-141; hsa-mir-200b; hsa-mir-142; hsa-mir-146b
Diseases (HMDD2),Esophageal Neoplasms,enriched,0.00477617,9,hsa-mir-155; hsa-mir-210; hsa-mir-452; hsa-mir-21; hsa-mir-200c; hsa-mir-141; hsa-mir-129-2; hsa-mir-196b; hsa-mir-302a
Diseases (HMDD2),"Glomerulonephritis, IGA",enriched,0.00656033,3,hsa-mir-155; hsa-mir-429; hsa-mir-200b
Diseases (HMDD2),"Helplessness, Learned",enriched,0.00145404,4,hsa-mir-429; hsa-mir-200c; hsa-mir-141; hsa-mir-200b
Diseases (HMDD2),Inflammatory Bowel Diseases,enriched,0.00404085,4,hsa-mir-155; hsa-mir-21; hsa-mir-224; hsa-mir-629
Diseases (HMDD2),Ischemia,enriched,0.00477617,3,hsa-mir-155; hsa-mir-210; hsa-mir-21
Diseases (HMDD2),"Lupus Erythematosus, Systemic",enriched,3.00156e-05,8,hsa-mir-155; hsa-mir-429; hsa-mir-21; hsa-mir-200c; hsa-mir-141; hsa-mir-200b; hsa-mir-224; hsa-mir-142
Diseases (HMDD2),Lupus Vulgaris,enriched,0.00457865,7,hsa-mir-210; hsa-mir-184; hsa-mir-200c; hsa-mir-500a; hsa-mir-629; hsa-mir-142; hsa-mir-433
Diseases (HMDD2),Lymphoma,enriched,0.00546527,14,hsa-mir-122; hsa-mir-155; hsa-mir-210; hsa-mir-184; hsa-mir-21; hsa-mir-200c; hsa-mir-200b; hsa-mir-629; hsa-mir-138-2; hsa-mir-363; hsa-mir-138-1; hsa-mir-133b; hsa-mir-135a-1; hsa-mir-135a-2
Diseases (HMDD2),"Lymphoma, Large B-Cell, Diffuse",enriched,0.00984335,5,hsa-mir-155; hsa-mir-21; hsa-mir-200c; hsa-mir-129-1; hsa-mir-129-2
Diseases (HMDD2),Melanoma,enriched,0.00580708,35,hsa-mir-362; hsa-mir-122; hsa-mir-155; hsa-mir-210; hsa-mir-584; hsa-mir-429; hsa-mir-452; hsa-mir-21; hsa-mir-200c; hsa-mir-141; hsa-mir-200b; hsa-mir-506; hsa-mir-142; hsa-mir-508; hsa-mir-514a-3; hsa-mir-514a-2; hsa-mir-514a-1; hsa-mir-138-2; hsa-mir-138-1; hsa-mir-509-2; hsa-mir-509-3; hsa-mir-507; hsa-mir-510; hsa-mir-509-1; hsa-mir-217; hsa-mir-146b; hsa-mir-513a-1; hsa-mir-513a-2; hsa-mir-216a; hsa-mir-513c; hsa-mir-215; hsa-mir-302b; hsa-mir-513b; hsa-mir-767; hsa-mir-302a
Diseases (HMDD2),Mouth Neoplasms,enriched,0.00632603,3,hsa-mir-21; hsa-mir-200c; hsa-mir-141
Diseases (HMDD2),Myelodysplastic Syndromes,enriched,0.00477617,3,hsa-mir-155; hsa-mir-210; hsa-mir-21
Diseases (HMDD2),Neoplasms,enriched,0.00580708,18,hsa-mir-122; hsa-mir-155; hsa-mir-210; hsa-mir-429; hsa-mir-21; hsa-mir-200c; hsa-mir-141; hsa-mir-200b; hsa-mir-224; hsa-mir-206; hsa-mir-138-2; hsa-mir-196b; hsa-mir-138-1; hsa-mir-372; hsa-mir-302b; hsa-mir-135a-1; hsa-mir-135a-2; hsa-mir-302a
Diseases (HMDD2),Nephrosclerosis,enriched,0.00656033,3,hsa-mir-429; hsa-mir-141; hsa-mir-200b
Diseases (HMDD2),Pancreatic Neoplasms,enriched,0.00656033,15,hsa-mir-122; hsa-mir-155; hsa-mir-210; hsa-mir-429; hsa-mir-21; hsa-mir-200c; hsa-mir-200b; hsa-mir-224; hsa-mir-142; hsa-mir-216b; hsa-mir-196b; hsa-mir-217; hsa-mir-146b; hsa-mir-216a; hsa-mir-133b
Diseases (HMDD2),Prostatic Neoplasms,enriched,0.00580708,13,hsa-mir-122; hsa-mir-452; hsa-mir-21; hsa-mir-200c; hsa-mir-141; hsa-mir-200b; hsa-mir-224; hsa-mir-629; hsa-mir-196b; hsa-mir-154; hsa-mir-146b; hsa-mir-301b; hsa-mir-133b
Diseases (HMDD2),Stroke,enriched,0.000121654,3,hsa-mir-362; hsa-mir-122; hsa-mir-155
Diseases (HMDD2),Urinary Bladder Neoplasms,enriched,9.56304e-05,14,hsa-mir-155; hsa-mir-210; hsa-mir-429; hsa-mir-452; hsa-mir-21; hsa-mir-200c; hsa-mir-141; hsa-mir-200b; hsa-mir-224; hsa-mir-142; hsa-mir-138-2; hsa-mir-196b; hsa-mir-138-1; hsa-mir-133b
