Category,Subcategory,Enrichment,p-value,observed,miRNAs/precursors
Diseases (HMDD2),Adrenocortical Carcinoma,enriched,0.00523369,20,hsa-mir-222; hsa-mir-130a; hsa-mir-675; hsa-mir-192; hsa-mir-194-2; hsa-mir-194-1; hsa-mir-376c; hsa-mir-15b; hsa-mir-133a-2; hsa-mir-1-2; hsa-mir-133a-1; hsa-mir-195; hsa-mir-1-1; hsa-mir-145; hsa-mir-376b; hsa-mir-483; hsa-mir-200c; hsa-mir-376a-1; hsa-mir-135a-2; hsa-mir-135a-1
Diseases (HMDD2),Atherosclerosis,enriched,0.00505613,7,hsa-mir-222; hsa-mir-221; hsa-mir-127; hsa-mir-133a-2; hsa-mir-133a-1; hsa-mir-133b; hsa-mir-145
Diseases (HMDD2),"Carcinoma, Squamous Cell",enriched,0.00585301,25,hsa-mir-222; hsa-mir-874; hsa-mir-182; hsa-mir-185; hsa-mir-130a; hsa-mir-885; hsa-mir-184; hsa-mir-218-2; hsa-mir-133a-2; hsa-mir-1-2; hsa-mir-133a-1; hsa-mir-195; hsa-mir-218-1; hsa-mir-214; hsa-mir-133b; hsa-mir-1-1; hsa-mir-145; hsa-mir-124-1; hsa-mir-519a-1; hsa-mir-200c; hsa-mir-138-2; hsa-mir-519a-2; hsa-mir-124-2; hsa-mir-211; hsa-mir-34c
Diseases (HMDD2),Cardiomegaly,enriched,0.00585301,6,hsa-mir-199a-2; hsa-mir-199a-1; hsa-mir-133a-2; hsa-mir-1-2; hsa-mir-133a-1; hsa-mir-1-1
Diseases (HMDD2),"Cardiomyopathy, Hypertrophic",enriched,0.000955365,8,hsa-mir-199a-2; hsa-mir-199a-1; hsa-mir-133a-2; hsa-mir-1-2; hsa-mir-133a-1; hsa-mir-195; hsa-mir-214; hsa-mir-1-1
Diseases (HMDD2),Carotid Artery Diseases,enriched,0.000749455,2,hsa-mir-222; hsa-mir-221
Diseases (HMDD2),Colorectal Neoplasms,enriched,0.00362365,43,hsa-mir-222; hsa-mir-221; hsa-mir-206; hsa-mir-182; hsa-mir-185; hsa-mir-96; hsa-mir-199a-2; hsa-mir-199b; hsa-mir-199a-1; hsa-mir-183; hsa-mir-130a; hsa-mir-135b; hsa-mir-194-2; hsa-mir-194-1; hsa-mir-127; hsa-mir-218-2; hsa-mir-133a-2; hsa-mir-1-2; hsa-mir-133a-1; hsa-mir-195; hsa-mir-218-1; hsa-mir-133b; hsa-mir-1-1; hsa-mir-141; hsa-mir-145; hsa-mir-584; hsa-mir-190a; hsa-mir-483; hsa-mir-337; hsa-mir-95; hsa-mir-124-1; hsa-mir-520a; hsa-mir-216b; hsa-mir-144; hsa-mir-124-3; hsa-mir-200c; hsa-mir-124-2; hsa-mir-211; hsa-mir-135a-2; hsa-mir-372; hsa-mir-122; hsa-mir-34c; hsa-mir-135a-1
Diseases (HMDD2),HEV,enriched,0.000749455,2,hsa-mir-222; hsa-mir-221
Diseases (HMDD2),Hodgkin Disease,enriched,0.00585301,3,hsa-mir-182; hsa-mir-96; hsa-mir-183
Diseases (HMDD2),Hypertrophy,enriched,0.00268406,7,hsa-mir-221; hsa-mir-206; hsa-mir-133a-2; hsa-mir-1-2; hsa-mir-133a-1; hsa-mir-133b; hsa-mir-1-1
Diseases (HMDD2),Liver Cirrhosis,enriched,0.00597531,8,hsa-mir-222; hsa-mir-221; hsa-mir-199a-2; hsa-mir-199a-1; hsa-mir-133a-2; hsa-mir-133a-1; hsa-mir-214; hsa-mir-513c
Diseases (HMDD2),Lung Neoplasms,enriched,0.00585301,36,hsa-mir-222; hsa-mir-221; hsa-mir-206; hsa-mir-182; hsa-mir-185; hsa-mir-96; hsa-mir-199b; hsa-mir-199a-1; hsa-mir-183; hsa-mir-135b; hsa-mir-136; hsa-mir-192; hsa-mir-487b; hsa-mir-127; hsa-mir-218-2; hsa-mir-1-2; hsa-mir-133a-1; hsa-mir-214; hsa-mir-133b; hsa-mir-381; hsa-mir-1-1; hsa-mir-145; hsa-mir-134; hsa-mir-95; hsa-mir-124-1; hsa-mir-494; hsa-mir-216b; hsa-mir-216a; hsa-mir-124-3; hsa-mir-200c; hsa-mir-138-2; hsa-mir-376a-1; hsa-mir-124-2; hsa-mir-135a-2; hsa-mir-34c; hsa-mir-135a-1
Diseases (HMDD2),"Lymphoma, Primary Effusion",enriched,0.000749455,2,hsa-mir-222; hsa-mir-221
Diseases (HMDD2),Marek Disease,enriched,0.000749455,2,hsa-mir-222; hsa-mir-221
Diseases (HMDD2),Multiple Myeloma,enriched,0.000749455,6,hsa-mir-222; hsa-mir-221; hsa-mir-561; hsa-mir-192; hsa-mir-194-2; hsa-mir-194-1
Diseases (HMDD2),"Muscular Disorders, Atrophic",enriched,0.00028233,17,hsa-mir-222; hsa-mir-221; hsa-mir-199a-2; hsa-mir-199b; hsa-mir-199a-1; hsa-mir-130a; hsa-mir-379; hsa-mir-487b; hsa-mir-376c; hsa-mir-195; hsa-mir-214; hsa-mir-154; hsa-mir-381; hsa-mir-495; hsa-mir-145; hsa-mir-432; hsa-mir-299
Diseases (HMDD2),Muscular Dystrophies,enriched,0.00456961,5,hsa-mir-206; hsa-mir-136; hsa-mir-192; hsa-mir-376c; hsa-mir-127
Diseases (HMDD2),"Muscular Dystrophy, Duchenne",enriched,0.000955365,8,hsa-mir-206; hsa-mir-199a-2; hsa-mir-199a-1; hsa-mir-133a-2; hsa-mir-1-2; hsa-mir-133a-1; hsa-mir-133b; hsa-mir-1-1
Diseases (HMDD2),Myocardial Infarction,enriched,0.00268406,7,hsa-mir-206; hsa-mir-133a-2; hsa-mir-1-2; hsa-mir-133a-1; hsa-mir-195; hsa-mir-133b; hsa-mir-1-1
Diseases (HMDD2),"Myocytes, Cardiac",enriched,0.00494283,6,hsa-mir-199a-2; hsa-mir-199a-1; hsa-mir-133a-2; hsa-mir-133a-1; hsa-mir-195; hsa-mir-133b
Diseases (HMDD2),"Neoplasms, Squamous Cell",enriched,0.00104278,7,hsa-mir-222; hsa-mir-221; hsa-mir-874; hsa-mir-135b; hsa-mir-218-2; hsa-mir-218-1; hsa-mir-214
Diseases (HMDD2),Osteosarcoma,enriched,0.000749455,16,hsa-mir-221; hsa-mir-199a-2; hsa-mir-199a-1; hsa-mir-183; hsa-mir-135b; hsa-mir-127; hsa-mir-133a-2; hsa-mir-1-2; hsa-mir-133a-1; hsa-mir-195; hsa-mir-133b; hsa-mir-1-1; hsa-mir-145; hsa-mir-411; hsa-mir-432; hsa-mir-34c
Diseases (HMDD2),Ovarian Neoplasms,enriched,0.000749455,32,hsa-mir-221; hsa-mir-182; hsa-mir-185; hsa-mir-96; hsa-mir-199a-2; hsa-mir-199a-1; hsa-mir-183; hsa-mir-130a; hsa-mir-135b; hsa-mir-192; hsa-mir-194-2; hsa-mir-194-1; hsa-mir-376c; hsa-mir-127; hsa-mir-133a-2; hsa-mir-133a-1; hsa-mir-218-1; hsa-mir-214; hsa-mir-133b; hsa-mir-1-1; hsa-mir-141; hsa-mir-145; hsa-mir-187; hsa-mir-370; hsa-mir-302a; hsa-mir-200c; hsa-mir-138-2; hsa-mir-516a-1; hsa-mir-642a; hsa-mir-516a-2; hsa-mir-302b; hsa-mir-34c
Diseases (HMDD2),Pain,enriched,0.00585301,3,hsa-mir-182; hsa-mir-96; hsa-mir-183
Diseases (HMDD2),Papilary thyroid carcinoma,enriched,0.000749455,2,hsa-mir-222; hsa-mir-221
Diseases (HMDD2),Polycythemia Vera,enriched,0.000749455,2,hsa-mir-222; hsa-mir-221
Diseases (HMDD2),Prostatic Neoplasms,enriched,6.10199e-05,35,hsa-mir-222; hsa-mir-221; hsa-mir-182; hsa-mir-185; hsa-mir-96; hsa-mir-199a-2; hsa-mir-199a-1; hsa-mir-183; hsa-mir-130a; hsa-mir-135b; hsa-mir-616; hsa-mir-194-2; hsa-mir-194-1; hsa-mir-15b; hsa-mir-127; hsa-mir-133a-2; hsa-mir-1-2; hsa-mir-133a-1; hsa-mir-195; hsa-mir-218-1; hsa-mir-214; hsa-mir-154; hsa-mir-133b; hsa-mir-1-1; hsa-mir-141; hsa-mir-145; hsa-mir-124-1; hsa-mir-124-3; hsa-mir-200c; hsa-mir-642a; hsa-mir-519d; hsa-mir-124-2; hsa-mir-204; hsa-mir-122; hsa-mir-34c
Diseases (HMDD2),Urinary Bladder Neoplasms,enriched,0.000218397,29,hsa-mir-222; hsa-mir-221; hsa-mir-182; hsa-mir-96; hsa-mir-199a-2; hsa-mir-199b; hsa-mir-199a-1; hsa-mir-183; hsa-mir-135b; hsa-mir-192; hsa-mir-15b; hsa-mir-127; hsa-mir-218-2; hsa-mir-133a-2; hsa-mir-1-2; hsa-mir-133a-1; hsa-mir-195; hsa-mir-218-1; hsa-mir-133b; hsa-mir-1-1; hsa-mir-141; hsa-mir-145; hsa-mir-493; hsa-mir-944; hsa-mir-200c; hsa-mir-517a; hsa-mir-138-2; hsa-mir-642a; hsa-mir-34c
