Category,Subcategory,Enrichment,p-value,observed,miRNAs/precursors
Diseases (HMDD2),Asthma,enriched,0.00266782,2,hsa-mir-221; hsa-mir-146b
Diseases (HMDD2),Astrocytoma,enriched,0.00307568,3,hsa-mir-221; hsa-mir-181b-2; hsa-mir-21
Diseases (HMDD2),Atherosclerosis,enriched,7.04354e-05,5,hsa-mir-221; hsa-mir-222; hsa-mir-146b; hsa-mir-34a; hsa-mir-21
Diseases (HMDD2),Brain Neoplasms,enriched,0.00307568,3,hsa-mir-222; hsa-mir-34a; hsa-mir-21
Diseases (HMDD2),Breast Neoplasms,enriched,0.000431993,33,hsa-mir-221; hsa-mir-222; hsa-mir-146b; hsa-mir-34a; hsa-mir-181a-2; hsa-mir-181b-2; hsa-mir-21; hsa-mir-31; hsa-mir-516b-2; hsa-mir-515-1; hsa-mir-516b-1; hsa-mir-515-2; hsa-mir-520h; hsa-mir-187; hsa-mir-520d; hsa-mir-375; hsa-mir-519d; hsa-mir-516a-2; hsa-mir-516a-1; hsa-mir-520a; hsa-mir-519c; hsa-mir-520b; hsa-mir-1323; hsa-mir-519e; hsa-mir-451a; hsa-mir-373; hsa-mir-506; hsa-mir-1258; hsa-mir-520c; hsa-mir-513a-1; hsa-mir-526a-1; hsa-mir-205; hsa-mir-513a-2
Diseases (HMDD2),"Carcinoma, Hepatocellular",enriched,0.00131007,36,hsa-mir-221; hsa-mir-222; hsa-mir-146b; hsa-mir-34a; hsa-mir-181a-2; hsa-mir-181b-2; hsa-mir-21; hsa-mir-31; hsa-mir-512-1; hsa-mir-144; hsa-mir-512-2; hsa-mir-517c; hsa-mir-187; hsa-mir-526b; hsa-mir-498; hsa-mir-508; hsa-mir-520d; hsa-mir-518b; hsa-mir-375; hsa-mir-519d; hsa-mir-522; hsa-mir-520b; hsa-mir-520e; hsa-mir-527; hsa-mir-372; hsa-mir-519e; hsa-mir-490; hsa-mir-451a; hsa-mir-373; hsa-mir-517a; hsa-mir-503; hsa-mir-105-1; hsa-mir-105-2; hsa-mir-526a-1; hsa-mir-205; hsa-mir-208b
Diseases (HMDD2),Carotid Artery Diseases,enriched,0.00107649,2,hsa-mir-221; hsa-mir-222
Diseases (HMDD2),Coronary Artery Disease,enriched,7.04354e-05,5,hsa-mir-221; hsa-mir-222; hsa-mir-34a; hsa-mir-181a-2; hsa-mir-21
Diseases (HMDD2),Glioblastoma,enriched,0.0063306,15,hsa-mir-221; hsa-mir-222; hsa-mir-146b; hsa-mir-34a; hsa-mir-181a-2; hsa-mir-181b-2; hsa-mir-21; hsa-mir-31; hsa-mir-451a; hsa-mir-184; hsa-mir-873; hsa-mir-205; hsa-mir-1305; hsa-mir-196b; hsa-mir-208b
Diseases (HMDD2),Glioma,enriched,0.00307568,14,hsa-mir-221; hsa-mir-222; hsa-mir-146b; hsa-mir-34a; hsa-mir-181a-2; hsa-mir-181b-2; hsa-mir-21; hsa-mir-31; hsa-mir-375; hsa-mir-371a; hsa-mir-451a; hsa-mir-373; hsa-mir-211; hsa-mir-196b
Diseases (HMDD2),Gout,enriched,0.00107649,13,hsa-mir-519a-1; hsa-mir-520g; hsa-mir-520h; hsa-mir-520d; hsa-mir-519d; hsa-mir-520a; hsa-mir-519c; hsa-mir-520b; hsa-mir-520e; hsa-mir-519b; hsa-mir-519a-2; hsa-mir-519e; hsa-mir-520f
Diseases (HMDD2),HEV,enriched,0.00107649,2,hsa-mir-221; hsa-mir-222
Diseases (HMDD2),HIV,enriched,0.00307568,3,hsa-mir-221; hsa-mir-222; hsa-mir-21
Diseases (HMDD2),Head and Neck Neoplasms,enriched,0.00307568,11,hsa-mir-221; hsa-mir-146b; hsa-mir-34a; hsa-mir-181a-2; hsa-mir-181b-2; hsa-mir-21; hsa-mir-31; hsa-mir-375; hsa-mir-363; hsa-mir-211; hsa-mir-205
Diseases (HMDD2),Inflammation,enriched,0.000629118,4,hsa-mir-221; hsa-mir-222; hsa-mir-181a-2; hsa-mir-21
Diseases (HMDD2),"Leukemia, Lymphocytic, Chronic, B-Cell",enriched,0.000431993,9,hsa-mir-221; hsa-mir-222; hsa-mir-146b; hsa-mir-34a; hsa-mir-181a-2; hsa-mir-181b-2; hsa-mir-21; hsa-mir-187; hsa-mir-196b
Diseases (HMDD2),"Leukemia, Myeloid, Acute",enriched,0.00107649,6,hsa-mir-221; hsa-mir-222; hsa-mir-34a; hsa-mir-181a-2; hsa-mir-181b-2; hsa-mir-196b
Diseases (HMDD2),"Leukemia, Promyelocytic, Acute",enriched,0.00184541,3,hsa-mir-34a; hsa-mir-181a-2; hsa-mir-181b-2
Diseases (HMDD2),Lung Neoplasms,enriched,0.00307568,14,hsa-mir-221; hsa-mir-222; hsa-mir-146b; hsa-mir-34a; hsa-mir-181a-2; hsa-mir-181b-2; hsa-mir-21; hsa-mir-31; hsa-mir-520h; hsa-mir-375; hsa-mir-513a-1; hsa-mir-205; hsa-mir-216b; hsa-mir-513a-2
Diseases (HMDD2),"Lymphoma, B-Cell",enriched,0.00307568,3,hsa-mir-34a; hsa-mir-181a-2; hsa-mir-21
Diseases (HMDD2),"Lymphoma, Large B-Cell, Diffuse",enriched,0.00307568,3,hsa-mir-221; hsa-mir-34a; hsa-mir-21
Diseases (HMDD2),"Lymphoma, Primary Effusion",enriched,0.00107649,2,hsa-mir-221; hsa-mir-222
Diseases (HMDD2),Marek Disease,enriched,0.00107649,2,hsa-mir-221; hsa-mir-222
Diseases (HMDD2),Medulloblastoma,enriched,0.00220908,7,hsa-mir-34a; hsa-mir-181b-2; hsa-mir-21; hsa-mir-31; hsa-mir-144; hsa-mir-512-2; hsa-mir-373
Diseases (HMDD2),Multiple Myeloma,enriched,0.000629118,4,hsa-mir-221; hsa-mir-222; hsa-mir-181a-2; hsa-mir-21
Diseases (HMDD2),"Muscular Disorders, Atrophic",enriched,7.04354e-05,5,hsa-mir-221; hsa-mir-222; hsa-mir-146b; hsa-mir-34a; hsa-mir-21
Diseases (HMDD2),Myelodysplastic Syndromes,enriched,1.13781e-05,6,hsa-mir-221; hsa-mir-222; hsa-mir-34a; hsa-mir-181a-2; hsa-mir-181b-2; hsa-mir-21
Diseases (HMDD2),Myotonic Dystrophy,enriched,0.00076892,3,hsa-mir-221; hsa-mir-146b; hsa-mir-34a
Diseases (HMDD2),"Neoplasms, Squamous Cell",enriched,2.50655e-06,10,hsa-mir-221; hsa-mir-222; hsa-mir-146b; hsa-mir-34a; hsa-mir-181a-2; hsa-mir-181b-2; hsa-mir-21; hsa-mir-515-1; hsa-mir-515-2; hsa-mir-520h
Diseases (HMDD2),Neuroblastoma,enriched,0.00307568,3,hsa-mir-146b; hsa-mir-34a; hsa-mir-21
Diseases (HMDD2),Obesity,enriched,0.00307568,3,hsa-mir-221; hsa-mir-146b; hsa-mir-21
Diseases (HMDD2),Osteosarcoma,enriched,7.04354e-05,5,hsa-mir-221; hsa-mir-34a; hsa-mir-181a-2; hsa-mir-181b-2; hsa-mir-21
Diseases (HMDD2),Ovarian Neoplasms,enriched,0.000422033,9,hsa-mir-221; hsa-mir-146b; hsa-mir-34a; hsa-mir-21; hsa-mir-31; hsa-mir-187; hsa-mir-375; hsa-mir-516a-2; hsa-mir-516a-1
Diseases (HMDD2),Papilary thyroid carcinoma,enriched,0.00107649,2,hsa-mir-221; hsa-mir-222
Diseases (HMDD2),Psoriasis,enriched,0.00479806,3,hsa-mir-146b; hsa-mir-21; hsa-mir-31
Diseases (HMDD2),Stomach Neoplasms,enriched,0.0070563,39,hsa-mir-221; hsa-mir-222; hsa-mir-146b; hsa-mir-34a; hsa-mir-181a-2; hsa-mir-181b-2; hsa-mir-21; hsa-mir-31; hsa-mir-519a-1; hsa-mir-516b-2; hsa-mir-515-1; hsa-mir-516b-1; hsa-mir-515-2; hsa-mir-518f; hsa-mir-187; hsa-mir-520d; hsa-mir-375; hsa-mir-516a-2; hsa-mir-516a-1; hsa-mir-520a; hsa-mir-519c; hsa-mir-524; hsa-mir-519a-2; hsa-mir-372; hsa-mir-519e; hsa-mir-363; hsa-mir-371a; hsa-mir-513c; hsa-mir-513b; hsa-mir-451a; hsa-mir-373; hsa-mir-517a; hsa-mir-503; hsa-mir-520c; hsa-mir-184; hsa-mir-513a-1; hsa-mir-526a-1; hsa-mir-196b; hsa-mir-513a-2
Diseases (HMDD2),Thyroid Neoplasms,enriched,0.0038661,8,hsa-mir-221; hsa-mir-222; hsa-mir-146b; hsa-mir-21; hsa-mir-31; hsa-mir-144; hsa-mir-375; hsa-mir-371a
Diseases (HMDD2),Uterine Cervical Neoplasms,enriched,0.00899378,11,hsa-mir-221; hsa-mir-34a; hsa-mir-181a-2; hsa-mir-21; hsa-mir-512-1; hsa-mir-512-2; hsa-mir-518a-2; hsa-mir-375; hsa-mir-518a-1; hsa-mir-372; hsa-mir-205
