Category,Term,Count,Percent,Fold,P-value,Bonferroni,FDR
HMDD,Adrenocortical Carcinoma,35,0.74468085,2.40547987,0,1.87E-08,2.10E-08
HMDD,Lung Neoplasms,48,0.66666667,2.15347722,0,1.50E-09,3.36E-09
HMDD,Endometriosis,17,0.77272727,2.49607587,6.01E-06,0.0012,0.00054
HMDD,Heart Failure,49,0.48039216,1.55177035,2.77E-05,0.00554,0.00178
HMDD,Neoplasms,29,0.56862745,1.83678939,4.06E-05,0.00812,0.00228
HMDD,Uterine Cervical Neoplasms,10,0.90909091,2.93655984,5.18E-05,0.0104,0.00258
HMDD,Breast Neoplasms,39,0.5,1.61510791,8.41E-05,0.0168,0.00343
HMDD,Ovarian Neoplasms,32,0.53333333,1.72278177,8.75E-05,0.0175,0.00328
HMDD,"Lymphoma, B-Cell",13,0.76470588,2.47016504,0.00010926,0.0219,0.00377
HMDD,Medulloblastoma,13,0.76470588,2.47016504,0.00010926,0.0219,0.0035
HMDD,Colonic Neoplasms,22,0.59459459,1.92066887,0.00016983,0.034,0.00477
HMDD,Adenocarcinoma,15,0.68181818,2.20241988,0.0002548,0.051,0.00602
HMDD,Autistic Disorder,19,0.61290323,1.9798097,0.00029171,0.0583,0.00655
HMDD,"Muscular Disorders, Atrophic",26,0.54166667,1.74970024,0.00034162,0.0683,0.0073
HMDD,"Leukemia, B-Cell",9,0.81818182,2.64290386,0.00064452,0.1289,0.0132
HMDD,"Carcinoma, Hepatocellular",19,0.57575758,1.85982123,0.00090552,0.1811,0.0177
HMDD,ACTH-Secreting Pituitary Adenoma,7,0.875,2.82643885,0.00144771,0.2895,0.025
HMDD,Prostatic Neoplasms,19,0.55882353,1.80512061,0.00150075,0.3001,0.025
HMDD,Lymphoma,9,0.75,2.42266187,0.00189501,0.379,0.0293
HMDD,Stomach Neoplasms,20,0.54054054,1.74606261,0.00194738,0.3895,0.0291
HMDD,Salivary Gland Neoplasms,13,0.61904762,1.99965742,0.00267786,0.5356,0.0388
HMDD,Hodgkin Disease,10,0.66666667,2.15347722,0.00409439,0.8189,0.0574
HMDD,Neurodegenerative Diseases,6,0.85714286,2.76875642,0.00424202,0.8484,0.056
HMDD,Colorectal Neoplasms,9,0.69230769,2.23630327,0.00453047,0.9061,0.0581
HMDD,"Hepatitis C, Chronic",8,0.72727273,2.34924787,0.00482553,0.9651,0.0602
HMDD,Pancreatic Neoplasms,19,0.51351351,1.65875948,0.00557965,1,0.0677
HMDD,"Leukemia, Myeloid, Acute",10,0.625,2.01888489,0.00802224,1,0.0948
HMDD,Schizophrenia,12,0.57142857,1.84583762,0.00980216,1,0.11
HMDD,Leukemia,7,0.7,2.26115108,0.01189754,1,0.1272
HMDD,Hematologic Neoplasms,5,0.83333333,2.69184652,0.01214234,1,0.1212
HMDD,"Leukemia, Myeloid",5,0.83333333,2.69184652,0.01214234,1,0.109
HMDD,"Leukemia, Promyelocytic, Acute",5,0.83333333,2.69184652,0.01214234,1,0.1113
HMDD,"Leukemia-Lymphoma, Adult T-Cell",5,0.83333333,2.69184652,0.01214234,1,0.1136
HMDD,Precursor Cell Lymphoblastic Leukemia-Lymphoma,5,0.83333333,2.69184652,0.01214234,1,0.116
HMDD,Retinal Degeneration,5,0.83333333,2.69184652,0.01214234,1,0.1185
HMDD,Melanoma,23,0.46,1.48589928,0.01292562,1,0.1138
HMDD,"Carcinoma, Renal Cell",7,0.63636364,2.05559189,0.02427355,1,0.2018
HMDD,"Hepatitis, Chronic",3,1,3.23021583,0.02922689,1,0.2302
HMDD,Pre-Eclampsia,3,1,3.23021583,0.02922689,1,0.2263
HMDD,"Leukemia, Lymphocytic, Chronic, B-Cell",11,0.52380952,1.69201781,0.02990605,1,0.2201
HMDD,Urinary Bladder Neoplasms,5,0.71428571,2.30729702,0.03189316,1,0.231
HMDD,Myeloproliferative Disorders,4,0.8,2.58417266,0.03374633,1,0.2331
HMDD,"Cardiomyopathy, Hypertrophic",7,0.58333333,1.88429257,0.0432953,1,0.2945
HMDD,Hepatitis C,7,0.58333333,1.88429257,0.0432953,1,0.2901
HMDD,Head and Neck Neoplasms,13,0.46428571,1.49974306,0.05595572,1,0.3695
HMDD,Liver Neoplasms,4,0.66666667,2.15347722,0.07695429,1,0.4867
HMDD,Pituitary Neoplasms,6,0.54545455,1.76193591,0.08691663,1,0.5346
HMDD,Brain Neoplasms,3,0.75,2.42266187,0.09017085,1,0.5471
HMDD,"Arrhythmias, Cardiac",2,1,3.23021583,0.09536072,1,0.4654
HMDD,Barrett Esophagus,2,1,3.23021583,0.09536072,1,0.4555
HMDD,"Dermatitis, Atopic",2,1,3.23021583,0.09536072,1,0.4507
HMDD,"Hamartoma Syndrome, Multiple",2,1,3.23021583,0.09536072,1,0.446
HMDD,"Lymphoma, Mantle-Cell",2,1,3.23021583,0.09536072,1,0.4414
HMDD,Neutropenia,2,1,3.23021583,0.09536072,1,0.4604
HMDD,Obesity,2,1,3.23021583,0.09536072,1,0.4705
HMDD,Alzheimer Disease,4,0.57142857,1.84583762,0.1370358,1,0.5594
HMDD,Hepatitis B,4,0.57142857,1.84583762,0.1370358,1,0.5543
HMDD,"Carcinoma, Non-Small-Cell Lung",5,0.5,1.61510791,0.16468924,1,0.6544
HMDD,Polycythemia Vera,5,0.5,1.61510791,0.16468924,1,0.6486
HMDD,Glioma,3,0.6,1.9381295,0.17480763,1,0.6652
HMDD,Multiple Myeloma,3,0.6,1.9381295,0.17480763,1,0.6708
HMDD,Psoriasis,3,0.6,1.9381295,0.17480763,1,0.6766
HMDD,Asthma,2,0.66666667,2.15347722,0.22762839,1,0.8176
HMDD,Burkitt Lymphoma,2,0.66666667,2.15347722,0.22762839,1,0.8112
HMDD,Cholangiocarcinoma,2,0.66666667,2.15347722,0.22762839,1,0.8242
HMDD,Musculoskeletal Abnormalities,2,0.66666667,2.15347722,0.22762839,1,0.8309
HMDD,Myocardial Infarction,2,0.66666667,2.15347722,0.22762839,1,0.8377
HMDD,Thyroid Neoplasms,6,0.42857143,1.38437821,0.24130513,1,0.8271
HMDD,Precursor B-Cell Lymphoblastic Leukemia-Lymphoma,3,0.5,1.61510791,0.27266096,1,0.9205
HMDD,Hypertension,2,0.5,1.61510791,0.36508593,1,1
HMDD,Marek Disease,2,0.5,1.61510791,0.36508593,1,1
HMDD,Azoospermia,5,0.38461538,1.2423907,0.37370448,1,1
HMDD,Retinal Neovascularization,3,0.42857143,1.38437821,0.37437983,1,1
HMDD,"Lymphoma, Primary Effusion",4,0.36363636,1.17462394,0.45883981,1,1
HMDD,"Sarcoma, Kaposi",4,0.36363636,1.17462394,0.45883981,1,1
HMDD,Digestive System Neoplasms,3,0.375,1.21133094,0.47296889,1,1
HMDD,Lupus Vulgaris,18,0.32142857,1.03828366,0.47395592,1,1
HMDD,"Lymphoma, T-Cell",1,0.5,1.61510791,0.52379295,1,1
HMDD,Rectal Neoplasms,1,0.5,1.61510791,0.52379295,1,1
HMDD,Acquired Immunodeficiency Syndrome,1,0.33333333,1.07673861,0.67187523,1,1
HMDD,Astrocytoma,1,0.33333333,1.07673861,0.67187523,1,1
HMDD,"Lymphoma, Large B-Cell, Diffuse",1,0.33333333,1.07673861,0.67187523,1,1
HMDD,Waldenstrom Macroglobulinemia,2,0.28571429,0.92291881,0.69245549,1,1
HMDD,Glioblastoma,1,0.25,0.80755396,0.77413833,1,1
