Category,Term,Count,Percent,Fold,P-value,Bonferroni,FDR
HMDD,Musculoskeletal Abnormalities,3,1,3.56349206,0.02172053,1,0.9753
HMDD,Myocardial Infarction,3,1,3.56349206,0.02172053,1,1
HMDD,Heart Failure,36,0.35294118,1.25770308,0.04390092,1,1
HMDD,Retinal Degeneration,4,0.66666667,2.37566138,0.05491426,1,1
HMDD,Skin Neoplasms,3,0.75,2.67261905,0.06891154,1,1
HMDD,"Arrhythmias, Cardiac",2,1,3.56349206,0.078299,1,1
HMDD,Neutropenia,2,1,3.56349206,0.078299,1,1
HMDD,Parkinson Disease,2,1,3.56349206,0.078299,1,1
HMDD,"Cardiomyopathy, Hypertrophic",6,0.5,1.78174603,0.08666209,1,1
HMDD,Urinary Bladder Neoplasms,4,0.57142857,2.03628118,0.10061122,1,1
HMDD,"Hepatitis C, Chronic",5,0.45454545,1.61976912,0.167021,1,1
HMDD,Pre-Eclampsia,2,0.66666667,2.37566138,0.19145594,1,1
HMDD,"Muscular Disorders, Atrophic",16,0.33333333,1.18783069,0.24196708,1,1
HMDD,Colorectal Neoplasms,5,0.38461538,1.37057387,0.28667933,1,1
HMDD,Retinal Neovascularization,3,0.42857143,1.52721088,0.30866243,1,1
HMDD,Waldenstrom Macroglobulinemia,3,0.42857143,1.52721088,0.30866243,1,1
HMDD,Glioblastoma,2,0.5,1.78174603,0.31400034,1,1
HMDD,Hypertension,2,0.5,1.78174603,0.31400034,1,1
HMDD,Salivary Gland Neoplasms,7,0.33333333,1.18783069,0.37019278,1,1
HMDD,Hepatitis C,4,0.33333333,1.18783069,0.4474303,1,1
HMDD,Cerebellar Neoplasms,1,0.5,1.78174603,0.48294822,1,1
HMDD,"Dermatitis, Atopic",1,0.5,1.78174603,0.48294822,1,1
HMDD,"Hamartoma Syndrome, Multiple",1,0.5,1.78174603,0.48294822,1,1
HMDD,"Neoplasms, Germ Cell and Embryonal",1,0.5,1.78174603,0.48294822,1,1
HMDD,Obesity,1,0.5,1.78174603,0.48294822,1,1
HMDD,Testicular Neoplasms,1,0.5,1.78174603,0.48294822,1,1
HMDD,Prostatic Neoplasms,10,0.29411765,1.0480859,0.49651257,1,1
HMDD,Liver Neoplasms,2,0.33333333,1.18783069,0.53804609,1,1
HMDD,Precursor B-Cell Lymphoblastic Leukemia-Lymphoma,2,0.33333333,1.18783069,0.53804609,1,1
HMDD,Medulloblastoma,5,0.29411765,1.0480859,0.5439212,1,1
HMDD,Astrocytoma,1,0.33333333,1.18783069,0.62869436,1,1
HMDD,Cholangiocarcinoma,1,0.33333333,1.18783069,0.62869436,1,1
HMDD,"Hepatitis, Chronic",1,0.33333333,1.18783069,0.62869436,1,1
HMDD,"Lymphoma, Large B-Cell, Diffuse",1,0.33333333,1.18783069,0.62869436,1,1
HMDD,Neurodegenerative Diseases,2,0.28571429,1.01814059,0.62979955,1,1
HMDD,"Leukemia, Myeloid, Acute",4,0.25,0.89087302,0.70206618,1,1
HMDD,ACTH-Secreting Pituitary Adenoma,2,0.25,0.89087302,0.70681433,1,1
HMDD,Brain Neoplasms,1,0.25,0.89087302,0.73359236,1,1
HMDD,Azoospermia,3,0.23076923,0.82234432,0.75597923,1,1
HMDD,Adenocarcinoma,5,0.22727273,0.80988456,0.78870466,1,1
HMDD,Glioma,1,0.2,0.71269841,0.80902464,1,1
HMDD,Multiple Myeloma,1,0.2,0.71269841,0.80902464,1,1
HMDD,Myeloproliferative Disorders,1,0.2,0.71269841,0.80902464,1,1
HMDD,Psoriasis,1,0.2,0.71269841,0.80902464,1,1
HMDD,"Carcinoma, Non-Small-Cell Lung",2,0.2,0.71269841,0.82120068,1,1
HMDD,Leukemia,2,0.2,0.71269841,0.82120068,1,1
HMDD,Breast Neoplasms,19,0.24358974,0.86803012,0.82584699,1,1
HMDD,Uterine Cervical Neoplasms,2,0.18181818,0.64790765,0.86195533,1,1
HMDD,Adrenocortical Carcinoma,10,0.21276596,0.7581898,0.89984072,1,1
HMDD,Endometriosis,4,0.18181818,0.64790765,0.90854375,1,1
HMDD,Ovarian Neoplasms,13,0.21666667,0.77208995,0.91226804,1,1
HMDD,Stomach Neoplasms,7,0.18918919,0.67417417,0.93573894,1,1
HMDD,Thyroid Neoplasms,2,0.14285714,0.50907029,0.93867292,1,1
HMDD,Melanoma,10,0.2,0.71269841,0.93868127,1,1
HMDD,"Carcinoma, Hepatocellular",6,0.18181818,0.64790765,0.94028929,1,1
HMDD,Lupus Vulgaris,11,0.19642857,0.69997166,0.95509588,1,1
HMDD,Polycythemia Vera,1,0.1,0.35634921,0.96433101,1,1
HMDD,"Carcinoma, Renal Cell",1,0.09090909,0.32395382,0.97456858,1,1
HMDD,Lung Neoplasms,14,0.19444444,0.69290123,0.97543538,1,1
HMDD,Neoplasms,9,0.17647059,0.62885154,0.97676323,1,1
HMDD,Head and Neck Neoplasms,4,0.14285714,0.50907029,0.97727652,1,1
HMDD,Autistic Disorder,4,0.12903226,0.45980543,0.98932808,1,1
HMDD,Colonic Neoplasms,5,0.13513514,0.48155298,0.99157447,1,1
HMDD,"Leukemia, Lymphocytic, Chronic, B-Cell",2,0.0952381,0.3393802,0.99201879,1,1
HMDD,Schizophrenia,2,0.0952381,0.3393802,0.99201879,1,1
HMDD,Hodgkin Disease,1,0.06666667,0.23756614,0.9934886,1,1
HMDD,"Lymphoma, B-Cell",1,0.05882353,0.20961718,0.99672368,1,1
HMDD,Pancreatic Neoplasms,4,0.10810811,0.38524239,0.99786067,1,1
