Category,Term,Count,Percent,Fold,P-value,Bonferroni,FDR
HMDD,Colorectal Neoplasms,6,0.46153846,5.18076923,0.00037148,0.0431,0.1668
HMDD,Retinal Degeneration,4,0.66666667,7.48333333,0.00071771,0.0833,0.1611
HMDD,"Arrhythmias, Cardiac",2,1,11.225,0.00775533,0.8996,0.3482
HMDD,Barrett Esophagus,2,1,11.225,0.00775533,0.8996,0.2902
HMDD,Neutropenia,2,1,11.225,0.00775533,0.8996,0.3166
HMDD,Hepatitis C,4,0.33333333,3.74166667,0.01588797,1,0.3963
HMDD,"Hepatitis, Chronic",2,0.66666667,7.48333333,0.02194741,1,0.4285
HMDD,Musculoskeletal Abnormalities,2,0.66666667,7.48333333,0.02194741,1,0.4479
HMDD,Myocardial Infarction,2,0.66666667,7.48333333,0.02194741,1,0.4693
HMDD,ACTH-Secreting Pituitary Adenoma,3,0.375,4.209375,0.02682661,1,0.5019
HMDD,Hypertension,2,0.5,5.6125,0.04142174,1,0.7439
HMDD,Adrenocortical Carcinoma,8,0.17021277,1.9106383,0.04438717,1,0.7665
HMDD,Glioma,2,0.4,4.49,0.06517022,1,1
HMDD,Psoriasis,2,0.4,4.49,0.06517022,1,1
HMDD,Breast Neoplasms,11,0.14102564,1.58301282,0.06538414,1,0.9786
HMDD,"Cardiomyopathy, Hypertrophic",3,0.25,2.80625,0.08192401,1,1
HMDD,Head and Neck Neoplasms,5,0.17857143,2.00446429,0.09182072,1,1
HMDD,Salivary Gland Neoplasms,4,0.19047619,2.13809524,0.10632904,1,1
HMDD,Adenocarcinoma,4,0.18181818,2.04090909,0.12177518,1,1
HMDD,Endometriosis,4,0.18181818,2.04090909,0.12177518,1,1
HMDD,Urinary Bladder Neoplasms,2,0.28571429,3.20714286,0.12209492,1,1
HMDD,Hodgkin Disease,3,0.2,2.245,0.1406036,1,1
HMDD,"Dermatitis, Atopic",1,0.5,5.6125,0.17041839,1,1
HMDD,"Hamartoma Syndrome, Multiple",1,0.5,5.6125,0.17041839,1,1
HMDD,Obesity,1,0.5,5.6125,0.17041839,1,1
HMDD,Parkinson Disease,1,0.5,5.6125,0.17041839,1,1
HMDD,Lung Neoplasms,9,0.125,1.403125,0.17146615,1,1
HMDD,Astrocytoma,1,0.33333333,3.74166667,0.24465388,1,1
HMDD,Cholangiocarcinoma,1,0.33333333,3.74166667,0.24465388,1,1
HMDD,"Lymphoma, Large B-Cell, Diffuse",1,0.33333333,3.74166667,0.24465388,1,1
HMDD,Uterine Cervical Neoplasms,2,0.18181818,2.04090909,0.25570307,1,1
HMDD,Ovarian Neoplasms,7,0.11666667,1.30958333,0.27579125,1,1
HMDD,Brain Neoplasms,1,0.25,2.80625,0.31239793,1,1
HMDD,Glioblastoma,1,0.25,2.80625,0.31239793,1,1
HMDD,Azoospermia,2,0.15384615,1.72692308,0.32507732,1,1
HMDD,"Carcinoma, Hepatocellular",4,0.12121212,1.36060606,0.33703483,1,1
HMDD,Prostatic Neoplasms,4,0.11764706,1.32058824,0.35873835,1,1
HMDD,Thyroid Neoplasms,2,0.14285714,1.60357143,0.35931199,1,1
HMDD,Colonic Neoplasms,4,0.10810811,1.21351351,0.42380532,1,1
HMDD,Stomach Neoplasms,4,0.10810811,1.21351351,0.42380532,1,1
HMDD,"Muscular Disorders, Atrophic",5,0.10416667,1.16927083,0.42941464,1,1
HMDD,Hematologic Neoplasms,1,0.16666667,1.87083333,0.4305828,1,1
HMDD,"Leukemia, Myeloid",1,0.16666667,1.87083333,0.4305828,1,1
HMDD,"Leukemia-Lymphoma, Adult T-Cell",1,0.16666667,1.87083333,0.4305828,1,1
HMDD,Medulloblastoma,2,0.11764706,1.32058824,0.45786175,1,1
HMDD,Melanoma,5,0.1,1.1225,0.46748365,1,1
HMDD,Neurodegenerative Diseases,1,0.14285714,1.60357143,0.48199744,1,1
HMDD,Retinal Neovascularization,1,0.14285714,1.60357143,0.48199744,1,1
HMDD,Waldenstrom Macroglobulinemia,1,0.14285714,1.60357143,0.48199744,1,1
HMDD,"Leukemia, Lymphocytic, Chronic, B-Cell",2,0.0952381,1.06904762,0.57528713,1,1
HMDD,Schizophrenia,2,0.0952381,1.06904762,0.57528713,1,1
HMDD,Lupus Vulgaris,5,0.08928571,1.00223214,0.57684207,1,1
HMDD,"Carcinoma, Non-Small-Cell Lung",1,0.1,1.1225,0.61055262,1,1
HMDD,Leukemia,1,0.1,1.1225,0.61055262,1,1
HMDD,Polycythemia Vera,1,0.1,1.1225,0.61055262,1,1
HMDD,"Hepatitis C, Chronic",1,0.09090909,1.02045455,0.64603758,1,1
HMDD,"Leukemia, B-Cell",1,0.09090909,1.02045455,0.64603758,1,1
HMDD,Pancreatic Neoplasms,3,0.08108108,0.91013514,0.66288177,1,1
HMDD,Lymphoma,1,0.08333333,0.93541667,0.67836291,1,1
HMDD,Neoplasms,4,0.07843137,0.88039216,0.69215451,1,1
HMDD,Heart Failure,8,0.07843137,0.88039216,0.72840692,1,1
HMDD,Autistic Disorder,2,0.06451613,0.72419355,0.78708886,1,1
HMDD,"Lymphoma, B-Cell",1,0.05882353,0.66029412,0.80143492,1,1
