Category,Term,Count,Percent,Fold,P-value,Bonferroni,FDR
HMDD,Adrenocortical Carcinoma,19,0.40425532,2.63058896,8.06E-06,0.00115,0.00362
HMDD,Retinal Degeneration,6,1,6.50724638,1.09E-05,0.00156,0.00245
HMDD,Ovarian Neoplasms,18,0.3,1.95217391,0.00145593,0.2082,0.2179
HMDD,Salivary Gland Neoplasms,9,0.42857143,2.78881988,0.00182752,0.2613,0.2051
HMDD,Adenocarcinoma,9,0.40909091,2.66205534,0.0027114,0.3877,0.1739
HMDD,Endometriosis,9,0.40909091,2.66205534,0.0027114,0.3877,0.2029
HMDD,Cholangiocarcinoma,3,1,6.50724638,0.00349624,0.5,0.1208
HMDD,Musculoskeletal Abnormalities,3,1,6.50724638,0.00349624,0.5,0.1308
HMDD,Myocardial Infarction,3,1,6.50724638,0.00349624,0.5,0.1427
HMDD,Breast Neoplasms,20,0.25641026,1.66852471,0.00652075,0.9325,0.183
HMDD,Brain Neoplasms,3,0.75,4.88043478,0.01243281,1,0.3101
HMDD,Hypertension,3,0.75,4.88043478,0.01243281,1,0.2938
HMDD,"Carcinoma, Renal Cell",5,0.45454545,2.95783926,0.01627447,1,0.3321
HMDD,"Arrhythmias, Cardiac",2,1,6.50724638,0.02332564,1,0.3491
HMDD,"Dermatitis, Atopic",2,1,6.50724638,0.02332564,1,0.3378
HMDD,Rectal Neoplasms,2,1,6.50724638,0.02332564,1,0.3273
HMDD,Colorectal Neoplasms,5,0.38461538,2.50278707,0.03524944,1,0.4396
HMDD,"Carcinoma, Hepatocellular",9,0.27272727,1.77470356,0.04950627,1,0.585
HMDD,Melanoma,12,0.24,1.56173913,0.06129913,1,0.6881
HMDD,Neurodegenerative Diseases,3,0.42857143,2.78881988,0.0768262,1,0.784
HMDD,Waldenstrom Macroglobulinemia,3,0.42857143,2.78881988,0.0768262,1,0.7666
HMDD,"Cardiomyopathy, Hypertrophic",4,0.33333333,2.16908213,0.09622184,1,0.9392
HMDD,Medulloblastoma,5,0.29411765,1.91389599,0.10299153,1,0.9839
HMDD,ACTH-Secreting Pituitary Adenoma,3,0.375,2.44021739,0.10966295,1,1
HMDD,Glioblastoma,2,0.5,3.25362319,0.11353611,1,1
HMDD,Neoplasms,11,0.21568627,1.40352373,0.13704577,1,1
HMDD,Thyroid Neoplasms,4,0.28571429,1.85921325,0.15329724,1,1
HMDD,Multiple Myeloma,2,0.4,2.60289855,0.17079011,1,1
HMDD,Psoriasis,2,0.4,2.60289855,0.17079011,1,1
HMDD,"Muscular Disorders, Atrophic",10,0.20833333,1.35567633,0.18194744,1,1
HMDD,Schizophrenia,5,0.23809524,1.54934438,0.20750523,1,1
HMDD,Liver Neoplasms,2,0.33333333,2.16908213,0.23155801,1,1
HMDD,Head and Neck Neoplasms,6,0.21428571,1.39440994,0.24837103,1,1
HMDD,Heart Failure,18,0.17647059,1.1483376,0.27995104,1,1
HMDD,Barrett Esophagus,1,0.5,3.25362319,0.28402402,1,1
HMDD,"Hamartoma Syndrome, Multiple",1,0.5,3.25362319,0.28402402,1,1
HMDD,Neutropenia,1,0.5,3.25362319,0.28402402,1,1
HMDD,Obesity,1,0.5,3.25362319,0.28402402,1,1
HMDD,Parkinson Disease,1,0.5,3.25362319,0.28402402,1,1
HMDD,Hepatitis B,2,0.28571429,1.85921325,0.29345074,1,1
HMDD,Lung Neoplasms,13,0.18055556,1.17491948,0.29730014,1,1
HMDD,Lupus Vulgaris,10,0.17857143,1.16200828,0.35054278,1,1
HMDD,Astrocytoma,1,0.33333333,2.16908213,0.3945438,1,1
HMDD,Burkitt Lymphoma,1,0.33333333,2.16908213,0.3945438,1,1
HMDD,"Hepatitis, Chronic",1,0.33333333,2.16908213,0.3945438,1,1
HMDD,"Lymphoma, Large B-Cell, Diffuse",1,0.33333333,2.16908213,0.3945438,1,1
HMDD,Pre-Eclampsia,1,0.33333333,2.16908213,0.3945438,1,1
HMDD,Hodgkin Disease,3,0.2,1.30144928,0.41253727,1,1
HMDD,"Carcinoma, Non-Small-Cell Lung",2,0.2,1.30144928,0.47071834,1,1
HMDD,Colonic Neoplasms,6,0.16216216,1.05522914,0.51650183,1,1
HMDD,Stomach Neoplasms,6,0.16216216,1.05522914,0.51650183,1,1
HMDD,"Hepatitis C, Chronic",2,0.18181818,1.1831357,0.52403524,1,1
HMDD,"Leukemia, B-Cell",2,0.18181818,1.1831357,0.52403524,1,1
HMDD,Uterine Cervical Neoplasms,2,0.18181818,1.1831357,0.52403524,1,1
HMDD,Glioma,1,0.2,1.30144928,0.56756877,1,1
HMDD,Hepatitis C,2,0.16666667,1.08454106,0.57371248,1,1
HMDD,Precursor B-Cell Lymphoblastic Leukemia-Lymphoma,1,0.16666667,1.08454106,0.63477092,1,1
HMDD,"Leukemia, Lymphocytic, Chronic, B-Cell",3,0.14285714,0.92960663,0.65268032,1,1
HMDD,Retinal Neovascularization,1,0.14285714,0.92960663,0.69165761,1,1
HMDD,Urinary Bladder Neoplasms,1,0.14285714,0.92960663,0.69165761,1,1
HMDD,Digestive System Neoplasms,1,0.125,0.8134058,0.73979251,1,1
HMDD,Prostatic Neoplasms,4,0.11764706,0.7655584,0.79936042,1,1
HMDD,Leukemia,1,0.1,0.65072464,0.81492602,1,1
HMDD,Polycythemia Vera,1,0.1,0.65072464,0.81492602,1,1
HMDD,"Lymphoma, Primary Effusion",1,0.09090909,0.59156785,0.84401509,1,1
HMDD,Pituitary Neoplasms,1,0.09090909,0.59156785,0.84401509,1,1
HMDD,"Sarcoma, Kaposi",1,0.09090909,0.59156785,0.84401509,1,1
HMDD,Pancreatic Neoplasms,4,0.10810811,0.70348609,0.85252709,1,1
HMDD,Lymphoma,1,0.08333333,0.54227053,0.86858806,1,1
HMDD,Autistic Disorder,3,0.09677419,0.62973352,0.88427996,1,1
HMDD,Azoospermia,1,0.07692308,0.50055741,0.88933731,1,1
HMDD,"Leukemia, Myeloid, Acute",1,0.0625,0.4067029,0.93408629,1,1
HMDD,"Lymphoma, B-Cell",1,0.05882353,0.3827792,0.94458986,1,1
