Category,Term,Count,Percent,Fold,P-value,Bonferroni,FDR
HMDD,"Leukemia, Promyelocytic, Acute",5,0.83333333,7.63605442,7.06E-05,0.00875,0.0106
HMDD,Neoplasms,15,0.29411765,2.69507803,8.00E-05,0.00992,0.00898
HMDD,Breast Neoplasms,19,0.24358974,2.23207745,0.00012344,0.0153,0.0111
HMDD,Hepatitis B,5,0.71428571,6.5451895,0.00022665,0.0281,0.0145
HMDD,Thyroid Neoplasms,7,0.5,4.58163265,0.00023033,0.0286,0.0129
HMDD,Stomach Neoplasms,11,0.2972973,2.72421401,0.00083798,0.1039,0.0342
HMDD,Melanoma,13,0.26,2.38244898,0.00109217,0.1354,0.0409
HMDD,Colorectal Neoplasms,6,0.46153846,4.22919937,0.00118715,0.1472,0.0381
HMDD,Astrocytoma,3,1,9.16326531,0.00122943,0.1524,0.0325
HMDD,Cholangiocarcinoma,3,1,9.16326531,0.00122943,0.1524,0.0307
HMDD,Brain Neoplasms,3,0.75,6.87244898,0.00453731,0.5626,0.1019
HMDD,"Carcinoma, Hepatocellular",9,0.27272727,2.49907236,0.00528252,0.655,0.1129
HMDD,Endometriosis,7,0.31818182,2.91558442,0.00569885,0.7067,0.1163
HMDD,Prostatic Neoplasms,9,0.26470588,2.42557023,0.00658319,0.8163,0.1285
HMDD,Ovarian Neoplasms,13,0.21666667,1.98537415,0.00676719,0.8391,0.1266
HMDD,Glioma,3,0.6,5.49795918,0.01046919,1,0.188
HMDD,"Carcinoma, Papillary",2,1,9.16326531,0.01169265,1,0.1544
HMDD,Carotid Artery Diseases,2,1,9.16326531,0.01169265,1,0.1591
HMDD,Neutropenia,2,1,9.16326531,0.01169265,1,0.1641
HMDD,Retinal Degeneration,3,0.5,4.58163265,0.01933139,1,0.2346
HMDD,"Carcinoma, Renal Cell",4,0.36363636,3.33209647,0.02326943,1,0.2679
HMDD,"Lymphoma, Primary Effusion",4,0.36363636,3.33209647,0.02326943,1,0.2749
HMDD,"Sarcoma, Kaposi",4,0.36363636,3.33209647,0.02326943,1,0.2612
HMDD,Head and Neck Neoplasms,7,0.25,2.29081633,0.02344697,1,0.2568
HMDD,Adenocarcinoma,6,0.27272727,2.49907236,0.0236626,1,0.253
HMDD,Heart Failure,17,0.16666667,1.52721088,0.02977737,1,0.3109
HMDD,Urinary Bladder Neoplasms,3,0.42857143,3.9271137,0.03124434,1,0.3188
HMDD,Hepatitis C,4,0.33333333,3.05442177,0.0321226,1,0.3205
HMDD,"Lymphoma, Large B-Cell, Diffuse",2,0.66666667,6.10884354,0.03261909,1,0.3184
HMDD,Colonic Neoplasms,8,0.21621622,1.98124655,0.0362035,1,0.3317
HMDD,Pancreatic Neoplasms,8,0.21621622,1.98124655,0.0362035,1,0.3387
HMDD,Adrenocortical Carcinoma,9,0.19148936,1.75466782,0.05470437,1,0.4912
HMDD,Marek Disease,2,0.5,4.58163265,0.06070088,1,0.5241
HMDD,Lung Neoplasms,12,0.16666667,1.52721088,0.07116627,1,0.6029
HMDD,"Carcinoma, Non-Small-Cell Lung",3,0.3,2.74897959,0.08457677,1,0.6781
HMDD,Leukemia,3,0.3,2.74897959,0.08457677,1,0.6662
HMDD,Polycythemia Vera,3,0.3,2.74897959,0.08457677,1,0.6547
HMDD,"Leukemia, Myeloid, Acute",4,0.25,2.29081633,0.08492362,1,0.6463
HMDD,Medulloblastoma,4,0.23529412,2.15606242,0.10232873,1,0.7532
HMDD,"Cardiomyopathy, Hypertrophic",3,0.25,2.29081633,0.13271516,1,0.9029
HMDD,Barrett Esophagus,1,0.5,4.58163265,0.20657016,1,1
HMDD,"Dermatitis, Atopic",1,0.5,4.58163265,0.20657016,1,1
HMDD,"Hamartoma Syndrome, Multiple",1,0.5,4.58163265,0.20657016,1,1
HMDD,ACTH-Secreting Pituitary Adenoma,2,0.25,2.29081633,0.21362642,1,1
HMDD,Digestive System Neoplasms,2,0.25,2.29081633,0.21362642,1,1
HMDD,Autistic Disorder,5,0.16129032,1.47794602,0.24048982,1,1
HMDD,Asthma,1,0.33333333,3.05442177,0.29354569,1,1
HMDD,Myocardial Infarction,1,0.33333333,3.05442177,0.29354569,1,1
HMDD,Pituitary Neoplasms,2,0.18181818,1.66604824,0.34192626,1,1
HMDD,Glioblastoma,1,0.25,2.29081633,0.37116062,1,1
HMDD,"Leukemia, Lymphocytic, Chronic, B-Cell",3,0.14285714,1.3090379,0.40732805,1,1
HMDD,"Muscular Disorders, Atrophic",6,0.125,1.14540816,0.42930731,1,1
HMDD,Multiple Myeloma,1,0.2,1.83265306,0.44040361,1,1
HMDD,Psoriasis,1,0.2,1.83265306,0.44040361,1,1
HMDD,Hodgkin Disease,2,0.13333333,1.22176871,0.50170095,1,1
HMDD,Liver Neoplasms,1,0.16666667,1.52721088,0.50216087,1,1
HMDD,Precursor B-Cell Lymphoblastic Leukemia-Lymphoma,1,0.16666667,1.52721088,0.50216087,1,1
HMDD,Neurodegenerative Diseases,1,0.14285714,1.3090379,0.5572266,1,1
HMDD,Retinal Neovascularization,1,0.14285714,1.3090379,0.5572266,1,1
HMDD,Salivary Gland Neoplasms,2,0.0952381,0.87269193,0.69132787,1,1
HMDD,Schizophrenia,2,0.0952381,0.87269193,0.69132787,1,1
HMDD,"Hepatitis C, Chronic",1,0.09090909,0.83302412,0.72373654,1,1
HMDD,Uterine Cervical Neoplasms,1,0.09090909,0.83302412,0.72373654,1,1
HMDD,Lymphoma,1,0.08333333,0.76360544,0.75464272,1,1
HMDD,Lupus Vulgaris,5,0.08928571,0.81814869,0.76302412,1,1
HMDD,Azoospermia,1,0.07692308,0.70486656,0.78215418,1,1
