Category,Term,Count,Percent,Fold,P-value,Bonferroni,FDR
HMDD,Adrenocortical Carcinoma,16,0.34042553,2.18358663,0.00070486,0.0895,0.1582
HMDD,Salivary Gland Neoplasms,8,0.38095238,2.44353741,0.008802,1,0.6587
HMDD,Hypertension,3,0.75,4.81071429,0.01296493,1,0.7277
HMDD,"Arrhythmias, Cardiac",2,1,6.41428571,0.02401169,1,0.7188
HMDD,Musculoskeletal Abnormalities,2,0.66666667,4.27619048,0.06472951,1,1
HMDD,Pre-Eclampsia,2,0.66666667,4.27619048,0.06472951,1,1
HMDD,Hepatitis C,4,0.33333333,2.13809524,0.10047144,1,1
HMDD,"Muscular Disorders, Atrophic",11,0.22916667,1.46994048,0.10511447,1,1
HMDD,Schizophrenia,5,0.23809524,1.52721088,0.2164673,1,1
HMDD,Retinal Degeneration,2,0.33333333,2.13809524,0.23686345,1,1
HMDD,Endometriosis,5,0.22727273,1.45779221,0.2477656,1,1
HMDD,"Cardiomyopathy, Hypertrophic",3,0.25,1.60357143,0.28349283,1,1
HMDD,Barrett Esophagus,1,0.5,3.20714286,0.28779232,1,1
HMDD,Neutropenia,1,0.5,3.20714286,0.28779232,1,1
HMDD,Obesity,1,0.5,3.20714286,0.28779232,1,1
HMDD,Parkinson Disease,1,0.5,3.20714286,0.28779232,1,1
HMDD,Rectal Neoplasms,1,0.5,3.20714286,0.28779232,1,1
HMDD,Neurodegenerative Diseases,2,0.28571429,1.83265306,0.29973822,1,1
HMDD,Colorectal Neoplasms,3,0.23076923,1.48021978,0.32998111,1,1
HMDD,"Hepatitis, Chronic",1,0.33333333,2.13809524,0.39932372,1,1
HMDD,Myocardial Infarction,1,0.33333333,2.13809524,0.39932372,1,1
HMDD,Head and Neck Neoplasms,5,0.17857143,1.14540816,0.44931467,1,1
HMDD,Adenocarcinoma,4,0.18181818,1.16623377,0.45758009,1,1
HMDD,"Leukemia, Myeloid, Acute",3,0.1875,1.20267857,0.4671492,1,1
HMDD,Brain Neoplasms,1,0.25,1.60357143,0.49360027,1,1
HMDD,Glioblastoma,1,0.25,1.60357143,0.49360027,1,1
HMDD,Medulloblastoma,3,0.17647059,1.13193277,0.51040543,1,1
HMDD,Lupus Vulgaris,9,0.16071429,1.03086735,0.52244048,1,1
HMDD,"Carcinoma, Renal Cell",2,0.18181818,1.16623377,0.53245577,1,1
HMDD,"Hepatitis C, Chronic",2,0.18181818,1.16623377,0.53245577,1,1
HMDD,Multiple Myeloma,1,0.2,1.28285714,0.57325865,1,1
HMDD,Lung Neoplasms,11,0.15277778,0.97996032,0.5910581,1,1
HMDD,"Carcinoma, Hepatocellular",5,0.15151515,0.97186147,0.60821021,1,1
HMDD,"Leukemia, Promyelocytic, Acute",1,0.16666667,1.06904762,0.64053769,1,1
HMDD,Liver Neoplasms,1,0.16666667,1.06904762,0.64053769,1,1
HMDD,Precursor Cell Lymphoblastic Leukemia-Lymphoma,1,0.16666667,1.06904762,0.64053769,1,1
HMDD,Retinal Neovascularization,1,0.14285714,0.91632653,0.69733761,1,1
HMDD,Urinary Bladder Neoplasms,1,0.14285714,0.91632653,0.69733761,1,1
HMDD,Waldenstrom Macroglobulinemia,1,0.14285714,0.91632653,0.69733761,1,1
HMDD,Digestive System Neoplasms,1,0.125,0.80178571,0.74527056,1,1
HMDD,Heart Failure,14,0.1372549,0.88039216,0.76932196,1,1
HMDD,"Lymphoma, B-Cell",2,0.11764706,0.75462185,0.77354751,1,1
HMDD,Breast Neoplasms,10,0.12820513,0.82234432,0.81841454,1,1
HMDD,"Carcinoma, Non-Small-Cell Lung",1,0.1,0.64142857,0.81979638,1,1
HMDD,Leukemia,1,0.1,0.64142857,0.81979638,1,1
HMDD,Melanoma,6,0.12,0.76971429,0.8279904,1,1
HMDD,Neoplasms,6,0.11764706,0.75462185,0.84298363,1,1
HMDD,"Lymphoma, Primary Effusion",1,0.09090909,0.58311688,0.84853045,1,1
HMDD,Pituitary Neoplasms,1,0.09090909,0.58311688,0.84853045,1,1
HMDD,"Sarcoma, Kaposi",1,0.09090909,0.58311688,0.84853045,1,1
HMDD,Stomach Neoplasms,4,0.10810811,0.69343629,0.86085607,1,1
HMDD,Ovarian Neoplasms,7,0.11666667,0.74833333,0.86429403,1,1
HMDD,"Leukemia, Lymphocytic, Chronic, B-Cell",2,0.0952381,0.61088435,0.86739574,1,1
HMDD,Azoospermia,1,0.07692308,0.49340659,0.89312314,1,1
HMDD,Hodgkin Disease,1,0.06666667,0.42761905,0.92471961,1,1
HMDD,Autistic Disorder,2,0.06451613,0.41382488,0.96915694,1,1
HMDD,Colonic Neoplasms,2,0.05405405,0.34671815,0.98792117,1,1
HMDD,Pancreatic Neoplasms,2,0.05405405,0.34671815,0.98792117,1,1
HMDD,Prostatic Neoplasms,1,0.02941176,0.18865546,0.99753774,1,1
