Category,Term,Count,Percent,Fold,P-value,Bonferroni,FDR
HMDD,Retinal Degeneration,6,1,3.80508475,0.00029943,0.0455,0.0224
HMDD,Adrenocortical Carcinoma,21,0.44680851,1.70014425,0.00304795,0.4633,0.1955
HMDD,Salivary Gland Neoplasms,11,0.52380952,1.99313963,0.00810277,1,0.4548
HMDD,Musculoskeletal Abnormalities,3,1,3.80508475,0.01781123,1,0.6152
HMDD,Myocardial Infarction,3,1,3.80508475,0.01781123,1,0.6664
HMDD,Glioblastoma,3,0.75,2.85381356,0.05746718,1,1
HMDD,"Arrhythmias, Cardiac",2,1,3.80508475,0.06863466,1,1
HMDD,Barrett Esophagus,2,1,3.80508475,0.06863466,1,1
HMDD,Cerebellar Neoplasms,2,1,3.80508475,0.06863466,1,1
HMDD,"Neoplasms, Germ Cell and Embryonal",2,1,3.80508475,0.06863466,1,0.963
HMDD,Neutropenia,2,1,3.80508475,0.06863466,1,1
HMDD,Obesity,2,1,3.80508475,0.06863466,1,1
HMDD,Testicular Neoplasms,2,1,3.80508475,0.06863466,1,0.9941
HMDD,Heart Failure,33,0.32352941,1.23105683,0.0740411,1,0.8749
HMDD,Adenocarcinoma,9,0.40909091,1.55662558,0.09189227,1,1
HMDD,Colorectal Neoplasms,6,0.46153846,1.75619296,0.09539865,1,1
HMDD,Cholangiocarcinoma,2,0.66666667,2.53672316,0.17028153,1,1
HMDD,Hepatitis C,5,0.41666667,1.58545198,0.18237718,1,1
HMDD,"Carcinoma, Non-Small-Cell Lung",4,0.4,1.5220339,0.2530086,1,1
HMDD,Urinary Bladder Neoplasms,3,0.42857143,1.63075061,0.26958971,1,1
HMDD,Waldenstrom Macroglobulinemia,3,0.42857143,1.63075061,0.26958971,1,1
HMDD,Medulloblastoma,6,0.35294118,1.34297109,0.27220597,1,1
HMDD,Brain Neoplasms,2,0.5,1.90254237,0.28309587,1,1
HMDD,Hypertension,2,0.5,1.90254237,0.28309587,1,1
HMDD,Endometriosis,7,0.31818182,1.21070878,0.34936415,1,1
HMDD,ACTH-Secreting Pituitary Adenoma,3,0.375,1.42690678,0.35314402,1,1
HMDD,"Cardiomyopathy, Hypertrophic",4,0.33333333,1.26836158,0.39076325,1,1
HMDD,"Dermatitis, Atopic",1,0.5,1.90254237,0.45697781,1,1
HMDD,"Hamartoma Syndrome, Multiple",1,0.5,1.90254237,0.45697781,1,1
HMDD,Parkinson Disease,1,0.5,1.90254237,0.45697781,1,1
HMDD,Rectal Neoplasms,1,0.5,1.90254237,0.45697781,1,1
HMDD,Azoospermia,4,0.30769231,1.17079531,0.45921858,1,1
HMDD,Head and Neck Neoplasms,8,0.28571429,1.08716707,0.4626863,1,1
HMDD,Liver Neoplasms,2,0.33333333,1.26836158,0.49699738,1,1
HMDD,Precursor B-Cell Lymphoblastic Leukemia-Lymphoma,2,0.33333333,1.26836158,0.49699738,1,1
HMDD,Lung Neoplasms,19,0.26388889,1.00411959,0.54282769,1,1
HMDD,Melanoma,13,0.26,0.98932203,0.57831808,1,1
HMDD,"Hepatitis C, Chronic",3,0.27272727,1.03775039,0.58586094,1,1
HMDD,Uterine Cervical Neoplasms,3,0.27272727,1.03775039,0.58586094,1,1
HMDD,Neurodegenerative Diseases,2,0.28571429,1.08716707,0.58796045,1,1
HMDD,Retinal Neovascularization,2,0.28571429,1.08716707,0.58796045,1,1
HMDD,Astrocytoma,1,0.33333333,1.26836158,0.60032595,1,1
HMDD,"Hepatitis, Chronic",1,0.33333333,1.26836158,0.60032595,1,1
HMDD,"Lymphoma, Large B-Cell, Diffuse",1,0.33333333,1.26836158,0.60032595,1,1
HMDD,Pre-Eclampsia,1,0.33333333,1.26836158,0.60032595,1,1
HMDD,Breast Neoplasms,20,0.25641026,0.97566276,0.60596089,1,1
HMDD,Lupus Vulgaris,14,0.25,0.95127119,0.64725005,1,1
HMDD,Digestive System Neoplasms,2,0.25,0.95127119,0.66623259,1,1
HMDD,Schizophrenia,5,0.23809524,0.90597256,0.68707863,1,1
HMDD,Thyroid Neoplasms,3,0.21428571,0.8153753,0.75842888,1,1
HMDD,Glioma,1,0.2,0.76101695,0.78401048,1,1
HMDD,Multiple Myeloma,1,0.2,0.76101695,0.78401048,1,1
HMDD,Psoriasis,1,0.2,0.76101695,0.78401048,1,1
HMDD,Hodgkin Disease,3,0.2,0.76101695,0.801369,1,1
HMDD,"Carcinoma, Renal Cell",2,0.18181818,0.69183359,0.83141492,1,1
HMDD,"Lymphoma, Primary Effusion",2,0.18181818,0.69183359,0.83141492,1,1
HMDD,Pituitary Neoplasms,2,0.18181818,0.69183359,0.83141492,1,1
HMDD,"Sarcoma, Kaposi",2,0.18181818,0.69183359,0.83141492,1,1
HMDD,"Muscular Disorders, Atrophic",10,0.20833333,0.79272599,0.86115303,1,1
HMDD,Hepatitis B,1,0.14285714,0.54358354,0.88365521,1,1
HMDD,Neoplasms,10,0.19607843,0.74609505,0.9095201,1,1
HMDD,Ovarian Neoplasms,12,0.2,0.76101695,0.91356214,1,1
HMDD,Prostatic Neoplasms,6,0.17647059,0.67148554,0.92306763,1,1
HMDD,Autistic Disorder,5,0.16129032,0.61372335,0.9448616,1,1
HMDD,"Leukemia, Lymphocytic, Chronic, B-Cell",3,0.14285714,0.54358354,0.94586779,1,1
HMDD,"Leukemia, Myeloid, Acute",2,0.125,0.47563559,0.9518834,1,1
HMDD,Leukemia,1,0.1,0.38050847,0.95428731,1,1
HMDD,Polycythemia Vera,1,0.1,0.38050847,0.95428731,1,1
HMDD,Colonic Neoplasms,6,0.16216216,0.61704077,0.95605635,1,1
HMDD,Stomach Neoplasms,6,0.16216216,0.61704077,0.95605635,1,1
HMDD,"Leukemia, B-Cell",1,0.09090909,0.3459168,0.96657455,1,1
HMDD,Pancreatic Neoplasms,5,0.13513514,0.51420064,0.98442317,1,1
HMDD,"Carcinoma, Hepatocellular",4,0.12121212,0.46122239,0.98853996,1,1
HMDD,"Lymphoma, B-Cell",1,0.05882353,0.22382851,0.99498128,1,1
