Category,Term,Count,Percent,Fold,P-value,Bonferroni,FDR
HMDD,Retinal Neovascularization,3,0.42857143,11.31932773,0.00144377,0.1083,0.1621
HMDD,Lung Neoplasms,8,0.11111111,2.93464052,0.00218151,0.1636,0.1959
HMDD,Endometriosis,4,0.18181818,4.80213904,0.00678671,0.509,0.3809
HMDD,Marek Disease,2,0.5,13.20588235,0.00775453,0.5816,0.3869
HMDD,Lupus Vulgaris,6,0.10714286,2.82983193,0.01195688,0.8968,0.5369
HMDD,Waldenstrom Macroglobulinemia,2,0.28571429,7.54621849,0.0253662,1,0.7593
HMDD,Stomach Neoplasms,4,0.10810811,2.85532591,0.04268554,1,1
HMDD,Adenocarcinoma,3,0.13636364,3.60160428,0.04442459,1,1
HMDD,Hepatitis C,2,0.16666667,4.40196078,0.07126883,1,1
HMDD,Barrett Esophagus,1,0.5,13.20588235,0.07437162,1,1
HMDD,Neutropenia,1,0.5,13.20588235,0.07437162,1,1
HMDD,Musculoskeletal Abnormalities,1,0.33333333,8.80392157,0.10957449,1,1
HMDD,Myocardial Infarction,1,0.33333333,8.80392157,0.10957449,1,1
HMDD,Pre-Eclampsia,1,0.33333333,8.80392157,0.10957449,1,1
HMDD,Breast Neoplasms,5,0.06410256,1.69306184,0.15516601,1,1
HMDD,Pancreatic Neoplasms,3,0.08108108,2.14149444,0.15688192,1,1
HMDD,"Leukemia, Lymphocytic, Chronic, B-Cell",2,0.0952381,2.51540616,0.18573769,1,1
HMDD,Precursor B-Cell Lymphoblastic Leukemia-Lymphoma,1,0.16666667,4.40196078,0.20777473,1,1
HMDD,Precursor Cell Lymphoblastic Leukemia-Lymphoma,1,0.16666667,4.40196078,0.20777473,1,1
HMDD,Retinal Degeneration,1,0.16666667,4.40196078,0.20777473,1,1
HMDD,Neurodegenerative Diseases,1,0.14285714,3.77310924,0.23817615,1,1
HMDD,Urinary Bladder Neoplasms,1,0.14285714,3.77310924,0.23817615,1,1
HMDD,Adrenocortical Carcinoma,3,0.06382979,1.68585732,0.25844037,1,1
HMDD,ACTH-Secreting Pituitary Adenoma,1,0.125,3.30147059,0.26747707,1,1
HMDD,Head and Neck Neoplasms,2,0.07142857,1.88655462,0.28689766,1,1
HMDD,"Carcinoma, Non-Small-Cell Lung",1,0.1,2.64117647,0.32292593,1,1
HMDD,Leukemia,1,0.1,2.64117647,0.32292593,1,1
HMDD,Polycythemia Vera,1,0.1,2.64117647,0.32292593,1,1
HMDD,Heart Failure,5,0.04901961,1.29469435,0.33780168,1,1
HMDD,"Carcinoma, Renal Cell",1,0.09090909,2.40106952,0.3491452,1,1
HMDD,"Leukemia, B-Cell",1,0.09090909,2.40106952,0.3491452,1,1
HMDD,Uterine Cervical Neoplasms,1,0.09090909,2.40106952,0.3491452,1,1
HMDD,Prostatic Neoplasms,2,0.05882353,1.55363322,0.37411968,1,1
HMDD,"Cardiomyopathy, Hypertrophic",1,0.08333333,2.20098039,0.37440669,1,1
HMDD,Colorectal Neoplasms,1,0.07692308,2.03167421,0.39874327,1,1
HMDD,Thyroid Neoplasms,1,0.07142857,1.88655462,0.42218676,1,1
HMDD,"Lymphoma, B-Cell",1,0.05882353,1.55363322,0.48746176,1,1
HMDD,Medulloblastoma,1,0.05882353,1.55363322,0.48746176,1,1
HMDD,"Muscular Disorders, Atrophic",2,0.04166667,1.1004902,0.56027464,1,1
HMDD,Salivary Gland Neoplasms,1,0.04761905,1.25770308,0.56375023,1,1
HMDD,Schizophrenia,1,0.04761905,1.25770308,0.56375023,1,1
HMDD,Ovarian Neoplasms,2,0.03333333,0.88039216,0.68928943,1,1
HMDD,"Carcinoma, Hepatocellular",1,0.03030303,0.80035651,0.73350439,1,1
HMDD,Colonic Neoplasms,1,0.02702703,0.71383148,0.77460727,1,1
HMDD,Melanoma,1,0.02,0.52823529,0.87075169,1,1
HMDD,Neoplasms,1,0.01960784,0.51787774,0.87625851,1,1
