Category,Term,Count,Percent,Fold,P-value,Bonferroni,FDR
HMDD,Adenocarcinoma,3,0.13636364,2.78305785,0.08567951,1.0,1.0
HMDD,Adrenocortical Carcinoma,3,0.06382979,1.30270793,0.41042638,1.0,1.0
HMDD,Breast Neoplasms,3,0.03846154,0.78496503,0.76903975,1.0,1.0
HMDD,"Carcinoma, Hepatocellular",1,0.03030303,0.6184573,0.8212285,1.0,1.0
HMDD,Heart Failure,1,0.00980392,0.20008913,0.99705122,1.0,1.0
HMDD,Hodgkin Disease,1,0.06666667,1.36060606,0.53508683,1.0,1.0
HMDD,"Leukemia, Lymphocytic, Chronic, B-Cell",1,0.04761905,0.97186147,0.66036829,1.0,1.0
HMDD,Lupus Vulgaris,2,0.03571429,0.7288960999999999,0.78674091,1.0,1.0
HMDD,Medulloblastoma,1,0.05882353,1.20053476,0.58107791,1.0,1.0
HMDD,Melanoma,1,0.02,0.40818182,0.93033779,1.0,1.0
HMDD,Myeloproliferative Disorders,1,0.2,4.08181818,0.22302708,1.0,1.0
HMDD,Obesity,1,0.5,10.20454545,0.09569878,1.0,1.0
HMDD,Ovarian Neoplasms,1,0.01666667,0.34015152,0.96075576,1.0,1.0
HMDD,Retinal Degeneration,1,0.16666667,3.40151515,0.26152574,1.0,1.0
HMDD,Retinal Neovascularization,1,0.14285714,2.91558442,0.29819941,1.0,1.0
HMDD,Salivary Gland Neoplasms,3,0.14285714,2.91558442,0.07640692,1.0,1.0
HMDD,Waldenstrom Macroglobulinemia,1,0.14285714,2.91558442,0.29819941,1.0,1.0
