Category,Term,Count,Percent,Fold,P-value,Bonferroni,FDR
HMDD,Adenocarcinoma,1,0.04545455,0.55159705,0.85626648,1.0,1.0
HMDD,Adrenocortical Carcinoma,7,0.14893617,1.80736055,0.07735177,1.0,1.0
HMDD,Asthma,1,0.33333333,4.04504505,0.22786895,1.0,1.0
HMDD,Autistic Disorder,5,0.16129032,1.95727986,0.09999004,1.0,1.0
HMDD,Azoospermia,1,0.07692308,0.93347193,0.67822551,1.0,1.0
HMDD,Barrett Esophagus,1,0.5,6.06756757,0.15818883,1.0,1.0
HMDD,Breast Neoplasms,8,0.1025641,1.24462924,0.30266675,1.0,1.0
HMDD,"Carcinoma, Hepatocellular",1,0.03030303,0.36773137,0.94762041,1.0,1.0
HMDD,"Carcinoma, Non-Small-Cell Lung",1,0.1,1.21351351,0.58068416,1.0,1.0
HMDD,"Cardiomyopathy, Hypertrophic",1,0.08333333,1.01126126,0.64846137,1.0,1.0
HMDD,Colonic Neoplasms,2,0.05405405,0.65595325,0.8327608,1.0,1.0
HMDD,Colorectal Neoplasms,3,0.23076923,2.8004158,0.08286847,1.0,1.0
HMDD,Digestive System Neoplasms,1,0.125,1.51689189,0.50025769,1.0,1.0
HMDD,Endometriosis,1,0.04545455,0.55159705,0.85626648,1.0,1.0
HMDD,Glioblastoma,2,0.5,6.06756757,0.03570181,1.0,1.0
HMDD,Head and Neck Neoplasms,3,0.10714286,1.30019305,0.41131029,1.0,1.0
HMDD,Heart Failure,11,0.10784314,1.30869104,0.19307209,1.0,1.0
HMDD,Hepatitis C,2,0.16666667,2.02252252,0.25922657,1.0,1.0
HMDD,"Leukemia, Lymphocytic, Chronic, B-Cell",1,0.04761905,0.57786358,0.8426651,1.0,1.0
HMDD,"Leukemia, Myeloid, Acute",1,0.0625,0.75844595,0.75354785,1.0,1.0
HMDD,Liver Neoplasms,1,0.16666667,2.02252252,0.40489848,1.0,1.0
HMDD,Lung Neoplasms,7,0.09722222,1.1798048,0.37975402,1.0,1.0
HMDD,Lupus Vulgaris,3,0.05357143,0.65009653,0.86790904,1.0,1.0
HMDD,"Lymphoma, B-Cell",1,0.05882353,0.71383148,0.77460727,1.0,1.0
HMDD,"Lymphoma, Primary Effusion",1,0.09090909,1.1031941,0.61602514,1.0,1.0
HMDD,Medulloblastoma,5,0.29411765,3.56915739,0.00862698,0.7592,0.4304
HMDD,Melanoma,6,0.12,1.45621622,0.21785144,1.0,1.0
HMDD,"Muscular Disorders, Atrophic",4,0.08333333,1.01126126,0.57616577,1.0,1.0
HMDD,Neoplasms,1,0.01960784,0.23794383,0.99056113,1.0,1.0
HMDD,Obesity,1,0.5,6.06756757,0.15818883,1.0,1.0
HMDD,Ovarian Neoplasms,6,0.1,1.21351351,0.37158953,1.0,1.0
HMDD,Pancreatic Neoplasms,4,0.10810811,1.3119065,0.36362926,1.0,1.0
HMDD,Pituitary Neoplasms,1,0.09090909,1.1031941,0.61602514,1.0,1.0
HMDD,Prostatic Neoplasms,2,0.05882353,0.71383148,0.79388127,1.0,1.0
HMDD,Rectal Neoplasms,1,0.5,6.06756757,0.15818883,1.0,1.0
HMDD,Retinal Neovascularization,1,0.14285714,1.73359073,0.45460222,1.0,1.0
HMDD,Salivary Gland Neoplasms,1,0.04761905,0.57786358,0.8426651,1.0,1.0
HMDD,"Sarcoma, Kaposi",1,0.09090909,1.1031941,0.61602514,1.0,1.0
HMDD,Schizophrenia,3,0.14285714,1.73359073,0.24513134,1.0,1.0
HMDD,Stomach Neoplasms,5,0.13513514,1.63988313,0.17786532,1.0,1.0
HMDD,Uterine Cervical Neoplasms,1,0.09090909,1.1031941,0.61602514,1.0,1.0
