Category,Term,Count,Percent,Fold,P-value,Bonferroni,FDR
HMDD,Glioma,4,0.8,4.54683544,0.00388982,0.4396,0.2495
HMDD,Astrocytoma,3,1,5.6835443,0.00527692,0.5963,0.2962
HMDD,"Carcinoma, Papillary",2,1,5.6835443,0.03063355,1,0.8597
HMDD,Carotid Artery Diseases,2,1,5.6835443,0.03063355,1,0.917
HMDD,Cerebellar Neoplasms,2,1,5.6835443,0.03063355,1,1
HMDD,"Neoplasms, Germ Cell and Embryonal",2,1,5.6835443,0.03063355,1,0.7641
HMDD,Neutropenia,2,1,5.6835443,0.03063355,1,0.9825
HMDD,Testicular Neoplasms,2,1,5.6835443,0.03063355,1,0.8091
HMDD,"Leukemia, Promyelocytic, Acute",3,0.5,2.84177215,0.0702774,1,1
HMDD,Thyroid Neoplasms,5,0.35714286,2.02983725,0.08046206,1,1
HMDD,"Lymphoma, Large B-Cell, Diffuse",2,0.66666667,3.78902954,0.08134681,1,1
HMDD,Urinary Bladder Neoplasms,3,0.42857143,2.4358047,0.1076654,1,1
HMDD,Prostatic Neoplasms,9,0.26470588,1.50446761,0.12130974,1,1
HMDD,Brain Neoplasms,2,0.5,2.84177215,0.14428356,1,1
HMDD,Marek Disease,2,0.5,2.84177215,0.14428356,1,1
HMDD,Psoriasis,2,0.4,2.27341772,0.21367899,1,1
HMDD,Heart Failure,21,0.20588235,1.17014147,0.2228301,1,1
HMDD,Polycythemia Vera,3,0.3,1.70506329,0.24971479,1,1
HMDD,Precursor B-Cell Lymphoblastic Leukemia-Lymphoma,2,0.33333333,1.89451477,0.28537978,1,1
HMDD,"Dermatitis, Atopic",1,0.5,2.84177215,0.32125955,1,1
HMDD,"Hamartoma Syndrome, Multiple",1,0.5,2.84177215,0.32125955,1,1
HMDD,"Lymphoma, T-Cell",1,0.5,2.84177215,0.32125955,1,1
HMDD,Obesity,1,0.5,2.84177215,0.32125955,1,1
HMDD,Hepatitis B,2,0.28571429,1.6238698,0.35646553,1,1
HMDD,Retinal Neovascularization,2,0.28571429,1.6238698,0.35646553,1,1
HMDD,Waldenstrom Macroglobulinemia,2,0.28571429,1.6238698,0.35646553,1,1
HMDD,Head and Neck Neoplasms,6,0.21428571,1.21790235,0.36766367,1,1
HMDD,Azoospermia,3,0.23076923,1.31158715,0.40807342,1,1
HMDD,Colorectal Neoplasms,3,0.23076923,1.31158715,0.40807342,1,1
HMDD,Cholangiocarcinoma,1,0.33333333,1.89451477,0.44121591,1,1
HMDD,Myocardial Infarction,1,0.33333333,1.89451477,0.44121591,1,1
HMDD,"Leukemia, Lymphocytic, Chronic, B-Cell",4,0.19047619,1.08257987,0.52174372,1,1
HMDD,Glioblastoma,1,0.25,1.42088608,0.54019336,1,1
HMDD,Hypertension,1,0.25,1.42088608,0.54019336,1,1
HMDD,"Carcinoma, Non-Small-Cell Lung",2,0.2,1.13670886,0.54951447,1,1
HMDD,Leukemia,2,0.2,1.13670886,0.54951447,1,1
HMDD,"Lymphoma, Primary Effusion",2,0.18181818,1.03337169,0.60445119,1,1
HMDD,"Sarcoma, Kaposi",2,0.18181818,1.03337169,0.60445119,1,1
HMDD,"Cardiomyopathy, Hypertrophic",2,0.16666667,0.94725738,0.65425797,1,1
HMDD,Precursor Cell Lymphoblastic Leukemia-Lymphoma,1,0.16666667,0.94725738,0.68911039,1,1
HMDD,Salivary Gland Neoplasms,3,0.14285714,0.8119349,0.74785441,1,1
HMDD,ACTH-Secreting Pituitary Adenoma,1,0.125,0.71044304,0.79020834,1,1
HMDD,Pancreatic Neoplasms,5,0.13513514,0.76804653,0.81562329,1,1
HMDD,Stomach Neoplasms,5,0.13513514,0.76804653,0.81562329,1,1
HMDD,Medulloblastoma,2,0.11764706,0.66865227,0.83287259,1,1
HMDD,"Carcinoma, Hepatocellular",4,0.12121212,0.68891446,0.86619674,1,1
HMDD,"Carcinoma, Renal Cell",1,0.09090909,0.51668585,0.88413542,1,1
HMDD,"Hepatitis C, Chronic",1,0.09090909,0.51668585,0.88413542,1,1
HMDD,Uterine Cervical Neoplasms,1,0.09090909,0.51668585,0.88413542,1,1
HMDD,Lupus Vulgaris,7,0.125,0.71044304,0.89983791,1,1
HMDD,Hepatitis C,1,0.08333333,0.47362869,0.90503337,1,1
HMDD,Neoplasms,6,0.11764706,0.66865227,0.91813613,1,1
HMDD,Colonic Neoplasms,4,0.10810811,0.61443722,0.91986946,1,1
HMDD,Autistic Disorder,3,0.09677419,0.55002042,0.93530062,1,1
HMDD,Hodgkin Disease,1,0.06666667,0.37890295,0.94786671,1,1
HMDD,"Muscular Disorders, Atrophic",5,0.10416667,0.59203586,0.95077799,1,1
HMDD,"Leukemia, Myeloid, Acute",1,0.0625,0.35522152,0.95735641,1,1
HMDD,Breast Neoplasms,9,0.11538462,0.65579357,0.96126001,1,1
HMDD,"Lymphoma, B-Cell",1,0.05882353,0.33432614,0.96513665,1,1
HMDD,Adenocarcinoma,1,0.04545455,0.25834292,0.98736555,1,1
HMDD,Endometriosis,1,0.04545455,0.25834292,0.98736555,1,1
HMDD,Melanoma,3,0.06,0.34101266,0.99712729,1,1
HMDD,Lung Neoplasms,5,0.06944444,0.39469058,0.99870509,1,1
HMDD,Adrenocortical Carcinoma,2,0.04255319,0.24185295,0.99919927,1,1
HMDD,Ovarian Neoplasms,1,0.01666667,0.09472574,0.99999644,1,1
