Category,Term,Count,Percent,Fold,P-value,Bonferroni,FDR
HMDD,ACTH-Secreting Pituitary Adenoma,2,0.25,0.99336283,0.63918701,1.0,1.0
HMDD,Adenocarcinoma,7,0.31818182,1.26427997,0.30390345,1.0,1.0
HMDD,Adrenocortical Carcinoma,13,0.27659574,1.09903973,0.39732983,1.0,1.0
HMDD,"Arrhythmias, Cardiac",2,1.0,3.97345133,0.06291759,1.0,1.0
HMDD,Astrocytoma,1,0.33333333,1.32448378,0.58188218,1.0,1.0
HMDD,Autistic Disorder,6,0.19354839,0.7690551,0.83823206,1.0,1.0
HMDD,Azoospermia,3,0.23076923,0.91695031,0.67587472,1.0,1.0
HMDD,Brain Neoplasms,1,0.25,0.99336283,0.68781786,1.0,1.0
HMDD,Breast Neoplasms,20,0.25641026,1.01883367,0.50866806,1.0,1.0
HMDD,"Carcinoma, Hepatocellular",8,0.24242424,0.96326093,0.62087978,1.0,1.0
HMDD,"Carcinoma, Papillary",2,1.0,3.97345133,0.06291759,1.0,1.0
HMDD,"Carcinoma, Renal Cell",2,0.18181818,0.7224457,0.80980297,1.0,1.0
HMDD,"Cardiomyopathy, Hypertrophic",5,0.41666667,1.65560472,0.1581968,1.0,1.0
HMDD,Carotid Artery Diseases,2,1.0,3.97345133,0.06291759,1.0,1.0
HMDD,Cerebellar Neoplasms,1,0.5,1.98672566,0.44042316,1.0,1.0
HMDD,Cholangiocarcinoma,1,0.33333333,1.32448378,0.58188218,1.0,1.0
HMDD,Colonic Neoplasms,5,0.13513514,0.53695288,0.97753648,1.0,1.0
HMDD,Colorectal Neoplasms,4,0.30769231,1.22260041,0.42141988,1.0,1.0
HMDD,Endometriosis,5,0.22727273,0.90305712,0.68856655,1.0,1.0
HMDD,Glioblastoma,1,0.25,0.99336283,0.68781786,1.0,1.0
HMDD,Glioma,1,0.2,0.79469027,0.76709108,1.0,1.0
HMDD,Head and Neck Neoplasms,4,0.14285714,0.5676359000000001,0.95222287,1.0,1.0
HMDD,Heart Failure,30,0.29411765,1.16866216,0.16004224,1.0,1.0
HMDD,Hepatitis B,1,0.14285714,0.5676359000000001,0.87065747,1.0,1.0
HMDD,Hepatitis C,3,0.25,0.99336283,0.61715437,1.0,1.0
HMDD,"Hepatitis C, Chronic",6,0.54545455,2.16733709,0.0335929,1.0,0.8872
HMDD,"Hepatitis, Chronic",1,0.33333333,1.32448378,0.58188218,1.0,1.0
HMDD,Hodgkin Disease,1,0.06666667,0.26489676,0.98807787,1.0,1.0
HMDD,Hypertension,2,0.5,1.98672566,0.26407514,1.0,1.0
HMDD,Leukemia,1,0.1,0.39734513,0.94678362,1.0,1.0
HMDD,"Leukemia, Lymphocytic, Chronic, B-Cell",5,0.23809524,0.94605984,0.64387726,1.0,1.0
HMDD,"Leukemia, Myeloid, Acute",5,0.3125,1.24170354,0.37489818,1.0,1.0
HMDD,"Leukemia, Promyelocytic, Acute",1,0.16666667,0.66224189,0.82636745,1.0,1.0
HMDD,Liver Neoplasms,2,0.33333333,1.32448378,0.47070923,1.0,1.0
HMDD,Lung Neoplasms,13,0.18055556,0.71742871,0.95563617,1.0,1.0
HMDD,Lupus Vulgaris,12,0.21428571,0.85145386,0.80171199,1.0,1.0
HMDD,"Lymphoma, B-Cell",1,0.05882353,0.23373243,0.99348325,1.0,1.0
HMDD,"Lymphoma, Large B-Cell, Diffuse",1,0.33333333,1.32448378,0.58188218,1.0,1.0
HMDD,"Lymphoma, Primary Effusion",2,0.18181818,0.7224457,0.80980297,1.0,1.0
HMDD,Marek Disease,2,0.5,1.98672566,0.26407514,1.0,1.0
HMDD,Medulloblastoma,4,0.23529412,0.93492972,0.65695252,1.0,1.0
HMDD,Melanoma,12,0.24,0.95362832,0.63850413,1.0,1.0
HMDD,Multiple Myeloma,1,0.2,0.79469027,0.76709108,1.0,1.0
HMDD,"Muscular Disorders, Atrophic",16,0.33333333,1.32448378,0.11592646,1.0,1.0
HMDD,Musculoskeletal Abnormalities,3,1.0,3.97345133,0.01562383,1.0,0.5396
HMDD,Myocardial Infarction,2,0.66666667,2.64896755,0.15750512,1.0,1.0
HMDD,Neoplasms,8,0.15686275,0.62328648,0.97105276,1.0,1.0
HMDD,"Neoplasms, Germ Cell and Embryonal",1,0.5,1.98672566,0.44042316,1.0,1.0
HMDD,Neurodegenerative Diseases,1,0.14285714,0.5676359000000001,0.87065747,1.0,1.0
HMDD,Ovarian Neoplasms,13,0.21666667,0.86091445,0.79522108,1.0,1.0
HMDD,Pancreatic Neoplasms,7,0.18918919,0.75173403,0.86876906,1.0,1.0
HMDD,Parkinson Disease,1,0.5,1.98672566,0.44042316,1.0,1.0
HMDD,Pituitary Neoplasms,1,0.09090909,0.36122285,0.96048169,1.0,1.0
HMDD,Polycythemia Vera,2,0.2,0.79469027,0.76288604,1.0,1.0
HMDD,Pre-Eclampsia,1,0.33333333,1.32448378,0.58188218,1.0,1.0
HMDD,Precursor B-Cell Lymphoblastic Leukemia-Lymphoma,1,0.16666667,0.66224189,0.82636745,1.0,1.0
HMDD,Prostatic Neoplasms,10,0.29411765,1.16866216,0.34026658,1.0,1.0
HMDD,Retinal Degeneration,5,0.83333333,3.31120944,0.00451527,0.6321,0.3379
HMDD,Retinal Neovascularization,2,0.28571429,1.13527181,0.56062734,1.0,1.0
HMDD,Salivary Gland Neoplasms,6,0.28571429,1.13527181,0.44065269,1.0,1.0
HMDD,"Sarcoma, Kaposi",2,0.18181818,0.7224457,0.80980297,1.0,1.0
HMDD,Schizophrenia,2,0.0952381,0.37842394,0.98359364,1.0,1.0
HMDD,Skin Neoplasms,2,0.5,1.98672566,0.26407514,1.0,1.0
HMDD,Stomach Neoplasms,7,0.18918919,0.75173403,0.86876906,1.0,1.0
HMDD,Testicular Neoplasms,1,0.5,1.98672566,0.44042316,1.0,1.0
HMDD,Thyroid Neoplasms,7,0.5,1.98672566,0.03714931,1.0,0.9267
HMDD,Urinary Bladder Neoplasms,2,0.28571429,1.13527181,0.56062734,1.0,1.0
HMDD,Uterine Cervical Neoplasms,3,0.27272727,1.08366854,0.5517599,1.0,1.0
HMDD,Waldenstrom Macroglobulinemia,3,0.42857143,1.70290771,0.24591397,1.0,1.0
