Category,Term,Count,Percent,Fold,P-value,Bonferroni,FDR
HMDD,Hepatitis C,9,0.75,3.00669643,0.00031547,0.0435,0.0354
HMDD,Retinal Degeneration,5,0.83333333,3.34077381,0.00432564,0.5969,0.3884
HMDD,Musculoskeletal Abnormalities,3,1,4.00892857,0.01520904,1,0.8536
HMDD,Heart Failure,34,0.33333333,1.33630952,0.01950626,1,0.9731
HMDD,"Arrhythmias, Cardiac",2,1,4.00892857,0.06180401,1,1
HMDD,Barrett Esophagus,2,1,4.00892857,0.06180401,1,1
HMDD,Cerebellar Neoplasms,2,1,4.00892857,0.06180401,1,1
HMDD,"Neoplasms, Germ Cell and Embryonal",2,1,4.00892857,0.06180401,1,1
HMDD,Testicular Neoplasms,2,1,4.00892857,0.06180401,1,1
HMDD,"Hepatitis C, Chronic",5,0.45454545,1.82224026,0.11101684,1,1
HMDD,Schizophrenia,8,0.38095238,1.52721088,0.12320863,1,1
HMDD,"Hepatitis, Chronic",2,0.66666667,2.67261905,0.15499395,1,1
HMDD,Myocardial Infarction,2,0.66666667,2.67261905,0.15499395,1,1
HMDD,Colorectal Neoplasms,5,0.38461538,1.5418956,0.20176494,1,1
HMDD,Urinary Bladder Neoplasms,3,0.42857143,1.71811224,0.2412582,1,1
HMDD,Hypertension,2,0.5,2.00446429,0.26030275,1,1
HMDD,Breast Neoplasms,22,0.28205128,1.13072344,0.27483737,1,1
HMDD,Adenocarcinoma,7,0.31818182,1.27556818,0.29502887,1,1
HMDD,Lung Neoplasms,20,0.27777778,1.11359127,0.31888988,1,1
HMDD,Azoospermia,4,0.30769231,1.23351648,0.41384497,1,1
HMDD,Neutropenia,1,0.5,2.00446429,0.43708241,1,1
HMDD,Obesity,1,0.5,2.00446429,0.43708241,1,1
HMDD,Parkinson Disease,1,0.5,2.00446429,0.43708241,1,1
HMDD,Rectal Neoplasms,1,0.5,2.00446429,0.43708241,1,1
HMDD,Precursor B-Cell Lymphoblastic Leukemia-Lymphoma,2,0.33333333,1.33630952,0.46540034,1,1
HMDD,Endometriosis,6,0.27272727,1.09334416,0.48194975,1,1
HMDD,Prostatic Neoplasms,9,0.26470588,1.06118697,0.48503037,1,1
HMDD,Adrenocortical Carcinoma,12,0.25531915,1.02355623,0.52227174,1,1
HMDD,Neurodegenerative Diseases,2,0.28571429,1.14540816,0.55505719,1,1
HMDD,Waldenstrom Macroglobulinemia,2,0.28571429,1.14540816,0.55505719,1,1
HMDD,Head and Neck Neoplasms,7,0.25,1.00223214,0.57356212,1,1
HMDD,Pre-Eclampsia,1,0.33333333,1.33630952,0.57812663,1,1
HMDD,"Cardiomyopathy, Hypertrophic",3,0.25,1.00223214,0.61020983,1,1
HMDD,Medulloblastoma,4,0.23529412,0.94327731,0.64901128,1,1
HMDD,Lupus Vulgaris,13,0.23214286,0.93064413,0.6801513,1,1
HMDD,Brain Neoplasms,1,0.25,1.00223214,0.68406793,1,1
HMDD,Glioblastoma,1,0.25,1.00223214,0.68406793,1,1
HMDD,Melanoma,11,0.22,0.88196429,0.74885294,1,1
HMDD,Myeloproliferative Disorders,1,0.2,0.80178571,0.76358342,1,1
HMDD,"Carcinoma, Renal Cell",2,0.18181818,0.7288961,0.80523583,1,1
HMDD,Uterine Cervical Neoplasms,2,0.18181818,0.7288961,0.80523583,1,1
HMDD,Salivary Gland Neoplasms,4,0.19047619,0.76360544,0.81314291,1,1
HMDD,"Leukemia, Promyelocytic, Acute",1,0.16666667,0.66815476,0.82322003,1,1
HMDD,Liver Neoplasms,1,0.16666667,0.66815476,0.82322003,1,1
HMDD,Precursor Cell Lymphoblastic Leukemia-Lymphoma,1,0.16666667,0.66815476,0.82322003,1,1
HMDD,Neoplasms,10,0.19607843,0.78606443,0.86731594,1,1
HMDD,Retinal Neovascularization,1,0.14285714,0.57270408,0.86791384,1,1
HMDD,Ovarian Neoplasms,12,0.2,0.80178571,0.8679967,1,1
HMDD,ACTH-Secreting Pituitary Adenoma,1,0.125,0.50111607,0.90138364,1,1
HMDD,Hodgkin Disease,2,0.13333333,0.53452381,0.92262399,1,1
HMDD,Autistic Disorder,5,0.16129032,0.64660138,0.92361662,1,1
HMDD,"Leukemia, Lymphocytic, Chronic, B-Cell",3,0.14285714,0.57270408,0.92943755,1,1
HMDD,Stomach Neoplasms,6,0.16216216,0.65009653,0.93610559,1,1
HMDD,"Leukemia, Myeloid, Acute",2,0.125,0.50111607,0.93922246,1,1
HMDD,"Carcinoma, Non-Small-Cell Lung",1,0.1,0.40089286,0.94515621,1,1
HMDD,Leukemia,1,0.1,0.40089286,0.94515621,1,1
HMDD,"Lymphoma, B-Cell",2,0.11764706,0.47163866,0.95242967,1,1
HMDD,Colonic Neoplasms,5,0.13513514,0.5417471,0.97587033,1,1
HMDD,"Muscular Disorders, Atrophic",7,0.14583333,0.58463542,0.97821775,1,1
HMDD,"Carcinoma, Hepatocellular",4,0.12121212,0.48593074,0.98245728,1,1
HMDD,Thyroid Neoplasms,1,0.07142857,0.28635204,0.98319592,1,1
HMDD,Pancreatic Neoplasms,2,0.05405405,0.21669884,0.99978629,1,1
