hsa-mir-449a,13
hsa-mir-100,26
hsa-mir-455,12
hsa-mir-1298,1
hsa-mir-1914,2
hsa-mir-548b,1
hsa-mir-29c,38
hsa-mir-615,2
hsa-mir-3176,1
hsa-mir-490,9
hsa-mir-34b,36
hsa-mir-561,1
hsa-mir-451a,29
hsa-mir-1258,3
hsa-mir-3144,2
hsa-mir-378f,20
hsa-mir-375,31
hsa-mir-888,4
hsa-mir-510,5
hsa-mir-7-2,26
hsa-mir-383,10
hsa-mir-508,6
hsa-mir-892a,3
hsa-mir-876,1
hsa-mir-509-3,10
hsa-mir-636,3
hsa-mir-378a,24
hsa-mir-873,7
hsa-mir-3171,2
hsa-mir-202,9
hsa-mir-885,5
hsa-mir-513c,2
hsa-mir-3662,1
hsa-mir-662,1
hsa-mir-196b,18
hsa-mir-139,22
hsa-mir-3619,2
hsa-mir-4449,1
hsa-mir-208b,13
hsa-mir-1301,1
hsa-mir-1269b,1
hsa-mir-1269a,2
hsa-mir-210,38
hsa-mir-195,35
hsa-mir-503,17
hsa-mir-3923,1
hsa-mir-767,2
hsa-mir-301b,6
hsa-mir-4758,1
hsa-mir-211,11
hsa-mir-449c,3
hsa-mir-488,7
hsa-mir-449b,6
hsa-mir-299,6
hsa-mir-506,15
hsa-mir-183,33
hsa-mir-31,33
hsa-mir-224,23
hsa-mir-4739,3
hsa-mir-378c,20
