hsa-mir-520b,2
hsa-mir-520a,2
hsa-mir-372,6
hsa-mir-34a,22
hsa-mir-517a,2
hsa-mir-498,1
hsa-mir-513b,2
hsa-mir-490,2
hsa-mir-205,14
hsa-mir-187,4
hsa-mir-518f,1
hsa-mir-518b,1
hsa-mir-451a,11
hsa-mir-1258,1
hsa-mir-518e,2
hsa-mir-520f,1
hsa-mir-373,10
hsa-mir-527,1
hsa-mir-375,10
hsa-mir-363,4
hsa-mir-888,2
hsa-mir-520c,3
hsa-mir-508,1
hsa-mir-892b,1
hsa-mir-675,3
hsa-mir-892a,2
hsa-mir-876,1
hsa-mir-520h,4
hsa-mir-519b,1
hsa-mir-873,3
hsa-mir-144,12
hsa-mir-518c,1
hsa-mir-196b,7
hsa-mir-147b,2
hsa-mir-216b,3
hsa-mir-31,12
hsa-mir-523,1
hsa-mir-520g,2
hsa-mir-208b,3
hsa-mir-517c,3
hsa-mir-520d,2
hsa-mir-526b,1
hsa-mir-522,2
hsa-mir-1269a,1
hsa-mir-1179,2
hsa-mir-524,1
hsa-mir-21,33
hsa-mir-517b,2
hsa-mir-519c,2
hsa-mir-4758,1
hsa-mir-211,2
hsa-mir-519e,1
hsa-mir-222,20
hsa-mir-506,4
hsa-mir-525,4
hsa-mir-551b,3
hsa-mir-519d,3
hsa-mir-520e,1
hsa-mir-1225,1
hsa-mir-371a,2
