hsa-mir-520b,2
hsa-mir-552,2
hsa-mir-520a,6
hsa-mir-518d,1
hsa-mir-424,4
hsa-mir-372,3
hsa-mir-517a,3
hsa-mir-498,3
hsa-mir-615,1
hsa-mir-490,6
hsa-mir-34b,13
hsa-mir-190b,2
hsa-mir-518f,3
hsa-mir-561,1
hsa-mir-518b,2
hsa-mir-937,1
hsa-mir-1258,2
hsa-mir-573,3
hsa-mir-518e,4
hsa-mir-520f,1
hsa-mir-3144,1
hsa-mir-1323,1
hsa-mir-888,3
hsa-mir-520c,1
hsa-mir-34c,10
hsa-mir-217,7
hsa-mir-892b,2
hsa-mir-892a,2
hsa-mir-520h,4
hsa-mir-203b,7
hsa-mir-873,1
hsa-mir-3171,1
hsa-mir-765,2
hsa-mir-202,5
hsa-mir-3662,1
hsa-mir-518c,2
hsa-mir-196b,4
hsa-mir-216b,6
hsa-mir-216a,5
hsa-mir-182,15
hsa-mir-523,1
hsa-mir-520g,2
hsa-mir-517c,3
hsa-mir-130a,5
hsa-mir-520d,1
hsa-mir-184,3
hsa-mir-10b,9
hsa-mir-526b,3
hsa-mir-522,4
hsa-mir-3131,1
hsa-mir-802,2
hsa-mir-1269a,2
hsa-mir-1266,1
hsa-mir-1269b,2
hsa-mir-3923,1
hsa-mir-137,6
hsa-mir-517b,2
hsa-mir-519c,1
hsa-mir-211,3
hsa-mir-578,1
hsa-mir-525,4
hsa-mir-551b,1
hsa-mir-519d,2
hsa-mir-96,13
hsa-mir-520e,1
hsa-mir-944,1
hsa-mir-224,7
hsa-mir-466,1
hsa-mir-1915,2
