hsa-mir-520b,2
hsa-mir-19a,19
hsa-mir-520a,6
hsa-mir-29c,23
hsa-mir-372,4
hsa-mir-365a,11
hsa-mir-490,7
hsa-mir-518f,3
hsa-mir-365b,11
hsa-mir-1258,2
hsa-mir-573,4
hsa-mir-518e,5
hsa-mir-520f,1
hsa-mir-1323,1
hsa-mir-527,1
hsa-mir-1468,1
hsa-mir-520c,2
hsa-mir-383,7
hsa-mir-520h,4
hsa-mir-636,2
hsa-mir-3662,1
hsa-mir-518c,1
hsa-mir-139,14
hsa-mir-520g,2
hsa-mir-517c,3
hsa-mir-526b,4
hsa-mir-522,4
hsa-mir-767,1
hsa-mir-204,21
hsa-mir-525,4
hsa-mir-519d,4
hsa-mir-378c,10
