hsa-mir-197,23
hsa-mir-1298,1
hsa-mir-520a,10
hsa-mir-372,12
hsa-mir-4732,2
hsa-mir-376b,1
hsa-mir-517a,5
hsa-mir-4443,1
hsa-mir-3176,1
hsa-mir-301a,18
hsa-mir-376a-2,13
hsa-let-7d,40
hsa-mir-518b,4
hsa-mir-409,12
hsa-mir-451a,34
hsa-mir-323b,10
hsa-mir-518e,5
hsa-mir-541,2
hsa-mir-708,12
hsa-mir-1323,2
hsa-mir-7-1,30
hsa-mir-577,3
hsa-mir-130b,26
hsa-mir-217,20
hsa-mir-381,11
hsa-mir-493,5
hsa-mir-323a,10
hsa-mir-154,11
hsa-mir-218-2,36
hsa-mir-144,33
hsa-mir-143,61
hsa-mir-518c,3
hsa-mir-196b,27
hsa-mir-147b,2
hsa-mir-216b,9
hsa-mir-139,26
hsa-mir-616,4
hsa-mir-182,48
hsa-mir-889,1
hsa-mir-517c,4
hsa-mir-520d,2
hsa-mir-184,13
hsa-mir-526b,4
hsa-mir-382,18
hsa-mir-1269a,2
hsa-mir-206,48
hsa-mir-210,50
hsa-mir-503,22
hsa-mir-345,8
hsa-mir-767,2
hsa-mir-137,21
hsa-mir-517b,3
hsa-mir-1269b,2
hsa-mir-301b,6
hsa-mir-135b,29
hsa-mir-211,12
hsa-mir-141,38
hsa-mir-519c,5
hsa-mir-449c,3
hsa-mir-3189,2
hsa-mir-33b,15
hsa-mir-525,5
hsa-mir-96,36
hsa-mir-410,14
hsa-mir-218-1,38
hsa-mir-4736,1
hsa-mir-215,21
hsa-mir-30a,55
hsa-mir-133b,45
hsa-mir-487b,5
hsa-mir-183,40
hsa-mir-136,12
hsa-mir-431,7
hsa-mir-371a,3
hsa-mir-496,1
hsa-mir-134,24
