hsa-mir-485,5
hsa-mir-376b,1
hsa-mir-483,18
hsa-mir-1258,3
hsa-mir-518e,5
hsa-mir-3144,2
hsa-mir-888,4
hsa-mir-892b,2
hsa-mir-892a,3
hsa-mir-493,5
hsa-mir-4649,1
hsa-mir-885,6
hsa-mir-144,27
hsa-mir-518c,3
hsa-mir-199b,16
hsa-mir-222,40
hsa-mir-506,15
hsa-mir-874,8
hsa-mir-944,3
hsa-mir-654,1
hsa-mir-3651,2
hsa-mir-584,5
hsa-mir-517a,5
hsa-mir-200c,34
hsa-mir-561,1
hsa-mir-192,29
hsa-mir-3622a,1
hsa-mir-138-2,23
hsa-mir-381,11
hsa-mir-95,11
hsa-mir-190a,3
hsa-mir-494,26
hsa-mir-370,14
hsa-mir-889,1
hsa-mir-376c,8
hsa-mir-218-1,34
hsa-mir-133b,40
hsa-mir-377,14
hsa-mir-455,12
hsa-mir-520a,7
hsa-mir-337,6
hsa-mir-487a,2
hsa-mir-582,9
hsa-mir-4732,1
hsa-mir-518b,4
hsa-mir-302a,11
hsa-mir-758,3
hsa-mir-618,2
hsa-mir-4501,1
hsa-mir-379,4
hsa-mir-651,2
hsa-mir-216b,8
hsa-mir-216a,10
hsa-mir-182,39
hsa-mir-130a,24
hsa-mir-526b,4
hsa-mir-598,1
hsa-mir-382,12
hsa-mir-1269a,2
hsa-mir-3065,1
hsa-mir-934,1
hsa-mir-145,64
hsa-mir-127,25
hsa-mir-96,30
hsa-mir-487b,6
hsa-mir-183,35
hsa-mir-411,5
hsa-mir-134,25
hsa-mir-432,4
hsa-mir-187,14
hsa-mir-543,8
hsa-mir-185,18
hsa-mir-217,17
hsa-mir-221,49
hsa-mir-675,9
hsa-mir-1304,1
hsa-mir-154,8
hsa-mir-218-2,32
hsa-mir-495,14
hsa-mir-206,35
hsa-mir-1269b,2
hsa-mir-135b,25
hsa-mir-141,31
hsa-mir-299,6
hsa-mir-942,5
hsa-mir-466,3
