hsa-let-7f-1,20
hsa-mir-1307,5
hsa-mir-451a,42
hsa-mir-223,82
hsa-mir-375,46
hsa-mir-203a,55
hsa-mir-574,13
hsa-mir-369,4
hsa-mir-19b-1,40
hsa-mir-144,38
hsa-mir-30e,27
hsa-mir-542,12
hsa-mir-199b,25
hsa-mir-17,83
hsa-mir-16-1,77
hsa-mir-98,29
hsa-mir-24-1,56
hsa-mir-129-1,23
hsa-mir-215,22
hsa-mir-19a,51
hsa-mir-374b,8
hsa-mir-660,6
hsa-mir-24-2,51
hsa-mir-29b-2,71
hsa-mir-4728,1
hsa-mir-192,47
hsa-mir-628,7
hsa-mir-20a,59
hsa-mir-3622a,1
hsa-mir-148a,45
hsa-mir-126,83
hsa-mir-30b,47
hsa-mir-450b,4
hsa-mir-889,1
hsa-mir-589,1
hsa-mir-484,10
hsa-mir-452,14
hsa-mir-454,12
hsa-mir-197,28
hsa-mir-150,80
hsa-mir-424,30
hsa-mir-29c,62
hsa-mir-582,8
hsa-mir-1180,2
hsa-mir-4732,2
hsa-mir-301a,19
hsa-let-7d,45
hsa-mir-326,15
hsa-mir-15a,61
hsa-mir-129-2,30
hsa-mir-1226,1
hsa-mir-3613,3
hsa-mir-15b,49
hsa-mir-29b-1,73
hsa-mir-361,13
hsa-mir-328,22
hsa-mir-379,5
hsa-mir-203b,50
hsa-mir-23a,50
hsa-mir-143,72
hsa-mir-1343,1
hsa-mir-182,50
hsa-mir-766,3
hsa-mir-26b,47
hsa-mir-16-2,74
hsa-mir-592,8
hsa-mir-10b,36
hsa-mir-504,6
hsa-mir-145,99
hsa-mir-96,41
hsa-mir-142,58
hsa-mir-183,43
hsa-mir-552,4
hsa-mir-3127,1
hsa-mir-32,16
hsa-mir-92a-1,51
hsa-mir-22,53
hsa-mir-1296,3
hsa-let-7f-2,19
hsa-mir-423,28
hsa-mir-125a,51
hsa-mir-338,21
hsa-mir-10a,27
hsa-mir-378a,34
hsa-mir-335,40
hsa-mir-196b,28
hsa-mir-324,10
hsa-mir-139,31
hsa-mir-590,13
hsa-mir-92b,18
hsa-mir-92a-2,51
hsa-mir-1266,4
hsa-mir-429,31
hsa-mir-135b,30
hsa-mir-141,42
hsa-mir-577,3
hsa-let-7b,54
hsa-mir-152,30
hsa-mir-106a,44
hsa-mir-652,12
