hsa-mir-455,10
hsa-mir-582,5
hsa-mir-365a,13
hsa-mir-483,16
hsa-mir-513b,1
hsa-mir-365b,12
hsa-mir-1258,3
hsa-mir-129-2,27
hsa-mir-99a,21
hsa-mir-375,30
hsa-mir-217,17
hsa-mir-383,9
hsa-mir-508,6
hsa-mir-4423,1
hsa-mir-509-3,11
hsa-mir-873,4
hsa-mir-202,8
hsa-mir-513c,2
hsa-mir-218-2,32
hsa-mir-1247,4
hsa-mir-592,7
hsa-mir-149,25
hsa-let-7c,21
hsa-mir-135b,18
hsa-mir-504,5
hsa-mir-137,17
hsa-mir-506,15
hsa-mir-551b,3
hsa-mir-218-1,33
hsa-mir-215,16
hsa-mir-138-1,28
hsa-mir-507,2
hsa-mir-31,43
hsa-mir-466,2
hsa-mir-346,7
