hsa-mir-500a,3
hsa-mir-584,2
hsa-mir-200b,43
hsa-mir-875,1
hsa-mir-487a,1
hsa-mir-372,11
hsa-mir-629,6
hsa-mir-376b,1
hsa-mir-660,2
hsa-mir-200c,37
hsa-mir-513b,1
hsa-mir-187,11
hsa-mir-376a-2,10
hsa-mir-122,34
hsa-mir-433,5
hsa-mir-323b,9
hsa-mir-302a,8
hsa-mir-129-2,18
hsa-mir-363,9
hsa-mir-302b,8
hsa-mir-888,4
hsa-mir-599,2
hsa-mir-203a,34
hsa-mir-510,5
hsa-mir-138-2,27
hsa-mir-892b,1
hsa-mir-508,5
hsa-mir-892a,2
hsa-mir-217,17
hsa-mir-369,3
hsa-mir-203b,31
hsa-mir-509-3,10
hsa-mir-323a,9
hsa-mir-33a,18
hsa-mir-7152,1
hsa-mir-362,6
hsa-mir-513c,2
hsa-mir-154,10
hsa-mir-196b,15
hsa-mir-216b,9
hsa-mir-216a,9
hsa-mir-3654,1
hsa-mir-507,1
hsa-mir-592,7
hsa-mir-184,8
hsa-mir-4772,1
hsa-mir-3065,1
hsa-mir-206,27
hsa-mir-802,3
hsa-mir-210,32
hsa-mir-429,25
hsa-mir-1269b,2
hsa-mir-767,2
hsa-mir-141,30
hsa-mir-760,5
hsa-mir-376c,7
hsa-mir-934,1
hsa-mir-299,5
hsa-mir-506,15
hsa-mir-452,11
hsa-mir-129-1,15
hsa-mir-138-1,27
hsa-mir-133b,20
hsa-mir-377,13
hsa-mir-224,24
