hsa-let-7f-1,20
hsa-let-7e,40
hsa-mir-365a,16
hsa-mir-490,11
hsa-mir-1224,4
hsa-mir-451a,41
hsa-mir-223,83
hsa-mir-375,47
hsa-mir-203a,56
hsa-mir-574,13
hsa-mir-369,4
hsa-mir-19b-1,42
hsa-mir-28,15
hsa-mir-144,37
hsa-mir-30e,29
hsa-mir-542,12
hsa-mir-199b,25
hsa-mir-320a,32
hsa-mir-17,87
hsa-mir-16-1,77
hsa-mir-98,29
hsa-mir-24-1,55
hsa-mir-129-1,22
hsa-mir-215,22
hsa-mir-19a,51
hsa-mir-374b,8
hsa-mir-24-2,51
hsa-mir-26a-1,58
hsa-mir-4728,1
hsa-mir-151a,15
hsa-mir-192,50
hsa-mir-365b,16
hsa-mir-628,7
hsa-mir-20a,60
hsa-mir-3622a,1
hsa-mir-7-1,31
hsa-mir-148a,47
hsa-mir-125b-1,86
hsa-mir-3607,1
hsa-mir-126,88
hsa-mir-30b,51
hsa-mir-450b,4
hsa-mir-589,2
hsa-mir-889,1
hsa-mir-33b,17
hsa-mir-605,3
hsa-mir-452,14
hsa-mir-342,31
hsa-mir-454,12
hsa-mir-197,27
hsa-mir-150,81
hsa-mir-186,25
hsa-mir-1180,2
hsa-mir-424,30
hsa-mir-582,9
hsa-mir-301a,20
hsa-let-7d,46
hsa-mir-1249,1
hsa-mir-3677,1
hsa-mir-15a,63
hsa-mir-129-2,28
hsa-mir-1226,1
hsa-mir-3613,3
hsa-mir-193b,35
hsa-mir-374a,12
hsa-mir-29b-1,72
hsa-mir-328,21
hsa-mir-379,5
hsa-mir-203b,51
hsa-mir-26a-2,58
hsa-mir-143,74
hsa-mir-182,52
hsa-mir-766,3
hsa-mir-140,27
hsa-mir-26b,48
hsa-mir-16-2,74
hsa-mir-18a,49
hsa-mir-149,45
hsa-mir-10b,38
hsa-let-7c,40
hsa-mir-504,6
hsa-mir-145,100
hsa-mir-96,42
hsa-mir-142,60
hsa-mir-411,9
hsa-mir-125b-2,85
hsa-mir-99b,20
hsa-mir-200b,66
hsa-mir-3127,1
hsa-mir-32,17
hsa-mir-92a-1,53
hsa-let-7f-2,19
hsa-mir-1296,3
hsa-mir-188,7
hsa-mir-423,28
hsa-mir-125a,52
hsa-mir-10a,29
hsa-mir-378a,34
hsa-mir-33a,26
hsa-mir-200a,60
hsa-mir-335,40
hsa-mir-193a,30
hsa-mir-196b,27
hsa-mir-324,11
hsa-mir-139,31
hsa-mir-590,13
hsa-mir-92b,17
hsa-mir-92a-2,53
hsa-mir-429,32
hsa-mir-499a,41
hsa-mir-135b,30
hsa-mir-141,42
hsa-mir-374c,1
hsa-mir-577,3
hsa-let-7b,55
hsa-mir-152,29
hsa-mir-106a,43
hsa-mir-136,12
hsa-mir-27a,61
hsa-mir-224,40
