hsa-mir-552,3
hsa-mir-1298,1
hsa-mir-4732,1
hsa-mir-483,19
hsa-mir-615,2
hsa-mir-3176,1
hsa-mir-549a,1
hsa-mir-490,8
hsa-mir-1224,3
hsa-mir-4728,1
hsa-mir-935,2
hsa-mir-187,12
hsa-mir-188,2
hsa-mir-937,1
hsa-mir-451a,24
hsa-mir-1258,3
hsa-mir-573,4
hsa-mir-3144,3
hsa-mir-551a,3
hsa-mir-3622a,1
hsa-mir-888,4
hsa-mir-508,4
hsa-mir-383,8
hsa-mir-4501,1
hsa-mir-509-3,10
hsa-mir-4687,1
hsa-mir-885,3
hsa-mir-144,22
hsa-mir-513c,1
hsa-mir-3662,1
hsa-mir-5582,1
hsa-mir-196b,14
hsa-mir-3619,2
hsa-mir-3654,1
hsa-mir-592,7
hsa-mir-184,12
hsa-mir-18a,21
hsa-mir-877,2
hsa-mir-1269b,2
hsa-mir-1269a,2
hsa-mir-23c,1
hsa-mir-301b,5
hsa-mir-135b,17
hsa-mir-767,1
hsa-mir-21,63
hsa-mir-1276,1
hsa-mir-204,26
hsa-mir-4758,1
hsa-mir-211,9
hsa-mir-934,1
hsa-mir-3189,1
hsa-mir-146b,26
hsa-mir-506,12
hsa-mir-551b,5
hsa-mir-96,30
hsa-mir-30a,35
hsa-mir-133b,29
hsa-mir-3651,1
hsa-mir-940,8
hsa-mir-1225,2
hsa-mir-346,4
