hsa-mir-454,12
hsa-mir-200b,66
hsa-mir-548b,1
hsa-mir-625,7
hsa-let-7e,35
hsa-mir-187,15
hsa-mir-200c,59
hsa-mir-483,29
hsa-mir-34b,59
hsa-mir-490,11
hsa-mir-3200,1
hsa-mir-561,2
hsa-mir-505,12
hsa-mir-122,62
hsa-mir-192,48
hsa-mir-451a,35
hsa-mir-1258,4
hsa-mir-708,14
hsa-mir-99a,38
hsa-mir-148a,43
hsa-mir-1468,1
hsa-mir-181c,28
hsa-mir-383,13
hsa-mir-221,74
hsa-mir-675,9
hsa-mir-34c,65
hsa-mir-1295b,1
hsa-mir-203b,45
hsa-mir-378a,31
hsa-mir-200a,63
hsa-mir-218-2,35
hsa-mir-885,10
hsa-mir-144,35
hsa-mir-23a,47
hsa-mir-30b,45
hsa-mir-330,10
hsa-mir-196b,27
hsa-mir-139,30
hsa-mir-182,51
hsa-mir-92b,16
hsa-mir-181d,16
hsa-mir-149,41
hsa-mir-3065,1
hsa-mir-429,31
hsa-let-7c,35
hsa-mir-135b,29
hsa-mir-141,41
hsa-mir-21,154
hsa-mir-577,3
hsa-mir-181a-2,69
hsa-mir-222,60
hsa-mir-551b,6
hsa-mir-96,39
hsa-mir-218-1,37
hsa-mir-129-1,23
hsa-mir-183,42
hsa-mir-27a,54
hsa-mir-31,57
hsa-mir-378c,27
