hsa-mir-449a,17
hsa-mir-100,35
hsa-mir-665,3
hsa-mir-483,23
hsa-mir-1224,3
hsa-mir-3200,1
hsa-mir-549a,2
hsa-mir-451a,38
hsa-mir-1258,4
hsa-mir-375,39
hsa-mir-203a,50
hsa-mir-144,32
hsa-mir-208b,14
hsa-mir-802,4
hsa-mir-210,49
hsa-mir-195,40
hsa-mir-767,2
hsa-mir-21,123
hsa-mir-211,11
hsa-mir-449c,3
hsa-mir-551b,5
hsa-mir-770,1
hsa-mir-4726,1
hsa-mir-584,6
hsa-mir-615,4
hsa-mir-4728,1
hsa-mir-192,39
hsa-mir-125b-1,70
hsa-mir-381,13
hsa-mir-3662,1
hsa-mir-1301,2
hsa-mir-511,5
hsa-mir-760,5
hsa-mir-488,7
hsa-mir-33b,16
hsa-mir-452,12
hsa-mir-133b,43
hsa-mir-342,21
hsa-mir-378c,24
hsa-mir-454,10
hsa-mir-337,6
hsa-mir-4732,2
hsa-mir-3176,1
hsa-mir-301a,16
hsa-mir-658,1
hsa-mir-3677,1
hsa-mir-3664,1
hsa-mir-99a,36
hsa-mir-130b,22
hsa-mir-383,13
hsa-mir-4501,1
hsa-mir-203b,48
hsa-mir-1277,1
hsa-mir-182,50
hsa-mir-3619,2
hsa-mir-592,7
hsa-mir-10b,35
hsa-mir-3065,1
hsa-mir-1269a,2
hsa-let-7c,32
hsa-mir-4758,1
hsa-mir-449b,8
hsa-mir-145,77
hsa-mir-96,38
hsa-mir-142,44
hsa-mir-183,39
hsa-mir-125b-2,73
hsa-mir-200b,56
hsa-mir-187,15
hsa-mir-573,5
hsa-mir-585,2
hsa-mir-378a,30
hsa-mir-33a,22
hsa-mir-200a,51
hsa-mir-335,31
hsa-mir-495,17
hsa-mir-147b,2
hsa-mir-92b,16
hsa-mir-184,12
hsa-mir-206,43
hsa-mir-429,31
hsa-mir-1269b,2
hsa-mir-499a,35
hsa-mir-135b,28
hsa-mir-141,37
hsa-mir-301b,6
hsa-mir-204,37
