hsa-mir-520b,3
hsa-mir-584,3
hsa-mir-552,2
hsa-mir-520a,7
hsa-mir-875,1
hsa-mir-487a,1
hsa-mir-483,15
hsa-mir-517a,5
hsa-mir-205,37
hsa-mir-935,2
hsa-mir-376a-2,11
hsa-mir-518f,3
hsa-mir-561,1
hsa-mir-518b,4
hsa-mir-323b,4
hsa-mir-518e,6
hsa-mir-520f,2
hsa-mir-302a,9
hsa-mir-129-2,24
hsa-mir-527,1
hsa-mir-338,13
hsa-mir-203a,39
hsa-mir-510,5
hsa-mir-520c,4
hsa-mir-508,5
hsa-mir-675,8
hsa-mir-520h,6
hsa-mir-656,1
hsa-mir-203b,36
hsa-mir-509-3,9
hsa-mir-33a,16
hsa-mir-489,9
hsa-mir-362,6
hsa-mir-202,10
hsa-mir-513c,2
hsa-mir-494,22
hsa-mir-518c,2
hsa-mir-196b,13
hsa-mir-216b,9
hsa-mir-216a,10
hsa-mir-616,4
hsa-mir-182,30
hsa-mir-520g,2
hsa-mir-507,2
hsa-mir-517c,4
hsa-mir-520d,2
hsa-mir-592,7
hsa-mir-497,21
hsa-mir-10b,24
hsa-mir-526b,4
hsa-mir-522,5
hsa-mir-4787,1
hsa-mir-210,31
hsa-mir-195,28
hsa-mir-206,30
hsa-mir-3923,1
hsa-mir-21,68
hsa-mir-767,2
hsa-mir-760,5
hsa-mir-517b,3
hsa-mir-519c,4
hsa-mir-3189,2
hsa-mir-506,13
hsa-mir-525,5
hsa-mir-519d,10
hsa-mir-129-1,18
hsa-mir-183,25
hsa-mir-133b,30
hsa-mir-377,14
hsa-mir-466,2
