hsa-mir-372,13
hsa-mir-1248,1
hsa-mir-205,43
hsa-mir-518f,3
hsa-mir-527,1
hsa-mir-203a,39
hsa-mir-892b,2
hsa-mir-892a,3
hsa-mir-520h,7
hsa-mir-3928,1
hsa-mir-616,4
hsa-mir-520g,3
hsa-mir-517c,4
hsa-mir-520d,2
hsa-mir-210,44
hsa-mir-195,36
hsa-mir-3923,1
hsa-mir-296,16
hsa-mir-129-1,19
hsa-mir-30a,54
hsa-mir-520e,3
hsa-mir-944,4
hsa-mir-3651,2
hsa-mir-615,2
hsa-mir-373,19
hsa-mir-30d,31
hsa-mir-126,56
hsa-mir-519b,3
hsa-mir-190a,3
hsa-mir-3662,1
hsa-mir-30b,39
hsa-mir-4778,1
hsa-mir-30c-2,28
hsa-mir-511,4
hsa-mir-503,18
hsa-mir-760,5
hsa-mir-218-1,33
hsa-mir-133b,41
hsa-mir-940,8
hsa-mir-29c,47
hsa-mir-4732,1
hsa-mir-129-2,26
hsa-mir-193b,28
hsa-mir-4501,1
hsa-mir-323a,7
hsa-mir-143,52
hsa-mir-1343,1
hsa-mir-182,41
hsa-mir-3654,1
hsa-mir-140,17
hsa-mir-149,33
hsa-mir-522,5
hsa-mir-1269a,2
hsa-mir-3065,1
hsa-mir-525,4
hsa-mir-96,34
hsa-mir-670,2
hsa-mir-520b,4
hsa-mir-1292,1
hsa-mir-937,2
hsa-mir-323b,8
hsa-mir-573,4
hsa-mir-708,11
hsa-mir-338,18
hsa-mir-675,9
hsa-mir-33a,21
hsa-mir-3171,2
hsa-mir-218-2,32
hsa-mir-196b,20
hsa-mir-147b,3
hsa-mir-4449,1
hsa-mir-877,2
hsa-mir-1269b,2
hsa-mir-206,42
hsa-mir-301b,6
hsa-mir-135b,25
hsa-mir-577,3
hsa-mir-519c,5
hsa-mir-31,44
hsa-mir-224,30
hsa-mir-371a,3
