hsa-mir-372,12
hsa-mir-1224,3
hsa-mir-490,9
hsa-mir-518f,3
hsa-mir-1258,4
hsa-mir-518e,6
hsa-mir-520f,2
hsa-mir-527,1
hsa-mir-671,6
hsa-mir-520h,6
hsa-mir-489,8
hsa-mir-518c,3
hsa-mir-520g,2
hsa-mir-517c,4
hsa-mir-520d,2
hsa-mir-425,13
hsa-mir-210,46
hsa-mir-3923,1
hsa-mir-767,2
hsa-mir-30a,41
hsa-mir-520e,3
hsa-mir-584,5
hsa-mir-517a,5
hsa-mir-615,4
hsa-mir-192,31
hsa-mir-3622a,1
hsa-mir-7-1,23
hsa-mir-523,1
hsa-mir-1301,2
hsa-mir-524,4
hsa-mir-345,6
hsa-mir-218-1,35
hsa-mir-940,8
hsa-mir-1915,2
hsa-mir-520a,6
hsa-mir-1180,2
hsa-mir-301a,18
hsa-mir-518b,4
hsa-mir-1323,2
hsa-mir-130b,19
hsa-mir-520c,6
hsa-mir-383,10
hsa-mir-203b,37
hsa-mir-182,45
hsa-mir-3654,1
hsa-mir-1247,4
hsa-mir-526b,4
hsa-mir-4787,1
hsa-mir-149,27
hsa-mir-18a,34
hsa-mir-522,6
hsa-mir-23c,3
hsa-mir-517b,3
hsa-mir-934,1
hsa-mir-525,4
hsa-mir-96,33
hsa-mir-183,35
hsa-mir-520b,4
hsa-mir-1298,1
hsa-mir-937,2
hsa-mir-708,11
hsa-mir-939,7
hsa-mir-675,9
hsa-mir-4446,1
hsa-mir-378a,25
hsa-mir-218-2,33
hsa-mir-335,26
hsa-mir-147b,3
hsa-mir-139,23
hsa-mir-4449,1
hsa-mir-877,2
hsa-mir-206,42
hsa-mir-429,28
hsa-mir-301b,6
hsa-mir-135b,27
hsa-mir-519c,5
hsa-mir-224,26
