hsa-mir-100,35
hsa-mir-93,41
hsa-mir-1914,2
hsa-mir-29c,58
hsa-mir-18b,16
hsa-mir-20b,18
hsa-mir-424,27
hsa-mir-665,4
hsa-mir-29b-2,66
hsa-mir-1307,5
hsa-mir-205,51
hsa-mir-3200,1
hsa-mir-301a,17
hsa-mir-543,8
hsa-mir-129-2,26
hsa-mir-1226,1
hsa-mir-99a,31
hsa-mir-363,13
hsa-mir-130b,26
hsa-mir-15b,38
hsa-mir-888,4
hsa-mir-758,4
hsa-mir-23b,36
hsa-mir-203a,47
hsa-mir-29b-1,69
hsa-mir-138-2,34
hsa-mir-381,13
hsa-mir-27b,33
hsa-mir-892a,3
hsa-mir-556,2
hsa-mir-126,69
hsa-mir-26a-2,53
hsa-mir-200a,52
hsa-mir-202,14
hsa-mir-143,62
hsa-mir-450b,4
hsa-mir-1343,1
hsa-mir-495,16
hsa-mir-324,9
hsa-mir-139,26
hsa-mir-128-2,20
hsa-mir-3619,2
hsa-mir-766,3
hsa-mir-29a,73
hsa-mir-542,12
hsa-mir-1247,4
hsa-mir-450a-2,3
hsa-mir-592,8
hsa-mir-484,10
hsa-mir-10b,38
hsa-mir-522,5
hsa-mir-1269a,2
hsa-mir-425,16
hsa-mir-210,54
hsa-mir-206,47
hsa-mir-345,7
hsa-mir-1276,1
hsa-mir-429,29
hsa-mir-1269b,2
hsa-mir-301b,6
hsa-mir-3682,1
hsa-mir-450a-1,3
hsa-mir-106a,37
hsa-mir-145,85
hsa-mir-127,28
hsa-mir-96,40
hsa-mir-942,6
hsa-mir-183,42
hsa-mir-138-1,34
hsa-mir-133b,44
hsa-mir-940,9
hsa-mir-411,7
hsa-mir-378c,23
