,Count
hsa-mir-937,7.0
hsa-mir-877,8.0
hsa-mir-3074,2.0
hsa-mir-3131,1.0
hsa-mir-154,20.0
hsa-mir-1468,1.0
hsa-mir-28,11.0
hsa-mir-7-1,29.0
hsa-mir-195,183.0
hsa-mir-379,13.0
hsa-mir-182,45.0
hsa-mir-18a,55.0
hsa-mir-299,14.0
hsa-mir-152,27.0
hsa-mir-1301,2.0
hsa-mir-744,6.0
hsa-mir-26a-1,53.0
hsa-mir-140,47.0
hsa-mir-503,5.0
hsa-mir-509-3,4.0
hsa-mir-146b,46.0
hsa-mir-221,20.0
hsa-mir-184,28.0
hsa-mir-4732,1.0
hsa-mir-181a-2,14.0
hsa-mir-183,123.0
hsa-mir-139,96.0
hsa-mir-143,91.0
hsa-mir-145,170.0
hsa-mir-675,9.0
hsa-mir-592,8.0
hsa-mir-29c,62.0
hsa-mir-190a,3.0
hsa-mir-552,4.0
hsa-mir-483,50.0
hsa-mir-21,543.0
hsa-mir-203b,5.0
hsa-mir-193b,23.0
hsa-mir-431,12.0
hsa-mir-1269a,4.0
hsa-mir-212,22.0
hsa-mir-132,29.0
hsa-mir-181c,20.0
hsa-mir-148a,28.0
hsa-mir-129-1,23.0
hsa-mir-138-2,29.0
hsa-mir-31,105.0
hsa-mir-196b,24.0
hsa-mir-203a,45.0
hsa-mir-3200,3.0
hsa-mir-33b,30.0
hsa-mir-345,7.0
hsa-mir-144,51.0
hsa-mir-130b,25.0
hsa-mir-455,12.0
hsa-mir-767,2.0
hsa-mir-326,13.0
hsa-mir-451a,34.0
hsa-mir-187,16.0
hsa-mir-142,116.0
hsa-let-7c,85.0
hsa-mir-3607,1.0
hsa-mir-375,62.0
hsa-mir-192,88.0
hsa-mir-200a,53.0
hsa-mir-539,14.0
hsa-mir-328,21.0
hsa-mir-452,3.0
hsa-mir-1180,2.0
hsa-mir-760,3.0
hsa-mir-200c,61.0
hsa-mir-411,11.0
hsa-mir-214,83.0
hsa-mir-487b,4.0
hsa-mir-599,1.0
hsa-mir-217,13.0
hsa-mir-758,1.0
hsa-mir-485,5.0
hsa-mir-136,40.0
hsa-mir-495,26.0
hsa-mir-885,11.0
hsa-mir-433,14.0
hsa-mir-376c,13.0
hsa-mir-337,20.0
hsa-mir-127,22.0
hsa-mir-126,44.0
hsa-mir-323a,4.0
hsa-mir-654,1.0
hsa-mir-199b,11.0
hsa-mir-155,51.0
hsa-mir-188,5.0
hsa-mir-1228,4.0
hsa-mir-215,14.0
hsa-mir-5586,1.0
hsa-mir-874,7.0
hsa-mir-301b,6.0
hsa-mir-3613,3.0
hsa-mir-369,2.0
hsa-mir-15b,26.0
hsa-mir-616,4.0
hsa-mir-655,4.0
hsa-mir-137,16.0
hsa-mir-99a,60.0
hsa-mir-30a,44.0
hsa-mir-499a,25.0
hsa-mir-381,10.0
hsa-mir-377,14.0
hsa-mir-410,11.0
hsa-mir-335,12.0
hsa-mir-1249,1.0
hsa-mir-708,16.0
hsa-mir-193a,28.0
hsa-mir-374a,12.0
hsa-mir-10b,34.0
hsa-mir-20b,17.0
hsa-mir-224,31.0
hsa-mir-1247,4.0
hsa-mir-190b,4.0
hsa-mir-940,10.0
hsa-mir-3189,2.0
hsa-mir-3065,1.0
hsa-mir-133b,39.0
hsa-mir-100,32.0
hsa-mir-504,5.0
hsa-mir-378c,20.0
hsa-mir-125b-2,66.0
hsa-mir-141,36.0
hsa-mir-125b-1,63.0
hsa-mir-651,2.0
hsa-mir-33a,19.0
