,Count
hsa-mir-411,21.0
hsa-mir-96,383.0
hsa-mir-29a,73.0
hsa-mir-1343,3.0
hsa-mir-18b,32.0
hsa-mir-425,29.0
hsa-mir-450b,12.0
hsa-mir-143,321.0
hsa-mir-1914,4.0
hsa-mir-93,41.0
hsa-mir-99a,126.0
hsa-mir-200a,226.0
hsa-mir-106a,163.0
hsa-mir-26a-2,111.0
hsa-mir-450a-2,3.0
hsa-mir-1307,10.0
hsa-mir-202,46.0
hsa-mir-324,30.0
hsa-mir-20b,18.0
hsa-mir-3200,3.0
hsa-mir-543,16.0
hsa-mir-183,370.0
hsa-mir-139,226.0
hsa-mir-345,21.0
hsa-mir-10b,216.0
hsa-mir-1247,12.0
hsa-mir-1269b,18.0
hsa-mir-205,243.0
hsa-mir-3619,8.0
hsa-mir-130b,93.0
hsa-mir-133b,292.0
hsa-mir-100,96.0
hsa-mir-15b,87.0
hsa-mir-203a,371.0
hsa-mir-522,31.0
hsa-mir-758,7.0
hsa-mir-23b,36.0
hsa-mir-378c,104.0
hsa-mir-484,20.0
hsa-mir-556,2.0
hsa-mir-542,36.0
hsa-mir-592,51.0
hsa-mir-29b-2,137.0
hsa-mir-766,9.0
hsa-mir-3682,1.0
hsa-mir-138-1,89.0
hsa-mir-29c,228.0
hsa-mir-495,47.0
hsa-mir-450a-1,3.0
hsa-mir-892a,18.0
hsa-mir-940,33.0
hsa-mir-1276,2.0
hsa-mir-301a,108.0
hsa-mir-301b,41.0
hsa-mir-1226,3.0
hsa-mir-363,38.0
hsa-mir-942,11.0
hsa-mir-210,439.0
hsa-mir-424,91.0
hsa-mir-29b-1,214.0
hsa-mir-1269a,20.0
hsa-mir-129-2,208.0
hsa-mir-888,26.0
hsa-mir-429,238.0
hsa-mir-27b,33.0
hsa-mir-127,53.0
hsa-mir-126,296.0
hsa-mir-128-2,20.0
hsa-mir-145,502.0
hsa-mir-665,7.0
hsa-mir-206,347.0
hsa-mir-381,48.0
hsa-mir-138-2,84.0
hsa-mir-520g,13.0
hsa-mir-498,4.0
hsa-mir-187,72.0
hsa-mir-1179,2.0
hsa-mir-490,65.0
hsa-mir-216b,54.0
hsa-mir-517b,13.0
hsa-mir-513b,4.0
hsa-mir-873,22.0
hsa-mir-523,3.0
hsa-mir-520b,17.0
hsa-mir-518c,15.0
hsa-mir-371a,8.0
hsa-mir-518b,19.0
hsa-mir-520e,8.0
hsa-mir-519c,22.0
hsa-mir-526b,24.0
hsa-mir-208b,30.0
hsa-mir-520d,11.0
hsa-mir-520h,31.0
hsa-mir-147b,12.0
hsa-mir-506,89.0
hsa-mir-551b,23.0
hsa-mir-519d,19.0
hsa-mir-518e,33.0
hsa-mir-372,61.0
hsa-mir-4758,4.0
hsa-mir-451a,290.0
hsa-mir-527,5.0
hsa-mir-373,29.0
hsa-mir-520f,7.0
hsa-mir-211,48.0
hsa-mir-508,27.0
hsa-mir-519e,1.0
hsa-mir-520c,16.0
hsa-mir-525,30.0
hsa-mir-675,47.0
hsa-mir-517a,25.0
hsa-mir-34a,22.0
hsa-mir-31,248.0
hsa-mir-524,5.0
hsa-mir-222,120.0
hsa-mir-1258,29.0
hsa-mir-892b,8.0
hsa-mir-876,3.0
hsa-mir-196b,200.0
hsa-mir-519b,4.0
hsa-mir-517c,25.0
hsa-mir-144,265.0
hsa-mir-520a,44.0
hsa-mir-375,209.0
hsa-mir-1225,3.0
hsa-mir-518f,16.0
hsa-mir-21,441.0
hsa-mir-1224,14.0
hsa-mir-188,9.0
hsa-mir-3176,4.0
hsa-mir-509-3,50.0
hsa-mir-3651,7.0
hsa-mir-346,11.0
hsa-mir-767,14.0
hsa-mir-23c,4.0
hsa-mir-934,4.0
hsa-mir-4732,9.0
hsa-mir-573,20.0
hsa-mir-935,4.0
hsa-mir-4501,4.0
hsa-mir-877,6.0
hsa-mir-3189,5.0
hsa-mir-551a,3.0
hsa-mir-552,14.0
hsa-mir-18a,104.0
hsa-mir-5582,1.0
hsa-mir-30a,185.0
hsa-mir-3662,6.0
hsa-mir-3622a,5.0
hsa-mir-937,6.0
hsa-mir-4728,4.0
hsa-mir-135b,286.0
hsa-mir-4687,1.0
hsa-mir-1298,5.0
hsa-mir-146b,26.0
hsa-mir-483,120.0
hsa-mir-885,24.0
hsa-mir-3144,8.0
hsa-mir-204,130.0
hsa-mir-3654,4.0
hsa-mir-383,85.0
hsa-mir-184,62.0
hsa-mir-615,17.0
hsa-mir-513c,9.0
hsa-mir-549a,3.0
hsa-mir-10a,61.0
hsa-mir-19b-1,82.0
hsa-mir-17,170.0
hsa-mir-186,25.0
hsa-mir-92a-2,104.0
hsa-mir-24-1,111.0
hsa-mir-374a,12.0
hsa-let-7b,109.0
hsa-mir-328,43.0
hsa-mir-224,150.0
hsa-mir-19a,121.0
hsa-mir-452,51.0
hsa-mir-136,24.0
hsa-mir-151a,15.0
hsa-mir-149,171.0
hsa-mir-889,4.0
hsa-let-7e,75.0
hsa-mir-148a,135.0
hsa-mir-26b,95.0
hsa-mir-150,219.0
hsa-mir-16-1,154.0
hsa-mir-20a,119.0
hsa-mir-574,26.0
hsa-mir-454,46.0
hsa-mir-197,78.0
hsa-mir-423,56.0
hsa-mir-33b,48.0
hsa-mir-99b,20.0
hsa-mir-3607,1.0
hsa-mir-125b-1,156.0
hsa-mir-26a-1,58.0
hsa-mir-16-2,148.0
hsa-mir-335,137.0
hsa-mir-342,52.0
hsa-mir-215,118.0
hsa-mir-1296,6.0
hsa-mir-193a,30.0
hsa-mir-378a,178.0
hsa-mir-369,11.0
hsa-mir-142,208.0
hsa-let-7d,131.0
hsa-mir-223,230.0
hsa-mir-129-1,143.0
hsa-mir-628,14.0
hsa-mir-30b,182.0
hsa-mir-499a,76.0
hsa-mir-3677,2.0
hsa-mir-141,298.0
hsa-mir-379,14.0
hsa-mir-203b,352.0
hsa-mir-125a,103.0
hsa-mir-92b,67.0
hsa-mir-590,26.0
hsa-let-7f-1,40.0
hsa-mir-582,31.0
hsa-mir-200b,231.0
hsa-mir-193b,63.0
hsa-mir-605,3.0
hsa-mir-577,15.0
hsa-let-7c,128.0
hsa-mir-1180,6.0
hsa-mir-589,3.0
hsa-mir-140,44.0
hsa-mir-92a-1,104.0
hsa-mir-374c,1.0
hsa-mir-365b,39.0
hsa-mir-504,17.0
hsa-mir-152,59.0
hsa-mir-320a,32.0
hsa-mir-3613,6.0
hsa-mir-98,58.0
hsa-mir-374b,16.0
hsa-mir-125b-2,158.0
hsa-mir-28,15.0
hsa-let-7f-2,38.0
hsa-mir-182,467.0
hsa-mir-24-2,102.0
hsa-mir-192,244.0
hsa-mir-3127,2.0
hsa-mir-30e,56.0
hsa-mir-32,33.0
hsa-mir-365a,40.0
hsa-mir-33a,103.0
hsa-mir-15a,124.0
hsa-mir-7-1,84.0
hsa-mir-1249,1.0
hsa-mir-199b,66.0
hsa-mir-27a,115.0
hsa-mir-323b,33.0
hsa-mir-1275,2.0
hsa-mir-449a,32.0
hsa-mir-449b,15.0
hsa-mir-219a-2,1.0
hsa-mir-3664,2.0
hsa-mir-218-2,200.0
hsa-mir-4423,1.0
hsa-mir-217,97.0
hsa-mir-507,5.0
hsa-mir-466,8.0
hsa-mir-218-1,210.0
hsa-mir-455,34.0
hsa-mir-137,44.0
hsa-mir-802,12.0
hsa-mir-216a,47.0
hsa-mir-296,16.0
hsa-mir-195,139.0
hsa-mir-190a,6.0
hsa-mir-30d,31.0
hsa-mir-30c-2,28.0
hsa-mir-338,52.0
hsa-mir-4778,1.0
hsa-mir-511,9.0
hsa-mir-3928,1.0
hsa-mir-503,57.0
hsa-mir-1248,1.0
hsa-mir-616,12.0
hsa-mir-3065,5.0
hsa-mir-670,2.0
hsa-mir-323a,26.0
hsa-mir-944,12.0
hsa-mir-3171,5.0
hsa-mir-4449,3.0
hsa-mir-708,48.0
hsa-mir-3923,5.0
hsa-mir-1292,1.0
hsa-mir-760,20.0
hsa-mir-376b,3.0
hsa-mir-409,12.0
hsa-mir-487b,11.0
hsa-mir-134,49.0
hsa-mir-382,30.0
hsa-mir-410,14.0
hsa-mir-431,7.0
hsa-mir-1323,6.0
hsa-mir-541,2.0
hsa-mir-4736,1.0
hsa-mir-4443,1.0
hsa-mir-449c,9.0
hsa-mir-376a-2,34.0
hsa-mir-493,10.0
hsa-mir-496,1.0
hsa-mir-154,29.0
hsa-mir-561,6.0
hsa-mir-765,2.0
hsa-mir-1266,5.0
hsa-mir-1915,4.0
hsa-mir-3131,1.0
hsa-mir-578,1.0
hsa-mir-190b,2.0
hsa-mir-518d,1.0
hsa-mir-34c,75.0
hsa-mir-34b,108.0
hsa-mir-130a,29.0
hsa-mir-875,2.0
hsa-mir-4787,2.0
hsa-mir-302a,28.0
hsa-mir-497,21.0
hsa-mir-494,48.0
hsa-mir-489,17.0
hsa-mir-656,1.0
hsa-mir-362,12.0
hsa-mir-584,21.0
hsa-mir-510,15.0
hsa-mir-487a,4.0
hsa-mir-377,41.0
hsa-mir-122,96.0
hsa-mir-629,6.0
hsa-mir-599,2.0
hsa-mir-500a,3.0
hsa-mir-4772,1.0
hsa-mir-302b,8.0
hsa-mir-299,17.0
hsa-mir-660,8.0
hsa-mir-7152,1.0
hsa-mir-433,5.0
hsa-mir-376c,15.0
hsa-mir-200c,179.0
hsa-mir-1304,1.0
hsa-mir-874,8.0
hsa-mir-185,18.0
hsa-mir-485,5.0
hsa-mir-432,4.0
hsa-mir-598,1.0
hsa-mir-651,2.0
hsa-mir-337,12.0
hsa-mir-221,123.0
hsa-mir-4649,1.0
hsa-mir-654,1.0
hsa-mir-370,14.0
hsa-mir-95,11.0
hsa-mir-618,2.0
hsa-mir-662,1.0
hsa-mir-4739,3.0
hsa-mir-1301,5.0
hsa-mir-636,5.0
hsa-mir-378f,20.0
hsa-mir-7-2,26.0
hsa-mir-548b,2.0
hsa-mir-488,14.0
hsa-mir-1468,2.0
hsa-mir-23a,97.0
hsa-mir-652,12.0
hsa-mir-361,13.0
hsa-mir-326,15.0
hsa-mir-22,53.0
hsa-mir-625,7.0
hsa-mir-181c,28.0
hsa-mir-505,12.0
hsa-mir-330,10.0
hsa-mir-1295b,1.0
hsa-mir-181a-2,69.0
hsa-mir-181d,16.0
hsa-mir-1277,1.0
hsa-mir-4726,1.0
hsa-mir-585,2.0
hsa-mir-658,1.0
hsa-mir-770,1.0
hsa-mir-671,6.0
hsa-mir-4446,1.0
hsa-mir-939,7.0
