Category,Term,Count,Percent,Fold,P-value,Bonferroni,FDR
HMDD,Adenocarcinoma,9,0.40909091,6.3338558,1.53E-06,0.000133,0.000686
HMDD,"Carcinoma, Renal Cell",6,0.54545455,8.44514107,1.59E-05,0.00138,0.00356
HMDD,Breast Neoplasms,14,0.17948718,2.77895668,6.69E-05,0.00582,0.01
HMDD,Retinal Degeneration,4,0.66666667,10.32183908,0.00019448,0.0169,0.0175
HMDD,Colorectal Neoplasms,5,0.38461538,5.95490716,0.0007103,0.0618,0.0532
HMDD,"Arrhythmias, Cardiac",2,1,15.48275862,0.00403675,0.3512,0.151
HMDD,"Lymphoma, T-Cell",2,1,15.48275862,0.00403675,0.3512,0.1648
HMDD,Heart Failure,13,0.12745098,1.97329277,0.00530962,0.4619,0.1589
HMDD,Stomach Neoplasms,7,0.18918919,2.92917055,0.00592244,0.5153,0.1662
HMDD,Adrenocortical Carcinoma,8,0.17021277,2.63536317,0.00619378,0.5389,0.1636
HMDD,"Hepatitis, Chronic",2,0.66666667,10.32183908,0.01162258,1,0.2174
HMDD,Musculoskeletal Abnormalities,2,0.66666667,10.32183908,0.01162258,1,0.2269
HMDD,"Carcinoma, Hepatocellular",6,0.18181818,2.81504702,0.01378536,1,0.2476
HMDD,Medulloblastoma,4,0.23529412,3.64300203,0.0186227,1,0.3216
HMDD,Hypertension,2,0.5,7.74137931,0.02231249,1,0.371
HMDD,Head and Neck Neoplasms,5,0.17857143,2.76477833,0.02705237,1,0.4188
HMDD,Ovarian Neoplasms,8,0.13333333,2.06436782,0.0277099,1,0.4147
HMDD,Lung Neoplasms,9,0.125,1.93534483,0.02844607,1,0.412
HMDD,Melanoma,7,0.14,2.16758621,0.03143871,1,0.4411
HMDD,Neoplasms,7,0.1372549,2.12508452,0.03477877,1,0.4732
HMDD,Endometriosis,4,0.18181818,2.81504702,0.04553652,1,0.5679
HMDD,Prostatic Neoplasms,5,0.14705882,2.27687627,0.05796653,1,0.6849
HMDD,Retinal Neovascularization,2,0.28571429,4.42364532,0.06913051,1,0.7959
HMDD,ACTH-Secreting Pituitary Adenoma,2,0.25,3.87068966,0.08853201,1,0.9938
HMDD,"Hepatitis C, Chronic",2,0.18181818,2.81504702,0.15424897,1,1
HMDD,Uterine Cervical Neoplasms,2,0.18181818,2.81504702,0.15424897,1,1
HMDD,"Cardiomyopathy, Hypertrophic",2,0.16666667,2.58045977,0.1779076,1,1
HMDD,Lymphoma,2,0.16666667,2.58045977,0.1779076,1,1
HMDD,Cholangiocarcinoma,1,0.33333333,5.16091954,0.18189751,1,1
HMDD,Myocardial Infarction,1,0.33333333,5.16091954,0.18189751,1,1
HMDD,Pre-Eclampsia,1,0.33333333,5.16091954,0.18189751,1,1
HMDD,Colonic Neoplasms,4,0.10810811,1.67381174,0.20830659,1,1
HMDD,Autistic Disorder,3,0.09677419,1.49833148,0.32310778,1,1
HMDD,Precursor B-Cell Lymphoblastic Leukemia-Lymphoma,1,0.16666667,2.58045977,0.33164476,1,1
HMDD,Hepatitis B,1,0.14285714,2.21182266,0.37539713,1,1
HMDD,Neurodegenerative Diseases,1,0.14285714,2.21182266,0.37539713,1,1
HMDD,Urinary Bladder Neoplasms,1,0.14285714,2.21182266,0.37539713,1,1
HMDD,Waldenstrom Macroglobulinemia,1,0.14285714,2.21182266,0.37539713,1,1
HMDD,"Carcinoma, Non-Small-Cell Lung",1,0.1,1.54827586,0.49069314,1,1
HMDD,"Leukemia, B-Cell",1,0.09090909,1.40752351,0.52433755,1,1
HMDD,Hepatitis C,1,0.08333333,1.29022989,0.55583119,1,1
HMDD,Azoospermia,1,0.07692308,1.19098143,0.58530692,1,1
HMDD,Thyroid Neoplasms,1,0.07142857,1.10591133,0.61288972,1,1
HMDD,"Leukemia, Myeloid, Acute",1,0.0625,0.96767241,0.66283943,1,1
HMDD,Lupus Vulgaris,3,0.05357143,0.8294335,0.72825548,1,1
HMDD,Salivary Gland Neoplasms,1,0.04761905,0.73727422,0.76199891,1,1
HMDD,Schizophrenia,1,0.04761905,0.73727422,0.76199891,1,1
HMDD,"Muscular Disorders, Atrophic",2,0.04166667,0.64511494,0.84083366,1,1
HMDD,Pancreatic Neoplasms,1,0.02702703,0.41845294,0.924148,1,1
