Category,Term,Count,Percent,Fold,P-value,Bonferroni,FDR
HMDD,"Carcinoma, Renal Cell",9,0.81818182,5.83116883,5.50E-07,7.27E-05,0.000245
HMDD,Cholangiocarcinoma,3,1,7.12698413,0.0026499,0.3524,0.1983
HMDD,Waldenstrom Macroglobulinemia,4,0.57142857,4.07256236,0.00892319,1,0.4452
HMDD,Salivary Gland Neoplasms,7,0.33333333,2.37566138,0.01788002,1,0.7298
HMDD,Neutropenia,2,1,7.12698413,0.01941815,1,0.5129
HMDD,Parkinson Disease,2,1,7.12698413,0.01941815,1,0.4844
HMDD,Thyroid Neoplasms,5,0.35714286,2.54535147,0.03381468,1,0.7591
HMDD,"Lymphoma, Large B-Cell, Diffuse",2,0.66666667,4.75132275,0.05295465,1,1
HMDD,Myocardial Infarction,2,0.66666667,4.75132275,0.05295465,1,1
HMDD,Skin Neoplasms,2,0.5,3.56349206,0.09637914,1,1
HMDD,Glioma,2,0.4,2.85079365,0.14634171,1,1
HMDD,Psoriasis,2,0.4,2.85079365,0.14634171,1,1
HMDD,"Hepatitis C, Chronic",3,0.27272727,1.94372294,0.19040539,1,1
HMDD,Adrenocortical Carcinoma,9,0.19148936,1.36474164,0.19524319,1,1
HMDD,Retinal Degeneration,2,0.33333333,2.37566138,0.20021463,1,1
HMDD,"Muscular Disorders, Atrophic",9,0.1875,1.33630952,0.21383692,1,1
HMDD,Hepatitis B,2,0.28571429,2.03628118,0.25596034,1,1
HMDD,Cerebellar Neoplasms,1,0.5,3.56349206,0.26120546,1,1
HMDD,"Dermatitis, Atopic",1,0.5,3.56349206,0.26120546,1,1
HMDD,"Hamartoma Syndrome, Multiple",1,0.5,3.56349206,0.26120546,1,1
HMDD,"Lymphoma, T-Cell",1,0.5,3.56349206,0.26120546,1,1
HMDD,"Neoplasms, Germ Cell and Embryonal",1,0.5,3.56349206,0.26120546,1,1
HMDD,Testicular Neoplasms,1,0.5,3.56349206,0.26120546,1,1
HMDD,Breast Neoplasms,13,0.16666667,1.18783069,0.28199583,1,1
HMDD,ACTH-Secreting Pituitary Adenoma,2,0.25,1.78174603,0.31202136,1,1
HMDD,"Leukemia, Lymphocytic, Chronic, B-Cell",4,0.19047619,1.35752079,0.33825486,1,1
HMDD,Astrocytoma,1,0.33333333,2.37566138,0.36533086,1,1
HMDD,Burkitt Lymphoma,1,0.33333333,2.37566138,0.36533086,1,1
HMDD,"Hepatitis, Chronic",1,0.33333333,2.37566138,0.36533086,1,1
HMDD,Musculoskeletal Abnormalities,1,0.33333333,2.37566138,0.36533086,1,1
HMDD,Pre-Eclampsia,1,0.33333333,2.37566138,0.36533086,1,1
HMDD,Adenocarcinoma,4,0.18181818,1.2958153,0.37296855,1,1
HMDD,Endometriosis,4,0.18181818,1.2958153,0.37296855,1,1
HMDD,"Leukemia, Myeloid, Acute",3,0.1875,1.33630952,0.39453132,1,1
HMDD,Leukemia,2,0.2,1.42539683,0.42072676,1,1
HMDD,Polycythemia Vera,2,0.2,1.42539683,0.42072676,1,1
HMDD,Neoplasms,8,0.15686275,1.11795829,0.42606498,1,1
HMDD,Brain Neoplasms,1,0.25,1.78174603,0.45498144,1,1
HMDD,Glioblastoma,1,0.25,1.78174603,0.45498144,1,1
HMDD,Hypertension,1,0.25,1.78174603,0.45498144,1,1
HMDD,Heart Failure,15,0.14705882,1.0480859,0.46720455,1,1
HMDD,"Leukemia, B-Cell",2,0.18181818,1.2958153,0.47190928,1,1
HMDD,Uterine Cervical Neoplasms,2,0.18181818,1.2958153,0.47190928,1,1
HMDD,Hepatitis C,2,0.16666667,1.18783069,0.52036909,1,1
HMDD,Myeloproliferative Disorders,1,0.2,1.42539683,0.53214137,1,1
HMDD,Azoospermia,2,0.15384615,1.0964591,0.56585497,1,1
HMDD,Colorectal Neoplasms,2,0.15384615,1.0964591,0.56585497,1,1
HMDD,Head and Neck Neoplasms,4,0.14285714,1.01814059,0.57199644,1,1
HMDD,Precursor B-Cell Lymphoblastic Leukemia-Lymphoma,1,0.16666667,1.18783069,0.59852671,1,1
HMDD,Pancreatic Neoplasms,5,0.13513514,0.96310596,0.61597669,1,1
HMDD,Ovarian Neoplasms,8,0.13333333,0.95026455,0.63114171,1,1
HMDD,Hodgkin Disease,2,0.13333333,0.95026455,0.64747911,1,1
HMDD,Retinal Neovascularization,1,0.14285714,1.01814059,0.65562111,1,1
HMDD,Urinary Bladder Neoplasms,1,0.14285714,1.01814059,0.65562111,1,1
HMDD,Autistic Disorder,4,0.12903226,0.91961086,0.65808509,1,1
HMDD,"Carcinoma, Hepatocellular",4,0.12121212,0.86387686,0.70884947,1,1
HMDD,Lung Neoplasms,9,0.125,0.89087302,0.71653207,1,1
HMDD,"Carcinoma, Non-Small-Cell Lung",1,0.1,0.71269841,0.78313206,1,1
HMDD,Colonic Neoplasms,4,0.10810811,0.77048477,0.79390125,1,1
HMDD,Stomach Neoplasms,4,0.10810811,0.77048477,0.79390125,1,1
HMDD,Lupus Vulgaris,6,0.10714286,0.76360544,0.83357399,1,1
HMDD,"Cardiomyopathy, Hypertrophic",1,0.08333333,0.59391534,0.84097118,1,1
HMDD,Melanoma,5,0.1,0.71269841,0.8637928,1,1
HMDD,"Lymphoma, B-Cell",1,0.05882353,0.41923436,0.92726557,1,1
HMDD,Medulloblastoma,1,0.05882353,0.41923436,0.92726557,1,1
HMDD,Schizophrenia,1,0.04761905,0.3393802,0.96137446,1,1
HMDD,Prostatic Neoplasms,2,0.05882353,0.41923436,0.96663803,1,1
