Category,Term,Count,Percent,Fold,P-value,Bonferroni,FDR
HMDD,Retinal Degeneration,5,0.83333333,4.45436508,0.00106089,0.1464,0.1191
HMDD,"Hepatitis, Chronic",3,1,5.3452381,0.00635828,0.8774,0.4078
HMDD,Musculoskeletal Abnormalities,3,1,5.3452381,0.00635828,0.8774,0.4758
HMDD,Adrenocortical Carcinoma,15,0.31914894,1.70592705,0.01551719,1,0.8709
HMDD,Heart Failure,26,0.25490196,1.36251167,0.03434447,1,1
HMDD,"Arrhythmias, Cardiac",2,1,5.3452381,0.03466036,1,0.8646
HMDD,Cerebellar Neoplasms,2,1,5.3452381,0.03466036,1,0.9154
HMDD,"Neoplasms, Germ Cell and Embryonal",2,1,5.3452381,0.03466036,1,0.7781
HMDD,Testicular Neoplasms,2,1,5.3452381,0.03466036,1,0.8191
HMDD,Endometriosis,8,0.36363636,1.94372294,0.03569731,1,0.6969
HMDD,Azoospermia,5,0.38461538,2.05586081,0.07528424,1,1
HMDD,Colorectal Neoplasms,5,0.38461538,2.05586081,0.07528424,1,1
HMDD,Myocardial Infarction,2,0.66666667,3.56349206,0.09126452,1,1
HMDD,Adenocarcinoma,7,0.31818182,1.70075758,0.0953657,1,1
HMDD,"Carcinoma, Renal Cell",4,0.36363636,1.94372294,0.13112856,1,1
HMDD,"Hepatitis C, Chronic",4,0.36363636,1.94372294,0.13112856,1,1
HMDD,Hypertension,2,0.5,2.67261905,0.1605602,1,1
HMDD,ACTH-Secreting Pituitary Adenoma,3,0.375,2.00446429,0.17373165,1,1
HMDD,Ovarian Neoplasms,14,0.23333333,1.24722222,0.20647565,1,1
HMDD,"Carcinoma, Hepatocellular",8,0.24242424,1.2958153,0.26096348,1,1
HMDD,Breast Neoplasms,17,0.21794872,1.16498779,0.26674459,1,1
HMDD,Liver Neoplasms,2,0.33333333,1.78174603,0.31274063,1,1
HMDD,Uterine Cervical Neoplasms,3,0.27272727,1.45779221,0.33927084,1,1
HMDD,Barrett Esophagus,1,0.5,2.67261905,0.33950445,1,1
HMDD,"Dermatitis, Atopic",1,0.5,2.67261905,0.33950445,1,1
HMDD,Obesity,1,0.5,2.67261905,0.33950445,1,1
HMDD,Parkinson Disease,1,0.5,2.67261905,0.33950445,1,1
HMDD,Rectal Neoplasms,1,0.5,2.67261905,0.33950445,1,1
HMDD,Lung Neoplasms,15,0.20833333,1.11359127,0.35937959,1,1
HMDD,"Cardiomyopathy, Hypertrophic",3,0.25,1.33630952,0.39582091,1,1
HMDD,Medulloblastoma,4,0.23529412,1.25770308,0.39669747,1,1
HMDD,Burkitt Lymphoma,1,0.33333333,1.78174603,0.46362442,1,1
HMDD,Cholangiocarcinoma,1,0.33333333,1.78174603,0.46362442,1,1
HMDD,Pre-Eclampsia,1,0.33333333,1.78174603,0.46362442,1,1
HMDD,Melanoma,10,0.2,1.06904762,0.46511873,1,1
HMDD,Neoplasms,10,0.19607843,1.0480859,0.49379477,1,1
HMDD,Colonic Neoplasms,7,0.18918919,1.01126126,0.55848943,1,1
HMDD,Glioblastoma,1,0.25,1.33630952,0.56464583,1,1
HMDD,Schizophrenia,4,0.19047619,1.01814059,0.57570824,1,1
HMDD,Head and Neck Neoplasms,5,0.17857143,0.9545068,0.62813376,1,1
HMDD,Lupus Vulgaris,10,0.17857143,0.9545068,0.62985673,1,1
HMDD,Prostatic Neoplasms,6,0.17647059,0.94327731,0.63948669,1,1
HMDD,"Leukemia, B-Cell",2,0.18181818,0.97186147,0.64133097,1,1
HMDD,Multiple Myeloma,1,0.2,1.06904762,0.64682505,1,1
HMDD,Psoriasis,1,0.2,1.06904762,0.64682505,1,1
HMDD,Hepatitis C,2,0.16666667,0.89087302,0.69043298,1,1
HMDD,"Muscular Disorders, Atrophic",8,0.16666667,0.89087302,0.71114601,1,1
HMDD,Hematologic Neoplasms,1,0.16666667,0.89087302,0.71364193,1,1
HMDD,"Leukemia, Myeloid",1,0.16666667,0.89087302,0.71364193,1,1
HMDD,"Leukemia-Lymphoma, Adult T-Cell",1,0.16666667,0.89087302,0.71364193,1,1
HMDD,Precursor B-Cell Lymphoblastic Leukemia-Lymphoma,1,0.16666667,0.89087302,0.71364193,1,1
HMDD,Hepatitis B,1,0.14285714,0.76360544,0.76794007,1,1
HMDD,Neurodegenerative Diseases,1,0.14285714,0.76360544,0.76794007,1,1
HMDD,Urinary Bladder Neoplasms,1,0.14285714,0.76360544,0.76794007,1,1
HMDD,Waldenstrom Macroglobulinemia,1,0.14285714,0.76360544,0.76794007,1,1
HMDD,Thyroid Neoplasms,2,0.14285714,0.76360544,0.77222242,1,1
HMDD,Hodgkin Disease,2,0.13333333,0.71269841,0.80567147,1,1
HMDD,Digestive System Neoplasms,1,0.125,0.66815476,0.81204196,1,1
HMDD,"Leukemia, Myeloid, Acute",2,0.125,0.66815476,0.83473845,1,1
HMDD,Stomach Neoplasms,5,0.13513514,0.72232947,0.85858103,1,1
HMDD,"Lymphoma, B-Cell",2,0.11764706,0.62885154,0.85987166,1,1
HMDD,"Carcinoma, Non-Small-Cell Lung",1,0.1,0.53452381,0.87689155,1,1
HMDD,"Lymphoma, Primary Effusion",1,0.09090909,0.48593074,0.90044761,1,1
HMDD,Pituitary Neoplasms,1,0.09090909,0.48593074,0.90044761,1,1
HMDD,"Sarcoma, Kaposi",1,0.09090909,0.48593074,0.90044761,1,1
HMDD,Lymphoma,1,0.08333333,0.44543651,0.91953985,1,1
HMDD,"Leukemia, Lymphocytic, Chronic, B-Cell",2,0.0952381,0.50907029,0.92939449,1,1
HMDD,Salivary Gland Neoplasms,2,0.0952381,0.50907029,0.92939449,1,1
HMDD,Autistic Disorder,1,0.03225806,0.17242704,0.99873413,1,1
HMDD,Pancreatic Neoplasms,1,0.02702703,0.14446589,0.99967352,1,1
