Category,Term,Count,Percent,Fold,P-value,Bonferroni,FDR
HMDD,Adenocarcinoma,1,0.04545455,0.58311688,0.83965862,1.0,1.0
HMDD,Adrenocortical Carcinoma,4,0.08510638,1.09179331,0.51101711,1.0,1.0
HMDD,"Arrhythmias, Cardiac",2,1.0,12.82857143,0.00591592,0.4674,0.4427
HMDD,Azoospermia,4,0.30769231,3.94725275,0.01339317,1.0,0.7517
HMDD,Breast Neoplasms,8,0.1025641,1.31575092,0.24709938,1.0,1.0
HMDD,"Carcinoma, Hepatocellular",3,0.09090909,1.16623377,0.48544814,1.0,1.0
HMDD,"Cardiomyopathy, Hypertrophic",2,0.16666667,2.13809524,0.23853874,1.0,1.0
HMDD,Cerebellar Neoplasms,1,0.5,6.41428571,0.14998608,1.0,1.0
HMDD,Colonic Neoplasms,2,0.05405405,0.69343629,0.80762181,1.0,1.0
HMDD,Colorectal Neoplasms,1,0.07692308,0.98681319,0.65699722,1.0,1.0
HMDD,Endometriosis,2,0.09090909,1.16623377,0.52550374,1.0,1.0
HMDD,"Hamartoma Syndrome, Multiple",1,0.5,6.41428571,0.14998608,1.0,1.0
HMDD,Head and Neck Neoplasms,4,0.14285714,1.83265306,0.16467065,1.0,1.0
HMDD,Heart Failure,14,0.13725489999999999,1.76078431,0.01292633,1.0,0.8291
HMDD,Hematologic Neoplasms,2,0.33333333,4.27619048,0.07262749,1.0,1.0
HMDD,Hepatitis C,1,0.08333333,1.06904762,0.62713379,1.0,1.0
HMDD,"Hepatitis C, Chronic",1,0.09090909,1.16623377,0.59475087,1.0,1.0
HMDD,Hodgkin Disease,2,0.13333333,1.71047619,0.32917691,1.0,1.0
HMDD,Hypertension,2,0.5,6.41428571,0.03209559,1.0,1.0
HMDD,"Leukemia, B-Cell",2,0.18181818,2.33246753,0.20856049,1.0,1.0
HMDD,"Leukemia, Lymphocytic, Chronic, B-Cell",1,0.04761905,0.61088435,0.82537885,1.0,1.0
HMDD,"Leukemia, Myeloid",2,0.33333333,4.27619048,0.07262749,1.0,1.0
HMDD,"Leukemia-Lymphoma, Adult T-Cell",2,0.33333333,4.27619048,0.07262749,1.0,1.0
HMDD,Liver Neoplasms,1,0.16666667,2.13809524,0.38724498,1.0,1.0
HMDD,Lung Neoplasms,4,0.05555556,0.71269841,0.84547297,1.0,1.0
HMDD,Lupus Vulgaris,3,0.05357143,0.6872449,0.84040835,1.0,1.0
HMDD,Lymphoma,2,0.16666667,2.13809524,0.23853874,1.0,1.0
HMDD,"Lymphoma, B-Cell",3,0.17647059,2.26386555,0.13857115,1.0,1.0
HMDD,Medulloblastoma,2,0.11764706,1.5092437,0.38839535,1.0,1.0
HMDD,Melanoma,5,0.1,1.28285714,0.34779041,1.0,1.0
HMDD,Multiple Myeloma,1,0.2,2.56571429,0.33480873,1.0,1.0
HMDD,"Muscular Disorders, Atrophic",2,0.04166667,0.53452381,0.90984104,1.0,1.0
HMDD,Musculoskeletal Abnormalities,2,0.66666667,8.55238095,0.01687428,1.0,0.7577
HMDD,Myocardial Infarction,1,0.33333333,4.27619048,0.21654198,1.0,1.0
HMDD,Neoplasms,4,0.07843137,1.00616246,0.58068611,1.0,1.0
HMDD,"Neoplasms, Germ Cell and Embryonal",1,0.5,6.41428571,0.14998608,1.0,1.0
HMDD,Neurodegenerative Diseases,1,0.14285714,1.83265306,0.43565678,1.0,1.0
HMDD,Ovarian Neoplasms,6,0.1,1.28285714,0.31951526,1.0,1.0
HMDD,Precursor Cell Lymphoblastic Leukemia-Lymphoma,1,0.16666667,2.13809524,0.38724498,1.0,1.0
HMDD,Prostatic Neoplasms,1,0.02941176,0.37731092,0.94334535,1.0,1.0
HMDD,Retinal Degeneration,1,0.16666667,2.13809524,0.38724498,1.0,1.0
HMDD,Salivary Gland Neoplasms,1,0.04761905,0.61088435,0.82537885,1.0,1.0
HMDD,Schizophrenia,1,0.04761905,0.61088435,0.82537885,1.0,1.0
HMDD,Stomach Neoplasms,3,0.08108108,1.04015444,0.56716236,1.0,1.0
HMDD,Testicular Neoplasms,1,0.5,6.41428571,0.14998608,1.0,1.0
