Category,Term,Count,Percent,Fold,P-value,Bonferroni,FDR
HMDD,Heart Failure,25,0.24509804,1.39302556,0.0287679,1,1
HMDD,Retinal Degeneration,3,0.5,2.84177215,0.0702774,1,1
HMDD,"Leukemia, Promyelocytic, Acute",2,0.33333333,1.89451477,0.28537978,1,1
HMDD,"Carcinoma, Renal Cell",3,0.27272727,1.55005754,0.30229925,1,1
HMDD,"Hepatitis C, Chronic",3,0.27272727,1.55005754,0.30229925,1,1
HMDD,Barrett Esophagus,1,0.5,2.84177215,0.32125955,1,1
HMDD,Cerebellar Neoplasms,1,0.5,2.84177215,0.32125955,1,1
HMDD,"Neoplasms, Germ Cell and Embryonal",1,0.5,2.84177215,0.32125955,1,1
HMDD,Neutropenia,1,0.5,2.84177215,0.32125955,1,1
HMDD,Rectal Neoplasms,1,0.5,2.84177215,0.32125955,1,1
HMDD,Testicular Neoplasms,1,0.5,2.84177215,0.32125955,1,1
HMDD,Retinal Neovascularization,2,0.28571429,1.6238698,0.35646553,1,1
HMDD,Waldenstrom Macroglobulinemia,2,0.28571429,1.6238698,0.35646553,1,1
HMDD,"Hepatitis, Chronic",1,0.33333333,1.89451477,0.44121591,1,1
HMDD,Brain Neoplasms,1,0.25,1.42088608,0.54019336,1,1
HMDD,Glioblastoma,1,0.25,1.42088608,0.54019336,1,1
HMDD,Medulloblastoma,3,0.17647059,1.00297841,0.60038591,1,1
HMDD,Multiple Myeloma,1,0.2,1.13670886,0.62182196,1,1
HMDD,Hepatitis C,2,0.16666667,0.94725738,0.65425797,1,1
HMDD,Azoospermia,2,0.15384615,0.87439143,0.69901879,1,1
HMDD,Colorectal Neoplasms,2,0.15384615,0.87439143,0.69901879,1,1
HMDD,Neoplasms,8,0.15686275,0.89153636,0.70955854,1,1
HMDD,Hepatitis B,1,0.14285714,0.8119349,0.7445512,1,1
HMDD,Neurodegenerative Diseases,1,0.14285714,0.8119349,0.7445512,1,1
HMDD,Adrenocortical Carcinoma,7,0.14893617,0.84648532,0.75748942,1,1
HMDD,Hodgkin Disease,2,0.13333333,0.75780591,0.77433316,1,1
HMDD,Adenocarcinoma,3,0.13636364,0.77502877,0.77721655,1,1
HMDD,Endometriosis,3,0.13636364,0.77502877,0.77721655,1,1
HMDD,"Leukemia, Myeloid, Acute",2,0.125,0.71044304,0.80552122,1,1
HMDD,Lupus Vulgaris,8,0.14285714,0.8119349,0.80944336,1,1
HMDD,Leukemia,1,0.1,0.56835443,0.85870958,1,1
HMDD,Prostatic Neoplasms,4,0.11764706,0.66865227,0.88188221,1,1
HMDD,Thyroid Neoplasms,1,0.07142857,0.40596745,0.93629781,1,1
HMDD,Lung Neoplasms,8,0.11111111,0.63150492,0.96497736,1,1
HMDD,Stomach Neoplasms,3,0.08108108,0.46082792,0.97425175,1,1
HMDD,Breast Neoplasms,8,0.1025641,0.58292762,0.98353863,1,1
HMDD,Schizophrenia,1,0.04761905,0.27064497,0.9845056,1,1
HMDD,Pancreatic Neoplasms,2,0.05405405,0.30721861,0.99459213,1,1
HMDD,"Carcinoma, Hepatocellular",1,0.03030303,0.17222862,0.99870793,1,1
HMDD,"Muscular Disorders, Atrophic",2,0.04166667,0.23681435,0.99934216,1,1
HMDD,Colonic Neoplasms,1,0.02702703,0.15360931,0.99944543,1,1
HMDD,Melanoma,2,0.04,0.22734177,0.99955728,1,1
HMDD,Ovarian Neoplasms,2,0.03333333,0.18945148,0.99994217,1,1
