Category,Term,Count,Percent,Fold,P-value,Bonferroni,FDR
HMDD,ACTH-Secreting Pituitary Adenoma,7,0.875,2.9990457999999998,0.00096727,0.1925,0.0128
HMDD,Acquired Immunodeficiency Syndrome,1,0.33333333,1.14249364,0.64572412,1.0,1.0
HMDD,Adenocarcinoma,13,0.59090909,2.02532963,0.0026233,0.522,0.0318
HMDD,Adrenocortical Carcinoma,30,0.63829787,2.18775378,1.8e-07,3.6e-05,2.0300000000000002e-05
HMDD,Alzheimer Disease,4,0.57142857,1.95856052,0.11387084,1.0,0.4525
HMDD,"Arrhythmias, Cardiac",2,1.0,3.42748092,0.08466234,1.0,0.4044
HMDD,Asthma,2,0.66666667,2.28498728,0.20512152,1.0,0.7368
HMDD,Astrocytoma,1,0.33333333,1.14249364,0.64572412,1.0,1.0
HMDD,Autistic Disorder,16,0.51612903,1.76902241,0.00544631,1.0,0.0582
HMDD,Azoospermia,6,0.46153846,1.58191427,0.14558487,1.0,0.5635
HMDD,Barrett Esophagus,2,1.0,3.42748092,0.08466234,1.0,0.396
HMDD,Brain Neoplasms,2,0.5,1.71374046,0.33354829,1.0,1.0
HMDD,Breast Neoplasms,37,0.47435897,1.62585633,0.00012976,0.0258,0.0029100000000000003
HMDD,Burkitt Lymphoma,2,0.66666667,2.28498728,0.20512152,1.0,0.7309
HMDD,"Carcinoma, Hepatocellular",23,0.6969696999999999,2.38885034,6.3e-07,0.000126,4.05e-05
HMDD,"Carcinoma, Non-Small-Cell Lung",6,0.6,2.05648855,0.03978387,1.0,0.2481
HMDD,"Carcinoma, Renal Cell",8,0.72727273,2.49271339,0.00316243,0.6293,0.0355
HMDD,"Cardiomyopathy, Hypertrophic",7,0.58333333,1.99936387,0.03140002,1.0,0.2014
HMDD,Cholangiocarcinoma,3,1.0,3.42748092,0.02443276,1.0,0.1688
HMDD,Colonic Neoplasms,26,0.7027026999999999,2.4085001,7e-08,1.47e-05,1.11e-05
HMDD,Colorectal Neoplasms,10,0.76923077,2.63652378,0.00041886,0.0834,0.0072299999999999994
HMDD,"Dermatitis, Atopic",2,1.0,3.42748092,0.08466234,1.0,0.3919
HMDD,Digestive System Neoplasms,5,0.625,2.14217557,0.05021611,1.0,0.3089
HMDD,Endometriosis,18,0.81818182,2.80430257,2.3e-07,4.52e-05,2.0399999999999998e-05
HMDD,Glioblastoma,1,0.25,0.85687023,0.74978273,1.0,1.0
HMDD,Glioma,2,0.4,1.37099237,0.45514487,1.0,1.0
HMDD,"Hamartoma Syndrome, Multiple",2,1.0,3.42748092,0.08466234,1.0,0.3879
HMDD,Head and Neck Neoplasms,14,0.5,1.71374046,0.01344416,1.0,0.1139
HMDD,Heart Failure,44,0.43137255,1.47852118,0.00043166,0.0859,0.00718
HMDD,Hematologic Neoplasms,6,1.0,3.42748092,0.00056791,0.113,0.0085
HMDD,Hepatitis B,6,0.85714286,2.93784079,0.00301389,0.5998,0.0356
HMDD,Hepatitis C,6,0.5,1.71374046,0.10223584,1.0,0.4135
HMDD,"Hepatitis C, Chronic",9,0.81818182,2.80430257,0.00038856,0.0773,0.00698
HMDD,"Hepatitis, Chronic",3,1.0,3.42748092,0.02443276,1.0,0.1714
HMDD,Hodgkin Disease,10,0.66666667,2.28498728,0.00247577,0.4927,0.0309
HMDD,Hypertension,2,0.5,1.71374046,0.33354829,1.0,1.0
HMDD,Leukemia,7,0.7,2.39923664,0.00828718,1.0,0.0792
HMDD,"Leukemia, B-Cell",10,0.90909091,3.11589174,2.866e-05,0.0057,0.00107
HMDD,"Leukemia, Lymphocytic, Chronic, B-Cell",11,0.52380952,1.79534715,0.01893472,1.0,0.1466
HMDD,"Leukemia, Myeloid",6,1.0,3.42748092,0.00056791,0.113,0.00797
HMDD,"Leukemia, Myeloid, Acute",8,0.5,1.71374046,0.06071296,1.0,0.3635
HMDD,"Leukemia, Promyelocytic, Acute",2,0.33333333,1.14249364,0.56297967,1.0,1.0
HMDD,"Leukemia-Lymphoma, Adult T-Cell",6,1.0,3.42748092,0.00056791,0.113,0.00823
HMDD,Liver Neoplasms,5,0.83333333,2.8562341,0.00916768,1.0,0.0807
HMDD,Lung Neoplasms,45,0.625,2.14217557,0.0,2.1e-08,4.7300000000000007e-08
HMDD,Lupus Vulgaris,15,0.26785714,0.91807525,0.71431374,1.0,1.0
HMDD,Lymphoma,10,0.83333333,2.8562341,0.00012891,0.0257,0.00305
HMDD,"Lymphoma, B-Cell",13,0.76470588,2.62101482,5.343e-05,0.0106,0.0015
HMDD,"Lymphoma, Large B-Cell, Diffuse",1,0.33333333,1.14249364,0.64572412,1.0,1.0
HMDD,"Lymphoma, Mantle-Cell",2,1.0,3.42748092,0.08466234,1.0,0.384
HMDD,"Lymphoma, Primary Effusion",6,0.54545455,1.86953505,0.06681793,1.0,0.3846
HMDD,"Lymphoma, T-Cell",2,1.0,3.42748092,0.08466234,1.0,0.4132
HMDD,Marek Disease,2,0.5,1.71374046,0.33354829,1.0,1.0
HMDD,Medulloblastoma,13,0.76470588,2.62101482,5.343e-05,0.0106,0.00141
HMDD,Melanoma,26,0.52,1.78229008,0.00026739,0.0532,0.005220000000000001
HMDD,Multiple Myeloma,4,0.8,2.74198473,0.02705564,1.0,0.1813
HMDD,"Muscular Disorders, Atrophic",27,0.5625,1.92795802,2.97e-05,0.00591,0.0009519999999999999
HMDD,Musculoskeletal Abnormalities,2,0.66666667,2.28498728,0.20512152,1.0,0.7488
HMDD,Myeloproliferative Disorders,4,0.8,2.74198473,0.02705564,1.0,0.1786
HMDD,Myocardial Infarction,2,0.66666667,2.28498728,0.20512152,1.0,0.7549
HMDD,Neoplasms,31,0.60784314,2.08337075,5.6e-07,0.00011100000000000001,4.1899999999999995e-05
HMDD,Neurodegenerative Diseases,7,1.0,3.42748092,0.00016025,0.0319,0.00343
HMDD,Neutropenia,2,1.0,3.42748092,0.08466234,1.0,0.4001
HMDD,Obesity,2,1.0,3.42748092,0.08466234,1.0,0.4087
HMDD,Ovarian Neoplasms,34,0.56666667,1.94223919,1.49e-06,0.000297,8.37e-05
HMDD,Pancreatic Neoplasms,20,0.54054054,1.85269239,0.00081398,0.162,0.0111
HMDD,Parkinson Disease,1,0.5,1.71374046,0.49885659,1.0,1.0
HMDD,Pituitary Neoplasms,7,0.63636364,2.18112422,0.01725548,1.0,0.1409
HMDD,Polycythemia Vera,5,0.5,1.71374046,0.13397397,1.0,0.5231
HMDD,Pre-Eclampsia,2,0.66666667,2.28498728,0.20512152,1.0,0.7427
HMDD,Precursor B-Cell Lymphoblastic Leukemia-Lymphoma,3,0.5,1.71374046,0.23947526,1.0,0.8146
HMDD,Precursor Cell Lymphoblastic Leukemia-Lymphoma,5,0.83333333,2.8562341,0.00916768,1.0,0.0823
HMDD,Prostatic Neoplasms,17,0.5,1.71374046,0.00633432,1.0,0.0661
HMDD,Psoriasis,3,0.6,2.05648855,0.15115342,1.0,0.5703
HMDD,Rectal Neoplasms,1,0.5,1.71374046,0.49885659,1.0,1.0
HMDD,Retinal Degeneration,5,0.83333333,2.8562341,0.00916768,1.0,0.084
HMDD,Retinal Neovascularization,4,0.57142857,1.95856052,0.11387084,1.0,0.4485
HMDD,Salivary Gland Neoplasms,11,0.52380952,1.79534715,0.01893472,1.0,0.1518
HMDD,"Sarcoma, Kaposi",6,0.54545455,1.86953505,0.06681793,1.0,0.3798
HMDD,Schizophrenia,11,0.52380952,1.79534715,0.01893472,1.0,0.1492
HMDD,Stomach Neoplasms,18,0.48648649,1.66742315,0.00716357,1.0,0.0715
HMDD,Thyroid Neoplasms,7,0.5,1.71374046,0.07858941,1.0,0.4356
HMDD,Urinary Bladder Neoplasms,4,0.57142857,1.95856052,0.11387084,1.0,0.4565
HMDD,Uterine Cervical Neoplasms,9,0.81818182,2.80430257,0.00038856,0.0773,0.00727
HMDD,Waldenstrom Macroglobulinemia,2,0.28571429,0.97928026,0.65470011,1.0,1.0
