Category,Term,Count,Percent,Fold,P-value,Bonferroni,FDR
HMDD,Waldenstrom Macroglobulinemia,7,1,3.09655172,0.00033144,0.0626,0.1488
HMDD,Adrenocortical Carcinoma,26,0.55319149,1.71298606,0.00048175,0.0911,0.1082
HMDD,Neoplasms,25,0.49019608,1.51791751,0.0062625,1,0.4017
HMDD,Endometriosis,13,0.59090909,1.82978056,0.007277,1,0.4084
HMDD,Salivary Gland Neoplasms,12,0.57142857,1.76945813,0.01424287,1,0.5814
HMDD,Retinal Degeneration,5,0.83333333,2.58045977,0.01481855,1,0.5545
HMDD,Adenocarcinoma,12,0.54545455,1.68902821,0.02260192,1,0.7806
HMDD,"Muscular Disorders, Atrophic",22,0.45833333,1.41925287,0.02700609,1,0.8661
HMDD,"Carcinoma, Renal Cell",7,0.63636364,1.97053292,0.03082141,1,0.9226
HMDD,"Hepatitis C, Chronic",7,0.63636364,1.97053292,0.03082141,1,0.8649
HMDD,Musculoskeletal Abnormalities,3,1,3.09655172,0.03320738,1,0.7847
HMDD,Pre-Eclampsia,3,1,3.09655172,0.03320738,1,0.7455
HMDD,"Carcinoma, Hepatocellular",15,0.45454545,1.40752351,0.0709897,1,1
HMDD,Breast Neoplasms,31,0.3974359,1.23068081,0.07985114,1,1
HMDD,"Leukemia, Lymphocytic, Chronic, B-Cell",10,0.47619048,1.47454844,0.09908649,1,1
HMDD,Hypertension,3,0.75,2.32241379,0.10111127,1,1
HMDD,"Arrhythmias, Cardiac",2,1,3.09655172,0.1038021,1,0.8631
HMDD,Barrett Esophagus,2,1,3.09655172,0.1038021,1,0.8474
HMDD,Cerebellar Neoplasms,2,1,3.09655172,0.1038021,1,0.8963
HMDD,"Lymphoma, T-Cell",2,1,3.09655172,0.1038021,1,0.9139
HMDD,"Neoplasms, Germ Cell and Embryonal",2,1,3.09655172,0.1038021,1,0.8036
HMDD,Obesity,2,1,3.09655172,0.1038021,1,0.8794
HMDD,Parkinson Disease,2,1,3.09655172,0.1038021,1,0.8323
HMDD,Testicular Neoplasms,2,1,3.09655172,0.1038021,1,0.8177
HMDD,"Leukemia, Myeloid, Acute",8,0.5,1.54827586,0.10423698,1,0.7429
HMDD,Uterine Cervical Neoplasms,6,0.54545455,1.68902821,0.10431736,1,0.7319
HMDD,Urinary Bladder Neoplasms,4,0.57142857,1.76945813,0.1559579,1,1
HMDD,Prostatic Neoplasms,14,0.41176471,1.27505071,0.16772808,1,1
HMDD,Heart Failure,37,0.3627451,1.12325896,0.19502657,1,1
HMDD,Schizophrenia,9,0.42857143,1.3270936,0.20347596,1,1
HMDD,Acquired Immunodeficiency Syndrome,2,0.66666667,2.06436782,0.24499153,1,1
HMDD,Burkitt Lymphoma,2,0.66666667,2.06436782,0.24499153,1,1
HMDD,Cholangiocarcinoma,2,0.66666667,2.06436782,0.24499153,1,1
HMDD,"Hepatitis, Chronic",2,0.66666667,2.06436782,0.24499153,1,1
HMDD,"Lymphoma, Large B-Cell, Diffuse",2,0.66666667,2.06436782,0.24499153,1,1
HMDD,Myocardial Infarction,2,0.66666667,2.06436782,0.24499153,1,1
HMDD,Autistic Disorder,12,0.38709677,1.19866518,0.2725447,1,1
HMDD,Colonic Neoplasms,14,0.37837838,1.17166822,0.28062866,1,1
HMDD,Stomach Neoplasms,14,0.37837838,1.17166822,0.28062866,1,1
HMDD,Precursor Cell Lymphoblastic Leukemia-Lymphoma,3,0.5,1.54827586,0.29841127,1,1
HMDD,Hepatitis B,3,0.42857143,1.3270936,0.4052513,1,1
HMDD,Retinal Neovascularization,3,0.42857143,1.3270936,0.4052513,1,1
HMDD,Colorectal Neoplasms,5,0.38461538,1.19098143,0.41533096,1,1
HMDD,Head and Neck Neoplasms,10,0.35714286,1.10591133,0.41621401,1,1
HMDD,Lung Neoplasms,24,0.33333333,1.03218391,0.46839909,1,1
HMDD,Thyroid Neoplasms,5,0.35714286,1.10591133,0.49159029,1,1
HMDD,ACTH-Secreting Pituitary Adenoma,3,0.375,1.1612069,0.5067735,1,1
HMDD,Myeloproliferative Disorders,2,0.4,1.23862069,0.51906457,1,1
HMDD,"Carcinoma, Papillary",1,0.5,1.54827586,0.54207763,1,1
HMDD,Carotid Artery Diseases,1,0.5,1.54827586,0.54207763,1,1
HMDD,"Dermatitis, Atopic",1,0.5,1.54827586,0.54207763,1,1
HMDD,Rectal Neoplasms,1,0.5,1.54827586,0.54207763,1,1
HMDD,"Cardiomyopathy, Hypertrophic",4,0.33333333,1.03218391,0.57858335,1,1
HMDD,Lymphoma,4,0.33333333,1.03218391,0.57858335,1,1
HMDD,"Leukemia, Promyelocytic, Acute",2,0.33333333,1.03218391,0.62939122,1,1
HMDD,Liver Neoplasms,2,0.33333333,1.03218391,0.62939122,1,1
HMDD,Precursor B-Cell Lymphoblastic Leukemia-Lymphoma,2,0.33333333,1.03218391,0.62939122,1,1
HMDD,Asthma,1,0.33333333,1.03218391,0.69062068,1,1
HMDD,Astrocytoma,1,0.33333333,1.03218391,0.69062068,1,1
HMDD,"Lymphoma, B-Cell",5,0.29411765,0.91075051,0.69121816,1,1
HMDD,Medulloblastoma,5,0.29411765,0.91075051,0.69121816,1,1
HMDD,Ovarian Neoplasms,18,0.3,0.92896552,0.70784248,1,1
HMDD,Alzheimer Disease,2,0.28571429,0.88472906,0.71904719,1,1
HMDD,Neurodegenerative Diseases,2,0.28571429,0.88472906,0.71904719,1,1
HMDD,"Leukemia, B-Cell",3,0.27272727,0.84451411,0.74605117,1,1
HMDD,Hodgkin Disease,4,0.26666667,0.82574713,0.76985692,1,1
HMDD,Brain Neoplasms,1,0.25,0.77413793,0.79120364,1,1
HMDD,Marek Disease,1,0.25,0.77413793,0.79120364,1,1
HMDD,Hepatitis C,3,0.25,0.77413793,0.80187378,1,1
HMDD,Azoospermia,3,0.23076923,0.71458886,0.84709393,1,1
HMDD,Glioma,1,0.2,0.61931034,0.85923841,1,1
HMDD,Psoriasis,1,0.2,0.61931034,0.85923841,1,1
HMDD,"Carcinoma, Non-Small-Cell Lung",2,0.2,0.61931034,0.88594483,1,1
HMDD,Polycythemia Vera,2,0.2,0.61931034,0.88594483,1,1
HMDD,Hematologic Neoplasms,1,0.16666667,0.51609195,0.90520785,1,1
HMDD,"Leukemia, Myeloid",1,0.16666667,0.51609195,0.90520785,1,1
HMDD,"Leukemia-Lymphoma, Adult T-Cell",1,0.16666667,0.51609195,0.90520785,1,1
HMDD,"Lymphoma, Primary Effusion",2,0.18181818,0.5630094,0.91703231,1,1
HMDD,Pituitary Neoplasms,2,0.18181818,0.5630094,0.91703231,1,1
HMDD,"Sarcoma, Kaposi",2,0.18181818,0.5630094,0.91703231,1,1
HMDD,Lupus Vulgaris,14,0.25,0.77413793,0.92166594,1,1
HMDD,Melanoma,12,0.24,0.74317241,0.93492161,1,1
HMDD,Pancreatic Neoplasms,8,0.21621622,0.6695247,0.95285136,1,1
HMDD,Digestive System Neoplasms,1,0.125,0.38706897,0.95715313,1,1
