Category,Term,Count,Percent,Fold,P-value,Bonferroni,FDR,miRNA
Disease,"Adenocarcinoma, Colon",5,0.2173913,1.63043478,0.182,1.0,0.5447,"hsa-mir-30d,hsa-mir-429,hsa-mir-30a,hsa-mir-30b,hsa-mir-18a"
Disease,Adenovirus Infection,10,0.27777778,2.08333333,0.0152,1.0,0.0895,"hsa-mir-34a,hsa-mir-193b,hsa-mir-125b-1,hsa-mir-30c-1,hsa-mir-30a,hsa-mir-30b,hsa-mir-30c-2,hsa-mir-378a,hsa-mir-125b-2,hsa-mir-452"
Disease,Alcoholic Hepatitis,4,0.4,3.0,0.0334,1.0,0.1466,"hsa-mir-30a,hsa-mir-30b,hsa-mir-744,hsa-mir-34a"
Disease,"Aortic Aneurysm, Abdominal",6,0.28571429,2.14285714,0.0498,1.0,0.1929,"hsa-mir-30a,hsa-mir-769,hsa-mir-15a,hsa-mir-205,hsa-mir-362,hsa-mir-550a-2"
Disease,Aortic Stenosis,6,0.24,1.8,0.1038,1.0,0.3447,"hsa-mir-382,hsa-mir-30c-1,hsa-mir-31,hsa-mir-30a,hsa-mir-30b,hsa-mir-30c-2"
Disease,Atherosclerosis,23,0.24210526,1.81578947,0.00193,1.0,0.0177,"hsa-mir-33b,hsa-mir-30d,hsa-mir-100,hsa-mir-99a,hsa-mir-132,hsa-mir-432,hsa-mir-126,hsa-mir-134,hsa-mir-433,hsa-mir-127,hsa-mir-30c-1,hsa-mir-30a,hsa-mir-206,hsa-mir-378a,hsa-mir-10b,hsa-mir-410,hsa-mir-34a,hsa-mir-29c,hsa-mir-30b,hsa-mir-431,hsa-mir-17,hsa-mir-30c-2,hsa-mir-495"
Disease,Atrial Fibrillation,19,0.31666667,2.375,0.000125,0.0795,0.00198,"hsa-mir-199a-2,hsa-mir-3613,hsa-mir-29c,hsa-mir-126,hsa-mir-124-2,hsa-mir-106b,hsa-mir-892a,hsa-mir-15b,hsa-mir-30a,hsa-mir-124-1,hsa-mir-30b,hsa-mir-199b,hsa-mir-10b,hsa-mir-18a,hsa-mir-363,hsa-mir-377,hsa-mir-199a-1,hsa-mir-124-3,hsa-mir-93"
Disease,Autoimmune Diseases [unspecific],9,0.25,1.875,0.0405,1.0,0.1683,"hsa-mir-199a-2,hsa-mir-34a,hsa-mir-200c,hsa-mir-126,hsa-mir-31,hsa-mir-30a,hsa-mir-30b,hsa-mir-23b,hsa-mir-199a-1"
Disease,Bladder Outlet Obstruction,6,0.42857143,3.21428571,0.00613,1.0,0.0445,"hsa-mir-30a,hsa-mir-30d,hsa-mir-30b,hsa-mir-212,hsa-mir-29c,hsa-mir-132"
Disease,Breast Neoplasms,42,0.28378378,2.12837838,1.37e-07,8.690000000000001e-05,5.08e-06,"hsa-mir-200c,hsa-mir-124-2,hsa-mir-30d,hsa-mir-193b,hsa-mir-125b-1,hsa-mir-199b,hsa-mir-510,hsa-mir-493,hsa-mir-345,hsa-mir-383,hsa-mir-124-3,hsa-mir-132,hsa-mir-429,hsa-mir-127,hsa-mir-30c-1,hsa-mir-129-2,hsa-mir-30a,hsa-mir-335,hsa-mir-206,hsa-mir-10b,hsa-mir-18a,hsa-mir-15a,hsa-mir-34a,hsa-mir-106b,hsa-mir-30b,hsa-mir-214,hsa-mir-184,hsa-mir-125b-2,hsa-mir-205,hsa-mir-93,hsa-mir-199a-2,hsa-mir-342,hsa-mir-200a,hsa-mir-17,hsa-mir-200b,hsa-mir-31,hsa-mir-124-1,hsa-mir-30c-2,hsa-mir-141,hsa-mir-199a-1,hsa-mir-629,hsa-mir-197"
Disease,"Carcinoma, Breast",93,0.26724138,2.00431034,9.390000000000002e-19,5.95e-16,3.71e-16,"hsa-mir-33b,hsa-mir-125b-1,hsa-mir-409,hsa-mir-345,hsa-mir-376c,hsa-mir-124-3,hsa-mir-132,hsa-mir-128-2,hsa-mir-10b,hsa-mir-18a,hsa-mir-3923,hsa-mir-34a,hsa-mir-128-1,hsa-mir-184,hsa-mir-942,hsa-mir-342,hsa-mir-130b,hsa-mir-30c-2,hsa-mir-495,hsa-mir-506,hsa-mir-200c,hsa-mir-509-3,hsa-mir-23b,hsa-mir-493,hsa-mir-99a,hsa-mir-138-1,hsa-mir-376a-1,hsa-mir-126,hsa-mir-429,hsa-mir-127,hsa-mir-335,hsa-mir-410,hsa-mir-940,hsa-mir-744,hsa-mir-892a,hsa-mir-30b,hsa-mir-381,hsa-mir-421,hsa-mir-494,hsa-let-7c,hsa-mir-212,hsa-mir-200b,hsa-mir-760,hsa-mir-377,hsa-mir-92b,hsa-mir-197,hsa-mir-203a,hsa-mir-30d,hsa-mir-193b,hsa-mir-203b,hsa-mir-129-1,hsa-mir-330,hsa-mir-100,hsa-mir-411,hsa-mir-134,hsa-mir-129-2,hsa-mir-30a,hsa-mir-206,hsa-mir-378a,hsa-mir-15a,hsa-mir-3613,hsa-mir-139,hsa-mir-29c,hsa-mir-106b,hsa-mir-625,hsa-mir-125b-2,hsa-mir-363,hsa-mir-502,hsa-mir-205,hsa-mir-509-1,hsa-mir-31,hsa-mir-124-1,hsa-mir-141,hsa-mir-376a-2,hsa-mir-124-2,hsa-mir-199b,hsa-mir-510,hsa-mir-452,hsa-mir-4728,hsa-mir-30c-1,hsa-mir-379,hsa-mir-496,hsa-mir-509-2,hsa-mir-214,hsa-mir-370,hsa-mir-138-2,hsa-mir-485,hsa-mir-93,hsa-mir-199a-2,hsa-mir-200a,hsa-mir-17,hsa-mir-15b,hsa-mir-199a-1"
Disease,"Carcinoma, Colon",84,0.26666667,2.0,1.46e-14,9.24e-12,2.16e-12,"hsa-mir-203a,hsa-mir-362,hsa-mir-200c,hsa-mir-506,hsa-mir-124-2,hsa-mir-30d,hsa-mir-382,hsa-mir-203b,hsa-mir-129-1,hsa-mir-125b-1,hsa-mir-509-3,hsa-mir-330,hsa-mir-199b,hsa-mir-409,hsa-mir-100,hsa-mir-23b,hsa-mir-493,hsa-mir-345,hsa-mir-376c,hsa-mir-124-3,hsa-mir-99a,hsa-mir-138-1,hsa-mir-132,hsa-mir-128-2,hsa-mir-376a-1,hsa-mir-126,hsa-mir-429,hsa-mir-664a,hsa-mir-134,hsa-mir-127,hsa-mir-30c-1,hsa-mir-129-2,hsa-mir-30a,hsa-mir-335,hsa-mir-206,hsa-mir-378a,hsa-mir-10b,hsa-mir-18a,hsa-mir-15a,hsa-mir-410,hsa-mir-139,hsa-mir-34a,hsa-mir-29c,hsa-mir-892a,hsa-mir-106b,hsa-mir-301b,hsa-mir-509-2,hsa-mir-544a,hsa-mir-30b,hsa-mir-128-1,hsa-mir-214,hsa-mir-625,hsa-mir-138-2,hsa-mir-125b-2,hsa-mir-363,hsa-mir-370,hsa-mir-431,hsa-mir-502,hsa-mir-205,hsa-mir-93,hsa-mir-494,hsa-mir-425,hsa-mir-199a-2,hsa-mir-342,hsa-mir-200a,hsa-let-7c,hsa-mir-337,hsa-mir-17,hsa-mir-15b,hsa-mir-130b,hsa-mir-487b,hsa-mir-509-1,hsa-mir-200b,hsa-mir-1296,hsa-mir-31,hsa-mir-124-1,hsa-mir-30c-2,hsa-mir-154,hsa-mir-760,hsa-mir-141,hsa-mir-539,hsa-mir-376a-2,hsa-mir-199a-1,hsa-mir-197"
Disease,"Carcinoma, Gastric",78,0.28363636,2.12727273,5.81e-15,3.69e-12,9.84e-13,"hsa-mir-203a,hsa-mir-362,hsa-mir-33b,hsa-mir-200c,hsa-mir-506,hsa-mir-124-2,hsa-mir-193b,hsa-mir-203b,hsa-mir-129-1,hsa-mir-125b-1,hsa-mir-509-3,hsa-mir-942,hsa-mir-409,hsa-mir-100,hsa-mir-513b,hsa-mir-23b,hsa-mir-99a,hsa-mir-383,hsa-mir-124-3,hsa-mir-132,hsa-mir-128-2,hsa-mir-126,hsa-mir-429,hsa-mir-134,hsa-mir-127,hsa-mir-433,hsa-mir-129-2,hsa-mir-30a,hsa-mir-335,hsa-mir-206,hsa-mir-378a,hsa-mir-10b,hsa-mir-18a,hsa-mir-410,hsa-mir-139,hsa-mir-34a,hsa-mir-29c,hsa-mir-940,hsa-mir-106b,hsa-mir-500a,hsa-mir-508,hsa-mir-509-2,hsa-mir-544a,hsa-mir-30b,hsa-mir-128-1,hsa-mir-214,hsa-mir-625,hsa-mir-125b-2,hsa-mir-363,hsa-mir-370,hsa-mir-381,hsa-mir-421,hsa-mir-502,hsa-mir-205,hsa-mir-93,hsa-mir-494,hsa-mir-425,hsa-mir-199a-2,hsa-let-7c,hsa-mir-337,hsa-mir-17,hsa-mir-15b,hsa-mir-212,hsa-mir-543,hsa-mir-130b,hsa-mir-509-1,hsa-mir-200b,hsa-mir-1296,hsa-mir-31,hsa-mir-124-1,hsa-mir-760,hsa-mir-141,hsa-mir-377,hsa-mir-495,hsa-mir-199a-1,hsa-mir-629,hsa-mir-92b,hsa-mir-197"
Disease,"Carcinoma, Hepatocellular",89,0.26253687,1.96902655,3.86e-16,2.45e-13,1.1400000000000002e-13,"hsa-mir-203a,hsa-mir-3144,hsa-mir-362,hsa-mir-33b,hsa-mir-200c,hsa-mir-506,hsa-mir-30d,hsa-mir-193b,hsa-mir-203b,hsa-mir-129-1,hsa-mir-125b-1,hsa-mir-509-3,hsa-mir-942,hsa-mir-330,hsa-mir-199b,hsa-mir-100,hsa-mir-345,hsa-mir-99a,hsa-mir-411,hsa-mir-138-1,hsa-mir-452,hsa-mir-132,hsa-mir-128-2,hsa-mir-432,hsa-mir-376a-1,hsa-mir-655,hsa-mir-126,hsa-mir-429,hsa-mir-134,hsa-mir-127,hsa-mir-30c-1,hsa-mir-129-2,hsa-mir-30a,hsa-mir-335,hsa-mir-206,hsa-mir-378a,hsa-mir-10b,hsa-mir-18a,hsa-mir-15a,hsa-mir-410,hsa-mir-139,hsa-mir-34a,hsa-mir-501,hsa-mir-29c,hsa-mir-935,hsa-mir-940,hsa-mir-744,hsa-mir-106b,hsa-mir-379,hsa-mir-508,hsa-mir-509-2,hsa-mir-30b,hsa-mir-128-1,hsa-mir-214,hsa-mir-625,hsa-mir-184,hsa-mir-138-2,hsa-mir-125b-2,hsa-mir-363,hsa-mir-370,hsa-mir-431,hsa-mir-433,hsa-mir-485,hsa-mir-502,hsa-mir-205,hsa-mir-494,hsa-mir-93,hsa-mir-425,hsa-mir-199a-2,hsa-mir-342,hsa-mir-200a,hsa-let-7c,hsa-mir-17,hsa-mir-15b,hsa-mir-212,hsa-mir-130b,hsa-mir-509-1,hsa-mir-200b,hsa-mir-31,hsa-mir-30c-2,hsa-mir-154,hsa-mir-760,hsa-mir-141,hsa-mir-539,hsa-mir-377,hsa-mir-376a-2,hsa-mir-199a-1,hsa-mir-92b,hsa-mir-197"
Disease,"Carcinoma, Lung",62,0.29107981,2.18309859,6.230000000000001e-12,3.95e-09,6.149999999999999e-10,"hsa-mir-203a,hsa-mir-33b,hsa-mir-506,hsa-mir-200c,hsa-mir-124-2,hsa-mir-30d,hsa-mir-450a-2,hsa-mir-203b,hsa-mir-129-1,hsa-mir-125b-1,hsa-mir-509-3,hsa-mir-769,hsa-mir-100,hsa-mir-493,hsa-mir-99a,hsa-mir-383,hsa-mir-124-3,hsa-mir-138-1,hsa-mir-132,hsa-mir-126,hsa-mir-134,hsa-mir-127,hsa-mir-30c-1,hsa-mir-129-2,hsa-mir-30a,hsa-mir-335,hsa-mir-206,hsa-mir-378a,hsa-mir-10b,hsa-mir-15a,hsa-mir-410,hsa-mir-3662,hsa-mir-139,hsa-mir-34a,hsa-mir-29c,hsa-mir-301b,hsa-mir-30b,hsa-mir-214,hsa-mir-370,hsa-mir-138-2,hsa-mir-125b-2,hsa-mir-205,hsa-mir-93,hsa-mir-494,hsa-mir-199a-2,hsa-mir-342,hsa-mir-200a,hsa-let-7c,hsa-mir-17,hsa-mir-212,hsa-mir-130b,hsa-mir-487b,hsa-mir-200b,hsa-mir-299,hsa-mir-31,hsa-mir-124-1,hsa-mir-30c-2,hsa-mir-154,hsa-mir-141,hsa-mir-495,hsa-mir-199a-1,hsa-mir-197"
Disease,"Carcinoma, Lung, Small-Cell",5,0.23809524,1.78571429,0.1364,1.0,0.4243,"hsa-mir-30a,hsa-mir-30b,hsa-mir-30d,hsa-mir-335,hsa-mir-495"
Disease,"Carcinoma, Lung. Non-Small-Cell",69,0.31506849,2.3630137,1.3900000000000001e-15,8.79e-13,3.2799999999999997e-13,"hsa-mir-203a,hsa-mir-200c,hsa-mir-124-2,hsa-mir-30d,hsa-mir-193b,hsa-mir-382,hsa-mir-203b,hsa-mir-129-1,hsa-mir-125b-1,hsa-mir-509-3,hsa-mir-330,hsa-mir-23b,hsa-mir-541,hsa-mir-99a,hsa-mir-124-3,hsa-mir-138-1,hsa-mir-452,hsa-mir-132,hsa-mir-128-2,hsa-mir-376a-1,hsa-mir-126,hsa-mir-429,hsa-mir-134,hsa-mir-127,hsa-mir-30c-1,hsa-mir-129-2,hsa-mir-30a,hsa-mir-378a,hsa-mir-10b,hsa-mir-18a,hsa-mir-15a,hsa-mir-1304,hsa-mir-139,hsa-mir-34a,hsa-mir-29c,hsa-mir-301b,hsa-mir-379,hsa-mir-500a,hsa-mir-509-2,hsa-mir-30b,hsa-mir-128-1,hsa-mir-214,hsa-mir-184,hsa-mir-138-2,hsa-mir-125b-2,hsa-mir-370,hsa-mir-502,hsa-mir-205,hsa-mir-494,hsa-mir-199a-2,hsa-mir-342,hsa-mir-200a,hsa-let-7c,hsa-mir-17,hsa-mir-212,hsa-mir-543,hsa-mir-509-1,hsa-mir-200b,hsa-mir-31,hsa-mir-124-1,hsa-mir-30c-2,hsa-mir-141,hsa-mir-377,hsa-mir-376a-2,hsa-mir-199a-1,hsa-mir-495,hsa-mir-92b,hsa-mir-197,hsa-mir-585"
Disease,"Carcinoma, Nasopharyngeal",34,0.29824561,2.23684211,8.140000000000001e-07,0.000516,2.68e-05,"hsa-mir-203a,hsa-mir-200c,hsa-mir-506,hsa-mir-124-2,hsa-mir-30d,hsa-mir-203b,hsa-mir-125b-1,hsa-mir-199b,hsa-mir-23b,hsa-mir-124-3,hsa-mir-138-1,hsa-mir-134,hsa-mir-30a,hsa-mir-378a,hsa-mir-10b,hsa-mir-18a,hsa-mir-15a,hsa-mir-34a,hsa-mir-29c,hsa-mir-940,hsa-mir-744,hsa-mir-30b,hsa-mir-214,hsa-mir-184,hsa-mir-138-2,hsa-mir-125b-2,hsa-mir-205,hsa-mir-93,hsa-mir-494,hsa-mir-200a,hsa-let-7c,hsa-mir-200b,hsa-mir-31,hsa-mir-124-1"
Disease,"Carcinoma, Ovarian",64,0.32989691,2.4742268,2.0300000000000002e-15,1.29e-12,4.02e-13,"hsa-mir-203a,hsa-mir-506,hsa-mir-200c,hsa-mir-30d,hsa-mir-193b,hsa-mir-382,hsa-mir-203b,hsa-mir-129-1,hsa-mir-125b-1,hsa-mir-509-3,hsa-mir-199b,hsa-mir-510,hsa-mir-409,hsa-mir-100,hsa-mir-23b,hsa-mir-99a,hsa-mir-383,hsa-mir-411,hsa-mir-138-1,hsa-mir-132,hsa-mir-128-2,hsa-mir-432,hsa-mir-376a-1,hsa-mir-429,hsa-mir-134,hsa-mir-127,hsa-mir-433,hsa-mir-129-2,hsa-mir-30a,hsa-mir-335,hsa-mir-206,hsa-mir-378a,hsa-mir-3613,hsa-mir-34a,hsa-mir-940,hsa-mir-106b,hsa-mir-509-2,hsa-mir-128-1,hsa-mir-214,hsa-mir-184,hsa-mir-370,hsa-mir-138-2,hsa-mir-125b-2,hsa-mir-381,hsa-mir-485,hsa-mir-205,hsa-mir-93,hsa-mir-494,hsa-mir-199a-2,hsa-mir-200a,hsa-mir-17,hsa-mir-15b,hsa-mir-212,hsa-mir-543,hsa-mir-130b,hsa-mir-509-1,hsa-mir-200b,hsa-mir-31,hsa-mir-760,hsa-mir-141,hsa-mir-376a-2,hsa-mir-199a-1,hsa-mir-92b,hsa-mir-197"
Disease,"Carcinoma, Ovarian, Serous",6,0.25,1.875,0.0882,1.0,0.3084,"hsa-mir-508,hsa-mir-509-3,hsa-mir-509-1,hsa-mir-509-2,hsa-mir-30a,hsa-mir-510"
Disease,"Carcinoma, Pancreatic",49,0.29518072,2.21385542,1.6699999999999998e-09,1.06e-06,9.89e-08,"hsa-mir-506,hsa-mir-200c,hsa-mir-124-2,hsa-mir-193b,hsa-mir-330,hsa-mir-100,hsa-mir-23b,hsa-mir-345,hsa-mir-99a,hsa-mir-323a,hsa-mir-124-3,hsa-mir-138-1,hsa-mir-126,hsa-mir-429,hsa-mir-127,hsa-mir-30c-1,hsa-mir-30a,hsa-mir-335,hsa-mir-206,hsa-mir-10b,hsa-mir-18a,hsa-mir-4787,hsa-mir-15a,hsa-mir-410,hsa-mir-139,hsa-mir-34a,hsa-mir-29c,hsa-mir-940,hsa-mir-744,hsa-mir-301b,hsa-mir-30b,hsa-mir-214,hsa-mir-138-2,hsa-mir-205,hsa-mir-93,hsa-mir-494,hsa-mir-200a,hsa-let-7c,hsa-mir-17,hsa-mir-15b,hsa-mir-212,hsa-mir-130b,hsa-mir-200b,hsa-mir-124-1,hsa-mir-30c-2,hsa-mir-323b,hsa-mir-141,hsa-mir-377,hsa-mir-1247"
Disease,"Carcinoma, Prostate",81,0.3151751,2.36381323,4.890000000000001e-19,3.1e-16,2.9e-16,"hsa-mir-203a,hsa-mir-200c,hsa-mir-124-2,hsa-mir-30d,hsa-mir-193b,hsa-mir-382,hsa-mir-665,hsa-mir-129-1,hsa-mir-125b-1,hsa-mir-409,hsa-mir-100,hsa-mir-23b,hsa-mir-345,hsa-mir-541,hsa-mir-99a,hsa-mir-323a,hsa-mir-376c,hsa-mir-124-3,hsa-mir-138-1,hsa-mir-383,hsa-mir-452,hsa-mir-132,hsa-mir-128-2,hsa-mir-376a-1,hsa-mir-126,hsa-mir-429,hsa-mir-134,hsa-mir-30c-1,hsa-mir-129-2,hsa-mir-30a,hsa-mir-335,hsa-mir-378a,hsa-mir-18a,hsa-mir-15a,hsa-mir-410,hsa-mir-139,hsa-mir-34a,hsa-mir-29c,hsa-mir-513c,hsa-mir-940,hsa-mir-106b,hsa-mir-301b,hsa-mir-500a,hsa-mir-3677,hsa-mir-128-1,hsa-mir-214,hsa-mir-138-2,hsa-mir-125b-2,hsa-mir-370,hsa-mir-381,hsa-mir-502,hsa-mir-485,hsa-mir-205,hsa-mir-93,hsa-mir-494,hsa-mir-199a-2,hsa-mir-342,hsa-mir-200a,hsa-let-7c,hsa-mir-17,hsa-mir-15b,hsa-mir-212,hsa-mir-543,hsa-mir-130b,hsa-mir-487b,hsa-mir-654,hsa-mir-200b,hsa-mir-299,hsa-mir-31,hsa-mir-124-1,hsa-mir-30c-2,hsa-mir-154,hsa-mir-323b,hsa-mir-141,hsa-mir-377,hsa-mir-495,hsa-mir-376a-2,hsa-mir-199a-1,hsa-mir-1247,hsa-mir-92b,hsa-mir-197"
Disease,"Carcinoma, Renal Cell",42,0.35294118,2.64705882,6.199999999999999e-11,3.93e-08,5.25e-09,"hsa-mir-203a,hsa-mir-362,hsa-mir-200c,hsa-mir-124-2,hsa-mir-193b,hsa-mir-509-3,hsa-mir-510,hsa-mir-124-3,hsa-mir-138-1,hsa-mir-452,hsa-mir-126,hsa-mir-429,hsa-mir-134,hsa-mir-30c-1,hsa-mir-129-2,hsa-mir-30a,hsa-mir-206,hsa-mir-378a,hsa-mir-15a,hsa-mir-34a,hsa-mir-106b,hsa-mir-509-2,hsa-mir-30b,hsa-mir-214,hsa-mir-184,hsa-mir-138-2,hsa-mir-363,hsa-mir-381,hsa-mir-502,hsa-mir-205,hsa-mir-93,hsa-mir-199a-2,hsa-mir-200a,hsa-let-7c,hsa-mir-17,hsa-mir-509-1,hsa-mir-200b,hsa-mir-124-1,hsa-mir-30c-2,hsa-mir-141,hsa-mir-495,hsa-mir-199a-1"
Disease,"Carcinoma, Renal Cell, Clear-Cell",25,0.43103448,3.23275862,8.190000000000001e-09,5.19e-06,4.41e-07,"hsa-mir-425,hsa-mir-199a-2,hsa-mir-34a,hsa-mir-506,hsa-mir-126,hsa-mir-124-2,hsa-mir-106b,hsa-mir-429,hsa-mir-125b-1,hsa-mir-299,hsa-mir-30a,hsa-mir-335,hsa-mir-124-1,hsa-mir-30c-2,hsa-mir-10b,hsa-mir-125b-2,hsa-mir-23b,hsa-mir-141,hsa-mir-377,hsa-mir-502,hsa-mir-199a-1,hsa-mir-629,hsa-mir-124-3,hsa-mir-487a,hsa-mir-452"
Disease,"Carcinoma, Thyroid, Papillary",10,0.17857143,1.33928571,0.20199999999999999,1.0,0.5837,"hsa-mir-34a,hsa-mir-126,hsa-mir-130b,hsa-mir-31,hsa-mir-30a,hsa-mir-30c-2,hsa-mir-199b,hsa-mir-214,hsa-mir-99a,hsa-mir-197"
Disease,"Carcinoma, Urothelial",4,0.26666667,2.0,0.1279,1.0,0.4119,"hsa-mir-129-2,hsa-mir-30a,hsa-mir-99a,hsa-mir-100"
Disease,Cardiomyopathy,7,0.29166667,2.1875,0.0313,1.0,0.1386,"hsa-mir-200a,hsa-mir-29c,hsa-mir-200c,hsa-mir-30d,hsa-mir-200b,hsa-mir-30a,hsa-mir-30b"
Disease,"Cardiomyopathy, Hypertrophic",16,0.29090909,2.18181818,0.00128,0.8143,0.013999999999999999,"hsa-mir-199a-2,hsa-mir-34a,hsa-mir-29c,hsa-mir-30d,hsa-mir-15b,hsa-mir-125b-1,hsa-mir-30a,hsa-mir-30b,hsa-mir-214,hsa-mir-184,hsa-mir-10b,hsa-mir-125b-2,hsa-mir-23b,hsa-mir-199a-1,hsa-mir-99a,hsa-mir-383"
Disease,Celiac Disease,3,0.3,2.25,0.1377,1.0,0.4272,"hsa-mir-30a,hsa-mir-17,hsa-mir-31"
Disease,Chondrosarcoma,14,0.66666667,5.0,1.66e-08,1.05e-05,8.19e-07,"hsa-mir-129-2,hsa-mir-30a,hsa-mir-199a-2,hsa-mir-23b,hsa-mir-199a-1,hsa-mir-206,hsa-mir-138-1,hsa-mir-129-1,hsa-mir-200b,hsa-mir-100,hsa-mir-494,hsa-mir-138-2,hsa-mir-126,hsa-mir-141"
Disease,Chronic Hepatitis C,10,0.27777778,2.08333333,0.0152,1.0,0.0895,"hsa-mir-199a-2,hsa-mir-193b,hsa-mir-17,hsa-mir-30c-1,hsa-mir-30a,hsa-mir-30b,hsa-mir-30c-2,hsa-mir-431,hsa-mir-199a-1,hsa-mir-99a"
Disease,Diabetes Mellitus,17,0.22972973,1.72297297,0.0134,1.0,0.0849,"hsa-mir-34a,hsa-mir-342,hsa-mir-200a,hsa-mir-29c,hsa-mir-200c,hsa-mir-30d,hsa-mir-429,hsa-mir-17,hsa-mir-550a-3,hsa-mir-130b,hsa-mir-200b,hsa-mir-30a,hsa-mir-30b,hsa-mir-370,hsa-mir-23b,hsa-mir-495,hsa-mir-550a-2"
Disease,"Diabetes Mellitus, Type 2",39,0.26530612,1.98979592,3.12e-06,0.00198,9.25e-05,"hsa-mir-33b,hsa-mir-200c,hsa-mir-124-2,hsa-mir-30d,hsa-mir-665,hsa-mir-550a-3,hsa-mir-409,hsa-mir-23b,hsa-mir-376c,hsa-mir-124-3,hsa-mir-383,hsa-mir-138-1,hsa-mir-550a-2,hsa-mir-376b,hsa-mir-132,hsa-mir-128-2,hsa-mir-376a-1,hsa-mir-126,hsa-mir-30a,hsa-mir-206,hsa-mir-18a,hsa-mir-15a,hsa-mir-410,hsa-mir-34a,hsa-mir-29c,hsa-mir-128-1,hsa-mir-214,hsa-mir-138-2,hsa-mir-93,hsa-mir-199a-2,hsa-mir-200a,hsa-let-7c,hsa-mir-15b,hsa-mir-212,hsa-mir-200b,hsa-mir-124-1,hsa-mir-376a-2,hsa-mir-199a-1,hsa-mir-197"
Disease,Diabetic Nephropathy,13,0.54166667,4.0625,1.76e-06,0.00112,5.5e-05,"hsa-mir-34a,hsa-mir-342,hsa-mir-124-2,hsa-mir-130b,hsa-mir-125b-1,hsa-mir-30c-1,hsa-mir-30a,hsa-mir-124-1,hsa-mir-30c-2,hsa-mir-214,hsa-mir-125b-2,hsa-mir-23b,hsa-mir-124-3"
Disease,Ectopic Pregnancy,4,0.30769231,2.30769231,0.0826,1.0,0.2923,"hsa-mir-30a,hsa-mir-323b,hsa-mir-323a,hsa-mir-337"
Disease,Epilepsy,12,0.44444444,3.33333333,6.07e-05,0.0385,0.00109,"hsa-mir-139,hsa-mir-34a,hsa-mir-342,hsa-mir-124-2,hsa-mir-106b,hsa-mir-30a,hsa-mir-124-1,hsa-mir-30b,hsa-mir-323a,hsa-mir-15a,hsa-mir-124-3,hsa-mir-132"
Disease,Focal Segmental Glomerulosclerosis,6,0.35294118,2.64705882,0.0179,1.0,0.0906,"hsa-mir-30a,hsa-mir-30b,hsa-mir-30c-2,hsa-mir-30d,hsa-mir-342,hsa-mir-30c-1"
Disease,Giant Cell Tumor of Bone,6,0.85714286,6.42857143,3.2200000000000003e-05,0.0204,0.000681,"hsa-mir-30a,hsa-mir-106b,hsa-mir-376a-2,hsa-mir-376a-1,hsa-mir-127,hsa-mir-126"
Disease,Glaucoma,8,0.27586207,2.06896552,0.0302,1.0,0.1358,"hsa-mir-29c,hsa-mir-30d,hsa-mir-450a-2,hsa-mir-30a,hsa-mir-184,hsa-mir-3074,hsa-mir-205,hsa-mir-93"
Disease,Glioblastoma,50,0.29585799,2.21893491,9.6e-10,6.09e-07,6.32e-08,"hsa-mir-203a,hsa-mir-200c,hsa-mir-506,hsa-mir-577,hsa-mir-124-2,hsa-mir-193b,hsa-mir-203b,hsa-mir-129-1,hsa-mir-125b-1,hsa-mir-330,hsa-mir-100,hsa-mir-124-3,hsa-mir-452,hsa-mir-128-2,hsa-mir-126,hsa-mir-429,hsa-mir-134,hsa-mir-127,hsa-mir-129-2,hsa-mir-30a,hsa-mir-206,hsa-mir-10b,hsa-mir-18a,hsa-mir-15a,hsa-mir-139,hsa-mir-29c,hsa-mir-513c,hsa-mir-30b,hsa-mir-128-1,hsa-mir-125b-2,hsa-mir-431,hsa-mir-205,hsa-mir-93,hsa-mir-494,hsa-mir-425,hsa-mir-199a-2,hsa-let-7c,hsa-mir-17,hsa-mir-15b,hsa-mir-212,hsa-mir-130b,hsa-mir-299,hsa-mir-31,hsa-mir-124-1,hsa-mir-154,hsa-mir-377,hsa-mir-199a-1,hsa-mir-1247,hsa-mir-92b,hsa-mir-197"
Disease,Glioma,62,0.29807692,2.23557692,1.8100000000000002e-12,1.15e-09,1.95e-10,"hsa-mir-203a,hsa-mir-200c,hsa-mir-506,hsa-mir-124-2,hsa-mir-193b,hsa-mir-203b,hsa-mir-125b-1,hsa-mir-23b,hsa-mir-323a,hsa-mir-124-3,hsa-mir-383,hsa-mir-138-1,hsa-mir-132,hsa-mir-128-2,hsa-mir-126,hsa-mir-429,hsa-mir-134,hsa-mir-127,hsa-mir-129-2,hsa-mir-30a,hsa-mir-335,hsa-mir-378a,hsa-mir-10b,hsa-mir-18a,hsa-mir-15a,hsa-mir-329-2,hsa-mir-329-1,hsa-mir-410,hsa-mir-139,hsa-mir-34a,hsa-mir-29c,hsa-mir-106b,hsa-mir-508,hsa-mir-30b,hsa-mir-128-1,hsa-mir-214,hsa-mir-184,hsa-mir-138-2,hsa-mir-125b-2,hsa-mir-363,hsa-mir-370,hsa-mir-381,hsa-mir-205,hsa-mir-93,hsa-mir-494,hsa-mir-425,hsa-mir-199a-2,hsa-mir-342,hsa-mir-200a,hsa-mir-17,hsa-mir-15b,hsa-mir-130b,hsa-mir-200b,hsa-mir-31,hsa-mir-124-1,hsa-mir-154,hsa-mir-323b,hsa-mir-141,hsa-mir-495,hsa-mir-199a-1,hsa-mir-92b,hsa-mir-197"
Disease,Graft-Versus-Host Disease,7,0.38888889,2.91666667,0.00579,1.0,0.0431,"hsa-mir-30a,hsa-mir-199a-2,hsa-mir-377,hsa-mir-199a-1,hsa-mir-411,hsa-mir-93,hsa-mir-200b"
Disease,Heart Failure,36,0.3,2.25,2.98e-07,0.00018899999999999999,1.04e-05,"hsa-mir-30d,hsa-mir-665,hsa-mir-382,hsa-mir-129-1,hsa-mir-125b-1,hsa-mir-199b,hsa-mir-23b,hsa-mir-132,hsa-mir-126,hsa-mir-429,hsa-mir-30c-1,hsa-mir-129-2,hsa-mir-30a,hsa-mir-378a,hsa-mir-10b,hsa-mir-139,hsa-mir-34a,hsa-mir-106b,hsa-mir-500a,hsa-mir-30b,hsa-mir-214,hsa-mir-125b-2,hsa-mir-205,hsa-mir-494,hsa-mir-425,hsa-mir-199a-2,hsa-mir-342,hsa-let-7c,hsa-mir-17,hsa-mir-212,hsa-mir-130b,hsa-mir-299,hsa-mir-30c-2,hsa-mir-539,hsa-mir-377,hsa-mir-199a-1"
Disease,Hepatitis B Virus Infection,21,0.31343284,2.35074627,6.32e-05,0.0401,0.00112,"hsa-mir-425,hsa-mir-203a,hsa-mir-29c,hsa-let-7c,hsa-mir-126,hsa-mir-124-2,hsa-mir-106b,hsa-mir-15b,hsa-mir-125b-1,hsa-mir-31,hsa-mir-30a,hsa-mir-124-1,hsa-mir-323b,hsa-mir-370,hsa-mir-125b-2,hsa-mir-18a,hsa-mir-141,hsa-mir-99a,hsa-mir-15a,hsa-mir-124-3,hsa-mir-205"
Disease,Hepatitis C Virus Infection,19,0.2183908,1.63793103,0.0157,1.0,0.0912,"hsa-mir-758,hsa-mir-124-2,hsa-mir-125b-1,hsa-mir-99a,hsa-mir-124-3,hsa-mir-126,hsa-mir-134,hsa-mir-30a,hsa-mir-34a,hsa-mir-125b-2,hsa-mir-199a-2,hsa-mir-369,hsa-mir-200a,hsa-let-7c,hsa-mir-17,hsa-mir-200b,hsa-mir-124-1,hsa-mir-199a-1,hsa-mir-629"
Disease,Hypertension,10,0.25641026,1.92307692,0.0265,1.0,0.1224,"hsa-mir-425,hsa-mir-199a-2,hsa-mir-139,hsa-mir-17,hsa-mir-15b,hsa-mir-31,hsa-mir-30a,hsa-mir-214,hsa-mir-199a-1,hsa-mir-15a"
Disease,Idiopathic Pulmonary Fibrosis,2,0.13333333,1.0,0.615,1.0,1.0,"hsa-mir-30a,hsa-mir-34a"
Disease,Influenza,9,0.34615385,2.59615385,0.0044,1.0,0.0338,"hsa-mir-34a,hsa-mir-29c,hsa-mir-126,hsa-mir-30d,hsa-mir-17,hsa-mir-132,hsa-mir-30a,hsa-mir-30b,hsa-mir-376c"
Disease,Kidney Injury,13,0.46428571,3.48214286,1.62e-05,0.0103,0.00037,"hsa-let-7c,hsa-mir-200c,hsa-mir-126,hsa-mir-30d,hsa-mir-382,hsa-mir-125b-1,hsa-mir-30c-1,hsa-mir-127,hsa-mir-30a,hsa-mir-30b,hsa-mir-30c-2,hsa-mir-125b-2,hsa-mir-494"
Disease,"Leukemia, Myeloid, Acute",40,0.33613445,2.5210084,1.16e-09,7.359999999999999e-07,7.24e-08,"hsa-mir-203a,hsa-mir-200c,hsa-mir-124-2,hsa-mir-382,hsa-mir-203b,hsa-mir-125b-1,hsa-mir-199b,hsa-mir-409,hsa-mir-23b,hsa-mir-323a,hsa-mir-124-3,hsa-mir-128-2,hsa-mir-655,hsa-mir-126,hsa-mir-30c-1,hsa-mir-127,hsa-mir-30a,hsa-mir-335,hsa-mir-378a,hsa-mir-18a,hsa-mir-15a,hsa-mir-34a,hsa-mir-29c,hsa-mir-301b,hsa-mir-30b,hsa-mir-128-1,hsa-mir-625,hsa-mir-370,hsa-mir-125b-2,hsa-mir-494,hsa-mir-200a,hsa-let-7c,hsa-mir-17,hsa-mir-200b,hsa-mir-299,hsa-mir-124-1,hsa-mir-30c-2,hsa-mir-154,hsa-mir-323b,hsa-mir-377"
Disease,Liver Neoplasms,6,0.24,1.8,0.1038,1.0,0.3447,"hsa-mir-200a,hsa-mir-31,hsa-mir-30a,hsa-mir-10b,hsa-mir-629,hsa-mir-93"
Disease,Lung Neoplasms,31,0.28181818,2.11363636,1.07e-05,0.00677,0.000269,"hsa-mir-203a,hsa-mir-124-2,hsa-mir-30d,hsa-mir-203b,hsa-mir-125b-1,hsa-mir-124-3,hsa-mir-132,hsa-mir-128-2,hsa-mir-126,hsa-mir-134,hsa-mir-129-2,hsa-mir-30a,hsa-mir-206,hsa-mir-18a,hsa-mir-34a,hsa-mir-29c,hsa-mir-128-1,hsa-mir-214,hsa-mir-125b-2,hsa-mir-381,hsa-mir-205,hsa-mir-93,hsa-mir-199a-2,hsa-let-7c,hsa-mir-212,hsa-mir-31,hsa-mir-124-1,hsa-mir-495,hsa-mir-199a-1,hsa-mir-629,hsa-mir-197"
Disease,Malignant Peripheral Nerve Sheath Tumor,2,0.66666667,5.0,0.0484,1.0,0.19699999999999998,"hsa-mir-30a,hsa-mir-30d"
Disease,Mandibular Prognathism,6,0.42857143,3.21428571,0.00613,1.0,0.0445,"hsa-mir-30a,hsa-mir-30d,hsa-mir-30b,hsa-mir-629,hsa-mir-342,hsa-mir-197"
Disease,Maternal Obesity During Childbirth,2,0.13333333,1.0,0.615,1.0,1.0,"hsa-mir-30a,hsa-mir-29c"
Disease,Medulloblastoma,16,0.53333333,4.0,1.33e-07,8.45e-05,5.1e-06,"hsa-mir-34a,hsa-mir-124-2,hsa-mir-106b,hsa-mir-17,hsa-mir-125b-1,hsa-mir-31,hsa-mir-30a,hsa-mir-124-1,hsa-mir-206,hsa-mir-199b,hsa-mir-10b,hsa-mir-125b-2,hsa-mir-18a,hsa-mir-495,hsa-mir-431,hsa-mir-124-3"
Disease,Melanoma,39,0.29545455,2.21590909,1.31e-07,8.329999999999999e-05,5.19e-06,"hsa-mir-203a,hsa-mir-33b,hsa-mir-506,hsa-mir-200c,hsa-mir-124-2,hsa-mir-30d,hsa-mir-193b,hsa-mir-203b,hsa-mir-125b-1,hsa-mir-769,hsa-mir-23b,hsa-mir-493,hsa-mir-124-3,hsa-mir-452,hsa-mir-507,hsa-mir-429,hsa-mir-30a,hsa-mir-206,hsa-mir-378a,hsa-mir-10b,hsa-mir-15a,hsa-mir-34a,hsa-mir-106b,hsa-mir-508,hsa-mir-214,hsa-mir-625,hsa-mir-125b-2,hsa-mir-205,hsa-mir-199a-2,hsa-mir-342,hsa-mir-200a,hsa-let-7c,hsa-mir-17,hsa-mir-15b,hsa-mir-200b,hsa-mir-124-1,hsa-mir-141,hsa-mir-377,hsa-mir-199a-1"
Disease,Multiple Sclerosis,13,0.27659574,2.07446809,0.00602,1.0,0.0441,"hsa-mir-369,hsa-mir-200a,hsa-mir-17,hsa-mir-15b,hsa-mir-30a,hsa-mir-214,hsa-mir-100,hsa-mir-141,hsa-mir-629,hsa-mir-411,hsa-mir-197,hsa-mir-494,hsa-mir-132"
Disease,Muscle Diseases [unspecific],4,0.5,3.75,0.0138,1.0,0.0866,"hsa-mir-30a,hsa-mir-30d,hsa-mir-30b,hsa-mir-206"
Disease,Muscular Dystrophy,8,0.27586207,2.06896552,0.0302,1.0,0.1358,"hsa-mir-34a,hsa-mir-29c,hsa-let-7c,hsa-mir-132,hsa-mir-30a,hsa-mir-206,hsa-mir-214,hsa-mir-381"
Disease,Mycobacterium Tuberculosis Infection,3,0.23076923,1.73076923,0.2452,1.0,0.6968,"hsa-mir-30a,hsa-mir-206,hsa-mir-485"
Disease,Nephrotic Syndrome,2,0.25,1.875,0.2899,1.0,0.7263,"hsa-mir-30a,hsa-mir-942"
Disease,Neuroblastoma,24,0.40677966,3.05084746,6.79e-08,4.3e-05,2.98e-06,"hsa-mir-128-2,hsa-mir-203a,hsa-mir-34a,hsa-mir-432,hsa-mir-362,hsa-mir-200a,hsa-mir-337,hsa-mir-17,hsa-mir-212,hsa-mir-380,hsa-mir-203b,hsa-mir-125b-1,hsa-mir-30a,hsa-mir-335,hsa-mir-128-1,hsa-mir-10b,hsa-mir-363,hsa-mir-18a,hsa-mir-421,hsa-mir-205,hsa-mir-329-2,hsa-mir-329-1,hsa-mir-410,hsa-mir-132"
Disease,Obesity,19,0.37254902,2.79411765,8.91e-06,0.00565,0.00023500000000000002,"hsa-mir-425,hsa-mir-199a-2,hsa-mir-34a,hsa-mir-342,hsa-mir-376a-1,hsa-mir-200a,hsa-mir-33b,hsa-mir-126,hsa-mir-15b,hsa-mir-130b,hsa-mir-200b,hsa-mir-127,hsa-mir-30a,hsa-mir-335,hsa-mir-378a,hsa-mir-138-2,hsa-mir-376a-2,hsa-mir-199a-1,hsa-mir-138-1"
Disease,Ovarian Serous Cystadenocarcinoma,4,1.0,7.5,0.000306,0.1938,0.00412,"hsa-mir-200b,hsa-mir-30a,hsa-mir-200c,hsa-mir-200a"
Disease,Parkinson's Disease,12,0.29268293,2.19512195,0.00503,1.0,0.0382,"hsa-mir-34a,hsa-mir-29c,hsa-mir-126,hsa-mir-382,hsa-mir-543,hsa-mir-129-1,hsa-mir-433,hsa-mir-129-2,hsa-mir-30a,hsa-mir-214,hsa-mir-495,hsa-mir-132"
Disease,Peritoneal Dialysis Failure,16,0.51612903,3.87096774,2.4399999999999996e-07,0.000155,8.76e-06,"hsa-mir-34a,hsa-mir-200a,hsa-mir-193b,hsa-mir-15b,hsa-mir-129-1,hsa-mir-200b,hsa-mir-31,hsa-mir-129-2,hsa-mir-30a,hsa-mir-30b,hsa-mir-335,hsa-mir-100,hsa-mir-15a,hsa-mir-205,hsa-mir-93,hsa-mir-132"
Disease,Prolactinoma,5,0.33333333,2.5,0.0388,1.0,0.163,"hsa-mir-30a,hsa-mir-17,hsa-mir-382,hsa-mir-93,hsa-mir-126"
Disease,Rheumatoid Arthritis,10,0.18518519,1.38888889,0.1711,1.0,0.5212,"hsa-mir-34a,hsa-mir-203a,hsa-mir-342,hsa-mir-126,hsa-mir-17,hsa-mir-203b,hsa-mir-125b-1,hsa-mir-30a,hsa-mir-125b-2,hsa-mir-363"
Disease,Schizophrenia,12,0.22641509,1.69811321,0.0399,1.0,0.1666,"hsa-mir-34a,hsa-mir-432,hsa-mir-29c,hsa-mir-106b,hsa-mir-15b,hsa-mir-212,hsa-mir-130b,hsa-mir-30a,hsa-mir-335,hsa-mir-30b,hsa-mir-206,hsa-mir-132"
Disease,Sepsis,9,0.26470588,1.98529412,0.0285,1.0,0.1311,"hsa-mir-34a,hsa-mir-342,hsa-mir-126,hsa-mir-124-2,hsa-mir-31,hsa-mir-30a,hsa-mir-124-1,hsa-mir-15a,hsa-mir-124-3"
Disease,"Squamous Cell Carcinoma, Head and Neck",18,0.375,2.8125,1.4099999999999999e-05,0.00897,0.000342,"hsa-mir-934,hsa-mir-128-2,hsa-mir-34a,hsa-mir-29c,hsa-mir-200c,hsa-mir-193b,hsa-mir-15b,hsa-mir-200b,hsa-mir-134,hsa-mir-30a,hsa-mir-206,hsa-mir-128-1,hsa-mir-138-2,hsa-mir-141,hsa-mir-376c,hsa-mir-138-1,hsa-mir-494,hsa-mir-93"
Disease,"Stroke, Ischemic",12,0.35294118,2.64705882,0.000816,0.5175,0.00939,"hsa-mir-199a-2,hsa-mir-34a,hsa-mir-126,hsa-mir-124-2,hsa-mir-130b,hsa-mir-200b,hsa-mir-30a,hsa-mir-124-1,hsa-mir-199b,hsa-mir-495,hsa-mir-199a-1,hsa-mir-124-3"
Disease,Systemic Sclerosis,3,0.33333333,2.5,0.1064,1.0,0.3484,"hsa-mir-30a,hsa-mir-34a,hsa-mir-126"
Disease,Aplastic Anemia,3,0.3,2.25,0.1377,1.0,0.4272,"hsa-mir-199a-2,hsa-mir-199a-1,hsa-mir-126"
Disease,"Carcinoma, Bladder",38,0.31666667,2.375,2.36e-08,1.4999999999999999e-05,1.12e-06,"hsa-mir-200c,hsa-mir-124-2,hsa-mir-125b-1,hsa-mir-199b,hsa-mir-409,hsa-mir-100,hsa-mir-23b,hsa-mir-99a,hsa-mir-124-3,hsa-mir-138-1,hsa-mir-126,hsa-mir-127,hsa-mir-335,hsa-mir-10b,hsa-mir-139,hsa-mir-34a,hsa-mir-29c,hsa-mir-935,hsa-mir-106b,hsa-mir-30b,hsa-mir-214,hsa-mir-138-2,hsa-mir-125b-2,hsa-mir-205,hsa-mir-93,hsa-mir-199a-2,hsa-mir-200a,hsa-let-7c,hsa-mir-15b,hsa-mir-130b,hsa-mir-200b,hsa-mir-31,hsa-mir-124-1,hsa-mir-141,hsa-mir-495,hsa-mir-199a-1,hsa-mir-92b,hsa-mir-197"
Disease,"Carcinoma, Rectal",13,0.27083333,2.03125,0.00732,1.0,0.0519,"hsa-mir-199a-2,hsa-mir-139,hsa-mir-203a,hsa-mir-34a,hsa-mir-17,hsa-mir-203b,hsa-mir-31,hsa-mir-199b,hsa-mir-18a,hsa-mir-125b-2,hsa-mir-141,hsa-mir-199a-1,hsa-mir-92b"
Disease,Cardiomegaly,2,0.4,3.0,0.1346,1.0,0.4311,"hsa-mir-199a-2,hsa-mir-199a-1"
Disease,Chronic Hepatitis,4,0.36363636,2.72727273,0.0472,1.0,0.1947,"hsa-mir-199a-2,hsa-mir-199a-1,hsa-mir-203a,hsa-mir-126"
Disease,Chronic Obstructive Pulmonary Disease,7,0.25,1.875,0.0677,1.0,0.2477,"hsa-mir-199a-2,hsa-mir-34a,hsa-mir-106b,hsa-mir-17,hsa-mir-199a-1,hsa-mir-15a,hsa-mir-132"
Disease,Coronary Atherosclerosis,4,0.28571429,2.14285714,0.1041,1.0,0.3437,"hsa-mir-199a-2,hsa-mir-199a-1,hsa-mir-199b,hsa-mir-100"
Disease,Coronary Heart Diseases,16,0.28571429,2.14285714,0.00159,1.0,0.0156,"hsa-mir-199a-2,hsa-mir-34a,hsa-mir-126,hsa-mir-106b,hsa-mir-17,hsa-mir-15b,hsa-mir-125b-1,hsa-mir-31,hsa-mir-154,hsa-mir-206,hsa-mir-214,hsa-mir-125b-2,hsa-mir-18a,hsa-mir-199a-1,hsa-mir-197,hsa-mir-585"
Disease,Cystic Fibrosis,8,0.5,3.75,0.00042199999999999996,0.2673,0.0051,"hsa-mir-199a-2,hsa-mir-199a-1,hsa-mir-17,hsa-mir-509-3,hsa-mir-509-1,hsa-mir-370,hsa-mir-509-2,hsa-mir-31"
Disease,Endometriosis,13,0.31707317,2.37804878,0.00157,0.9923,0.016,"hsa-mir-199a-2,hsa-mir-200a,hsa-mir-29c,hsa-mir-126,hsa-mir-125b-1,hsa-mir-200b,hsa-mir-100,hsa-mir-10b,hsa-mir-125b-2,hsa-mir-141,hsa-mir-199a-1,hsa-mir-99a,hsa-mir-15a"
Disease,HIV-Associated Lipodystrophy,9,0.32142857,2.41071429,0.007659999999999999,1.0,0.054000000000000006,"hsa-mir-199a-2,hsa-mir-342,hsa-mir-362,hsa-mir-487b,hsa-mir-30c-1,hsa-mir-30c-2,hsa-mir-214,hsa-mir-199a-1,hsa-mir-452"
Disease,Irritable Bowel Syndrome,3,0.5,3.75,0.0343,1.0,0.1476,"hsa-mir-199a-2,hsa-mir-199a-1,hsa-mir-342"
Disease,Ischemia-Reperfusion Injury,6,0.26086957,1.95652174,0.07400000000000001,1.0,0.2698,"hsa-mir-199a-2,hsa-mir-134,hsa-mir-214,hsa-mir-377,hsa-mir-199a-1,hsa-mir-494"
Disease,Keloid,4,0.30769231,2.30769231,0.0826,1.0,0.2923,"hsa-mir-199a-2,hsa-mir-199a-1,hsa-mir-205,hsa-mir-200b"
Disease,"Leukemia, Lymphoblastic, Acute, B-Cell",4,0.30769231,2.30769231,0.0826,1.0,0.2923,"hsa-mir-199a-2,hsa-mir-199a-1,hsa-mir-323b,hsa-mir-15a"
Disease,Liver Cirrhosis,20,0.35087719,2.63157895,1.4599999999999999e-05,0.00928,0.00033999999999999997,"hsa-mir-199a-2,hsa-mir-34a,hsa-mir-203a,hsa-mir-200a,hsa-mir-29c,hsa-mir-126,hsa-mir-106b,hsa-mir-193b,hsa-mir-17,hsa-mir-203b,hsa-mir-200b,hsa-mir-134,hsa-mir-214,hsa-mir-370,hsa-mir-378a,hsa-mir-10b,hsa-mir-18a,hsa-mir-23b,hsa-mir-199a-1,hsa-mir-494"
Disease,Lymphoma,20,0.33333333,2.5,3.52e-05,0.0223,0.000718,"hsa-mir-199a-2,hsa-mir-128-2,hsa-mir-203a,hsa-mir-34a,hsa-mir-200c,hsa-mir-17,hsa-mir-212,hsa-mir-203b,hsa-mir-125b-1,hsa-mir-127,hsa-mir-31,hsa-mir-128-1,hsa-mir-510,hsa-mir-10b,hsa-mir-125b-2,hsa-mir-18a,hsa-mir-23b,hsa-mir-199a-1,hsa-mir-15a,hsa-mir-494"
Disease,Multiple Myeloma,13,0.21666667,1.625,0.0459,1.0,0.1901,"hsa-mir-199a-2,hsa-mir-34a,hsa-mir-342,hsa-mir-33b,hsa-mir-106b,hsa-mir-17,hsa-mir-335,hsa-mir-30b,hsa-mir-18a,hsa-mir-23b,hsa-mir-199a-1,hsa-mir-15a,hsa-mir-197"
Disease,Osteoarthritis,11,0.26829268,2.01219512,0.0144,1.0,0.0859,"hsa-mir-199a-2,hsa-mir-139,hsa-mir-34a,hsa-mir-125b-1,hsa-mir-127,hsa-mir-335,hsa-mir-30b,hsa-mir-370,hsa-mir-125b-2,hsa-mir-199a-1,hsa-mir-15a"
Disease,Osteosarcoma,52,0.30409357,2.28070175,1.1599999999999999e-10,7.33e-08,8.56e-09,"hsa-mir-203a,hsa-mir-33b,hsa-mir-200c,hsa-mir-124-2,hsa-mir-382,hsa-mir-203b,hsa-mir-129-1,hsa-mir-125b-1,hsa-mir-409,hsa-mir-100,hsa-mir-124-3,hsa-mir-138-1,hsa-mir-132,hsa-mir-128-2,hsa-mir-126,hsa-mir-429,hsa-mir-664a,hsa-mir-134,hsa-mir-127,hsa-mir-129-2,hsa-mir-335,hsa-mir-206,hsa-mir-10b,hsa-mir-15a,hsa-mir-329-2,hsa-mir-329-1,hsa-mir-410,hsa-mir-34a,hsa-mir-29c,hsa-mir-379,hsa-mir-128-1,hsa-mir-214,hsa-mir-370,hsa-mir-138-2,hsa-mir-125b-2,hsa-mir-381,hsa-mir-421,hsa-mir-205,hsa-mir-93,hsa-mir-199a-2,hsa-mir-200a,hsa-mir-17,hsa-mir-212,hsa-mir-543,hsa-mir-130b,hsa-mir-200b,hsa-mir-124-1,hsa-mir-141,hsa-mir-539,hsa-mir-377,hsa-mir-199a-1,hsa-mir-1247"
Disease,Ovarian Neoplasms,30,0.28301887,2.12264151,1.39e-05,0.00881,0.000343,"hsa-mir-200c,hsa-mir-30d,hsa-mir-125b-1,hsa-mir-100,hsa-mir-99a,hsa-mir-376c,hsa-mir-383,hsa-mir-126,hsa-mir-429,hsa-mir-127,hsa-mir-30c-1,hsa-mir-335,hsa-mir-18a,hsa-mir-34a,hsa-mir-106b,hsa-mir-30b,hsa-mir-214,hsa-mir-125b-2,hsa-mir-93,hsa-mir-199a-2,hsa-mir-200a,hsa-let-7c,hsa-mir-17,hsa-mir-200b,hsa-mir-31,hsa-mir-30c-2,hsa-mir-141,hsa-mir-199a-1,hsa-mir-629,hsa-mir-92b"
Disease,Pancreatic Neoplasms,16,0.25,1.875,0.00702,1.0,0.0501,"hsa-mir-199a-2,hsa-mir-34a,hsa-mir-203a,hsa-mir-200a,hsa-let-7c,hsa-mir-200c,hsa-mir-17,hsa-mir-15b,hsa-mir-203b,hsa-mir-200b,hsa-mir-30c-1,hsa-mir-30c-2,hsa-mir-214,hsa-mir-199a-1,hsa-mir-15a,hsa-mir-132"
Disease,Polycystic Kidney Disease,5,0.35714286,2.67857143,0.0289,1.0,0.1317,"hsa-mir-199a-2,hsa-mir-199a-1,hsa-mir-193b,hsa-mir-199b,hsa-mir-205"
Disease,Prostate Neoplasms,29,0.38666667,2.9,9.39e-09,5.96e-06,4.839999999999999e-07,"hsa-mir-199a-2,hsa-mir-203a,hsa-mir-34a,hsa-mir-200a,hsa-mir-200c,hsa-mir-106b,hsa-mir-193b,hsa-mir-17,hsa-mir-130b,hsa-mir-203b,hsa-mir-125b-1,hsa-mir-200b,hsa-mir-127,hsa-mir-1296,hsa-mir-30c-1,hsa-mir-30c-2,hsa-mir-330,hsa-mir-214,hsa-mir-409,hsa-mir-100,hsa-mir-125b-2,hsa-mir-23b,hsa-mir-199a-1,hsa-mir-629,hsa-mir-99a,hsa-mir-15a,hsa-mir-205,hsa-mir-93,hsa-mir-132"
Disease,Sickle Cell Disease,2,0.4,3.0,0.1346,1.0,0.4311,"hsa-mir-214,hsa-mir-199a-2"
Disease,"Squamous Cell Carcinoma, Skin or Unspecific",9,0.5,3.75,0.00017900000000000001,0.1132,0.00268,"hsa-mir-124-2,hsa-mir-124-1,hsa-mir-199a-2,hsa-mir-199a-1,hsa-mir-193b,hsa-mir-15b,hsa-mir-124-3,hsa-mir-205,hsa-mir-31"
Disease,Testicular Germ Cell Tumor,4,0.4,3.0,0.0334,1.0,0.1466,"hsa-mir-199a-2,hsa-mir-199a-1,hsa-mir-214,hsa-mir-513b"
Disease,Acute Myocardial Infarction,12,0.26086957,1.95652174,0.0135,1.0,0.0852,"hsa-mir-34a,hsa-mir-126,hsa-mir-124-2,hsa-mir-30d,hsa-mir-106b,hsa-mir-125b-1,hsa-mir-134,hsa-mir-124-1,hsa-mir-214,hsa-mir-125b-2,hsa-mir-99a,hsa-mir-124-3"
Disease,"Adenocarcinoma, Lung",29,0.28712871,2.15346535,1.4599999999999999e-05,0.00923,0.00034500000000000004,"hsa-mir-203a,hsa-mir-33b,hsa-mir-200c,hsa-mir-30d,hsa-mir-203b,hsa-mir-409,hsa-mir-99a,hsa-mir-452,hsa-mir-132,hsa-mir-655,hsa-mir-126,hsa-mir-134,hsa-mir-127,hsa-mir-206,hsa-mir-18a,hsa-mir-34a,hsa-mir-106b,hsa-mir-214,hsa-mir-485,hsa-mir-205,hsa-mir-494,hsa-mir-342,hsa-mir-200a,hsa-mir-17,hsa-mir-15b,hsa-mir-487b,hsa-mir-200b,hsa-mir-31,hsa-mir-30c-2"
Disease,Adrenal Cortex Neoplasms,6,0.5,3.75,0.00237,1.0,0.0201,"hsa-mir-99a,hsa-mir-203a,hsa-mir-214,hsa-mir-203b,hsa-mir-200b,hsa-mir-100"
Disease,Angiosarcoma,2,1.0,7.5,0.0177,1.0,0.1017,"hsa-mir-214,hsa-mir-126"
Disease,Bronchopulmonary Dysplasia,7,0.4375,3.28125,0.00263,1.0,0.0221,"hsa-mir-431,hsa-mir-206,hsa-mir-34a,hsa-mir-382,hsa-mir-411,hsa-mir-214,hsa-mir-130b"
Disease,"Carcinoma, Cervical",51,0.36956522,2.77173913,2.56e-14,1.62e-11,3.36e-12,"hsa-mir-203a,hsa-mir-362,hsa-mir-506,hsa-mir-124-2,hsa-mir-203b,hsa-mir-129-1,hsa-mir-125b-1,hsa-mir-100,hsa-mir-23b,hsa-mir-99a,hsa-mir-376c,hsa-mir-124-3,hsa-mir-138-1,hsa-mir-132,hsa-mir-432,hsa-mir-126,hsa-mir-429,hsa-mir-127,hsa-mir-129-2,hsa-mir-335,hsa-mir-206,hsa-mir-18a,hsa-mir-15a,hsa-mir-329-2,hsa-mir-329-1,hsa-mir-139,hsa-mir-34a,hsa-mir-29c,hsa-mir-744,hsa-mir-106b,hsa-mir-30b,hsa-mir-214,hsa-mir-138-2,hsa-mir-125b-2,hsa-mir-421,hsa-mir-502,hsa-mir-205,hsa-mir-93,hsa-mir-494,hsa-mir-425,hsa-mir-342,hsa-mir-200a,hsa-mir-337,hsa-mir-17,hsa-mir-15b,hsa-mir-212,hsa-mir-543,hsa-mir-200b,hsa-mir-31,hsa-mir-124-1,hsa-mir-141"
Disease,"Carcinoma, Laryngeal",12,0.19047619,1.42857143,0.1211,1.0,0.3911,"hsa-mir-34a,hsa-mir-29c,hsa-mir-106b,hsa-mir-193b,hsa-mir-31,hsa-mir-30b,hsa-mir-206,hsa-mir-214,hsa-mir-378a,hsa-mir-10b,hsa-mir-205,hsa-mir-487a"
Disease,"Carcinoma, Oral",14,0.37837838,2.83783784,0.000123,0.0782,0.00198,"hsa-mir-139,hsa-mir-203a,hsa-mir-34a,hsa-mir-124-2,hsa-mir-203b,hsa-mir-31,hsa-mir-124-1,hsa-mir-214,hsa-mir-138-2,hsa-mir-124-3,hsa-mir-205,hsa-mir-197,hsa-mir-138-1,hsa-mir-494"
Disease,"Carcinoma, Thyroid",7,0.19444444,1.45833333,0.1936,1.0,0.5622,"hsa-mir-200a,hsa-mir-126,hsa-mir-106b,hsa-mir-214,hsa-mir-23b,hsa-mir-539,hsa-mir-205"
Disease,"Carcinoma, Thyroid, Medullary",7,0.63636364,4.77272727,0.00013700000000000002,0.0867,0.0021100000000000003,"hsa-mir-129-2,hsa-mir-99a,hsa-mir-197,hsa-mir-214,hsa-mir-129-1,hsa-mir-200b,hsa-mir-200c"
Disease,Cataract,2,1.0,7.5,0.0177,1.0,0.1017,"hsa-mir-214,hsa-mir-184"
Disease,Cervical Neoplasms,8,0.42105263,3.15789474,0.00173,1.0,0.0163,"hsa-mir-23b,hsa-mir-34a,hsa-mir-15b,hsa-mir-214,hsa-mir-200a,hsa-mir-125b-1,hsa-mir-125b-2,hsa-mir-126"
Disease,Chronic Heart Failure,2,0.33333333,2.5,0.1848,1.0,0.5515,"hsa-mir-214,hsa-mir-126"
Disease,Coxsackievirus Infection,1,0.33333333,2.5,0.3493,1.0,0.8482,hsa-mir-214
Disease,Gastrointestinal Neoplasms,22,0.26829268,2.01219512,0.00054,0.3426,0.0064,"hsa-mir-139,hsa-mir-34a,hsa-mir-126,hsa-mir-200c,hsa-mir-106b,hsa-mir-17,hsa-mir-212,hsa-mir-130b,hsa-mir-129-1,hsa-mir-200b,hsa-mir-433,hsa-mir-31,hsa-mir-129-2,hsa-mir-335,hsa-mir-214,hsa-mir-100,hsa-mir-378a,hsa-mir-18a,hsa-mir-141,hsa-mir-421,hsa-mir-93,hsa-mir-132"
Disease,Hepatoblastoma,5,0.19230769,1.44230769,0.259,1.0,0.653,"hsa-mir-34a,hsa-mir-106b,hsa-mir-17,hsa-mir-214,hsa-mir-18a"
Disease,Huntington's Disease,2,0.33333333,2.5,0.1848,1.0,0.5515,"hsa-mir-214,hsa-mir-10b"
Disease,"Leukemia, Lymphocytic, Chronic",13,0.31707317,2.37804878,0.00157,0.9923,0.016,"hsa-mir-34a,hsa-mir-362,hsa-mir-29c,hsa-mir-17,hsa-mir-15b,hsa-mir-212,hsa-mir-132,hsa-mir-125b-1,hsa-mir-31,hsa-mir-214,hsa-mir-125b-2,hsa-mir-363,hsa-mir-15a"
Disease,"Lymphoma, Large B-Cell, Diffuse",10,0.26315789,1.97368421,0.0222,1.0,0.1054,"hsa-mir-34a,hsa-mir-342,hsa-mir-200a,hsa-mir-200c,hsa-mir-126,hsa-mir-200b,hsa-mir-214,hsa-mir-138-2,hsa-mir-18a,hsa-mir-138-1"
Disease,Pediatric Osteosarcoma,1,0.5,3.75,0.249,1.0,0.7059,hsa-mir-214
Disease,Retinal Neovascularization,3,0.42857143,3.21428571,0.0542,1.0,0.2064,"hsa-mir-214,hsa-mir-184,hsa-mir-31"
Disease,Rhabdomyosarcoma,6,0.33333333,2.5,0.0239,1.0,0.1117,"hsa-mir-206,hsa-mir-203a,hsa-mir-411,hsa-mir-203b,hsa-mir-214,hsa-mir-378a"
Disease,"Scleroderma, Localized",1,0.33333333,2.5,0.3493,1.0,0.8482,hsa-mir-214
Disease,"Squamous Cell Carcinoma, Esophageal",41,0.28873239,2.16549296,1.1800000000000001e-07,7.47e-05,4.98e-06,"hsa-mir-203a,hsa-mir-33b,hsa-mir-577,hsa-mir-30d,hsa-mir-193b,hsa-mir-450a-2,hsa-mir-382,hsa-mir-203b,hsa-mir-129-1,hsa-mir-100,hsa-mir-383,hsa-mir-507,hsa-mir-376a-1,hsa-mir-655,hsa-mir-126,hsa-mir-127,hsa-mir-129-2,hsa-mir-335,hsa-mir-10b,hsa-mir-18a,hsa-mir-15a,hsa-mir-139,hsa-mir-34a,hsa-mir-29c,hsa-mir-106b,hsa-mir-508,hsa-mir-214,hsa-mir-942,hsa-mir-889,hsa-mir-205,hsa-mir-494,hsa-mir-200a,hsa-let-7c,hsa-mir-337,hsa-mir-17,hsa-mir-130b,hsa-mir-200b,hsa-mir-31,hsa-mir-124-1,hsa-mir-376a-2,hsa-mir-92b"
Disease,"Squamous Cell Carcinoma, Laryngeal or Hypopharyngeal",12,0.42857143,3.21428571,9.4e-05,0.0596,0.00157,"hsa-mir-139,hsa-mir-34a,hsa-mir-203a,hsa-mir-106b,hsa-mir-203b,hsa-mir-206,hsa-mir-214,hsa-mir-370,hsa-mir-15a,hsa-mir-205,hsa-mir-93,hsa-mir-132"
Disease,"Squamous Cell Carcinoma, Tongue",7,0.25925926,1.94444444,0.057,1.0,0.2129,"hsa-mir-34a,hsa-mir-203a,hsa-mir-940,hsa-mir-15b,hsa-mir-203b,hsa-mir-214,hsa-mir-494"
Disease,Atopic Dermatitis,4,0.44444444,3.33333333,0.0223,1.0,0.1054,"hsa-mir-30d,hsa-mir-200a,hsa-mir-125b-1,hsa-mir-125b-2"
Disease,"Carcinoma, Thyroid, Anaplastic",5,0.41666667,3.125,0.0143,1.0,0.0868,"hsa-mir-30d,hsa-mir-99a,hsa-mir-206,hsa-mir-125b-1,hsa-mir-125b-2"
Disease,Choriocarcinoma,16,0.26666667,2.0,0.0035,1.0,0.0282,"hsa-mir-34a,hsa-mir-203a,hsa-mir-200a,hsa-mir-200c,hsa-mir-126,hsa-mir-30d,hsa-mir-193b,hsa-mir-429,hsa-mir-17,hsa-mir-203b,hsa-mir-200b,hsa-mir-31,hsa-mir-199b,hsa-mir-10b,hsa-mir-205,hsa-mir-93"
Disease,"Diabetes Mellitus, Gestational",9,0.39130435,2.93478261,0.00165,1.0,0.0159,"hsa-mir-362,hsa-mir-126,hsa-mir-30d,hsa-mir-508,hsa-mir-130b,hsa-mir-30c-1,hsa-mir-30c-2,hsa-mir-502,hsa-mir-452"
Disease,"Adenocarcinoma, Pancreatic Ductal",27,0.38028169,2.85211268,5.09e-08,3.229999999999999e-05,2.32e-06,"hsa-mir-34a,hsa-mir-200a,hsa-mir-337,hsa-mir-506,hsa-mir-200c,hsa-mir-940,hsa-mir-124-2,hsa-mir-429,hsa-mir-212,hsa-mir-125b-1,hsa-mir-200b,hsa-mir-31,hsa-mir-124-1,hsa-mir-330,hsa-mir-206,hsa-mir-100,hsa-mir-10b,hsa-mir-125b-2,hsa-mir-138-2,hsa-mir-141,hsa-mir-23b,hsa-mir-378a,hsa-mir-99a,hsa-mir-15a,hsa-mir-124-3,hsa-mir-138-1,hsa-mir-494"
Disease,Ankylosing Spondylitis,4,0.44444444,3.33333333,0.0223,1.0,0.1054,"hsa-mir-124-2,hsa-mir-124-1,hsa-mir-124-3,hsa-mir-10b"
Disease,"Carcinoma, Endometrial",19,0.32758621,2.45689655,7.42e-05,0.047,0.0012900000000000001,"hsa-mir-203a,hsa-mir-34a,hsa-mir-200a,hsa-let-7c,hsa-mir-200c,hsa-mir-106b,hsa-mir-429,hsa-mir-543,hsa-mir-203b,hsa-mir-125b-1,hsa-mir-200b,hsa-mir-134,hsa-mir-31,hsa-mir-10b,hsa-mir-125b-2,hsa-mir-141,hsa-mir-23b,hsa-mir-205,hsa-mir-93"
Disease,"Carcinoma, Head And Neck",6,0.46153846,3.46153846,0.0039299999999999995,1.0,0.0308,"hsa-mir-203a,hsa-mir-203b,hsa-mir-29c,hsa-mir-363,hsa-mir-200b,hsa-mir-10b"
Disease,Cardiovascular Diseases [unspecific],17,0.265625,1.9921875,0.00274,1.0,0.0227,"hsa-mir-425,hsa-mir-758,hsa-mir-34a,hsa-mir-29c,hsa-mir-33b,hsa-mir-200c,hsa-mir-126,hsa-mir-106b,hsa-mir-17,hsa-mir-382,hsa-mir-487b,hsa-mir-100,hsa-mir-10b,hsa-mir-138-2,hsa-mir-378a,hsa-mir-99a,hsa-mir-138-1"
Disease,Congenital Heart Diseases,2,0.09090909,0.68181818,0.8145,1.0,1.0,"hsa-mir-30b,hsa-mir-10b"
Disease,Epstein-Barr Virus Infection,3,0.16666667,1.25,0.4382,1.0,0.9670000000000001,"hsa-mir-15a,hsa-mir-15b,hsa-mir-10b"
Disease,Intervertebral Disc Degeneration,7,0.53846154,4.03846154,0.000562,0.35600000000000004,0.00659,"hsa-mir-15a,hsa-mir-138-1,hsa-mir-93,hsa-mir-494,hsa-mir-100,hsa-mir-10b,hsa-mir-138-2"
Disease,Nasopharyngeal Neoplasms,3,0.5,3.75,0.0343,1.0,0.1476,"hsa-mir-29c,hsa-mir-100,hsa-mir-10b"
Disease,Pituitary Adenoma,6,0.31578947,2.36842105,0.0312,1.0,0.1392,"hsa-mir-106b,hsa-mir-383,hsa-mir-130b,hsa-mir-200c,hsa-mir-10b,hsa-mir-23b"
Disease,"Squamous Cell Carcinoma, Oral",25,0.30120482,2.25903614,2.52e-05,0.016,0.000542,"hsa-mir-139,hsa-mir-34a,hsa-mir-203a,hsa-mir-200c,hsa-mir-126,hsa-mir-124-2,hsa-mir-429,hsa-mir-17,hsa-mir-203b,hsa-mir-125b-1,hsa-mir-433,hsa-mir-31,hsa-mir-124-1,hsa-mir-184,hsa-mir-10b,hsa-mir-138-2,hsa-mir-125b-2,hsa-mir-23b,hsa-mir-377,hsa-mir-99a,hsa-mir-92b,hsa-mir-124-3,hsa-mir-205,hsa-mir-138-1,hsa-mir-494"
Disease,Bladder Neoplasms,12,0.32432432,2.43243243,0.0019199999999999998,1.0,0.0177,"hsa-mir-34a,hsa-mir-203a,hsa-mir-212,hsa-mir-203b,hsa-mir-125b-1,hsa-mir-200b,hsa-mir-127,hsa-mir-199b,hsa-mir-125b-2,hsa-mir-99a,hsa-mir-205,hsa-mir-93"
Disease,"Carcinoma, Thyroid, Follicular",3,0.33333333,2.5,0.1064,1.0,0.3484,"hsa-mir-17,hsa-mir-199b,hsa-mir-100"
Disease,Cutaneous Melanoma,6,0.31578947,2.36842105,0.0312,1.0,0.1392,"hsa-mir-106b,hsa-mir-330,hsa-mir-15b,hsa-mir-199b,hsa-mir-205,hsa-mir-125b-1"
Disease,Intrahepatic Cholangiocarcinoma,2,0.09090909,0.68181818,0.8145,1.0,1.0,"hsa-mir-199b,hsa-mir-376c"
Disease,Kaposi's Sarcoma,11,0.40740741,3.05555556,0.000323,0.2049,0.004070000000000001,"hsa-mir-200a,hsa-let-7c,hsa-mir-200c,hsa-mir-17,hsa-mir-200b,hsa-mir-335,hsa-mir-199b,hsa-mir-409,hsa-mir-100,hsa-mir-23b,hsa-mir-99a"
Disease,Leukemia,13,0.19402985,1.45522388,0.0973,1.0,0.3238,"hsa-mir-139,hsa-mir-34a,hsa-mir-126,hsa-mir-193b,hsa-mir-17,hsa-mir-125b-1,hsa-mir-199b,hsa-mir-378a,hsa-mir-138-2,hsa-mir-125b-2,hsa-mir-18a,hsa-mir-15a,hsa-mir-138-1"
Disease,"Leukemia, Myeloid, Chronic",10,0.14925373,1.11940299,0.4021,1.0,0.9162,"hsa-mir-34a,hsa-mir-200a,hsa-let-7c,hsa-mir-126,hsa-mir-665,hsa-mir-17,hsa-mir-299,hsa-mir-199b,hsa-mir-370,hsa-mir-378a"
Disease,Polycystic Ovarian Syndrome,5,0.17241379,1.29310345,0.3422,1.0,0.8395,"hsa-mir-106b,hsa-mir-193b,hsa-mir-199b,hsa-mir-23b,hsa-mir-93"
Disease,"Carcinoma, Esophageal",21,0.31818182,2.38636364,4.9e-05,0.0311,0.000907,"hsa-mir-34a,hsa-mir-203a,hsa-mir-200a,hsa-mir-506,hsa-mir-200c,hsa-mir-126,hsa-mir-193b,hsa-mir-429,hsa-mir-212,hsa-mir-203b,hsa-mir-30c-1,hsa-mir-31,hsa-mir-30b,hsa-mir-30c-2,hsa-mir-625,hsa-mir-138-2,hsa-mir-141,hsa-mir-205,hsa-mir-197,hsa-mir-138-1,hsa-mir-93"
Disease,Colon Neoplasms,17,0.22077922,1.65584416,0.0198,1.0,0.0948,"hsa-mir-34a,hsa-let-7c,hsa-mir-126,hsa-mir-106b,hsa-mir-17,hsa-mir-15b,hsa-mir-125b-1,hsa-mir-200b,hsa-mir-127,hsa-mir-30c-1,hsa-mir-30c-2,hsa-mir-125b-2,hsa-mir-18a,hsa-mir-141,hsa-mir-629,hsa-mir-205,hsa-mir-132"
Disease,"Fatty Liver, Non-Alcoholic",7,0.46666667,3.5,0.0016600000000000002,1.0,0.0159,"hsa-mir-30c-2,hsa-mir-17,hsa-mir-34a,hsa-mir-577,hsa-mir-125b-1,hsa-mir-125b-2,hsa-mir-30c-1"
Disease,Human Papilloma Virus Infection,12,0.35294118,2.64705882,0.000816,0.5175,0.00939,"hsa-mir-34a,hsa-mir-203a,hsa-mir-3144,hsa-mir-106b,hsa-mir-17,hsa-mir-203b,hsa-mir-125b-1,hsa-mir-30c-2,hsa-mir-125b-2,hsa-mir-23b,hsa-mir-15a,hsa-mir-205"
Disease,Hyperlipidemia,3,0.6,4.5,0.019,1.0,0.0944,"hsa-mir-485,hsa-mir-30c-1,hsa-mir-30c-2"
Disease,Mesothelioma,6,0.54545455,4.09090909,0.00133,0.8451,0.0144,"hsa-mir-30c-2,hsa-mir-31,hsa-mir-17,hsa-mir-30c-1,hsa-mir-132,hsa-mir-126"
Disease,Pulmonary Hypertension,13,0.36111111,2.70833333,0.00037799999999999997,0.2394,0.00471,"hsa-mir-34a,hsa-mir-29c,hsa-mir-124-2,hsa-mir-193b,hsa-mir-17,hsa-mir-130b,hsa-mir-30c-1,hsa-mir-124-1,hsa-mir-30c-2,hsa-mir-206,hsa-mir-138-2,hsa-mir-124-3,hsa-mir-138-1"
Disease,Digeorge Syndrome,1,0.16666667,1.25,0.5771,1.0,1.0,hsa-mir-130b
Disease,Head And Neck Neoplasms,8,0.22222222,1.66666667,0.0947,1.0,0.3169,"hsa-mir-29c,hsa-let-7c,hsa-mir-200c,hsa-mir-193b,hsa-mir-130b,hsa-mir-18a,hsa-mir-15a,hsa-mir-205"
Disease,Lung Fibrosis,4,0.18181818,1.36363636,0.3359,1.0,0.8275,"hsa-mir-34a,hsa-mir-130b,hsa-mir-154,hsa-mir-18a"
Disease,Lupus Nephritis,2,0.15384615,1.15384615,0.5342,1.0,1.0,"hsa-mir-130b,hsa-mir-127"
Disease,"Scleroderma, Systemic",1,0.33333333,2.5,0.3493,1.0,0.8482,hsa-mir-130b
Disease,"Carcinoma, Adrenocortical",15,0.5,3.75,1.03e-06,0.000651,3.289999999999999e-05,"hsa-mir-139,hsa-mir-34a,hsa-mir-203a,hsa-mir-376a-1,hsa-mir-126,hsa-mir-382,hsa-mir-203b,hsa-mir-125b-1,hsa-mir-200b,hsa-mir-335,hsa-mir-100,hsa-mir-125b-2,hsa-mir-376a-2,hsa-mir-205,hsa-mir-132"
Disease,Human Cytomegalovirus Infection,5,0.55555556,4.16666667,0.0031899999999999997,1.0,0.0262,"hsa-mir-376a-2,hsa-mir-376a-1,hsa-mir-200a,hsa-mir-200b,hsa-mir-200c"
Disease,Vascular Diseases [unspecific],7,0.25925926,1.94444444,0.057,1.0,0.2129,"hsa-mir-376a-1,hsa-mir-126,hsa-mir-106b,hsa-mir-17,hsa-mir-15b,hsa-mir-18a,hsa-mir-376a-2"
Disease,HELLP Syndrome,1,0.25,1.875,0.4363,1.0,0.9904,hsa-mir-758
Disease,Systemic Lupus Erythematosus,17,0.30909091,2.31818182,0.000407,0.2583,0.00498,"hsa-mir-758,hsa-mir-34a,hsa-mir-342,hsa-mir-362,hsa-mir-29c,hsa-mir-126,hsa-mir-744,hsa-mir-17,hsa-mir-15b,hsa-mir-380,hsa-mir-31,hsa-mir-335,hsa-mir-3074,hsa-mir-345,hsa-mir-629,hsa-mir-410,hsa-mir-494"
Disease,"Carcinoma, Gastric, Signet Ring Cell",2,0.66666667,5.0,0.0484,1.0,0.19699999999999998,"hsa-mir-935,hsa-mir-665"
Disease,Pleural Mesothelioma,5,0.15625,1.171875,0.42700000000000005,1.0,0.9712,"hsa-mir-126,hsa-mir-379,hsa-mir-31,hsa-mir-335,hsa-mir-411"
Disease,Arteriosclerosis Obliterans,6,0.33333333,2.5,0.0239,1.0,0.1117,"hsa-mir-1298,hsa-mir-125b-1,hsa-mir-370,hsa-mir-134,hsa-mir-125b-2,hsa-mir-126"
Disease,"Carcinoma, Embryonal",2,1.0,7.5,0.0177,1.0,0.1017,"hsa-mir-134,hsa-mir-383"
Disease,Mesial Temporal Lobe Epilepsy,7,0.38888889,2.91666667,0.00579,1.0,0.0431,"hsa-mir-124-2,hsa-mir-124-1,hsa-mir-128-2,hsa-mir-124-3,hsa-mir-128-1,hsa-mir-134,hsa-mir-132"
Disease,Mild Cognitive Impairment,9,0.81818182,6.13636364,4.7e-07,0.000298,1.59e-05,"hsa-mir-323b,hsa-mir-206,hsa-mir-128-2,hsa-mir-323a,hsa-mir-382,hsa-mir-128-1,hsa-mir-370,hsa-mir-134,hsa-mir-132"
Disease,Alzheimer's Disease,28,0.28,2.1,3.5600000000000005e-05,0.0225,0.000714,"hsa-mir-33b,hsa-mir-200c,hsa-mir-124-2,hsa-mir-193b,hsa-mir-125b-1,hsa-mir-409,hsa-mir-100,hsa-mir-323a,hsa-mir-124-3,hsa-mir-138-1,hsa-mir-132,hsa-mir-206,hsa-mir-15a,hsa-mir-139,hsa-mir-34a,hsa-mir-29c,hsa-mir-106b,hsa-mir-138-2,hsa-mir-125b-2,hsa-mir-93,hsa-mir-342,hsa-mir-17,hsa-mir-15b,hsa-mir-212,hsa-mir-200b,hsa-mir-31,hsa-mir-124-1,hsa-mir-323b"
Disease,Behcet's Disease,1,0.14285714,1.07142857,0.6338,1.0,1.0,hsa-mir-139
Disease,"Cardiomyopathy, Ischemic",9,0.47368421,3.55263158,0.000301,0.1907,0.00414,"hsa-mir-30b,hsa-mir-23b,hsa-mir-377,hsa-mir-139,hsa-mir-154,hsa-mir-34a,hsa-mir-200a,hsa-mir-126,hsa-mir-141"
Disease,Chronic Brucellosis,3,0.5,3.75,0.0343,1.0,0.1476,"hsa-mir-126,hsa-mir-139,hsa-mir-494"
Disease,Colitis,5,0.41666667,3.125,0.0143,1.0,0.0868,"hsa-mir-139,hsa-mir-138-1,hsa-mir-18a,hsa-mir-138-2,hsa-mir-31"
Disease,"Leukemia, Myeloid",5,0.27777778,2.08333333,0.0796,1.0,0.2831,"hsa-mir-139,hsa-mir-17,hsa-mir-125b-1,hsa-mir-125b-2,hsa-mir-18a"
Disease,Liver Diseases [unspecific],6,0.20689655,1.55172414,0.1791,1.0,0.5372,"hsa-mir-139,hsa-mir-34a,hsa-mir-200a,hsa-let-7c,hsa-mir-200c,hsa-mir-200b"
Disease,Neurodegenerative Diseases [unspecific],9,0.47368421,3.55263158,0.000301,0.1907,0.00414,"hsa-mir-124-2,hsa-mir-124-1,hsa-mir-139,hsa-mir-337,hsa-mir-17,hsa-mir-34a,hsa-mir-124-3,hsa-mir-342,hsa-mir-132"
Disease,Acute Kidney Injury,5,0.29411765,2.20588235,0.0641,1.0,0.2359,"hsa-mir-200a,hsa-mir-200c,hsa-mir-125b-1,hsa-mir-200b,hsa-mir-125b-2"
Disease,Asthma,5,0.12195122,0.91463415,0.6578,1.0,1.0,"hsa-mir-200c,hsa-mir-126,hsa-mir-125b-1,hsa-mir-125b-2,hsa-mir-18a"
Disease,"Carcinoma, Endometrioid Endometrial",4,0.57142857,4.28571429,0.0077,1.0,0.0537,"hsa-mir-205,hsa-mir-200a,hsa-mir-200c,hsa-mir-141"
Disease,"Carcinoma, Skin",6,0.75,5.625,0.00011499999999999999,0.0726,0.00186,"hsa-mir-383,hsa-mir-205,hsa-mir-200a,hsa-mir-200b,hsa-mir-200c,hsa-mir-23b"
Disease,"Carcinoma, Spindle Cell",4,1.0,7.5,0.000306,0.1938,0.00412,"hsa-mir-200b,hsa-mir-200c,hsa-mir-200a,hsa-mir-205"
Disease,Cholangiocarcinoma,9,0.25714286,1.92857143,0.0341,1.0,0.1477,"hsa-mir-34a,hsa-mir-203a,hsa-mir-200a,hsa-mir-200c,hsa-mir-429,hsa-mir-203b,hsa-mir-200b,hsa-mir-141,hsa-mir-205"
Disease,Chronic Hepatitis B,9,0.28125,2.109375,0.0193,1.0,0.0935,"hsa-mir-200a,hsa-mir-29c,hsa-mir-200c,hsa-mir-124-2,hsa-mir-200b,hsa-mir-124-1,hsa-mir-30b,hsa-mir-15a,hsa-mir-124-3"
Disease,"Colitis, Ulcerative",11,0.42307692,3.17307692,0.00021600000000000002,0.1371,0.00305,"hsa-mir-342,hsa-mir-200c,hsa-mir-124-2,hsa-mir-429,hsa-mir-200b,hsa-mir-31,hsa-mir-335,hsa-mir-124-1,hsa-mir-18a,hsa-mir-141,hsa-mir-124-3"
Disease,Inflammatory Bowel Diseases,14,0.4375,3.28125,1.75e-05,0.0111,0.000392,"hsa-mir-200a,hsa-mir-200c,hsa-mir-124-2,hsa-mir-129-1,hsa-mir-125b-1,hsa-mir-200b,hsa-mir-31,hsa-mir-129-2,hsa-mir-124-1,hsa-mir-206,hsa-mir-125b-2,hsa-mir-18a,hsa-mir-124-3,hsa-mir-132"
Disease,Kallmann Syndrome,3,0.5,3.75,0.0343,1.0,0.1476,"hsa-mir-200a,hsa-mir-200b,hsa-mir-200c"
Disease,Kawasaki's Syndrome,2,0.33333333,2.5,0.1848,1.0,0.5515,"hsa-mir-200c,hsa-mir-31"
Disease,Kidney Diseases [unspecific],4,0.57142857,4.28571429,0.0077,1.0,0.0537,"hsa-mir-200c,hsa-mir-125b-1,hsa-mir-200b,hsa-mir-125b-2"
Disease,Kidney Neoplasms,2,0.18181818,1.36363636,0.4427,1.0,0.9752,"hsa-mir-34a,hsa-mir-200c"
Disease,Leiomyoma,3,0.5,3.75,0.0343,1.0,0.1476,"hsa-mir-29c,hsa-mir-200b,hsa-mir-200c"
Disease,Leiomyosarcoma,1,0.5,3.75,0.249,1.0,0.7059,hsa-mir-200c
Disease,"Tuberculosis, Pulmonary",10,0.38461538,2.88461538,0.00105,0.6681,0.0118,"hsa-mir-200c,hsa-mir-124-2,hsa-mir-125b-1,hsa-mir-31,hsa-mir-124-1,hsa-mir-30b,hsa-mir-206,hsa-mir-125b-2,hsa-mir-376c,hsa-mir-124-3"
Disease,"Adenocarcinoma, Esophageal",8,0.36363636,2.72727273,0.00513,1.0,0.0388,"hsa-mir-203a,hsa-mir-193b,hsa-mir-203b,hsa-mir-330,hsa-mir-378a,hsa-mir-23b,hsa-mir-205,hsa-mir-452"
Disease,"Adenocarcinoma, Gastric",14,0.36842105,2.76315789,0.000173,0.1096,0.00263,"hsa-mir-34a,hsa-mir-203a,hsa-let-7c,hsa-mir-17,hsa-mir-203b,hsa-mir-125b-1,hsa-mir-127,hsa-mir-299,hsa-mir-100,hsa-mir-125b-2,hsa-mir-381,hsa-mir-15a,hsa-mir-205,hsa-mir-93"
Disease,Alopecia,6,0.66666667,5.0,0.000306,0.1939,0.0039,"hsa-mir-106b,hsa-mir-203a,hsa-mir-203b,hsa-mir-410,hsa-mir-125b-1,hsa-mir-125b-2"
Disease,Barrett's Esophagus,3,0.27272727,2.04545455,0.1717,1.0,0.5216,"hsa-mir-203a,hsa-mir-205,hsa-mir-203b"
Disease,"Carcinoma, Merkel Cell",2,0.66666667,5.0,0.0484,1.0,0.19699999999999998,"hsa-mir-203b,hsa-mir-203a"
Disease,Diabetic Foot,3,1.0,7.5,0.00233,1.0,0.0209,"hsa-mir-203b,hsa-mir-203a,hsa-mir-31"
Disease,Esophageal Neoplasms,3,0.33333333,2.5,0.1064,1.0,0.3484,"hsa-mir-203a,hsa-mir-203b,hsa-mir-141"
Disease,Essential Thrombocythemia,4,0.66666667,5.0,0.0036799999999999997,1.0,0.0295,"hsa-mir-203a,hsa-mir-203b,hsa-mir-125b-1,hsa-mir-125b-2"
Disease,Helicobacter Pylori Infection,3,0.3,2.25,0.1377,1.0,0.4272,"hsa-mir-203a,hsa-mir-203b,hsa-mir-370"
Disease,Myocardial Fibrosis,10,0.625,4.6875,5.33e-06,0.0033799999999999998,0.00015,"hsa-mir-154,hsa-mir-34a,hsa-mir-15b,hsa-mir-203a,hsa-mir-203b,hsa-mir-125b-1,hsa-mir-378a,hsa-mir-433,hsa-mir-125b-2,hsa-mir-18a"
Disease,Necrotizing Enterocolitis,4,0.36363636,2.72727273,0.0472,1.0,0.1947,"hsa-mir-431,hsa-mir-203a,hsa-mir-203b,hsa-mir-31"
Disease,Preeclampsia,22,0.2972973,2.22972973,0.000103,0.0653,0.0016899999999999999,"hsa-mir-128-2,hsa-mir-203a,hsa-mir-342,hsa-mir-34a,hsa-mir-126,hsa-mir-106b,hsa-mir-17,hsa-mir-203b,hsa-mir-125b-1,hsa-mir-335,hsa-mir-206,hsa-mir-128-1,hsa-mir-942,hsa-mir-125b-2,hsa-mir-18a,hsa-mir-363,hsa-mir-495,hsa-mir-92b,hsa-mir-205,hsa-mir-411,hsa-mir-197,hsa-mir-93"
Disease,Psoriasis,11,0.33333333,2.5,0.00232,1.0,0.021,"hsa-mir-203a,hsa-mir-369,hsa-mir-33b,hsa-mir-193b,hsa-mir-203b,hsa-mir-125b-1,hsa-mir-31,hsa-mir-138-2,hsa-mir-125b-2,hsa-mir-99a,hsa-mir-138-1"
Disease,Allergy,6,0.28571429,2.14285714,0.0498,1.0,0.1929,"hsa-mir-124-2,hsa-mir-124-1,hsa-mir-31,hsa-mir-124-3,hsa-mir-452,hsa-mir-126"
Disease,Astrocytoma,5,0.29411765,2.20588235,0.0641,1.0,0.2359,"hsa-mir-124-2,hsa-mir-124-1,hsa-mir-206,hsa-mir-15a,hsa-mir-124-3"
Disease,Cocaine Abuse,4,0.57142857,4.28571429,0.0077,1.0,0.0537,"hsa-mir-124-2,hsa-mir-124-1,hsa-mir-124-3,hsa-mir-212"
Disease,Crohn Disease,9,0.27272727,2.04545455,0.0236,1.0,0.1106,"hsa-mir-29c,hsa-mir-124-2,hsa-mir-31,hsa-mir-124-1,hsa-mir-18a,hsa-mir-141,hsa-mir-495,hsa-mir-99a,hsa-mir-124-3"
Disease,Depression Disorder,6,0.26086957,1.95652174,0.07400000000000001,1.0,0.2698,"hsa-mir-124-2,hsa-mir-106b,hsa-mir-17,hsa-mir-335,hsa-mir-124-1,hsa-mir-124-3"
Disease,Hematologic Neoplasms,10,0.29411765,2.20588235,0.009940000000000001,1.0,0.0647,"hsa-mir-124-2,hsa-mir-17,hsa-mir-15b,hsa-mir-125b-1,hsa-mir-124-1,hsa-mir-378a,hsa-mir-125b-2,hsa-mir-23b,hsa-mir-15a,hsa-mir-124-3"
Disease,Human Immunodeficiency Virus Infection,12,0.25531915,1.91489362,0.0161,1.0,0.09300000000000001,"hsa-mir-34a,hsa-mir-29c,hsa-let-7c,hsa-mir-126,hsa-mir-124-2,hsa-mir-17,hsa-mir-382,hsa-mir-125b-1,hsa-mir-124-1,hsa-mir-942,hsa-mir-125b-2,hsa-mir-124-3"
Disease,"Leukemia, Lymphoblastic, Acute",8,0.33333333,2.5,0.00932,1.0,0.0614,"hsa-mir-124-2,hsa-mir-17,hsa-mir-124-1,hsa-mir-100,hsa-mir-18a,hsa-mir-99a,hsa-mir-15a,hsa-mir-124-3"
Disease,Myelodysplastic Syndromes,9,0.32142857,2.41071429,0.007659999999999999,1.0,0.054000000000000006,"hsa-mir-34a,hsa-mir-124-2,hsa-mir-125b-1,hsa-mir-124-1,hsa-mir-378a,hsa-mir-125b-2,hsa-mir-15a,hsa-mir-124-3,hsa-mir-205"
Disease,Pediatric Astrocytoma,4,0.8,6.0,0.00137,0.8681,0.0144,"hsa-mir-128-1,hsa-mir-124-2,hsa-mir-124-1,hsa-mir-124-3"
Disease,Retinoblastoma,12,0.26666667,2.0,0.0113,1.0,0.0726,"hsa-mir-200a,hsa-let-7c,hsa-mir-124-2,hsa-mir-17,hsa-mir-125b-1,hsa-mir-433,hsa-mir-31,hsa-mir-124-1,hsa-mir-125b-2,hsa-mir-18a,hsa-mir-124-3,hsa-mir-494"
Disease,Rhinosinusitis,5,0.38461538,2.88461538,0.0208,1.0,0.0988,"hsa-mir-124-2,hsa-mir-124-1,hsa-mir-124-3,hsa-mir-125b-1,hsa-mir-125b-2"
Disease,Stroke,6,0.16216216,1.21621622,0.3706,1.0,0.8526,"hsa-mir-362,hsa-mir-124-2,hsa-mir-124-1,hsa-mir-30b,hsa-mir-124-3,hsa-mir-410"
Disease,"Stroke, Hemorrhagic",3,0.6,4.5,0.019,1.0,0.0944,"hsa-mir-124-2,hsa-mir-124-1,hsa-mir-124-3"
Disease,Toxic Epidermal Necrolysis,4,1.0,7.5,0.000306,0.1938,0.00412,"hsa-mir-124-2,hsa-mir-124-1,hsa-mir-18a,hsa-mir-124-3"
Disease,"Adenocarcinoma, Endometrial",2,1.0,7.5,0.0177,1.0,0.1017,"hsa-mir-200a,hsa-mir-410"
Disease,Immune Thrombocytopenic Purpura,2,0.15384615,1.15384615,0.5342,1.0,1.0,"hsa-mir-544a,hsa-mir-410"
Disease,ACTH-Secreting Pituitary Adenoma,2,0.18181818,1.36363636,0.4427,1.0,0.9752,"hsa-mir-15a,hsa-mir-141"
Disease,"Adenocarcinoma, Prostate",3,0.6,4.5,0.019,1.0,0.0944,"hsa-mir-154,hsa-mir-126,hsa-mir-141"
Disease,Amyotrophic Lateral Sclerosis,7,0.77777778,5.83333333,1.89e-05,0.012,0.00041500000000000006,"hsa-mir-129-2,hsa-mir-206,hsa-mir-200a,hsa-mir-125b-1,hsa-mir-125b-2,hsa-mir-132,hsa-mir-141"
Disease,"Carcinoma, Biliary Tract",3,0.42857143,3.21428571,0.0542,1.0,0.2064,"hsa-mir-205,hsa-mir-200a,hsa-mir-141"
Disease,Hirschsprung's Disease,5,0.22727273,1.70454545,0.1585,1.0,0.4842,"hsa-mir-34a,hsa-mir-369,hsa-mir-429,hsa-mir-206,hsa-mir-141"
Disease,Idiopathic Asthenospermia,1,0.5,3.75,0.249,1.0,0.7059,hsa-mir-141
Disease,Nephrosclerosis,5,0.83333333,6.25,0.000213,0.1353,0.00316,"hsa-mir-429,hsa-mir-205,hsa-mir-200a,hsa-mir-200b,hsa-mir-141"
Disease,Thyroid Neoplasms,6,0.375,2.8125,0.013000000000000001,1.0,0.0827,"hsa-mir-323b,hsa-mir-323a,hsa-mir-200a,hsa-mir-200b,hsa-mir-127,hsa-mir-141"
Disease,"Muscular Dystrophy, Facioscapulohumeral",5,0.27777778,2.08333333,0.0796,1.0,0.2831,"hsa-mir-330,hsa-mir-206,hsa-mir-34a,hsa-mir-380,hsa-mir-625"
Disease,Liver Injury,3,0.2,1.5,0.3226,1.0,0.8015,"hsa-mir-382,hsa-mir-212,hsa-mir-200a"
Disease,Acute Megakaryoblastic Leukemia,3,1.0,7.5,0.00233,1.0,0.0209,"hsa-mir-99a,hsa-mir-125b-2,hsa-mir-125b-1"
Disease,Aortic Aneurysm,3,0.27272727,2.04545455,0.1717,1.0,0.5216,"hsa-mir-125b-1,hsa-mir-378a,hsa-mir-125b-2"
Disease,"Carcinoma, Gallbladder",6,0.22222222,1.66666667,0.139,1.0,0.4258,"hsa-mir-34a,hsa-mir-125b-1,hsa-mir-335,hsa-mir-138-2,hsa-mir-125b-2,hsa-mir-138-1"
Disease,Cervical Dysplasia,2,0.33333333,2.5,0.1848,1.0,0.5515,"hsa-mir-125b-2,hsa-mir-125b-1"
Disease,Chronic Kidney Disease,10,0.3125,2.34375,0.006220000000000001,1.0,0.0447,"hsa-mir-29c,hsa-mir-126,hsa-mir-106b,hsa-mir-193b,hsa-mir-17,hsa-mir-15b,hsa-mir-125b-1,hsa-mir-30b,hsa-mir-125b-2,hsa-mir-15a"
Disease,Down Syndrome,3,0.25,1.875,0.2077,1.0,0.5959,"hsa-mir-99a,hsa-let-7c,hsa-mir-125b-2"
Disease,Ewing's Sarcoma,4,0.33333333,2.5,0.0636,1.0,0.2355,"hsa-mir-31,hsa-mir-34a,hsa-mir-125b-1,hsa-mir-125b-2"
Disease,Habitual Abortion,2,0.14285714,1.07142857,0.5760000000000001,1.0,1.0,"hsa-mir-184,hsa-mir-125b-2"
Disease,"Leukemia, B-Cell",5,0.35714286,2.67857143,0.0289,1.0,0.1317,"hsa-mir-17,hsa-mir-15a,hsa-mir-18a,hsa-mir-125b-1,hsa-mir-125b-2"
Disease,"Leukemia, Biphenotypic, Acute",2,0.33333333,2.5,0.1848,1.0,0.5515,"hsa-mir-125b-1,hsa-mir-125b-2"
Disease,"Leukemia, Lymphoblastic, Acute, Childhood",5,0.41666667,3.125,0.0143,1.0,0.0868,"hsa-mir-502,hsa-mir-99a,hsa-mir-125b-1,hsa-mir-100,hsa-mir-125b-2"
Disease,"Leukemia, Promyelocytic, Acute",4,0.26666667,2.0,0.1279,1.0,0.4119,"hsa-mir-34a,hsa-mir-125b-1,hsa-mir-125b-2,hsa-mir-126"
Disease,"Leukemia-Lymphoma, Precursor B-Cell Lymphoblastic",3,0.33333333,2.5,0.1064,1.0,0.3484,"hsa-mir-125b-1,hsa-mir-125b-2,hsa-mir-126"
Disease,Machado-Joseph Disease,3,0.27272727,2.04545455,0.1717,1.0,0.5216,"hsa-mir-494,hsa-mir-125b-1,hsa-mir-125b-2"
Disease,Myocardial Infarction,6,0.11538462,0.86538462,0.7143,1.0,1.0,"hsa-mir-29c,hsa-mir-126,hsa-mir-125b-1,hsa-mir-31,hsa-mir-206,hsa-mir-125b-2"
Disease,Nevus,3,1.0,7.5,0.00233,1.0,0.0209,"hsa-mir-125b-1,hsa-mir-125b-2,hsa-let-7c"
Disease,Polycythemia Vera,3,0.15,1.125,0.5112,1.0,1.0,"hsa-mir-125b-1,hsa-mir-378a,hsa-mir-125b-2"
Disease,Rectal Neoplasms,2,0.66666667,5.0,0.0484,1.0,0.19699999999999998,"hsa-mir-125b-2,hsa-mir-125b-1"
Disease,Respiratory Syncytial Virus Pneumonia,6,0.33333333,2.5,0.0239,1.0,0.1117,"hsa-mir-429,hsa-mir-203a,hsa-mir-29c,hsa-mir-125b-1,hsa-mir-125b-2,hsa-mir-31"
Disease,Tuberculosis,6,0.46153846,3.46153846,0.0039299999999999995,1.0,0.0308,"hsa-mir-29c,hsa-mir-93,hsa-mir-125b-1,hsa-mir-337,hsa-mir-125b-2,hsa-mir-381"
Disease,Acute Coronary Syndrome,6,0.27272727,2.04545455,0.0612,1.0,0.2273,"hsa-mir-15b,hsa-mir-323b,hsa-mir-100,hsa-mir-323a,hsa-mir-15a,hsa-mir-92b"
Disease,"Squamous Cell Carcinoma, Cerevial",6,0.35294118,2.64705882,0.0179,1.0,0.0906,"hsa-mir-323b,hsa-mir-323a,hsa-mir-205,hsa-mir-138-1,hsa-mir-138-2,hsa-mir-126"
Disease,"Adenocarcinoma, Gastric-Esophageal Junction",1,0.06666667,0.5,0.8847,1.0,1.0,hsa-mir-381
Disease,Epithelioid Sarcoma,2,0.5,3.75,0.0883,1.0,0.3079,"hsa-mir-206,hsa-mir-381"
Disease,Pituitary Neoplasms,7,0.4375,3.28125,0.00263,1.0,0.0221,"hsa-mir-15a,hsa-mir-329-2,hsa-mir-329-1,hsa-let-7c,hsa-mir-381,hsa-mir-655,hsa-mir-132"
Disease,Soft Tissue Sarcoma,3,0.375,2.8125,0.0784,1.0,0.2832,"hsa-mir-206,hsa-mir-34a,hsa-mir-381"
Disease,Autism Spectrum Disorder,10,0.35714286,2.67857143,0.00205,1.0,0.0186,"hsa-mir-106b,hsa-mir-212,hsa-mir-129-1,hsa-mir-129-2,hsa-mir-363,hsa-mir-23b,hsa-mir-431,hsa-mir-15a,hsa-mir-93,hsa-mir-132"
Disease,Lofgren's Syndrome,3,0.25,1.875,0.2077,1.0,0.5959,"hsa-mir-425,hsa-mir-212,hsa-mir-93"
Disease,Post-Traumatic Stress Disorder,1,0.5,3.75,0.249,1.0,0.7059,hsa-mir-212
Disease,Preterm Labor,1,0.33333333,2.5,0.3493,1.0,0.8482,hsa-mir-212
Disease,Allergic Asthma,1,0.25,1.875,0.4363,1.0,0.9904,hsa-mir-34a
Disease,Bipolar Disorder,4,0.5,3.75,0.0138,1.0,0.0866,"hsa-mir-206,hsa-mir-34a,hsa-mir-15b,hsa-mir-132"
Disease,Brain Neoplasms,5,0.20833333,1.5625,0.2067,1.0,0.596,"hsa-mir-34a,hsa-mir-129-1,hsa-mir-129-2,hsa-mir-383,hsa-mir-92b"
Disease,Bronchiolitis Obliterans Syndrome,1,0.33333333,2.5,0.3493,1.0,0.8482,hsa-mir-34a
Disease,Chordoma,2,0.14285714,1.07142857,0.5760000000000001,1.0,1.0,"hsa-mir-34a,hsa-mir-31"
Disease,Chronic Pancreatitis,1,0.25,1.875,0.4363,1.0,0.9904,hsa-mir-34a
Disease,Diabetic Retinopathy,6,0.28571429,2.14285714,0.0498,1.0,0.1929,"hsa-mir-34a,hsa-mir-15a,hsa-mir-15b,hsa-mir-93,hsa-mir-200b,hsa-mir-126"
Disease,Heart Diseases [unspecific],6,0.15789474,1.18421053,0.3961,1.0,0.9044,"hsa-mir-34a,hsa-mir-200b,hsa-mir-513a-2,hsa-mir-184,hsa-mir-100,hsa-mir-513a-1"
Disease,Hepatitis [unspecific],2,0.16666667,1.25,0.4898,1.0,1.0,"hsa-mir-34a,hsa-mir-197"
Disease,"Leukemia, Lymphoblastic",6,0.28571429,2.14285714,0.0498,1.0,0.1929,"hsa-mir-17,hsa-mir-128-2,hsa-mir-34a,hsa-mir-128-1,hsa-mir-29c,hsa-mir-126"
Disease,"Leukemia, Lymphocytic, Chronic, B-Cell",5,0.14705882,1.10294118,0.4826,1.0,1.0,"hsa-mir-34a,hsa-mir-29c,hsa-mir-106b,hsa-mir-15b,hsa-mir-15a"
Disease,"Lymphoma, B-Cell",5,0.20833333,1.5625,0.2067,1.0,0.596,"hsa-mir-34a,hsa-mir-17,hsa-mir-15a,hsa-mir-376c,hsa-mir-92b"
Disease,Macular Degeneration,5,0.35714286,2.67857143,0.0289,1.0,0.1317,"hsa-mir-17,hsa-mir-34a,hsa-mir-93,hsa-mir-184,hsa-mir-126"
Disease,Myeloproliferative Neoplasms,1,0.11111111,0.83333333,0.7254,1.0,1.0,hsa-mir-34a
Disease,Non-Traumatic Subarachnoid Hemorrhage,4,0.36363636,2.72727273,0.0472,1.0,0.1947,"hsa-mir-744,hsa-mir-34a,hsa-mir-15b,hsa-mir-126"
Disease,Pain[unspecific],1,0.25,1.875,0.4363,1.0,0.9904,hsa-mir-34a
Disease,Uveal Melanoma,1,0.09090909,0.68181818,0.7943,1.0,1.0,hsa-mir-34a
Disease,Vasculitis,2,0.25,1.875,0.2899,1.0,0.7263,"hsa-mir-34a,hsa-mir-383"
Disease,Cerebral Aneurysm,3,0.15,1.125,0.5112,1.0,1.0,"hsa-mir-370,hsa-mir-29c,hsa-mir-23b"
Disease,Cerebral Cavernous Malformations,1,0.2,1.5,0.5117,1.0,1.0,hsa-mir-370
Disease,Aortic Insufficiency,1,0.25,1.875,0.4363,1.0,0.9904,hsa-mir-30b
Disease,Cryptosporidium infection,2,0.5,3.75,0.0883,1.0,0.3079,"hsa-mir-30b,hsa-mir-23b"
Disease,"Diabetes Mellitus, Type 1",1,0.25,1.875,0.4363,1.0,0.9904,hsa-mir-30b
Disease,"Squamous Cell Carcinoma, Lung",6,0.26086957,1.95652174,0.07400000000000001,1.0,0.2698,"hsa-mir-425,hsa-mir-29c,hsa-mir-126,hsa-mir-30b,hsa-mir-206,hsa-mir-205"
Disease,Azoospermia,2,0.18181818,1.36363636,0.4427,1.0,0.9752,"hsa-mir-17,hsa-mir-383"
Disease,Spinal Cord Injuries,1,0.07692308,0.57692308,0.846,1.0,1.0,hsa-mir-383
Disease,Essential Hypertension,3,0.15789474,1.18421053,0.4753,1.0,1.0,"hsa-mir-362,hsa-let-7c,hsa-mir-126"
Disease,Intracerebral Haemorrhage,1,0.33333333,2.5,0.3493,1.0,0.8482,hsa-mir-362
Disease,Gallstones,2,0.4,3.0,0.1346,1.0,0.4311,"hsa-mir-15a,hsa-mir-429"
Disease,Glomerulonephritis,3,0.42857143,3.21428571,0.0542,1.0,0.2064,"hsa-mir-429,hsa-mir-200a,hsa-mir-200b"
Disease,Medulloepithelioma,3,0.375,2.8125,0.0784,1.0,0.2832,"hsa-mir-509-2,hsa-mir-509-3,hsa-mir-509-1"
Disease,Carotid Atherosclerosis,2,0.2,1.5,0.3935,1.0,0.9036,"hsa-mir-100,hsa-mir-127"
Disease,Oral Leukoplakia,5,0.41666667,3.125,0.0143,1.0,0.0868,"hsa-mir-129-2,hsa-mir-345,hsa-mir-205,hsa-mir-129-1,hsa-mir-31"
Disease,Cerebral Ischemia,4,0.36363636,2.72727273,0.0472,1.0,0.1947,"hsa-mir-128-2,hsa-mir-128-1,hsa-let-7c,hsa-mir-376b"
Disease,Hemoglobin Diseases,2,0.15384615,1.15384615,0.5342,1.0,1.0,"hsa-let-7c,hsa-mir-940"
Disease,"Lymphoma, Primary Effusion",1,0.07692308,0.57692308,0.846,1.0,1.0,hsa-let-7c
Disease,Non-Traumatic Osteonecrosis,3,0.5,3.75,0.0343,1.0,0.1476,"hsa-mir-335,hsa-mir-17,hsa-let-7c"
Disease,Salivary Gland Neoplasms,2,0.22222222,1.66666667,0.3423,1.0,0.8381,"hsa-mir-23b,hsa-mir-299"
Disease,Male Infertility,4,0.30769231,2.30769231,0.0826,1.0,0.2923,"hsa-mir-335,hsa-mir-629,hsa-mir-200a,hsa-mir-29c"
Disease,Meningioma,1,0.25,1.875,0.4363,1.0,0.9904,hsa-mir-200a
Disease,Biliary Atresia,4,0.66666667,5.0,0.0036799999999999997,1.0,0.0295,"hsa-mir-129-2,hsa-mir-29c,hsa-mir-129-1,hsa-mir-200b"
Disease,Congenital Diaphragmatic Hernia,1,0.5,3.75,0.249,1.0,0.7059,hsa-mir-200b
Disease,Kidney Transplant Rejection,2,0.18181818,1.36363636,0.4427,1.0,0.9752,"hsa-mir-99a,hsa-mir-200b"
Disease,"Leukemia, Lymphoblastic, Acute, T-Cell",4,0.33333333,2.5,0.0636,1.0,0.2355,"hsa-mir-193b,hsa-mir-17,hsa-mir-128-2,hsa-mir-128-1"
Disease,"Leukemia, T-Cell",2,0.4,3.0,0.1346,1.0,0.4311,"hsa-mir-128-1,hsa-mir-128-2"
Disease,"Lymphoma, Hodgkin",4,0.18181818,1.36363636,0.3359,1.0,0.8275,"hsa-mir-128-2,hsa-mir-17,hsa-mir-128-1,hsa-mir-494"
Disease,Myocardial Ischemic-Reperfusion Injury,3,0.1875,1.40625,0.3616,1.0,0.8353,"hsa-mir-128-2,hsa-mir-128-1,hsa-mir-126"
Disease,Pulmonary Sarcoidosis,3,0.27272727,2.04545455,0.1717,1.0,0.5216,"hsa-mir-128-2,hsa-mir-15b,hsa-mir-128-1"
Disease,Aneurysmal Subarachnoid Hemorrhage,1,0.5,3.75,0.249,1.0,0.7059,hsa-mir-132
Disease,Chronic Pain,1,0.2,1.5,0.5117,1.0,1.0,hsa-mir-132
Disease,Encephalomyelitis,2,0.5,3.75,0.0883,1.0,0.3079,"hsa-mir-17,hsa-mir-132"
Disease,Pregnancy Complications [unspecific],1,0.2,1.5,0.5117,1.0,1.0,hsa-mir-132
Disease,Toxoplasma gondii Infection,3,0.5,3.75,0.0343,1.0,0.1476,"hsa-mir-106b,hsa-mir-17,hsa-mir-132"
Disease,Varicella,4,0.8,6.0,0.00137,0.8681,0.0144,"hsa-mir-629,hsa-mir-363,hsa-mir-197,hsa-mir-132"
Disease,Allergic Rhinitis,3,0.14285714,1.07142857,0.5458,1.0,1.0,"hsa-mir-17,hsa-mir-18a,hsa-mir-126"
Disease,"Lymphoma, T-Cell",4,0.15384615,1.15384615,0.4642,1.0,1.0,"hsa-mir-342,hsa-mir-17,hsa-mir-18a,hsa-mir-93"
Disease,Carotid Artery Diseases,1,0.33333333,2.5,0.3493,1.0,0.8482,hsa-mir-494
Disease,Prion Diseases,2,1.0,7.5,0.0177,1.0,0.1017,"hsa-mir-494,hsa-mir-342"
Disease,"Carcinoma, Renal Cell, Chromophobe",1,0.25,1.875,0.4363,1.0,0.9904,hsa-mir-425
Disease,Peripheral Vascular Disease,5,0.35714286,2.67857143,0.0289,1.0,0.1317,"hsa-mir-425,hsa-mir-335,hsa-mir-15b,hsa-mir-363,hsa-mir-126"
Disease,Hypercholesterolaemia,1,0.33333333,2.5,0.3493,1.0,0.8482,hsa-mir-33b
Disease,Hyperglycemia,2,1.0,7.5,0.0177,1.0,0.1017,"hsa-mir-33b,hsa-mir-126"
Disease,Periodontitis,1,0.5,3.75,0.249,1.0,0.7059,hsa-mir-495
Disease,Acute Brucellosis,1,0.5,3.75,0.249,1.0,0.7059,hsa-mir-126
Disease,Acute Pancreatitis,1,0.14285714,1.07142857,0.6338,1.0,1.0,hsa-mir-126
Disease,Choroidal Neovascularization,1,0.5,3.75,0.249,1.0,0.7059,hsa-mir-126
Disease,Dengue Virus Infection,2,0.13333333,1.0,0.615,1.0,1.0,"hsa-mir-378a,hsa-mir-126"
Disease,"Lymphoma, T-Cell, Cutaneous",1,0.33333333,2.5,0.3493,1.0,0.8482,hsa-mir-126
Disease,Metabolic Syndrome,2,0.22222222,1.66666667,0.3423,1.0,0.8381,"hsa-mir-193b,hsa-mir-126"
Disease,Pancreatic Intraductal Papillary Mucinous Neoplasms,4,0.66666667,5.0,0.0036799999999999997,1.0,0.0295,"hsa-mir-99a,hsa-mir-342,hsa-mir-100,hsa-mir-126"
Disease,Pneumonia,1,0.33333333,2.5,0.3493,1.0,0.8482,hsa-mir-126
Disease,Sjogren's Syndrome,2,0.5,3.75,0.0883,1.0,0.3079,"hsa-mir-335,hsa-mir-126"
Disease,Type 2 Diabetes Complications,1,0.5,3.75,0.249,1.0,0.7059,hsa-mir-126
Disease,Vascular Injuries,2,0.15384615,1.15384615,0.5342,1.0,1.0,"hsa-mir-100,hsa-mir-126"
Disease,Chikungunya Virus Infection,1,0.33333333,2.5,0.3493,1.0,0.8482,hsa-mir-744
Disease,"Carcinoma, Basal Cell",2,0.2,1.5,0.3935,1.0,0.9036,"hsa-mir-485,hsa-mir-92b"
Disease,Laryngeal Neoplasms,1,0.33333333,2.5,0.3493,1.0,0.8482,hsa-mir-93
Disease,Neuroendocrine Tumors,1,0.16666667,1.25,0.5771,1.0,1.0,hsa-mir-93
Disease,Traumatic Brain Injury,1,0.08333333,0.625,0.8220000000000001,1.0,1.0,hsa-mir-93
Disease,Colon Adenoma,3,0.14285714,1.07142857,0.5458,1.0,1.0,"hsa-mir-15b,hsa-mir-15a,hsa-mir-378a"
Disease,Japanese Encephalitis Virus Infection,1,0.25,1.875,0.4363,1.0,0.9904,hsa-mir-15b
Disease,"Lymphoma, Mantle-Cell",2,0.33333333,2.5,0.1848,1.0,0.5515,"hsa-mir-15b,hsa-mir-15a"
Disease,Myasthenia Gravis,2,0.14285714,1.07142857,0.5760000000000001,1.0,1.0,"hsa-mir-15a,hsa-mir-15b"
Disease,Uterine Leiomyoma,3,0.6,4.5,0.019,1.0,0.0944,"hsa-mir-29c,hsa-mir-15b,hsa-mir-197"
Disease,Synovial Sarcoma,2,0.18181818,1.36363636,0.4427,1.0,0.9752,"hsa-mir-17,hsa-mir-99a"
Disease,Thrombocytopenia,1,0.5,3.75,0.249,1.0,0.7059,hsa-mir-99a
Disease,Acute Ischemic Stroke,3,0.21428571,1.60714286,0.2837,1.0,0.7137,"hsa-mir-335,hsa-mir-330,hsa-mir-487b"
Disease,Fetal Alcohol Syndrome,1,0.5,3.75,0.249,1.0,0.7059,hsa-mir-335
Disease,Muscle Atrophy,2,0.11764706,0.88235294,0.6846,1.0,1.0,"hsa-mir-335,hsa-mir-100"
Disease,Myotonic Muscular Dystrophy,3,0.21428571,1.60714286,0.2837,1.0,0.7137,"hsa-mir-335,hsa-mir-206,hsa-mir-29c"
Disease,Spinal Muscular Atrophy,2,0.33333333,2.5,0.1848,1.0,0.5515,"hsa-mir-335,hsa-mir-206"
Disease,Alcoholic Cardiomyopathy,4,0.5,3.75,0.0138,1.0,0.0866,"hsa-mir-485,hsa-mir-138-1,hsa-mir-506,hsa-mir-138-2"
Disease,Androgenetic Alopecia,1,0.5,3.75,0.249,1.0,0.7059,hsa-mir-485
Disease,Chronic Post-Traumatic Headache,1,0.33333333,2.5,0.3493,1.0,0.8482,hsa-mir-3613
Disease,Costello Syndrome,5,0.83333333,6.25,0.000213,0.1353,0.00316,"hsa-mir-330,hsa-mir-206,hsa-mir-342,hsa-mir-138-1,hsa-mir-138-2"
Disease,Nervous System Diseases [unspecific],2,0.2,1.5,0.3935,1.0,0.9036,"hsa-mir-138-1,hsa-mir-138-2"
Disease,Panic Disorder,1,0.2,1.5,0.5117,1.0,1.0,hsa-mir-138-2
Disease,"Carcinoma, Supraglottic",1,0.2,1.5,0.5117,1.0,1.0,hsa-mir-206
Disease,Dermatomyositis,1,0.5,3.75,0.249,1.0,0.7059,hsa-mir-206
Disease,Distal Myopathy,1,0.2,1.5,0.5117,1.0,1.0,hsa-mir-206
Disease,"Muscular Dystrophy, Duchenne",1,0.16666667,1.25,0.5771,1.0,1.0,hsa-mir-206
Disease,Musculoskeletal Abnormalities [unspecific],1,0.2,1.5,0.5117,1.0,1.0,hsa-mir-206
Disease,Waldenstrom Macroglobulinemia,1,0.125,0.9375,0.6829,1.0,1.0,hsa-mir-206
Disease,"Carcinoma, Non-Functioning Pituitary",2,0.66666667,5.0,0.0484,1.0,0.19699999999999998,"hsa-mir-17,hsa-mir-106b"
Disease,Hemophagocytic Lymphohistiocytosis,1,0.125,0.9375,0.6829,1.0,1.0,hsa-mir-106b
Disease,Liver Transplant Rejection,1,0.33333333,2.5,0.3493,1.0,0.8482,hsa-mir-106b
Disease,Cholestatic Liver Injury,1,0.2,1.5,0.5117,1.0,1.0,hsa-mir-29c
Disease,Ependymoma,2,0.33333333,2.5,0.1848,1.0,0.5515,"hsa-mir-15a,hsa-mir-29c"
Disease,"Lymphoma, Burkitt's",2,0.15384615,1.15384615,0.5342,1.0,1.0,"hsa-mir-197,hsa-mir-29c"
Disease,Renal Fibrosis,2,0.16666667,1.25,0.4898,1.0,1.0,"hsa-mir-29c,hsa-mir-378a"
Disease,"Carcinoma, Periampullary",1,0.2,1.5,0.5117,1.0,1.0,hsa-mir-31
Disease,Endometrial Stromal Sarcoma,2,0.66666667,5.0,0.0484,1.0,0.19699999999999998,"hsa-mir-15a,hsa-mir-31"
Disease,"Lymphoma, Follicular",2,0.5,3.75,0.0883,1.0,0.3079,"hsa-mir-17,hsa-mir-31"
Disease,Uterine Leiomyosarcoma,2,1.0,7.5,0.0177,1.0,0.1017,"hsa-mir-15a,hsa-mir-31"
Disease,"Lymphoma, Non-Hodgkin",1,0.16666667,1.25,0.5771,1.0,1.0,hsa-mir-502
Disease,Prediabetes,1,0.14285714,1.07142857,0.6338,1.0,1.0,hsa-mir-193b
Disease,Gastric Neoplasms,2,0.18181818,1.36363636,0.4427,1.0,0.9752,"hsa-mir-129-2,hsa-mir-100"
Disease,Graves' Disease,1,0.1,0.75,0.7623,1.0,1.0,hsa-mir-197
Disease,Primary Biliary Cirrhosis,1,0.33333333,2.5,0.3493,1.0,0.8482,hsa-mir-197
Disease,Lupus Vulgaris,1,0.16666667,1.25,0.5771,1.0,1.0,hsa-mir-629
Disease,"Systemic Lupus Erythematosus, With Pericarditis",1,0.25,1.875,0.4363,1.0,0.9904,hsa-mir-629
Disease,"Carcinoma, Adenoid Cystic",1,0.14285714,1.07142857,0.6338,1.0,1.0,hsa-mir-17
Disease,"Carcinoma, Vulvar",2,0.22222222,1.66666667,0.3423,1.0,0.8381,"hsa-mir-17,hsa-mir-100"
Disease,Invasive Candida Infection,1,0.5,3.75,0.249,1.0,0.7059,hsa-mir-17
Disease,"Leukemia-Lymphoma, Adult T-Cell",1,0.11111111,0.83333333,0.7254,1.0,1.0,hsa-mir-17
Disease,"Lymphoma, Large-Cell, Anaplastic",1,0.08333333,0.625,0.8220000000000001,1.0,1.0,hsa-mir-17
Disease,IgA Nephropathy,1,0.2,1.5,0.5117,1.0,1.0,hsa-mir-100
Disease,Arrhythmia,1,0.125,0.9375,0.6829,1.0,1.0,hsa-mir-3144
Disease,Interstitial Cystitis,1,0.09090909,0.68181818,0.7943,1.0,1.0,hsa-mir-500a
Disease,Diabetic Vasculopathy,1,0.25,1.875,0.4363,1.0,0.9904,hsa-mir-15a
Disease,Gout,1,0.33333333,2.5,0.3493,1.0,0.8482,hsa-mir-15a
