Category,Term,Count,Percent,Fold,P-value,Bonferroni,FDR,miRNA
Disease,"Adenocarcinoma, Colon",8,0.34782609,3.40639598,0.00124,0.7707,0.007659999999999999,"hsa-mir-135b,hsa-mir-96,hsa-mir-30d,hsa-mir-30a,hsa-mir-30b,hsa-mir-21,hsa-mir-18a,hsa-mir-182"
Disease,Adenovirus Infection,10,0.27777778,2.72038567,0.00216,1.0,0.0123,"hsa-mir-101-2,hsa-mir-30a,hsa-mir-30b,hsa-mir-101-1,hsa-mir-181b-2,hsa-mir-181b-1,hsa-mir-452,hsa-mir-27a,hsa-mir-150,hsa-mir-378c"
Disease,Alcoholic Hepatitis,5,0.5,4.89669421,0.0017,1.0,0.009890000000000001,"hsa-mir-30a,hsa-mir-30b,hsa-mir-483,hsa-mir-192,hsa-mir-182"
Disease,"Aortic Aneurysm, Abdominal",8,0.38095238,3.73081464,0.000612,0.3818,0.004370000000000001,"hsa-mir-30a,hsa-mir-19b-1,hsa-mir-29b-1,hsa-mir-181b-1,hsa-mir-362,hsa-mir-21,hsa-mir-29b-2,hsa-mir-181b-2"
Disease,Aortic Stenosis,6,0.24,2.35041322,0.0349,1.0,0.1167,"hsa-mir-106a,hsa-mir-22,hsa-mir-30a,hsa-mir-211,hsa-mir-30b,hsa-mir-204"
Disease,Atherosclerosis,36,0.37894737,3.71117877,2.39e-14,1.49e-11,1.67e-12,"hsa-mir-9-1,hsa-mir-30d,hsa-mir-181a-1,hsa-mir-92a-1,hsa-mir-29b-1,hsa-mir-9-2,hsa-mir-99a,hsa-mir-365a,hsa-mir-181b-1,hsa-mir-497,hsa-mir-132,hsa-mir-181a-2,hsa-mir-19b-1,hsa-mir-135b,hsa-mir-432,hsa-mir-29b-2,hsa-mir-30a,hsa-mir-182,hsa-mir-92a-2,hsa-mir-150,hsa-mir-29c,hsa-mir-22,hsa-mir-19b-2,hsa-mir-30b,hsa-mir-365b,hsa-mir-431,hsa-mir-490,hsa-mir-143,hsa-mir-17,hsa-mir-21,hsa-mir-9-3,hsa-mir-181b-2,hsa-mir-29a,hsa-mir-19a,hsa-mir-27a,hsa-mir-378c"
Disease,Atrial Fibrillation,21,0.35,3.42768595,7.990000000000001e-08,4.99e-05,1.75e-06,"hsa-mir-19b-1,hsa-mir-483,hsa-mir-29c,hsa-mir-106a,hsa-mir-106b,hsa-mir-23a,hsa-mir-19b-2,hsa-mir-29b-2,hsa-mir-30a,hsa-mir-30b,hsa-mir-29b-1,hsa-mir-25,hsa-mir-196a-2,hsa-mir-18a,hsa-mir-21,hsa-mir-183,hsa-mir-29a,hsa-mir-93,hsa-mir-19a,hsa-mir-192,hsa-mir-150"
Disease,Autoimmune Diseases [unspecific],14,0.38888889,3.80853994,3.51e-06,0.0021899999999999997,4.73e-05,"hsa-mir-532,hsa-mir-301a,hsa-mir-106a,hsa-mir-181a-1,hsa-mir-149,hsa-mir-92a-1,hsa-mir-23a,hsa-mir-30a,hsa-mir-30b,hsa-mir-21,hsa-mir-29a,hsa-mir-92a-2,hsa-mir-150,hsa-mir-181a-2"
Disease,Bladder Outlet Obstruction,9,0.64285714,6.2957497,1.17e-06,0.000732,1.8100000000000003e-05,"hsa-mir-30a,hsa-mir-30d,hsa-mir-30b,hsa-mir-29b-1,hsa-mir-204,hsa-mir-29a,hsa-mir-29c,hsa-mir-132,hsa-mir-29b-2"
Disease,Breast Neoplasms,43,0.29054054,2.84537637,2.07e-12,1.29e-09,1.17e-10,"hsa-mir-9-1,hsa-mir-96,hsa-mir-30d,hsa-mir-92a-1,hsa-mir-345,hsa-mir-9-2,hsa-mir-383,hsa-mir-181b-1,hsa-mir-497,hsa-mir-132,hsa-mir-181a-2,hsa-mir-19b-1,hsa-mir-135b,hsa-mir-129-2,hsa-mir-30a,hsa-mir-335,hsa-mir-196a-2,hsa-mir-18a,hsa-mir-182,hsa-mir-219a-2,hsa-mir-204,hsa-mir-92a-2,hsa-mir-488,hsa-mir-106b,hsa-mir-218-2,hsa-mir-19b-2,hsa-mir-30b,hsa-mir-183,hsa-mir-196a-1,hsa-mir-93,hsa-mir-143,hsa-mir-342,hsa-mir-20a,hsa-mir-17,hsa-mir-149,hsa-mir-1248,hsa-mir-25,hsa-mir-21,hsa-mir-181b-2,hsa-mir-218-1,hsa-mir-29a,hsa-mir-19a,hsa-mir-27a"
Disease,"Carcinoma, Breast",82,0.23563218,2.3076375,3.3400000000000003e-22,2.0800000000000002e-19,5.650000000000001e-20,"hsa-mir-181a-1,hsa-mir-660,hsa-mir-92a-1,hsa-mir-345,hsa-mir-365a,hsa-mir-132,hsa-mir-135b,hsa-mir-196a-2,hsa-mir-18a,hsa-mir-92a-2,hsa-mir-708,hsa-mir-135a-1,hsa-mir-365b,hsa-mir-183,hsa-mir-342,hsa-mir-130b,hsa-mir-29a,hsa-mir-27a,hsa-mir-506,hsa-mir-509-3,hsa-mir-29b-1,hsa-mir-196b,hsa-mir-99a,hsa-mir-497,hsa-mir-873,hsa-mir-29b-2,hsa-mir-335,hsa-mir-219a-2,hsa-mir-150,hsa-mir-940,hsa-mir-101-2,hsa-mir-23a,hsa-mir-19b-2,hsa-mir-30b,hsa-mir-421,hsa-mir-494,hsa-mir-301a,hsa-mir-20a,hsa-mir-193a,hsa-mir-106a,hsa-mir-92b,hsa-mir-378c,hsa-mir-203a,hsa-mir-9-1,hsa-mir-96,hsa-mir-30d,hsa-mir-203b,hsa-mir-129-1,hsa-mir-3200,hsa-mir-190a,hsa-mir-129-2,hsa-mir-30a,hsa-mir-182,hsa-mir-204,hsa-mir-488,hsa-mir-139,hsa-mir-29c,hsa-mir-106b,hsa-mir-22,hsa-mir-502,hsa-mir-196a-1,hsa-mir-143,hsa-mir-561,hsa-mir-149,hsa-mir-509-1,hsa-mir-21,hsa-mir-181b-2,hsa-mir-218-1,hsa-mir-101-1,hsa-mir-9-2,hsa-mir-181b-1,hsa-mir-452,hsa-mir-181a-2,hsa-mir-19b-1,hsa-mir-324,hsa-mir-192,hsa-mir-218-2,hsa-mir-93,hsa-mir-17,hsa-mir-25,hsa-mir-9-3,hsa-mir-19a"
Disease,"Carcinoma, Colon",85,0.26984127,2.64266037,1.6e-26,9.98e-24,1.9e-23,"hsa-mir-203a,hsa-mir-1292,hsa-mir-362,hsa-mir-9-1,hsa-mir-454,hsa-mir-96,hsa-mir-506,hsa-mir-30d,hsa-mir-181a-1,hsa-mir-92a-1,hsa-mir-203b,hsa-mir-129-1,hsa-mir-509-3,hsa-mir-29b-1,hsa-mir-101-1,hsa-mir-196b,hsa-mir-345,hsa-mir-9-2,hsa-mir-365a,hsa-mir-99a,hsa-mir-181b-1,hsa-mir-497,hsa-mir-132,hsa-mir-181a-2,hsa-mir-19b-1,hsa-mir-135b,hsa-mir-551a,hsa-mir-29b-2,hsa-mir-324,hsa-mir-129-2,hsa-mir-30a,hsa-mir-335,hsa-mir-196a-2,hsa-mir-18a,hsa-mir-182,hsa-mir-219a-2,hsa-mir-204,hsa-mir-92a-2,hsa-mir-192,hsa-mir-150,hsa-mir-877,hsa-mir-139,hsa-mir-532,hsa-mir-29c,hsa-mir-106b,hsa-mir-101-2,hsa-mir-301b,hsa-mir-218-2,hsa-mir-23a,hsa-mir-22,hsa-mir-19b-2,hsa-mir-30b,hsa-mir-135a-1,hsa-mir-365b,hsa-mir-187,hsa-mir-183,hsa-mir-431,hsa-mir-196a-1,hsa-mir-502,hsa-mir-93,hsa-mir-494,hsa-mir-490,hsa-mir-143,hsa-mir-425,hsa-mir-342,hsa-mir-483,hsa-mir-301a,hsa-mir-20a,hsa-mir-193a,hsa-mir-106a,hsa-mir-17,hsa-mir-149,hsa-mir-130b,hsa-mir-509-1,hsa-mir-211,hsa-mir-25,hsa-mir-1269a,hsa-mir-21,hsa-mir-181b-2,hsa-mir-218-1,hsa-mir-9-3,hsa-mir-29a,hsa-mir-19a,hsa-mir-27a,hsa-mir-378c"
Disease,"Carcinoma, Gastric",79,0.28727273,2.8133734,7.25e-26,4.5200000000000004e-23,4.29e-23,"hsa-mir-203a,hsa-mir-362,hsa-mir-9-1,hsa-mir-96,hsa-mir-506,hsa-mir-181a-1,hsa-mir-92a-1,hsa-mir-203b,hsa-mir-129-1,hsa-mir-509-3,hsa-mir-29b-1,hsa-mir-101-1,hsa-mir-196b,hsa-mir-9-2,hsa-mir-99a,hsa-mir-365a,hsa-mir-383,hsa-mir-181b-1,hsa-mir-497,hsa-mir-132,hsa-mir-181a-2,hsa-mir-19b-1,hsa-mir-135b,hsa-mir-29b-2,hsa-mir-129-2,hsa-mir-30a,hsa-mir-335,hsa-mir-196a-2,hsa-mir-18a,hsa-mir-182,hsa-mir-219a-2,hsa-mir-204,hsa-mir-92a-2,hsa-mir-192,hsa-mir-488,hsa-mir-139,hsa-mir-532,hsa-mir-29c,hsa-mir-940,hsa-mir-106b,hsa-mir-101-2,hsa-mir-508,hsa-mir-218-2,hsa-mir-23a,hsa-mir-22,hsa-mir-19b-2,hsa-mir-30b,hsa-mir-135a-1,hsa-mir-365b,hsa-mir-187,hsa-mir-183,hsa-mir-421,hsa-mir-502,hsa-mir-196a-1,hsa-mir-93,hsa-mir-494,hsa-mir-490,hsa-mir-143,hsa-mir-425,hsa-mir-483,hsa-mir-301a,hsa-mir-551b,hsa-mir-20a,hsa-mir-193a,hsa-mir-106a,hsa-mir-17,hsa-mir-149,hsa-mir-130b,hsa-mir-509-1,hsa-mir-25,hsa-mir-21,hsa-mir-181b-2,hsa-mir-218-1,hsa-mir-9-3,hsa-mir-92b,hsa-mir-29a,hsa-mir-19a,hsa-mir-27a,hsa-mir-378c"
Disease,"Carcinoma, Hepatocellular",86,0.25368732,2.48445842,1.04e-25,6.47e-23,4.0899999999999997e-23,"hsa-mir-203a,hsa-mir-362,hsa-mir-9-1,hsa-mir-96,hsa-mir-506,hsa-mir-30d,hsa-mir-181a-1,hsa-mir-92a-1,hsa-mir-203b,hsa-mir-129-1,hsa-mir-509-3,hsa-mir-29b-1,hsa-mir-101-1,hsa-mir-345,hsa-mir-9-2,hsa-mir-99a,hsa-mir-365a,hsa-mir-452,hsa-mir-497,hsa-mir-132,hsa-mir-181a-2,hsa-mir-19b-1,hsa-mir-135b,hsa-mir-432,hsa-mir-615,hsa-mir-29b-2,hsa-mir-190a,hsa-mir-324,hsa-mir-129-2,hsa-mir-30a,hsa-mir-335,hsa-mir-196a-2,hsa-mir-18a,hsa-mir-182,hsa-mir-204,hsa-mir-92a-2,hsa-mir-192,hsa-mir-150,hsa-mir-877,hsa-mir-139,hsa-mir-708,hsa-mir-29c,hsa-mir-940,hsa-mir-106b,hsa-mir-101-2,hsa-mir-188,hsa-mir-508,hsa-mir-218-2,hsa-mir-23a,hsa-mir-22,hsa-mir-19b-2,hsa-mir-30b,hsa-mir-135a-1,hsa-mir-365b,hsa-mir-187,hsa-mir-183,hsa-mir-431,hsa-mir-196a-1,hsa-mir-1269b,hsa-mir-502,hsa-mir-494,hsa-mir-93,hsa-mir-490,hsa-mir-143,hsa-mir-425,hsa-mir-342,hsa-mir-483,hsa-mir-301a,hsa-mir-20a,hsa-mir-193a,hsa-mir-106a,hsa-mir-17,hsa-mir-149,hsa-mir-130b,hsa-mir-509-1,hsa-mir-211,hsa-mir-25,hsa-mir-1269a,hsa-mir-21,hsa-mir-9-3,hsa-mir-218-1,hsa-mir-92b,hsa-mir-29a,hsa-mir-19a,hsa-mir-27a,hsa-mir-378c"
Disease,"Carcinoma, Lung",59,0.27699531,2.71272262,1.18e-16,7.37e-14,1.08e-14,"hsa-mir-203a,hsa-mir-9-1,hsa-mir-96,hsa-mir-506,hsa-mir-30d,hsa-mir-181a-1,hsa-mir-660,hsa-mir-92a-1,hsa-mir-203b,hsa-mir-129-1,hsa-mir-509-3,hsa-mir-29b-1,hsa-mir-101-1,hsa-mir-9-2,hsa-mir-99a,hsa-mir-383,hsa-mir-497,hsa-mir-132,hsa-mir-181a-2,hsa-mir-19b-1,hsa-mir-1226,hsa-mir-29b-2,hsa-mir-129-2,hsa-mir-30a,hsa-mir-335,hsa-mir-196a-2,hsa-mir-182,hsa-mir-92a-2,hsa-mir-192,hsa-mir-150,hsa-mir-139,hsa-mir-29c,hsa-mir-101-2,hsa-mir-301b,hsa-mir-218-2,hsa-mir-19b-2,hsa-mir-30b,hsa-mir-135a-1,hsa-mir-187,hsa-mir-183,hsa-mir-196a-1,hsa-mir-93,hsa-mir-494,hsa-mir-490,hsa-mir-143,hsa-mir-342,hsa-mir-193a,hsa-mir-106a,hsa-mir-17,hsa-mir-149,hsa-mir-130b,hsa-mir-25,hsa-mir-21,hsa-mir-9-3,hsa-mir-218-1,hsa-mir-29a,hsa-mir-19a,hsa-mir-27a,hsa-mir-378c"
Disease,"Carcinoma, Lung, Small-Cell",10,0.47619048,4.6635183,1.15e-05,0.00716,0.00013700000000000002,"hsa-mir-30a,hsa-mir-30b,hsa-mir-30d,hsa-mir-324,hsa-mir-181a-1,hsa-mir-29b-1,hsa-mir-335,hsa-mir-29b-2,hsa-mir-92a-2,hsa-mir-181a-2"
Disease,"Carcinoma, Lung. Non-Small-Cell",65,0.29680365,2.90671346,1.0500000000000001e-20,6.5600000000000005e-18,1.56e-18,"hsa-mir-203a,hsa-mir-9-1,hsa-mir-454,hsa-mir-30d,hsa-mir-181a-1,hsa-mir-92a-1,hsa-mir-203b,hsa-mir-129-1,hsa-mir-509-3,hsa-mir-29b-1,hsa-mir-101-1,hsa-mir-196b,hsa-mir-99a,hsa-mir-365a,hsa-mir-181b-1,hsa-mir-452,hsa-mir-497,hsa-mir-132,hsa-mir-181a-2,hsa-mir-19b-1,hsa-mir-135b,hsa-mir-29b-2,hsa-mir-129-2,hsa-mir-30a,hsa-mir-196a-2,hsa-mir-18a,hsa-mir-182,hsa-mir-204,hsa-mir-92a-2,hsa-mir-192,hsa-mir-150,hsa-mir-139,hsa-mir-708,hsa-mir-29c,hsa-mir-101-2,hsa-mir-301b,hsa-mir-218-2,hsa-mir-23a,hsa-mir-22,hsa-mir-19b-2,hsa-mir-30b,hsa-mir-1254-1,hsa-mir-135a-1,hsa-mir-365b,hsa-mir-187,hsa-mir-502,hsa-mir-196a-1,hsa-mir-494,hsa-mir-143,hsa-mir-342,hsa-mir-483,hsa-mir-301a,hsa-mir-193a,hsa-mir-17,hsa-mir-149,hsa-mir-509-1,hsa-mir-25,hsa-mir-21,hsa-mir-181b-2,hsa-mir-218-1,hsa-mir-1254-2,hsa-mir-92b,hsa-mir-29a,hsa-mir-27a,hsa-mir-378c"
Disease,"Carcinoma, Nasopharyngeal",31,0.27192982,2.6631144,3.91e-08,2.44e-05,8.909999999999999e-07,"hsa-mir-203a,hsa-mir-9-1,hsa-mir-506,hsa-mir-30d,hsa-mir-181a-1,hsa-mir-203b,hsa-mir-29b-1,hsa-mir-101-1,hsa-mir-9-2,hsa-mir-181a-2,hsa-mir-29b-2,hsa-mir-324,hsa-mir-30a,hsa-mir-18a,hsa-mir-204,hsa-mir-150,hsa-mir-29c,hsa-mir-940,hsa-mir-101-2,hsa-mir-23a,hsa-mir-30b,hsa-mir-183,hsa-mir-93,hsa-mir-494,hsa-mir-143,hsa-mir-483,hsa-mir-21,hsa-mir-9-3,hsa-mir-29a,hsa-mir-27a,hsa-mir-378c"
Disease,"Carcinoma, Ovarian",66,0.34020619,3.33177132,4.1100000000000003e-25,2.57e-22,1.2199999999999999e-22,"hsa-mir-203a,hsa-mir-9-1,hsa-mir-96,hsa-mir-506,hsa-mir-30d,hsa-mir-181a-1,hsa-mir-92a-1,hsa-mir-203b,hsa-mir-129-1,hsa-mir-509-3,hsa-mir-29b-1,hsa-mir-101-1,hsa-mir-196b,hsa-mir-9-2,hsa-mir-99a,hsa-mir-383,hsa-mir-181b-1,hsa-mir-497,hsa-mir-132,hsa-mir-181a-2,hsa-mir-19b-1,hsa-mir-873,hsa-mir-135b,hsa-mir-432,hsa-mir-551a,hsa-mir-29b-2,hsa-mir-129-2,hsa-mir-30a,hsa-mir-335,hsa-mir-196a-2,hsa-mir-182,hsa-mir-204,hsa-mir-92a-2,hsa-mir-150,hsa-mir-708,hsa-mir-940,hsa-mir-106b,hsa-mir-101-2,hsa-mir-23a,hsa-mir-22,hsa-mir-19b-2,hsa-mir-135a-1,hsa-mir-187,hsa-mir-183,hsa-mir-196a-1,hsa-mir-93,hsa-mir-494,hsa-mir-490,hsa-mir-143,hsa-mir-483,hsa-mir-551b,hsa-mir-20a,hsa-mir-193a,hsa-mir-106a,hsa-mir-17,hsa-mir-149,hsa-mir-130b,hsa-mir-509-1,hsa-mir-211,hsa-mir-25,hsa-mir-21,hsa-mir-181b-2,hsa-mir-9-3,hsa-mir-92b,hsa-mir-29a,hsa-mir-378c"
Disease,"Carcinoma, Ovarian, Serous",9,0.375,3.67252066,0.000314,0.1956,0.00256,"hsa-mir-483,hsa-mir-106a,hsa-mir-508,hsa-mir-92a-1,hsa-mir-509-3,hsa-mir-509-1,hsa-mir-30a,hsa-mir-21,hsa-mir-92a-2"
Disease,"Carcinoma, Pancreatic",55,0.3313253,3.24479737,1.9100000000000003e-19,1.1899999999999999e-16,2.2699999999999998e-17,"hsa-mir-96,hsa-mir-506,hsa-mir-181a-1,hsa-mir-92a-1,hsa-mir-29b-1,hsa-mir-101-1,hsa-mir-196b,hsa-mir-345,hsa-mir-99a,hsa-mir-323a,hsa-mir-365a,hsa-mir-181b-1,hsa-mir-497,hsa-mir-181a-2,hsa-mir-135b,hsa-mir-29b-2,hsa-mir-30a,hsa-mir-335,hsa-mir-196a-2,hsa-mir-18a,hsa-mir-182,hsa-mir-4787,hsa-mir-204,hsa-mir-92a-2,hsa-mir-192,hsa-mir-150,hsa-mir-139,hsa-mir-29c,hsa-mir-940,hsa-mir-101-2,hsa-mir-301b,hsa-mir-218-2,hsa-mir-23a,hsa-mir-22,hsa-mir-30b,hsa-mir-365b,hsa-mir-183,hsa-mir-196a-1,hsa-mir-93,hsa-mir-494,hsa-mir-143,hsa-mir-483,hsa-mir-301a,hsa-mir-20a,hsa-mir-106a,hsa-mir-17,hsa-mir-130b,hsa-mir-211,hsa-mir-25,hsa-mir-21,hsa-mir-181b-2,hsa-mir-218-1,hsa-mir-29a,hsa-mir-19a,hsa-mir-27a"
Disease,"Carcinoma, Prostate",69,0.26848249,2.62935331,1.87e-19,1.17e-16,2.4600000000000002e-17,"hsa-mir-203a,hsa-mir-9-1,hsa-mir-96,hsa-mir-30d,hsa-mir-181a-1,hsa-mir-129-1,hsa-mir-29b-1,hsa-mir-101-1,hsa-mir-345,hsa-mir-9-2,hsa-mir-99a,hsa-mir-323a,hsa-mir-181b-1,hsa-mir-383,hsa-mir-452,hsa-mir-497,hsa-mir-132,hsa-mir-181a-2,hsa-mir-19b-1,hsa-mir-135b,hsa-mir-29b-2,hsa-mir-190a,hsa-mir-129-2,hsa-mir-30a,hsa-mir-335,hsa-mir-196a-2,hsa-mir-18a,hsa-mir-182,hsa-mir-204,hsa-mir-150,hsa-mir-488,hsa-mir-139,hsa-mir-708,hsa-mir-29c,hsa-mir-940,hsa-mir-106b,hsa-mir-188,hsa-mir-101-2,hsa-mir-301b,hsa-mir-218-2,hsa-mir-23a,hsa-mir-22,hsa-mir-19b-2,hsa-mir-1301,hsa-mir-135a-1,hsa-mir-187,hsa-mir-183,hsa-mir-502,hsa-mir-93,hsa-mir-494,hsa-mir-143,hsa-mir-342,hsa-mir-483,hsa-mir-301a,hsa-mir-20a,hsa-mir-193a,hsa-mir-17,hsa-mir-149,hsa-mir-130b,hsa-mir-25,hsa-mir-9-3,hsa-mir-21,hsa-mir-181b-2,hsa-mir-218-1,hsa-mir-92b,hsa-mir-29a,hsa-mir-19a,hsa-mir-27a,hsa-mir-378c"
Disease,"Carcinoma, Renal Cell",34,0.28571429,2.79811098,1.58e-09,9.85e-07,4.6799999999999996e-08,"hsa-mir-203a,hsa-mir-362,hsa-mir-96,hsa-mir-454,hsa-mir-181a-1,hsa-mir-509-3,hsa-mir-452,hsa-mir-497,hsa-mir-181a-2,hsa-mir-129-2,hsa-mir-30a,hsa-mir-196a-2,hsa-mir-182,hsa-mir-204,hsa-mir-106b,hsa-mir-218-2,hsa-mir-22,hsa-mir-30b,hsa-mir-135a-1,hsa-mir-183,hsa-mir-502,hsa-mir-196a-1,hsa-mir-93,hsa-mir-143,hsa-mir-193a,hsa-mir-106a,hsa-mir-17,hsa-mir-509-1,hsa-mir-21,hsa-mir-218-1,hsa-mir-29a,hsa-mir-19a,hsa-mir-27a,hsa-mir-378c"
Disease,"Carcinoma, Renal Cell, Clear-Cell",20,0.34482759,3.37703049,2.28e-07,0.00014199999999999998,4.35e-06,"hsa-mir-425,hsa-mir-532,hsa-mir-9-1,hsa-mir-506,hsa-mir-106b,hsa-mir-101-2,hsa-mir-22,hsa-mir-30a,hsa-mir-335,hsa-mir-101-1,hsa-mir-21,hsa-mir-187,hsa-mir-9-3,hsa-mir-502,hsa-mir-204,hsa-mir-29a,hsa-mir-9-2,hsa-mir-19a,hsa-mir-452,hsa-mir-27a"
Disease,"Carcinoma, Thyroid, Papillary",18,0.32142857,3.14787485,3.26e-06,0.00203,4.54e-05,"hsa-mir-135b,hsa-mir-9-1,hsa-mir-96,hsa-mir-181a-1,hsa-mir-130b,hsa-mir-30a,hsa-mir-25,hsa-mir-21,hsa-mir-182,hsa-mir-9-3,hsa-mir-181b-2,hsa-mir-183,hsa-mir-9-2,hsa-mir-99a,hsa-mir-204,hsa-mir-181b-1,hsa-mir-192,hsa-mir-181a-2"
Disease,"Carcinoma, Urothelial",11,0.73333333,7.18181818,7.859999999999999e-09,4.91e-06,2.12e-07,"hsa-mir-129-2,hsa-mir-183,hsa-mir-30a,hsa-mir-101-2,hsa-mir-27a,hsa-mir-99a,hsa-mir-101-1,hsa-mir-96,hsa-mir-497,hsa-mir-21,hsa-mir-182"
Disease,Cardiomyopathy,11,0.45833333,4.48863636,6.41e-06,0.004,8.08e-05,"hsa-mir-29c,hsa-mir-9-1,hsa-mir-30d,hsa-mir-29b-2,hsa-mir-30a,hsa-mir-30b,hsa-mir-29b-1,hsa-mir-21,hsa-mir-9-3,hsa-mir-9-2,hsa-mir-29a"
Disease,"Cardiomyopathy, Hypertrophic",23,0.41818182,4.09541698,2.62e-10,1.6399999999999999e-07,8.63e-09,"hsa-mir-708,hsa-mir-29c,hsa-mir-9-1,hsa-mir-96,hsa-mir-106a,hsa-mir-30d,hsa-mir-23a,hsa-mir-30a,hsa-mir-30b,hsa-mir-21,hsa-mir-181b-2,hsa-mir-9-3,hsa-mir-9-2,hsa-mir-204,hsa-mir-99a,hsa-mir-383,hsa-mir-29a,hsa-mir-181b-1,hsa-mir-19a,hsa-mir-497,hsa-mir-192,hsa-mir-150,hsa-mir-143"
Disease,Celiac Disease,5,0.5,4.89669421,0.0017,1.0,0.009890000000000001,"hsa-mir-30a,hsa-mir-17,hsa-mir-551b,hsa-mir-192,hsa-mir-551a"
Disease,Chondrosarcoma,6,0.28571429,2.79811098,0.015,1.0,0.0585,"hsa-mir-129-2,hsa-mir-30a,hsa-mir-181a-1,hsa-mir-181a-2,hsa-mir-129-1,hsa-mir-494"
Disease,Chronic Hepatitis C,11,0.30555556,2.99242424,0.000525,0.3273,0.00389,"hsa-mir-17,hsa-mir-149,hsa-mir-23a,hsa-mir-324,hsa-mir-30a,hsa-mir-30b,hsa-mir-196a-2,hsa-mir-196b,hsa-mir-431,hsa-mir-196a-1,hsa-mir-99a"
Disease,Diabetes Mellitus,26,0.35135135,3.44092026,1.49e-09,9.3e-07,4.53e-08,"hsa-mir-19b-1,hsa-mir-708,hsa-mir-342,hsa-mir-29c,hsa-mir-9-1,hsa-mir-20a,hsa-mir-30d,hsa-mir-17,hsa-mir-149,hsa-mir-92a-1,hsa-mir-130b,hsa-mir-23a,hsa-mir-19b-2,hsa-mir-30a,hsa-mir-30b,hsa-mir-196a-2,hsa-mir-196b,hsa-mir-21,hsa-mir-9-3,hsa-mir-196a-1,hsa-mir-9-2,hsa-mir-204,hsa-mir-29a,hsa-mir-19a,hsa-mir-92a-2,hsa-mir-143"
Disease,"Diabetes Mellitus, Type 2",33,0.22448979999999996,2.19851577,2.01e-06,0.00125,2.8999999999999997e-05,"hsa-mir-9-1,hsa-mir-454,hsa-mir-96,hsa-mir-30d,hsa-mir-92a-1,hsa-mir-29b-1,hsa-mir-101-1,hsa-mir-9-2,hsa-mir-383,hsa-mir-181b-1,hsa-mir-132,hsa-mir-29b-2,hsa-mir-30a,hsa-mir-196a-2,hsa-mir-18a,hsa-mir-182,hsa-mir-92a-2,hsa-mir-192,hsa-mir-150,hsa-mir-29c,hsa-mir-101-2,hsa-mir-23a,hsa-mir-22,hsa-mir-187,hsa-mir-196a-1,hsa-mir-93,hsa-mir-143,hsa-mir-766,hsa-mir-21,hsa-mir-9-3,hsa-mir-181b-2,hsa-mir-29a,hsa-mir-27a"
Disease,Diabetic Nephropathy,7,0.29166667,2.85640496,0.007679999999999999,1.0,0.0357,"hsa-mir-342,hsa-mir-218-2,hsa-mir-130b,hsa-mir-30a,hsa-mir-135a-1,hsa-mir-21,hsa-mir-218-1"
Disease,Ectopic Pregnancy,4,0.30769231,3.01335029,0.0357,1.0,0.1188,"hsa-mir-30a,hsa-mir-873,hsa-mir-323a,hsa-mir-196b"
Disease,Epilepsy,10,0.37037037,3.6271809,0.00016,0.1,0.00141,"hsa-mir-139,hsa-mir-342,hsa-mir-301a,hsa-mir-106b,hsa-mir-23a,hsa-mir-30a,hsa-mir-30b,hsa-mir-21,hsa-mir-323a,hsa-mir-132"
Disease,Focal Segmental Glomerulosclerosis,8,0.47058824,4.60865338,0.00010400000000000001,0.065,0.000965,"hsa-mir-30a,hsa-mir-30b,hsa-mir-30d,hsa-mir-196a-1,hsa-mir-342,hsa-mir-490,hsa-mir-196a-2,hsa-mir-193a"
Disease,Giant Cell Tumor of Bone,2,0.28571429,2.79811098,0.1545,1.0,0.4259,"hsa-mir-30a,hsa-mir-106b"
Disease,Glaucoma,13,0.44827586,4.39013964,1.16e-06,0.000725,1.84e-05,"hsa-mir-483,hsa-mir-29c,hsa-mir-30d,hsa-mir-149,hsa-mir-22,hsa-mir-29b-2,hsa-mir-30a,hsa-mir-29b-1,hsa-mir-21,hsa-mir-182,hsa-mir-29a,hsa-mir-93,hsa-mir-19a"
Disease,Glioblastoma,44,0.26035503,2.54975793,7.43e-11,4.64e-08,3.2600000000000003e-09,"hsa-mir-203a,hsa-mir-9-1,hsa-mir-506,hsa-mir-181a-1,hsa-mir-203b,hsa-mir-129-1,hsa-mir-29b-1,hsa-mir-101-1,hsa-mir-9-2,hsa-mir-181b-1,hsa-mir-452,hsa-mir-181a-2,hsa-mir-19b-1,hsa-mir-873,hsa-mir-135b,hsa-mir-29b-2,hsa-mir-129-2,hsa-mir-30a,hsa-mir-18a,hsa-mir-182,hsa-mir-219a-2,hsa-mir-139,hsa-mir-29c,hsa-mir-101-2,hsa-mir-218-2,hsa-mir-19b-2,hsa-mir-30b,hsa-mir-431,hsa-mir-93,hsa-mir-494,hsa-mir-143,hsa-mir-425,hsa-mir-20a,hsa-mir-106a,hsa-mir-17,hsa-mir-149,hsa-mir-130b,hsa-mir-25,hsa-mir-21,hsa-mir-9-3,hsa-mir-181b-2,hsa-mir-218-1,hsa-mir-92b,hsa-mir-19a"
Disease,Glioma,67,0.32211538,3.15460108,6.089999999999999e-24,3.8000000000000005e-21,1.4400000000000001e-21,"hsa-mir-203a,hsa-mir-9-1,hsa-mir-454,hsa-mir-96,hsa-mir-506,hsa-mir-181a-1,hsa-mir-92a-1,hsa-mir-203b,hsa-mir-29b-1,hsa-mir-101-1,hsa-mir-196b,hsa-mir-9-2,hsa-mir-323a,hsa-mir-365a,hsa-mir-383,hsa-mir-181b-1,hsa-mir-497,hsa-mir-132,hsa-mir-181a-2,hsa-mir-19b-1,hsa-mir-873,hsa-mir-135b,hsa-mir-29b-2,hsa-mir-324,hsa-mir-129-2,hsa-mir-30a,hsa-mir-335,hsa-mir-196a-2,hsa-mir-18a,hsa-mir-182,hsa-mir-219a-2,hsa-mir-204,hsa-mir-92a-2,hsa-mir-150,hsa-mir-139,hsa-mir-29c,hsa-mir-106b,hsa-mir-101-2,hsa-mir-508,hsa-mir-218-2,hsa-mir-23a,hsa-mir-19b-2,hsa-mir-30b,hsa-mir-135a-1,hsa-mir-365b,hsa-mir-183,hsa-mir-196a-1,hsa-mir-93,hsa-mir-494,hsa-mir-143,hsa-mir-425,hsa-mir-342,hsa-mir-20a,hsa-mir-193a,hsa-mir-106a,hsa-mir-17,hsa-mir-149,hsa-mir-130b,hsa-mir-25,hsa-mir-21,hsa-mir-9-3,hsa-mir-181b-2,hsa-mir-218-1,hsa-mir-92b,hsa-mir-29a,hsa-mir-19a,hsa-mir-27a"
Disease,Graft-Versus-Host Disease,5,0.27777778,2.72038567,0.0295,1.0,0.0994,"hsa-mir-30a,hsa-mir-181a-1,hsa-mir-93,hsa-mir-21,hsa-mir-181a-2"
Disease,Heart Failure,36,0.3,2.93801653,8.94e-11,5.5800000000000003e-08,3.65e-09,"hsa-mir-30d,hsa-mir-181a-1,hsa-mir-129-1,hsa-mir-29b-1,hsa-mir-365a,hsa-mir-497,hsa-mir-132,hsa-mir-181a-2,hsa-mir-19b-1,hsa-mir-29b-2,hsa-mir-129-2,hsa-mir-30a,hsa-mir-182,hsa-mir-204,hsa-mir-192,hsa-mir-150,hsa-mir-139,hsa-mir-106b,hsa-mir-218-2,hsa-mir-22,hsa-mir-19b-2,hsa-mir-30b,hsa-mir-135a-1,hsa-mir-365b,hsa-mir-494,hsa-mir-425,hsa-mir-342,hsa-mir-17,hsa-mir-130b,hsa-mir-211,hsa-mir-25,hsa-mir-21,hsa-mir-218-1,hsa-mir-29a,hsa-mir-27a,hsa-mir-378c"
Disease,Hepatitis B Virus Infection,22,0.32835821,3.21573948,1.41e-07,8.83e-05,2.84e-06,"hsa-mir-425,hsa-mir-203a,hsa-mir-29c,hsa-mir-106b,hsa-mir-181a-1,hsa-mir-149,hsa-mir-218-2,hsa-mir-22,hsa-mir-29b-2,hsa-mir-30a,hsa-mir-29b-1,hsa-mir-18a,hsa-mir-196a-2,hsa-mir-181b-2,hsa-mir-21,hsa-mir-218-1,hsa-mir-99a,hsa-mir-29a,hsa-mir-181b-1,hsa-mir-27a,hsa-mir-181a-2,hsa-mir-143"
Disease,Hepatitis C Virus Infection,18,0.20689655,2.0262183,0.0018399999999999998,1.0,0.0105,"hsa-mir-96,hsa-mir-181a-1,hsa-mir-29b-1,hsa-mir-196b,hsa-mir-99a,hsa-mir-181a-2,hsa-mir-29b-2,hsa-mir-30a,hsa-mir-182,hsa-mir-192,hsa-mir-23a,hsa-mir-22,hsa-mir-17,hsa-mir-25,hsa-mir-21,hsa-mir-29a,hsa-mir-19a,hsa-mir-27a"
Disease,Hypertension,8,0.20512821,2.00890019,0.0381,1.0,0.1246,"hsa-mir-425,hsa-mir-139,hsa-mir-135b,hsa-mir-17,hsa-mir-30a,hsa-mir-196a-2,hsa-mir-21,hsa-mir-204"
Disease,Idiopathic Pulmonary Fibrosis,6,0.4,3.91735537,0.00232,1.0,0.0131,"hsa-mir-30a,hsa-mir-29a,hsa-mir-92a-1,hsa-mir-96,hsa-mir-92a-2,hsa-mir-21"
Disease,Influenza,11,0.42307692,4.14335664,1.66e-05,0.0103,0.000194,"hsa-mir-29c,hsa-mir-20a,hsa-mir-106a,hsa-mir-30d,hsa-mir-17,hsa-mir-132,hsa-mir-30a,hsa-mir-30b,hsa-mir-29a,hsa-mir-192,hsa-mir-150"
Disease,Kidney Injury,11,0.39285714,3.8474025999999997,3.85e-05,0.024,0.000407,"hsa-mir-20a,hsa-mir-30d,hsa-mir-30a,hsa-mir-30b,hsa-mir-211,hsa-mir-21,hsa-mir-182,hsa-mir-204,hsa-mir-494,hsa-mir-192,hsa-mir-150"
Disease,"Leukemia, Myeloid, Acute",42,0.35294118,3.45649003,1.59e-15,9.92e-13,1.26e-13,"hsa-mir-203a,hsa-mir-9-1,hsa-mir-96,hsa-mir-181a-1,hsa-mir-92a-1,hsa-mir-203b,hsa-mir-29b-1,hsa-mir-196b,hsa-mir-9-2,hsa-mir-323a,hsa-mir-181b-1,hsa-mir-181a-2,hsa-mir-19b-1,hsa-mir-29b-2,hsa-mir-30a,hsa-mir-335,hsa-mir-18a,hsa-mir-204,hsa-mir-92a-2,hsa-mir-150,hsa-mir-29c,hsa-mir-188,hsa-mir-301b,hsa-mir-23a,hsa-mir-22,hsa-mir-19b-2,hsa-mir-30b,hsa-mir-135a-1,hsa-mir-494,hsa-mir-551b,hsa-mir-20a,hsa-mir-193a,hsa-mir-17,hsa-mir-149,hsa-mir-25,hsa-mir-21,hsa-mir-9-3,hsa-mir-181b-2,hsa-mir-29a,hsa-mir-19a,hsa-mir-27a,hsa-mir-378c"
Disease,Liver Neoplasms,4,0.16,1.56694215,0.2468,1.0,0.5735,"hsa-mir-30a,hsa-mir-21,hsa-mir-29a,hsa-mir-93"
Disease,Lung Neoplasms,33,0.3,2.93801653,7.02e-10,4.38e-07,2.19e-08,"hsa-mir-203a,hsa-mir-9-1,hsa-mir-30d,hsa-mir-181a-1,hsa-mir-203b,hsa-mir-29b-1,hsa-mir-9-2,hsa-mir-181b-1,hsa-mir-132,hsa-mir-181a-2,hsa-mir-29b-2,hsa-mir-129-2,hsa-mir-30a,hsa-mir-196a-2,hsa-mir-18a,hsa-mir-182,hsa-mir-219a-2,hsa-mir-192,hsa-mir-150,hsa-mir-29c,hsa-mir-218-2,hsa-mir-187,hsa-mir-183,hsa-mir-196a-1,hsa-mir-93,hsa-mir-143,hsa-mir-20a,hsa-mir-193a,hsa-mir-106a,hsa-mir-21,hsa-mir-181b-2,hsa-mir-218-1,hsa-mir-29a"
Disease,Malignant Peripheral Nerve Sheath Tumor,2,0.66666667,6.52892562,0.028999999999999998,1.0,0.1028,"hsa-mir-30a,hsa-mir-30d"
Disease,Mandibular Prognathism,6,0.42857143,4.19716647,0.0015199999999999999,0.9463,0.0089,"hsa-mir-30a,hsa-mir-30d,hsa-mir-30b,hsa-mir-342,hsa-mir-192,hsa-mir-150"
Disease,Maternal Obesity During Childbirth,4,0.26666667,2.61157025,0.0581,1.0,0.1773,"hsa-mir-324,hsa-mir-30a,hsa-mir-29c,hsa-mir-150"
Disease,Medulloblastoma,15,0.5,4.89669421,2.4700000000000003e-08,1.5399999999999998e-05,5.74e-07,"hsa-mir-19b-1,hsa-mir-135b,hsa-mir-9-1,hsa-mir-106b,hsa-mir-17,hsa-mir-22,hsa-mir-19b-2,hsa-mir-30a,hsa-mir-135a-1,hsa-mir-18a,hsa-mir-9-3,hsa-mir-431,hsa-mir-9-2,hsa-mir-19a,hsa-mir-192"
Disease,Melanoma,38,0.28787879,2.81930879,9.13e-11,5.7e-08,3.6099999999999997e-09,"hsa-mir-203a,hsa-mir-9-1,hsa-mir-506,hsa-mir-30d,hsa-mir-181a-1,hsa-mir-203b,hsa-mir-29b-1,hsa-mir-101-1,hsa-mir-9-2,hsa-mir-452,hsa-mir-181a-2,hsa-mir-19b-1,hsa-mir-29b-2,hsa-mir-30a,hsa-mir-196a-2,hsa-mir-182,hsa-mir-204,hsa-mir-150,hsa-mir-488,hsa-mir-106b,hsa-mir-101-2,hsa-mir-508,hsa-mir-218-2,hsa-mir-22,hsa-mir-19b-2,hsa-mir-183,hsa-mir-196a-1,hsa-mir-143,hsa-mir-342,hsa-mir-301a,hsa-mir-20a,hsa-mir-17,hsa-mir-211,hsa-mir-25,hsa-mir-21,hsa-mir-9-3,hsa-mir-218-1,hsa-mir-378c"
Disease,Multiple Sclerosis,10,0.21276596,2.08369967,0.0165,1.0,0.0641,"hsa-mir-96,hsa-mir-20a,hsa-mir-17,hsa-mir-92a-1,hsa-mir-23a,hsa-mir-30a,hsa-mir-494,hsa-mir-92a-2,hsa-mir-27a,hsa-mir-132"
Disease,Muscle Diseases [unspecific],3,0.375,3.67252066,0.0397,1.0,0.1295,"hsa-mir-30a,hsa-mir-30d,hsa-mir-30b"
Disease,Muscular Dystrophy,6,0.20689655,2.0262183,0.0668,1.0,0.2013,"hsa-mir-29c,hsa-mir-132,hsa-mir-30a,hsa-mir-21,hsa-mir-29a,hsa-mir-150"
Disease,Mycobacterium Tuberculosis Infection,4,0.30769231,3.01335029,0.0357,1.0,0.1188,"hsa-mir-30a,hsa-mir-21,hsa-mir-150,hsa-mir-193a"
Disease,Nephrotic Syndrome,4,0.5,4.89669421,0.00524,1.0,0.0254,"hsa-mir-30a,hsa-mir-181a-1,hsa-mir-192,hsa-mir-181a-2"
Disease,Neuroblastoma,24,0.40677966,3.98375123,2.03e-10,1.26e-07,7.27e-09,"hsa-mir-19b-1,hsa-mir-203a,hsa-mir-432,hsa-mir-362,hsa-mir-20a,hsa-mir-181a-1,hsa-mir-17,hsa-mir-203b,hsa-mir-92a-1,hsa-mir-19b-2,hsa-mir-30a,hsa-mir-335,hsa-mir-25,hsa-mir-18a,hsa-mir-21,hsa-mir-421,hsa-mir-204,hsa-mir-29a,hsa-mir-19a,hsa-mir-92a-2,hsa-mir-192,hsa-mir-132,hsa-mir-181a-2,hsa-mir-143"
Disease,Obesity,10,0.19607843,1.92027224,0.0286,1.0,0.1016,"hsa-mir-425,hsa-mir-342,hsa-mir-483,hsa-mir-130b,hsa-mir-30a,hsa-mir-335,hsa-mir-21,hsa-mir-27a,hsa-mir-378c,hsa-mir-143"
Disease,Ovarian Serous Cystadenocarcinoma,1,0.25,2.44834711,0.3504,1.0,0.755,hsa-mir-30a
Disease,Parkinson's Disease,18,0.43902439,4.29953638,1.1699999999999999e-08,7.33e-06,3.03e-07,"hsa-mir-19b-1,hsa-mir-29c,hsa-mir-9-1,hsa-mir-106a,hsa-mir-181a-1,hsa-mir-129-1,hsa-mir-22,hsa-mir-19b-2,hsa-mir-29b-2,hsa-mir-129-2,hsa-mir-30a,hsa-mir-29b-1,hsa-mir-21,hsa-mir-9-3,hsa-mir-9-2,hsa-mir-29a,hsa-mir-132,hsa-mir-181a-2"
Disease,Peritoneal Dialysis Failure,11,0.35483871,3.47507331,0.00011599999999999999,0.0723,0.00105,"hsa-mir-193a,hsa-mir-129-1,hsa-mir-129-2,hsa-mir-30a,hsa-mir-30b,hsa-mir-335,hsa-mir-21,hsa-mir-497,hsa-mir-93,hsa-mir-192,hsa-mir-132"
Disease,Prolactinoma,6,0.4,3.91735537,0.00232,1.0,0.0131,"hsa-mir-30a,hsa-mir-17,hsa-mir-92a-1,hsa-mir-92a-2,hsa-mir-93,hsa-mir-22"
Disease,Rheumatoid Arthritis,19,0.35185185,3.44582185,3.3100000000000004e-07,0.000206,6.03e-06,"hsa-mir-203a,hsa-mir-342,hsa-mir-532,hsa-mir-9-1,hsa-mir-106a,hsa-mir-188,hsa-mir-17,hsa-mir-149,hsa-mir-92a-1,hsa-mir-203b,hsa-mir-23a,hsa-mir-22,hsa-mir-30a,hsa-mir-21,hsa-mir-9-3,hsa-mir-219a-2,hsa-mir-9-2,hsa-mir-92a-2,hsa-mir-27a"
Disease,Schizophrenia,27,0.50943396,4.98908467,1.18e-14,7.339999999999999e-12,8.71e-13,"hsa-mir-19b-1,hsa-mir-432,hsa-mir-29c,hsa-mir-9-1,hsa-mir-193a,hsa-mir-106b,hsa-mir-92a-1,hsa-mir-130b,hsa-mir-23a,hsa-mir-19b-2,hsa-mir-29b-2,hsa-mir-30a,hsa-mir-335,hsa-mir-30b,hsa-mir-29b-1,hsa-mir-365b,hsa-mir-9-3,hsa-mir-181b-2,hsa-mir-183,hsa-mir-219a-2,hsa-mir-9-2,hsa-mir-365a,hsa-mir-181b-1,hsa-mir-29a,hsa-mir-19a,hsa-mir-92a-2,hsa-mir-132"
Disease,Sepsis,10,0.29411765,2.88040836,0.00133,0.8308,0.007890000000000001,"hsa-mir-342,hsa-mir-30a,hsa-mir-135a-1,hsa-mir-182,hsa-mir-21,hsa-mir-29a,hsa-mir-19a,hsa-mir-27a,hsa-mir-150,hsa-mir-143"
Disease,"Squamous Cell Carcinoma, Head and Neck",13,0.27083333,2.65237603,0.000598,0.373,0.0042899999999999995,"hsa-mir-934,hsa-mir-29c,hsa-mir-106a,hsa-mir-30a,hsa-mir-196a-2,hsa-mir-21,hsa-mir-182,hsa-mir-196a-1,hsa-mir-29a,hsa-mir-494,hsa-mir-93,hsa-mir-27a,hsa-mir-150"
Disease,"Stroke, Ischemic",6,0.17647059,1.72824502,0.1245,1.0,0.3456,"hsa-mir-149,hsa-mir-130b,hsa-mir-30a,hsa-mir-196a-2,hsa-mir-196a-1,hsa-mir-150"
Disease,Systemic Sclerosis,3,0.33333333,3.26446281,0.0551,1.0,0.1711,"hsa-mir-30a,hsa-mir-29a,hsa-mir-21"
Disease,Bronchopulmonary Dysplasia,7,0.4375,4.28460744,0.0005110000000000001,0.3187,0.0038299999999999996,"hsa-mir-431,hsa-mir-181a-1,hsa-mir-29b-1,hsa-mir-29a,hsa-mir-130b,hsa-mir-21,hsa-mir-29b-2"
Disease,"Carcinoma, Bladder",37,0.30833333,3.0196281000000003,1.74e-11,1.08e-08,8.24e-10,"hsa-mir-9-1,hsa-mir-96,hsa-mir-29b-1,hsa-mir-101-1,hsa-mir-9-2,hsa-mir-99a,hsa-mir-497,hsa-mir-29b-2,hsa-mir-335,hsa-mir-196a-2,hsa-mir-182,hsa-mir-192,hsa-mir-150,hsa-mir-139,hsa-mir-29c,hsa-mir-106b,hsa-mir-101-2,hsa-mir-218-2,hsa-mir-23a,hsa-mir-30b,hsa-mir-135a-1,hsa-mir-183,hsa-mir-196a-1,hsa-mir-93,hsa-mir-490,hsa-mir-143,hsa-mir-20a,hsa-mir-193a,hsa-mir-106a,hsa-mir-130b,hsa-mir-21,hsa-mir-9-3,hsa-mir-218-1,hsa-mir-92b,hsa-mir-29a,hsa-mir-19a,hsa-mir-27a"
Disease,"Diabetes Mellitus, Gestational",12,0.52173913,5.10959396,3.89e-07,0.00024300000000000002,6.99e-06,"hsa-mir-362,hsa-mir-9-1,hsa-mir-30d,hsa-mir-508,hsa-mir-92a-1,hsa-mir-130b,hsa-mir-9-3,hsa-mir-502,hsa-mir-9-2,hsa-mir-452,hsa-mir-92a-2,hsa-mir-27a"
Disease,Digeorge Syndrome,2,0.33333333,3.26446281,0.11800000000000001,1.0,0.3378,"hsa-mir-130b,hsa-mir-150"
Disease,Gastrointestinal Neoplasms,29,0.35365854,3.46351542,1.11e-10,6.92e-08,4.24e-09,"hsa-mir-150,hsa-mir-139,hsa-mir-9-1,hsa-mir-106a,hsa-mir-20a,hsa-mir-106b,hsa-mir-17,hsa-mir-218-2,hsa-mir-130b,hsa-mir-129-1,hsa-mir-129-2,hsa-mir-335,hsa-mir-25,hsa-mir-9-3,hsa-mir-196a-2,hsa-mir-18a,hsa-mir-21,hsa-mir-181b-2,hsa-mir-218-1,hsa-mir-421,hsa-mir-196a-1,hsa-mir-9-2,hsa-mir-181b-1,hsa-mir-19a,hsa-mir-497,hsa-mir-93,hsa-mir-27a,hsa-mir-132,hsa-mir-378c"
Disease,Head And Neck Neoplasms,9,0.25,2.44834711,0.00777,1.0,0.036000000000000004,"hsa-mir-29c,hsa-mir-181a-1,hsa-mir-130b,hsa-mir-18a,hsa-mir-21,hsa-mir-181b-2,hsa-mir-204,hsa-mir-181b-1,hsa-mir-181a-2"
Disease,Lung Fibrosis,8,0.36363636,3.56123216,0.00088,0.5491,0.00606,"hsa-mir-19b-1,hsa-mir-149,hsa-mir-130b,hsa-mir-19b-2,hsa-mir-21,hsa-mir-18a,hsa-mir-29a,hsa-mir-19a"
Disease,Lupus Nephritis,2,0.15384615,1.50667514,0.3894,1.0,0.8082,"hsa-mir-130b,hsa-mir-150"
Disease,Osteosarcoma,53,0.30994152,3.0353777,4.2399999999999996e-17,2.65e-14,4.19e-15,"hsa-mir-203a,hsa-mir-9-1,hsa-mir-454,hsa-mir-181a-1,hsa-mir-92a-1,hsa-mir-203b,hsa-mir-129-1,hsa-mir-29b-1,hsa-mir-101-1,hsa-mir-196b,hsa-mir-9-2,hsa-mir-181b-1,hsa-mir-497,hsa-mir-132,hsa-mir-181a-2,hsa-mir-19b-1,hsa-mir-135b,hsa-mir-29b-2,hsa-mir-129-2,hsa-mir-335,hsa-mir-196a-2,hsa-mir-182,hsa-mir-204,hsa-mir-92a-2,hsa-mir-192,hsa-mir-150,hsa-mir-488,hsa-mir-29c,hsa-mir-101-2,hsa-mir-218-2,hsa-mir-23a,hsa-mir-22,hsa-mir-19b-2,hsa-mir-183,hsa-mir-421,hsa-mir-196a-1,hsa-mir-93,hsa-mir-490,hsa-mir-143,hsa-mir-301a,hsa-mir-20a,hsa-mir-193a,hsa-mir-106a,hsa-mir-17,hsa-mir-130b,hsa-mir-25,hsa-mir-21,hsa-mir-9-3,hsa-mir-181b-2,hsa-mir-218-1,hsa-mir-29a,hsa-mir-19a,hsa-mir-27a"
Disease,Pituitary Adenoma,7,0.36842105,3.60809047,0.00173,1.0,0.00995,"hsa-mir-106b,hsa-mir-181a-1,hsa-mir-383,hsa-mir-181b-1,hsa-mir-130b,hsa-mir-181a-2,hsa-mir-181b-2"
Disease,Prostate Neoplasms,23,0.30666667,3.00330579,2.95e-07,0.000184,5.47e-06,"hsa-mir-135b,hsa-mir-203a,hsa-mir-20a,hsa-mir-106a,hsa-mir-106b,hsa-mir-101-2,hsa-mir-17,hsa-mir-130b,hsa-mir-203b,hsa-mir-22,hsa-mir-29b-2,hsa-mir-29b-1,hsa-mir-101-1,hsa-mir-25,hsa-mir-21,hsa-mir-182,hsa-mir-181b-2,hsa-mir-99a,hsa-mir-181b-1,hsa-mir-93,hsa-mir-27a,hsa-mir-132,hsa-mir-143"
Disease,Pulmonary Hypertension,14,0.38888889,3.80853994,3.51e-06,0.0021899999999999997,4.73e-05,"hsa-mir-29c,hsa-mir-96,hsa-mir-193a,hsa-mir-17,hsa-mir-130b,hsa-mir-23a,hsa-mir-29b-2,hsa-mir-29b-1,hsa-mir-25,hsa-mir-21,hsa-mir-204,hsa-mir-29a,hsa-mir-27a,hsa-mir-143"
Disease,"Scleroderma, Systemic",2,0.66666667,6.52892562,0.028999999999999998,1.0,0.1028,"hsa-mir-130b,hsa-mir-29a"
Disease,"Squamous Cell Carcinoma, Esophageal",39,0.27464789,2.68973344,2.38e-10,1.49e-07,8.07e-09,"hsa-mir-203a,hsa-mir-9-1,hsa-mir-30d,hsa-mir-181a-1,hsa-mir-203b,hsa-mir-129-1,hsa-mir-101-1,hsa-mir-9-2,hsa-mir-383,hsa-mir-181a-2,hsa-mir-129-2,hsa-mir-335,hsa-mir-196a-2,hsa-mir-18a,hsa-mir-219a-2,hsa-mir-150,hsa-mir-139,hsa-mir-29c,hsa-mir-106b,hsa-mir-101-2,hsa-mir-508,hsa-mir-218-2,hsa-mir-183,hsa-mir-196a-1,hsa-mir-494,hsa-mir-143,hsa-mir-483,hsa-mir-20a,hsa-mir-193a,hsa-mir-106a,hsa-mir-17,hsa-mir-130b,hsa-mir-25,hsa-mir-21,hsa-mir-9-3,hsa-mir-218-1,hsa-mir-92b,hsa-mir-19a,hsa-mir-27a"
Disease,Acute Ischemic Stroke,3,0.21428571,2.09858323,0.1646,1.0,0.4434,"hsa-mir-335,hsa-mir-19a,hsa-mir-22"
Disease,Acute Pancreatitis,2,0.28571429,2.79811098,0.1545,1.0,0.4259,"hsa-mir-135a-1,hsa-mir-22"
Disease,"Adenocarcinoma, Esophageal",7,0.31818182,3.11607814,0.0045,1.0,0.0222,"hsa-mir-203a,hsa-mir-149,hsa-mir-203b,hsa-mir-22,hsa-mir-21,hsa-mir-452,hsa-mir-378c"
Disease,Allergy,7,0.33333333,3.26446281,0.00335,1.0,0.0176,"hsa-mir-301a,hsa-mir-22,hsa-mir-615,hsa-mir-452,hsa-mir-21,hsa-mir-150,hsa-mir-106a"
Disease,Aortic Aneurysm,4,0.36363636,3.56123216,0.0193,1.0,0.0728,"hsa-mir-29b-1,hsa-mir-22,hsa-mir-29b-2,hsa-mir-143"
Disease,Asthma,12,0.29268293,2.86635759,0.00045099999999999996,0.2813,0.00349,"hsa-mir-708,hsa-mir-9-1,hsa-mir-149,hsa-mir-22,hsa-mir-18a,hsa-mir-196a-2,hsa-mir-187,hsa-mir-21,hsa-mir-9-3,hsa-mir-9-2,hsa-mir-19a,hsa-mir-143"
Disease,Astrocytoma,6,0.35294118,3.45649003,0.00483,1.0,0.0237,"hsa-mir-181b-1,hsa-mir-27a,hsa-mir-22,hsa-mir-21,hsa-mir-106a,hsa-mir-181b-2"
Disease,Atopic Dermatitis,3,0.33333333,3.26446281,0.0551,1.0,0.1711,"hsa-mir-30d,hsa-mir-22,hsa-mir-21"
Disease,"Carcinoma, Endometrioid Endometrial",2,0.28571429,2.79811098,0.1545,1.0,0.4259,"hsa-mir-22,hsa-mir-143"
Disease,Cardiovascular Diseases [unspecific],18,0.28125,2.7543905,2.71e-05,0.0169,0.000294,"hsa-mir-425,hsa-mir-29c,hsa-mir-106b,hsa-mir-181a-1,hsa-mir-17,hsa-mir-149,hsa-mir-92a-1,hsa-mir-23a,hsa-mir-22,hsa-mir-29b-2,hsa-mir-29b-1,hsa-mir-21,hsa-mir-99a,hsa-mir-29a,hsa-mir-92a-2,hsa-mir-150,hsa-mir-181a-2,hsa-mir-143"
Disease,Coronary Heart Diseases,11,0.19642857,1.9237012999999998,0.0217,1.0,0.0799,"hsa-mir-454,hsa-mir-106b,hsa-mir-17,hsa-mir-149,hsa-mir-92a-1,hsa-mir-23a,hsa-mir-22,hsa-mir-196a-2,hsa-mir-18a,hsa-mir-21,hsa-mir-92a-2"
Disease,Emphysema,1,0.5,4.89669421,0.1939,1.0,0.5083,hsa-mir-22
Disease,Ewing's Sarcoma,3,0.25,2.44834711,0.1153,1.0,0.335,"hsa-mir-29b-1,hsa-mir-22,hsa-mir-29b-2"
Disease,Graves' Disease,5,0.5,4.89669421,0.0017,1.0,0.009890000000000001,"hsa-mir-183,hsa-mir-101-2,hsa-mir-660,hsa-mir-101-1,hsa-mir-22"
Disease,"Leukemia, Lymphoblastic",8,0.38095238,3.73081464,0.000612,0.3818,0.004370000000000001,"hsa-mir-181a-1,hsa-mir-17,hsa-mir-29b-1,hsa-mir-29b-2,hsa-mir-29a,hsa-mir-29c,hsa-mir-22,hsa-mir-181a-2"
Disease,"Leukemia, Lymphocytic, Chronic",21,0.51219512,5.01612578,1.41e-11,8.809999999999999e-09,7.27e-10,"hsa-mir-708,hsa-mir-532,hsa-mir-362,hsa-mir-29c,hsa-mir-9-1,hsa-mir-181a-1,hsa-mir-17,hsa-mir-132,hsa-mir-22,hsa-mir-29b-2,hsa-mir-29b-1,hsa-mir-21,hsa-mir-9-3,hsa-mir-181b-2,hsa-mir-9-2,hsa-mir-29a,hsa-mir-181b-1,hsa-mir-497,hsa-mir-150,hsa-mir-181a-2,hsa-mir-143"
Disease,"Leukemia, Lymphocytic, Chronic, B-Cell",13,0.38235294,3.74453087,1.01e-05,0.00632,0.000124,"hsa-mir-29c,hsa-mir-106b,hsa-mir-181a-1,hsa-mir-92a-1,hsa-mir-22,hsa-mir-29b-2,hsa-mir-29b-1,hsa-mir-21,hsa-mir-181b-2,hsa-mir-29a,hsa-mir-181b-1,hsa-mir-92a-2,hsa-mir-181a-2"
Disease,"Leukemia, Myeloid, Chronic",12,0.17910448,1.75403972,0.0332,1.0,0.1115,"hsa-mir-483,hsa-mir-9-1,hsa-mir-181a-1,hsa-mir-17,hsa-mir-23a,hsa-mir-22,hsa-mir-21,hsa-mir-196b,hsa-mir-9-3,hsa-mir-9-2,hsa-mir-378c,hsa-mir-181a-2"
Disease,Liver Cirrhosis,22,0.38596491,3.77990431,4.35e-09,2.71e-06,1.23e-07,"hsa-mir-203a,hsa-mir-29c,hsa-mir-454,hsa-mir-9-1,hsa-mir-193a,hsa-mir-106b,hsa-mir-101-2,hsa-mir-17,hsa-mir-92a-1,hsa-mir-203b,hsa-mir-22,hsa-mir-29b-2,hsa-mir-29b-1,hsa-mir-101-1,hsa-mir-18a,hsa-mir-21,hsa-mir-9-3,hsa-mir-219a-2,hsa-mir-9-2,hsa-mir-29a,hsa-mir-494,hsa-mir-92a-2"
Disease,Lymphoma,17,0.28333333,2.77479339,4.1899999999999995e-05,0.0262,0.00043200000000000004,"hsa-mir-19b-1,hsa-mir-203a,hsa-mir-20a,hsa-mir-17,hsa-mir-92a-1,hsa-mir-203b,hsa-mir-23a,hsa-mir-22,hsa-mir-19b-2,hsa-mir-18a,hsa-mir-21,hsa-mir-19a,hsa-mir-494,hsa-mir-497,hsa-mir-92a-2,hsa-mir-150,hsa-mir-143"
Disease,"Lymphoma, B-Cell",12,0.5,4.89669421,7.12e-07,0.00044400000000000006,1.1900000000000001e-05,"hsa-mir-150,hsa-mir-19b-1,hsa-mir-20a,hsa-mir-17,hsa-mir-92a-1,hsa-mir-22,hsa-mir-19b-2,hsa-mir-204,hsa-mir-92b,hsa-mir-29a,hsa-mir-92a-2,hsa-mir-181a-2"
Disease,Myocardial Infarction,14,0.26923077,2.6366815,0.000388,0.2421,0.00315,"hsa-mir-29c,hsa-mir-106a,hsa-mir-660,hsa-mir-149,hsa-mir-218-2,hsa-mir-23a,hsa-mir-22,hsa-mir-29b-2,hsa-mir-29b-1,hsa-mir-196a-2,hsa-mir-21,hsa-mir-218-1,hsa-mir-29a,hsa-mir-150"
Disease,Ovarian Neoplasms,28,0.26415094,2.58693279,4.21e-07,0.000262,7.33e-06,"hsa-mir-9-1,hsa-mir-30d,hsa-mir-9-2,hsa-mir-99a,hsa-mir-383,hsa-mir-19b-1,hsa-mir-135b,hsa-mir-335,hsa-mir-18a,hsa-mir-219a-2,hsa-mir-488,hsa-mir-106b,hsa-mir-218-2,hsa-mir-22,hsa-mir-19b-2,hsa-mir-30b,hsa-mir-183,hsa-mir-93,hsa-mir-20a,hsa-mir-17,hsa-mir-25,hsa-mir-21,hsa-mir-9-3,hsa-mir-218-1,hsa-mir-92b,hsa-mir-29a,hsa-mir-19a,hsa-mir-27a"
Disease,Panic Disorder,2,0.4,3.91735537,0.0842,1.0,0.2519,"hsa-mir-22,hsa-mir-488"
Disease,Pheochromocytoma,3,0.75,7.34504132,0.00385,1.0,0.0201,"hsa-mir-101-2,hsa-mir-22,hsa-mir-101-1"
Disease,Preeclampsia,28,0.37837838,3.70560643,3.75e-11,2.3399999999999998e-08,1.71e-09,"hsa-mir-135b,hsa-mir-203a,hsa-mir-342,hsa-mir-301a,hsa-mir-106a,hsa-mir-106b,hsa-mir-188,hsa-mir-101-2,hsa-mir-181a-1,hsa-mir-17,hsa-mir-149,hsa-mir-203b,hsa-mir-22,hsa-mir-29b-2,hsa-mir-335,hsa-mir-1301,hsa-mir-29b-1,hsa-mir-101-1,hsa-mir-25,hsa-mir-18a,hsa-mir-182,hsa-mir-21,hsa-mir-204,hsa-mir-92b,hsa-mir-29a,hsa-mir-93,hsa-mir-27a,hsa-mir-181a-2"
Disease,Rhabdomyosarcoma,8,0.44444444,4.35261708,0.000172,0.1071,0.00148,"hsa-mir-9-2,hsa-mir-203a,hsa-mir-29a,hsa-mir-203b,hsa-mir-9-1,hsa-mir-27a,hsa-mir-22,hsa-mir-9-3"
Disease,Stroke,11,0.2972973,2.91154791,0.000682,0.4258,0.00476,"hsa-mir-362,hsa-mir-20a,hsa-mir-181a-1,hsa-mir-22,hsa-mir-29b-2,hsa-mir-30b,hsa-mir-29b-1,hsa-mir-21,hsa-mir-19a,hsa-mir-150,hsa-mir-181a-2"
Disease,Thyroid Neoplasms,5,0.3125,3.06043388,0.0177,1.0,0.0672,"hsa-mir-181a-1,hsa-mir-181a-2,hsa-mir-323a,hsa-mir-22,hsa-mir-21"
Disease,Vascular Diseases [unspecific],13,0.48148148,4.71533517,4.11e-07,0.000256,7.27e-06,"hsa-mir-483,hsa-mir-20a,hsa-mir-106b,hsa-mir-181a-1,hsa-mir-17,hsa-mir-23a,hsa-mir-22,hsa-mir-196a-2,hsa-mir-21,hsa-mir-18a,hsa-mir-19a,hsa-mir-181a-2,hsa-mir-143"
Disease,Vascular Injuries,5,0.38461538,3.76668786,0.00672,1.0,0.0317,"hsa-mir-27a,hsa-mir-92a-1,hsa-mir-92a-2,hsa-mir-22,hsa-mir-21"
Disease,"Adenocarcinoma, Gastric",13,0.34210526,3.35036973,4.13e-05,0.0258,0.000429,"hsa-mir-203a,hsa-mir-483,hsa-mir-96,hsa-mir-20a,hsa-mir-193a,hsa-mir-106a,hsa-mir-17,hsa-mir-203b,hsa-mir-23a,hsa-mir-25,hsa-mir-21,hsa-mir-93,hsa-mir-143"
Disease,"Adenocarcinoma, Lung",35,0.34653465,3.39374847,1.47e-12,9.139999999999999e-10,8.68e-11,"hsa-mir-203a,hsa-mir-9-1,hsa-mir-30d,hsa-mir-181a-1,hsa-mir-203b,hsa-mir-101-1,hsa-mir-196b,hsa-mir-9-2,hsa-mir-99a,hsa-mir-452,hsa-mir-497,hsa-mir-132,hsa-mir-181a-2,hsa-mir-18a,hsa-mir-182,hsa-mir-192,hsa-mir-150,hsa-mir-106b,hsa-mir-23a,hsa-mir-187,hsa-mir-183,hsa-mir-494,hsa-mir-342,hsa-mir-483,hsa-mir-551b,hsa-mir-106a,hsa-mir-17,hsa-mir-149,hsa-mir-766,hsa-mir-25,hsa-mir-21,hsa-mir-9-3,hsa-mir-218-1,hsa-mir-29a,hsa-mir-27a"
Disease,"Adenocarcinoma, Pancreatic Ductal",24,0.33802817,3.31044116,1.77e-08,1.1e-05,4.3600000000000004e-07,"hsa-mir-483,hsa-mir-96,hsa-mir-301a,hsa-mir-506,hsa-mir-940,hsa-mir-106a,hsa-mir-615,hsa-mir-218-2,hsa-mir-23a,hsa-mir-211,hsa-mir-135a-1,hsa-mir-196a-2,hsa-mir-181b-2,hsa-mir-196b,hsa-mir-21,hsa-mir-183,hsa-mir-218-1,hsa-mir-196a-1,hsa-mir-99a,hsa-mir-181b-1,hsa-mir-494,hsa-mir-27a,hsa-mir-378c,hsa-mir-143"
Disease,Alzheimer's Disease,32,0.32,3.1338842999999996,2.0400000000000002e-10,1.2699999999999999e-07,7.120000000000001e-09,"hsa-mir-9-1,hsa-mir-181a-1,hsa-mir-29b-1,hsa-mir-101-1,hsa-mir-9-2,hsa-mir-323a,hsa-mir-181b-1,hsa-mir-132,hsa-mir-181a-2,hsa-mir-29b-2,hsa-mir-219a-2,hsa-mir-139,hsa-mir-708,hsa-mir-532,hsa-mir-29c,hsa-mir-106b,hsa-mir-188,hsa-mir-101-2,hsa-mir-135a-1,hsa-mir-93,hsa-mir-143,hsa-mir-342,hsa-mir-483,hsa-mir-301a,hsa-mir-20a,hsa-mir-17,hsa-mir-766,hsa-mir-21,hsa-mir-9-3,hsa-mir-181b-2,hsa-mir-29a,hsa-mir-27a"
Disease,"Carcinoma, Adrenocortical",7,0.23333333,2.28512397,0.0268,1.0,0.0958,"hsa-mir-139,hsa-mir-203a,hsa-mir-483,hsa-mir-203b,hsa-mir-335,hsa-mir-192,hsa-mir-132"
Disease,"Carcinoma, Esophageal",23,0.34848485,3.41284748,1.89e-08,1.18e-05,4.5799999999999995e-07,"hsa-mir-203a,hsa-mir-483,hsa-mir-96,hsa-mir-506,hsa-mir-106a,hsa-mir-193a,hsa-mir-101-2,hsa-mir-181a-1,hsa-mir-218-2,hsa-mir-203b,hsa-mir-30b,hsa-mir-101-1,hsa-mir-196a-2,hsa-mir-21,hsa-mir-218-1,hsa-mir-183,hsa-mir-196a-1,hsa-mir-204,hsa-mir-93,hsa-mir-27a,hsa-mir-192,hsa-mir-181a-2,hsa-mir-143"
Disease,"Cardiomyopathy, Ischemic",5,0.26315789,2.57720748,0.0368,1.0,0.1214,"hsa-mir-30b,hsa-mir-139,hsa-mir-23a,hsa-mir-483,hsa-mir-21"
Disease,Cholangiocarcinoma,12,0.34285714,3.35773318,8.170000000000001e-05,0.051,0.000813,"hsa-mir-203a,hsa-mir-483,hsa-mir-96,hsa-mir-106a,hsa-mir-203b,hsa-mir-29b-2,hsa-mir-29b-1,hsa-mir-25,hsa-mir-21,hsa-mir-29a,hsa-mir-192,hsa-mir-150"
Disease,Essential Hypertension,6,0.31578947,3.09264898,0.00891,1.0,0.0406,"hsa-mir-9-2,hsa-mir-9-3,hsa-mir-362,hsa-mir-483,hsa-mir-9-1,hsa-mir-21"
Disease,Immune Thrombocytopenic Purpura,1,0.07692308,0.75333757,0.7553,1.0,1.0,hsa-mir-483
Disease,Intrahepatic Cholangiocarcinoma,8,0.36363636,3.56123216,0.00088,0.5491,0.00606,"hsa-mir-483,hsa-mir-96,hsa-mir-193a,hsa-mir-101-2,hsa-mir-101-1,hsa-mir-25,hsa-mir-204,hsa-mir-150"
Disease,Kawasaki's Syndrome,1,0.16666667,1.6322313999999998,0.4767,1.0,0.9690000000000001,hsa-mir-483
Disease,Osteoarthritis,17,0.41463415,4.06067325,8.949999999999999e-08,5.5799999999999994e-05,1.93e-06,"hsa-mir-139,hsa-mir-483,hsa-mir-9-1,hsa-mir-181a-1,hsa-mir-23a,hsa-mir-335,hsa-mir-30b,hsa-mir-365b,hsa-mir-21,hsa-mir-9-3,hsa-mir-181b-2,hsa-mir-9-2,hsa-mir-204,hsa-mir-365a,hsa-mir-181b-1,hsa-mir-27a,hsa-mir-181a-2"
Disease,Osteoporosis,3,0.33333333,3.26446281,0.0551,1.0,0.1711,"hsa-mir-483,hsa-mir-27a,hsa-mir-150"
Disease,Polycystic Ovarian Syndrome,7,0.24137931,2.36392135,0.0224,1.0,0.0823,"hsa-mir-483,hsa-mir-106b,hsa-mir-23a,hsa-mir-324,hsa-mir-25,hsa-mir-21,hsa-mir-93"
Disease,"Squamous Cell Carcinoma, Tongue",12,0.44444444,4.35261708,3.49e-06,0.00218,4.7600000000000005e-05,"hsa-mir-203a,hsa-mir-483,hsa-mir-96,hsa-mir-940,hsa-mir-203b,hsa-mir-23a,hsa-mir-29b-2,hsa-mir-29b-1,hsa-mir-25,hsa-mir-21,hsa-mir-183,hsa-mir-494"
Disease,Biliary Atresia,4,0.66666667,6.52892562,0.00132,0.8249,0.00812,"hsa-mir-129-2,hsa-mir-29c,hsa-mir-129-1,hsa-mir-21"
Disease,"Carcinoma, Cervical",54,0.39130435,3.83219547,3.8500000000000003e-23,2.4e-20,7.600000000000001e-21,"hsa-mir-203a,hsa-mir-362,hsa-mir-9-1,hsa-mir-96,hsa-mir-506,hsa-mir-181a-1,hsa-mir-92a-1,hsa-mir-203b,hsa-mir-129-1,hsa-mir-29b-1,hsa-mir-101-1,hsa-mir-196b,hsa-mir-9-2,hsa-mir-99a,hsa-mir-181b-1,hsa-mir-497,hsa-mir-132,hsa-mir-181a-2,hsa-mir-135b,hsa-mir-432,hsa-mir-29b-2,hsa-mir-129-2,hsa-mir-335,hsa-mir-196a-2,hsa-mir-18a,hsa-mir-182,hsa-mir-92a-2,hsa-mir-150,hsa-mir-139,hsa-mir-29c,hsa-mir-106b,hsa-mir-101-2,hsa-mir-218-2,hsa-mir-30b,hsa-mir-135a-1,hsa-mir-187,hsa-mir-183,hsa-mir-421,hsa-mir-502,hsa-mir-196a-1,hsa-mir-93,hsa-mir-494,hsa-mir-143,hsa-mir-425,hsa-mir-342,hsa-mir-20a,hsa-mir-17,hsa-mir-211,hsa-mir-25,hsa-mir-21,hsa-mir-9-3,hsa-mir-181b-2,hsa-mir-218-1,hsa-mir-27a"
Disease,"Carcinoma, Head And Neck",6,0.46153846,4.52002543,0.0009449999999999999,0.5896,0.00636,"hsa-mir-196a-1,hsa-mir-149,hsa-mir-203a,hsa-mir-203b,hsa-mir-29c,hsa-mir-196a-2"
Disease,"Carcinoma, Laryngeal",16,0.25396825,2.48720976,0.000303,0.1891,0.00249,"hsa-mir-29c,hsa-mir-9-1,hsa-mir-20a,hsa-mir-106b,hsa-mir-101-2,hsa-mir-29b-2,hsa-mir-30b,hsa-mir-29b-1,hsa-mir-101-1,hsa-mir-196a-2,hsa-mir-9-3,hsa-mir-196a-1,hsa-mir-9-2,hsa-mir-29a,hsa-mir-27a,hsa-mir-378c"
Disease,Cerebral Aneurysm,9,0.45,4.40702479,5.7600000000000004e-05,0.0359,0.0005780000000000001,"hsa-mir-9-2,hsa-mir-29b-1,hsa-mir-9-3,hsa-mir-92a-1,hsa-mir-29c,hsa-mir-9-1,hsa-mir-92a-2,hsa-mir-29b-2,hsa-mir-143"
Disease,Cholestatic Liver Injury,4,0.8,7.83471074,0.000478,0.2986,0.00366,"hsa-mir-29b-1,hsa-mir-29a,hsa-mir-29c,hsa-mir-29b-2"
Disease,Chronic Hepatitis B,11,0.34375,3.36647727,0.000161,0.1007,0.00141,"hsa-mir-29c,hsa-mir-106a,hsa-mir-181a-1,hsa-mir-29b-2,hsa-mir-30b,hsa-mir-29b-1,hsa-mir-196a-2,hsa-mir-181b-2,hsa-mir-181b-1,hsa-mir-192,hsa-mir-181a-2"
Disease,Chronic Kidney Disease,12,0.375,3.67252066,2.8999999999999997e-05,0.0181,0.000312,"hsa-mir-29c,hsa-mir-20a,hsa-mir-106b,hsa-mir-17,hsa-mir-29b-2,hsa-mir-30b,hsa-mir-29b-1,hsa-mir-21,hsa-mir-204,hsa-mir-19a,hsa-mir-150,hsa-mir-143"
Disease,Crohn Disease,16,0.48484848,4.74830954,1.42e-08,8.84e-06,3.5700000000000003e-07,"hsa-mir-19b-1,hsa-mir-29c,hsa-mir-301a,hsa-mir-149,hsa-mir-19b-2,hsa-mir-29b-2,hsa-mir-29b-1,hsa-mir-196a-2,hsa-mir-21,hsa-mir-18a,hsa-mir-196b,hsa-mir-196a-1,hsa-mir-99a,hsa-mir-29a,hsa-mir-19a,hsa-mir-192"
Disease,Endometriosis,9,0.21951220000000002,2.14976819,0.0186,1.0,0.0701,"hsa-mir-29c,hsa-mir-20a,hsa-mir-365b,hsa-mir-196b,hsa-mir-183,hsa-mir-99a,hsa-mir-365a,hsa-mir-150,hsa-mir-143"
Disease,Ependymoma,4,0.66666667,6.52892562,0.00132,0.8249,0.00812,"hsa-mir-29b-1,hsa-mir-29a,hsa-mir-29c,hsa-mir-29b-2"
Disease,Human Immunodeficiency Virus Infection,16,0.34042553,3.33391947,5.23e-06,0.0032600000000000003,6.74e-05,"hsa-mir-29c,hsa-mir-181a-1,hsa-mir-17,hsa-mir-92a-1,hsa-mir-29b-2,hsa-mir-29b-1,hsa-mir-196a-2,hsa-mir-196b,hsa-mir-21,hsa-mir-183,hsa-mir-196a-1,hsa-mir-29a,hsa-mir-92a-2,hsa-mir-27a,hsa-mir-150,hsa-mir-181a-2"
Disease,Leiomyoma,4,0.66666667,6.52892562,0.00132,0.8249,0.00812,"hsa-mir-29b-1,hsa-mir-29a,hsa-mir-29c,hsa-mir-29b-2"
Disease,"Lymphoma, Burkitt's",8,0.61538462,6.02670057,7.87e-06,0.00491,9.719999999999999e-05,"hsa-mir-101-2,hsa-mir-29b-1,hsa-mir-101-1,hsa-mir-29a,hsa-mir-29c,hsa-mir-150,hsa-mir-29b-2,hsa-mir-143"
Disease,Male Infertility,2,0.15384615,1.50667514,0.3894,1.0,0.8082,"hsa-mir-335,hsa-mir-29c"
Disease,Myotonic Muscular Dystrophy,3,0.21428571,2.09858323,0.1646,1.0,0.4434,"hsa-mir-335,hsa-mir-29b-1,hsa-mir-29c"
Disease,Nasopharyngeal Neoplasms,2,0.33333333,3.26446281,0.11800000000000001,1.0,0.3378,"hsa-mir-204,hsa-mir-29c"
Disease,Renal Fibrosis,6,0.5,4.89669421,0.0005549999999999999,0.3462,0.004079999999999999,"hsa-mir-196a-1,hsa-mir-29c,hsa-mir-378c,hsa-mir-196a-2,hsa-mir-21,hsa-mir-196b"
Disease,Respiratory Syncytial Virus Pneumonia,3,0.16666667,1.6322313999999998,0.2763,1.0,0.6358,"hsa-mir-203a,hsa-mir-29a,hsa-mir-29c"
Disease,"Squamous Cell Carcinoma, Lung",15,0.65217391,6.38699245,1.46e-10,9.09e-08,5.390000000000001e-09,"hsa-mir-425,hsa-mir-19b-1,hsa-mir-29c,hsa-mir-20a,hsa-mir-218-2,hsa-mir-29b-2,hsa-mir-19b-2,hsa-mir-30b,hsa-mir-29b-1,hsa-mir-21,hsa-mir-182,hsa-mir-218-1,hsa-mir-183,hsa-mir-29a,hsa-mir-19a"
Disease,Systemic Lupus Erythematosus,17,0.30909091,3.02704733,1.1599999999999999e-05,0.007209999999999999,0.00013700000000000002,"hsa-mir-342,hsa-mir-532,hsa-mir-362,hsa-mir-29c,hsa-mir-181a-1,hsa-mir-17,hsa-mir-324,hsa-mir-335,hsa-mir-196a-2,hsa-mir-21,hsa-mir-181b-2,hsa-mir-345,hsa-mir-196a-1,hsa-mir-181b-1,hsa-mir-494,hsa-mir-150,hsa-mir-181a-2"
Disease,Tuberculosis,6,0.46153846,4.52002543,0.0009449999999999999,0.5896,0.00636,"hsa-mir-183,hsa-mir-29b-1,hsa-mir-29a,hsa-mir-29c,hsa-mir-93,hsa-mir-29b-2"
Disease,Uterine Leiomyoma,3,0.6,5.87603306,0.00891,1.0,0.0402,"hsa-mir-29b-1,hsa-mir-29c,hsa-mir-29b-2"
Disease,Azoospermia,5,0.45454545,4.4515402,0.00286,1.0,0.0154,"hsa-mir-188,hsa-mir-19b-1,hsa-mir-17,hsa-mir-383,hsa-mir-19b-2"
Disease,Brain Neoplasms,12,0.5,4.89669421,7.12e-07,0.00044400000000000006,1.1900000000000001e-05,"hsa-mir-9-1,hsa-mir-181a-1,hsa-mir-129-1,hsa-mir-129-2,hsa-mir-21,hsa-mir-9-3,hsa-mir-181b-2,hsa-mir-9-2,hsa-mir-383,hsa-mir-92b,hsa-mir-181b-1,hsa-mir-181a-2"
Disease,"Carcinoma, Embryonal",1,0.5,4.89669421,0.1939,1.0,0.5083,hsa-mir-383
Disease,"Carcinoma, Skin",2,0.25,2.44834711,0.1928,1.0,0.5112,"hsa-mir-383,hsa-mir-21"
Disease,Spinal Cord Injuries,5,0.38461538,3.76668786,0.00672,1.0,0.0317,"hsa-mir-29b-1,hsa-mir-383,hsa-mir-23a,hsa-mir-21,hsa-mir-29b-2"
Disease,Vasculitis,5,0.625,6.12086777,0.000446,0.2785,0.00355,"hsa-mir-383,hsa-mir-92a-1,hsa-mir-29a,hsa-mir-92a-2,hsa-mir-20a"
Disease,"Carcinoma, Endometrial",13,0.22413793,2.19506982,0.0039700000000000004,1.0,0.0199,"hsa-mir-135b,hsa-mir-203a,hsa-mir-106b,hsa-mir-181a-1,hsa-mir-203b,hsa-mir-218-2,hsa-mir-29b-2,hsa-mir-29b-1,hsa-mir-196a-2,hsa-mir-182,hsa-mir-218-1,hsa-mir-204,hsa-mir-93"
Disease,Cardiac Myxoma,2,0.66666667,6.52892562,0.028999999999999998,1.0,0.1028,"hsa-mir-218-1,hsa-mir-218-2"
Disease,Cervical Neoplasms,3,0.15789474,1.54632449,0.3056,1.0,0.6729999999999999,"hsa-mir-218-1,hsa-mir-218-2,hsa-mir-143"
Disease,Choriocarcinoma,23,0.38333333,3.75413223,2.14e-09,1.33e-06,6.17e-08,"hsa-mir-203a,hsa-mir-20a,hsa-mir-106a,hsa-mir-30d,hsa-mir-17,hsa-mir-92a-1,hsa-mir-218-2,hsa-mir-203b,hsa-mir-135a-1,hsa-mir-25,hsa-mir-196a-2,hsa-mir-21,hsa-mir-182,hsa-mir-181b-2,hsa-mir-218-1,hsa-mir-183,hsa-mir-196a-1,hsa-mir-204,hsa-mir-181b-1,hsa-mir-93,hsa-mir-92a-2,hsa-mir-192,hsa-mir-143"
Disease,Chronic Obstructive Pulmonary Disease,16,0.57142857,5.59622196,5.76e-10,3.5899999999999997e-07,1.85e-08,"hsa-mir-9-1,hsa-mir-106a,hsa-mir-106b,hsa-mir-181a-1,hsa-mir-17,hsa-mir-149,hsa-mir-218-2,hsa-mir-23a,hsa-mir-196a-2,hsa-mir-21,hsa-mir-9-3,hsa-mir-218-1,hsa-mir-9-2,hsa-mir-192,hsa-mir-132,hsa-mir-181a-2"
Disease,HIV-Associated Lipodystrophy,11,0.39285714,3.8474025999999997,3.85e-05,0.024,0.000407,"hsa-mir-342,hsa-mir-532,hsa-mir-362,hsa-mir-454,hsa-mir-149,hsa-mir-218-2,hsa-mir-365b,hsa-mir-196b,hsa-mir-218-1,hsa-mir-365a,hsa-mir-452"
Disease,Hirschsprung's Disease,2,0.09090909,0.89030804,0.6752,1.0,1.0,"hsa-mir-218-1,hsa-mir-192"
Disease,Human Cytomegalovirus Infection,3,0.33333333,3.26446281,0.0551,1.0,0.1711,"hsa-mir-218-1,hsa-mir-218-2,hsa-mir-21"
Disease,Mesial Temporal Lobe Epilepsy,8,0.44444444,4.35261708,0.000172,0.1071,0.00148,"hsa-mir-218-1,hsa-mir-204,hsa-mir-365a,hsa-mir-532,hsa-mir-218-2,hsa-mir-132,hsa-mir-196b,hsa-mir-143"
Disease,Retinoblastoma,18,0.4,3.91735537,7e-08,4.3700000000000005e-05,1.56e-06,"hsa-mir-19b-1,hsa-mir-20a,hsa-mir-101-2,hsa-mir-181a-1,hsa-mir-17,hsa-mir-218-2,hsa-mir-19b-2,hsa-mir-101-1,hsa-mir-25,hsa-mir-18a,hsa-mir-21,hsa-mir-181b-2,hsa-mir-218-1,hsa-mir-183,hsa-mir-204,hsa-mir-181b-1,hsa-mir-494,hsa-mir-181a-2"
Disease,"Squamous Cell Carcinoma, Oral",23,0.27710843,2.71383053,2.26e-06,0.00141,3.229999999999999e-05,"hsa-mir-139,hsa-mir-203a,hsa-mir-9-1,hsa-mir-20a,hsa-mir-143,hsa-mir-17,hsa-mir-218-2,hsa-mir-203b,hsa-mir-29b-2,hsa-mir-211,hsa-mir-29b-1,hsa-mir-196a-2,hsa-mir-21,hsa-mir-218-1,hsa-mir-9-3,hsa-mir-196a-1,hsa-mir-9-2,hsa-mir-204,hsa-mir-99a,hsa-mir-92b,hsa-mir-19a,hsa-mir-27a,hsa-mir-494"
Disease,Acquired Immunodeficiency Syndrome,4,0.8,7.83471074,0.000478,0.2986,0.00366,"hsa-mir-29b-1,hsa-mir-29b-2,hsa-mir-150,hsa-mir-29a"
Disease,Ankylosing Spondylitis,2,0.22222222,2.17630854,0.2322,1.0,0.5426,"hsa-mir-29a,hsa-mir-21"
Disease,"Carcinoma, Rectal",22,0.45833333,4.48863636,7.45e-11,4.6500000000000006e-08,3.15e-09,"hsa-mir-139,hsa-mir-135b,hsa-mir-203a,hsa-mir-20a,hsa-mir-193a,hsa-mir-17,hsa-mir-92a-1,hsa-mir-203b,hsa-mir-135a-1,hsa-mir-18a,hsa-mir-181b-2,hsa-mir-196a-2,hsa-mir-21,hsa-mir-183,hsa-mir-196a-1,hsa-mir-92b,hsa-mir-181b-1,hsa-mir-29a,hsa-mir-92a-2,hsa-mir-27a,hsa-mir-150,hsa-mir-143"
Disease,Choroidal Neovascularization,1,0.5,4.89669421,0.1939,1.0,0.5083,hsa-mir-29a
Disease,"Colitis, Ulcerative",6,0.23076923,2.26001271,0.0417,1.0,0.1341,"hsa-mir-342,hsa-mir-335,hsa-mir-196a-2,hsa-mir-18a,hsa-mir-21,hsa-mir-29a"
Disease,Colon Neoplasms,23,0.2987013,2.92529784,5.070000000000001e-07,0.000317,8.71e-06,"hsa-mir-19b-1,hsa-mir-135b,hsa-mir-20a,hsa-mir-106a,hsa-mir-106b,hsa-mir-101-2,hsa-mir-143,hsa-mir-17,hsa-mir-92a-1,hsa-mir-615,hsa-mir-19b-2,hsa-mir-29b-2,hsa-mir-29b-1,hsa-mir-101-1,hsa-mir-365b,hsa-mir-18a,hsa-mir-21,hsa-mir-365a,hsa-mir-29a,hsa-mir-19a,hsa-mir-92a-2,hsa-mir-192,hsa-mir-132"
Disease,Diabetic Retinopathy,4,0.19047619,1.86540732,0.1588,1.0,0.4297,"hsa-mir-29a,hsa-mir-106a,hsa-mir-93,hsa-mir-21"
Disease,Endomyocardial Fibrosis,2,0.66666667,6.52892562,0.028999999999999998,1.0,0.1028,"hsa-mir-25,hsa-mir-29a"
Disease,Leukemia,27,0.40298507,3.94658937,1.54e-11,9.61e-09,7.6e-10,"hsa-mir-139,hsa-mir-19b-1,hsa-mir-9-1,hsa-mir-454,hsa-mir-20a,hsa-mir-181a-1,hsa-mir-17,hsa-mir-660,hsa-mir-92a-1,hsa-mir-23a,hsa-mir-548f-1,hsa-mir-19b-2,hsa-mir-365b,hsa-mir-18a,hsa-mir-196b,hsa-mir-21,hsa-mir-183,hsa-mir-9-3,hsa-mir-9-2,hsa-mir-365a,hsa-mir-29a,hsa-mir-19a,hsa-mir-92a-2,hsa-mir-27a,hsa-mir-378c,hsa-mir-181a-2,hsa-mir-143"
Disease,"Leukemia, Lymphoblastic, Acute, T-Cell",6,0.5,4.89669421,0.0005549999999999999,0.3462,0.004079999999999999,"hsa-mir-150,hsa-mir-101-2,hsa-mir-204,hsa-mir-17,hsa-mir-101-1,hsa-mir-29a"
Disease,Liver Diseases [unspecific],6,0.20689655,2.0262183,0.0668,1.0,0.2013,"hsa-mir-139,hsa-mir-19b-1,hsa-mir-19b-2,hsa-mir-21,hsa-mir-29a,hsa-mir-27a"
Disease,Machado-Joseph Disease,8,0.72727273,7.12246431,1.21e-06,0.000753,1.8100000000000003e-05,"hsa-mir-181a-1,hsa-mir-9-2,hsa-mir-25,hsa-mir-29a,hsa-mir-9-1,hsa-mir-494,hsa-mir-9-3,hsa-mir-181a-2"
Disease,Myocardial Fibrosis,7,0.4375,4.28460744,0.0005110000000000001,0.3187,0.0038299999999999996,"hsa-mir-29b-1,hsa-mir-203a,hsa-mir-21,hsa-mir-29a,hsa-mir-203b,hsa-mir-18a,hsa-mir-29b-2"
Disease,Oral Lichen Planus,1,0.14285714,1.39905549,0.5304,1.0,1.0,hsa-mir-29a
Disease,Pleural Mesothelioma,7,0.21875,2.14230372,0.0374,1.0,0.12300000000000001,"hsa-mir-193a,hsa-mir-23a,hsa-mir-335,hsa-mir-25,hsa-mir-21,hsa-mir-29a,hsa-mir-143"
Disease,Silicosis,1,0.5,4.89669421,0.1939,1.0,0.5083,hsa-mir-29a
Disease,"Squamous Cell Carcinoma, Cerevial",7,0.41176471,4.03257171,0.000795,0.4962,0.00551,"hsa-mir-181a-1,hsa-mir-490,hsa-mir-323a,hsa-mir-29a,hsa-mir-96,hsa-mir-181a-2,hsa-mir-143"
Disease,"Tuberculosis, Pulmonary",9,0.34615385,3.39001907,0.000627,0.3911,0.0044,"hsa-mir-149,hsa-mir-30b,hsa-mir-196a-2,hsa-mir-21,hsa-mir-196b,hsa-mir-196a-1,hsa-mir-204,hsa-mir-29a,hsa-mir-192"
Disease,Autism Spectrum Disorder,12,0.42857143,4.19716647,5.59e-06,0.00349,7.120000000000001e-05,"hsa-mir-106a,hsa-mir-106b,hsa-mir-23a,hsa-mir-129-1,hsa-mir-129-2,hsa-mir-21,hsa-mir-181b-2,hsa-mir-431,hsa-mir-181b-1,hsa-mir-93,hsa-mir-27a,hsa-mir-132"
Disease,Bladder Neoplasms,16,0.43243243,4.23497878,1.0900000000000001e-07,6.829999999999999e-05,2.28e-06,"hsa-mir-203a,hsa-mir-708,hsa-mir-9-1,hsa-mir-101-2,hsa-mir-149,hsa-mir-203b,hsa-mir-29b-1,hsa-mir-101-1,hsa-mir-21,hsa-mir-9-3,hsa-mir-181b-2,hsa-mir-9-2,hsa-mir-99a,hsa-mir-181b-1,hsa-mir-93,hsa-mir-143"
Disease,Intervertebral Disc Degeneration,3,0.23076923,2.26001271,0.1392,1.0,0.3846,"hsa-mir-27a,hsa-mir-93,hsa-mir-494"
Disease,Laryngeal Neoplasms,1,0.33333333,3.26446281,0.2763,1.0,0.6321,hsa-mir-93
Disease,Lofgren's Syndrome,4,0.33333333,3.26446281,0.0268,1.0,0.0964,"hsa-mir-425,hsa-mir-150,hsa-mir-93,hsa-mir-21"
Disease,"Lymphoma, T-Cell",14,0.53846154,5.273363,2.19e-08,1.3699999999999998e-05,5.19e-07,"hsa-mir-19b-1,hsa-mir-342,hsa-mir-20a,hsa-mir-181a-1,hsa-mir-17,hsa-mir-92a-1,hsa-mir-19b-2,hsa-mir-25,hsa-mir-18a,hsa-mir-21,hsa-mir-93,hsa-mir-92a-2,hsa-mir-27a,hsa-mir-181a-2"
Disease,Macular Degeneration,3,0.21428571,2.09858323,0.1646,1.0,0.4434,"hsa-mir-17,hsa-mir-23a,hsa-mir-93"
Disease,Neuroendocrine Tumors,3,0.5,4.89669421,0.0165,1.0,0.0639,"hsa-mir-196a-1,hsa-mir-93,hsa-mir-196a-2"
Disease,"Squamous Cell Carcinoma, Laryngeal or Hypopharyngeal",10,0.35714286,3.49763872,0.00022799999999999999,0.1423,0.0019199999999999998,"hsa-mir-139,hsa-mir-203a,hsa-mir-106b,hsa-mir-149,hsa-mir-203b,hsa-mir-23a,hsa-mir-21,hsa-mir-19a,hsa-mir-93,hsa-mir-132"
Disease,Traumatic Brain Injury,3,0.25,2.44834711,0.1153,1.0,0.335,"hsa-mir-23a,hsa-mir-93,hsa-mir-150"
Disease,"Adenocarcinoma, Cervical",3,0.6,5.87603306,0.00891,1.0,0.0402,"hsa-mir-9-1,hsa-mir-192,hsa-mir-135b"
Disease,"Carcinoma, Ovarian, Clear Cell",4,1.0,9.79338843,0.00010400000000000001,0.0648,0.00103,"hsa-mir-9-1,hsa-mir-21,hsa-mir-9-3,hsa-mir-9-2"
Disease,Endometrial Neoplasms,7,0.58333333,5.71280992,5.03e-05,0.0314,0.0005139999999999999,"hsa-mir-183,hsa-mir-9-2,hsa-mir-9-3,hsa-mir-9-1,hsa-mir-96,hsa-mir-27a,hsa-mir-182"
Disease,Epstein-Barr Virus Infection,6,0.33333333,3.26446281,0.006640000000000001,1.0,0.0315,"hsa-mir-183,hsa-mir-9-2,hsa-mir-9-3,hsa-mir-9-1,hsa-mir-96,hsa-mir-182"
Disease,"Fatty Liver, Non-Alcoholic",6,0.4,3.91735537,0.00232,1.0,0.0131,"hsa-mir-9-2,hsa-mir-17,hsa-mir-149,hsa-mir-9-3,hsa-mir-9-1,hsa-mir-21"
Disease,Gastric Neoplasms,4,0.36363636,3.56123216,0.0193,1.0,0.0728,"hsa-mir-129-2,hsa-mir-9-2,hsa-mir-9-1,hsa-mir-21"
Disease,Hepatitis [unspecific],4,0.33333333,3.26446281,0.0268,1.0,0.0964,"hsa-mir-9-2,hsa-mir-9-1,hsa-mir-21,hsa-mir-9-3"
Disease,Kallmann Syndrome,3,0.5,4.89669421,0.0165,1.0,0.0639,"hsa-mir-9-2,hsa-mir-9-1,hsa-mir-9-3"
Disease,Knee Osteoarthritis,3,0.75,7.34504132,0.00385,1.0,0.0201,"hsa-mir-9-1,hsa-mir-9-3,hsa-mir-9-2"
Disease,"Lymphoma, Hodgkin",9,0.40909091,4.00638618,0.000143,0.08900000000000001,0.00128,"hsa-mir-9-1,hsa-mir-96,hsa-mir-20a,hsa-mir-17,hsa-mir-21,hsa-mir-9-3,hsa-mir-196a-1,hsa-mir-9-2,hsa-mir-494"
Disease,MELAS Syndrome,3,1.0,9.79338843,0.0010400000000000001,0.6496,0.00689,"hsa-mir-9-1,hsa-mir-9-3,hsa-mir-9-2"
Disease,Multiple Myeloma,27,0.45,4.40702479,5.93e-13,3.6999999999999996e-10,3.7e-11,"hsa-mir-19b-1,hsa-mir-135b,hsa-mir-342,hsa-mir-561,hsa-mir-9-1,hsa-mir-301a,hsa-mir-96,hsa-mir-20a,hsa-mir-106b,hsa-mir-181a-1,hsa-mir-660,hsa-mir-17,hsa-mir-149,hsa-mir-19b-2,hsa-mir-29b-2,hsa-mir-335,hsa-mir-30b,hsa-mir-29b-1,hsa-mir-25,hsa-mir-18a,hsa-mir-182,hsa-mir-21,hsa-mir-9-3,hsa-mir-9-2,hsa-mir-192,hsa-mir-150,hsa-mir-181a-2"
Disease,Nervous System Diseases [unspecific],4,0.4,3.91735537,0.0133,1.0,0.0522,"hsa-mir-219a-2,hsa-mir-9-2,hsa-mir-9-1,hsa-mir-9-3"
Disease,Non-Alcoholic Steatohepatitis,3,0.75,7.34504132,0.00385,1.0,0.0201,"hsa-mir-9-3,hsa-mir-9-1,hsa-mir-9-2"
Disease,Spinal Muscular Atrophy,4,0.66666667,6.52892562,0.00132,0.8249,0.00812,"hsa-mir-335,hsa-mir-9-2,hsa-mir-9-1,hsa-mir-9-3"
Disease,Waldenstrom Macroglobulinemia,3,0.375,3.67252066,0.0397,1.0,0.1295,"hsa-mir-9-2,hsa-mir-9-1,hsa-mir-9-3"
Disease,Amyotrophic Lateral Sclerosis,3,0.33333333,3.26446281,0.0551,1.0,0.1711,"hsa-mir-129-2,hsa-mir-9-2,hsa-mir-132"
Disease,Allergic Rhinitis,12,0.57142857,5.59622196,1.0099999999999999e-07,6.32e-05,2.14e-06,"hsa-mir-20a,hsa-mir-19b-1,hsa-mir-17,hsa-mir-149,hsa-mir-92a-1,hsa-mir-19b-2,hsa-mir-19a,hsa-mir-92a-2,hsa-mir-196a-2,hsa-mir-18a,hsa-mir-187,hsa-mir-143"
Disease,Colitis,5,0.41666667,4.08057851,0.0045,1.0,0.0224,"hsa-mir-139,hsa-mir-18a,hsa-mir-19a,hsa-mir-21,hsa-mir-150"
Disease,Hepatoblastoma,8,0.30769231,3.01335029,0.00302,1.0,0.016,"hsa-mir-96,hsa-mir-106b,hsa-mir-181a-1,hsa-mir-17,hsa-mir-18a,hsa-mir-21,hsa-mir-150,hsa-mir-181a-2"
Disease,Inflammatory Bowel Diseases,7,0.21875,2.14230372,0.0374,1.0,0.12300000000000001,"hsa-mir-301a,hsa-mir-193a,hsa-mir-129-1,hsa-mir-129-2,hsa-mir-18a,hsa-mir-21,hsa-mir-132"
Disease,"Leukemia, B-Cell",8,0.57142857,5.59622196,1.6800000000000002e-05,0.0105,0.000192,"hsa-mir-20a,hsa-mir-19b-1,hsa-mir-17,hsa-mir-92a-1,hsa-mir-18a,hsa-mir-19a,hsa-mir-92a-2,hsa-mir-19b-2"
Disease,"Leukemia, Lymphoblastic, Acute",11,0.45833333,4.48863636,6.41e-06,0.004,8.08e-05,"hsa-mir-708,hsa-mir-20a,hsa-mir-181a-1,hsa-mir-17,hsa-mir-149,hsa-mir-196a-2,hsa-mir-18a,hsa-mir-196b,hsa-mir-99a,hsa-mir-150,hsa-mir-181a-2"
Disease,"Leukemia, Myeloid",11,0.61111111,5.98484848,1.4e-07,8.740000000000001e-05,2.86e-06,"hsa-mir-150,hsa-mir-20a,hsa-mir-139,hsa-mir-19b-1,hsa-mir-17,hsa-mir-92a-1,hsa-mir-23a,hsa-mir-19a,hsa-mir-92a-2,hsa-mir-18a,hsa-mir-19b-2"
Disease,"Lymphoma, Large B-Cell, Diffuse",5,0.13157895,1.28860374,0.3455,1.0,0.7458,"hsa-mir-342,hsa-mir-23a,hsa-mir-18a,hsa-mir-21,hsa-mir-150"
Disease,Toxic Epidermal Necrolysis,1,0.25,2.44834711,0.3504,1.0,0.755,hsa-mir-18a
Disease,Adrenal Cortex Neoplasms,3,0.25,2.44834711,0.1153,1.0,0.335,"hsa-mir-99a,hsa-mir-203a,hsa-mir-203b"
Disease,Alopecia,3,0.33333333,3.26446281,0.0551,1.0,0.1711,"hsa-mir-106b,hsa-mir-203a,hsa-mir-203b"
Disease,Barrett's Esophagus,7,0.63636364,6.23215627,2.2899999999999998e-05,0.0143,0.00025299999999999997,"hsa-mir-196a-1,hsa-mir-203a,hsa-mir-203b,hsa-mir-192,hsa-mir-196a-2,hsa-mir-21,hsa-mir-143"
Disease,"Carcinoma, Merkel Cell",2,0.66666667,6.52892562,0.028999999999999998,1.0,0.1028,"hsa-mir-203b,hsa-mir-203a"
Disease,"Carcinoma, Oral",12,0.32432432,3.17623409,0.000151,0.0945,0.00134,"hsa-mir-139,hsa-mir-135b,hsa-mir-203a,hsa-mir-181a-1,hsa-mir-203b,hsa-mir-196a-2,hsa-mir-21,hsa-mir-196b,hsa-mir-196a-1,hsa-mir-1269b,hsa-mir-494,hsa-mir-181a-2"
Disease,Chronic Hepatitis,4,0.36363636,3.56123216,0.0193,1.0,0.0728,"hsa-mir-101-2,hsa-mir-203a,hsa-mir-101-1,hsa-mir-143"
Disease,Diabetic Foot,2,0.66666667,6.52892562,0.028999999999999998,1.0,0.1028,"hsa-mir-203b,hsa-mir-203a"
Disease,Esophageal Neoplasms,5,0.55555556,5.44077135,0.000923,0.5757,0.00628,"hsa-mir-203a,hsa-mir-92a-1,hsa-mir-203b,hsa-mir-21,hsa-mir-143"
Disease,Essential Thrombocythemia,2,0.33333333,3.26446281,0.11800000000000001,1.0,0.3378,"hsa-mir-203a,hsa-mir-203b"
Disease,Helicobacter Pylori Infection,2,0.2,1.95867769,0.2719,1.0,0.6294,"hsa-mir-203a,hsa-mir-203b"
Disease,Human Papilloma Virus Infection,13,0.38235294,3.74453087,1.01e-05,0.00632,0.000124,"hsa-mir-203a,hsa-mir-96,hsa-mir-20a,hsa-mir-106b,hsa-mir-17,hsa-mir-203b,hsa-mir-196a-2,hsa-mir-21,hsa-mir-196a-1,hsa-mir-497,hsa-mir-27a,hsa-mir-150,hsa-mir-143"
Disease,Necrotizing Enterocolitis,4,0.36363636,3.56123216,0.0193,1.0,0.0728,"hsa-mir-431,hsa-mir-203a,hsa-mir-203b,hsa-mir-21"
Disease,Pancreatic Neoplasms,17,0.265625,2.6013688,0.00010400000000000001,0.0651,0.000951,"hsa-mir-203a,hsa-mir-96,hsa-mir-20a,hsa-mir-106a,hsa-mir-17,hsa-mir-203b,hsa-mir-29b-2,hsa-mir-29b-1,hsa-mir-25,hsa-mir-196a-2,hsa-mir-21,hsa-mir-181b-2,hsa-mir-196a-1,hsa-mir-181b-1,hsa-mir-27a,hsa-mir-132,hsa-mir-143"
Disease,Psoriasis,10,0.3030303,2.96769346,0.00103,0.6413,0.006840000000000001,"hsa-mir-203a,hsa-mir-106a,hsa-mir-203b,hsa-mir-21,hsa-mir-181b-2,hsa-mir-99a,hsa-mir-181b-1,hsa-mir-19a,hsa-mir-150,hsa-mir-143"
Disease,Heart Diseases [unspecific],6,0.15789474,1.54632449,0.1838,1.0,0.4884,"hsa-mir-873,hsa-mir-301a,hsa-mir-193a,hsa-mir-324,hsa-mir-29b-1,hsa-mir-21"
Disease,Sickle Cell Disease,3,0.6,5.87603306,0.00891,1.0,0.0402,"hsa-mir-27a,hsa-mir-454,hsa-mir-301a"
Disease,"Carcinoma, Gallbladder",8,0.29629629999999996,2.90174472,0.0039299999999999995,1.0,0.0197,"hsa-mir-181a-1,hsa-mir-335,hsa-mir-21,hsa-mir-182,hsa-mir-187,hsa-mir-27a,hsa-mir-181a-2,hsa-mir-143"
Disease,Depression Disorder,4,0.17391304,1.70319799,0.2013,1.0,0.4725,"hsa-mir-106b,hsa-mir-17,hsa-mir-335,hsa-mir-135a-1"
Disease,Fetal Alcohol Syndrome,2,1.0,9.79338843,0.0103,1.0,0.0454,"hsa-mir-335,hsa-mir-21"
Disease,Kaposi's Sarcoma,6,0.22222222,2.17630854,0.0492,1.0,0.1577,"hsa-mir-708,hsa-mir-17,hsa-mir-149,hsa-mir-23a,hsa-mir-335,hsa-mir-99a"
Disease,Muscle Atrophy,6,0.35294118,3.45649003,0.00483,1.0,0.0237,"hsa-mir-335,hsa-mir-181a-1,hsa-mir-23a,hsa-mir-21,hsa-mir-181a-2,hsa-mir-143"
Disease,Non-Traumatic Osteonecrosis,2,0.33333333,3.26446281,0.11800000000000001,1.0,0.3378,"hsa-mir-335,hsa-mir-17"
Disease,Peripheral Vascular Disease,3,0.21428571,2.09858323,0.1646,1.0,0.4434,"hsa-mir-425,hsa-mir-335,hsa-mir-25"
Disease,Sjogren's Syndrome,1,0.25,2.44834711,0.3504,1.0,0.755,hsa-mir-335
Disease,Craniofacial Abnormalities,2,1.0,9.79338843,0.0103,1.0,0.0454,"hsa-mir-876,hsa-mir-873"
Disease,Acute Kidney Injury,3,0.17647059,1.72824502,0.2474,1.0,0.5736,"hsa-mir-192,hsa-mir-21,hsa-mir-182"
Disease,Behcet's Disease,3,0.42857143,4.19716647,0.0268,1.0,0.0972,"hsa-mir-139,hsa-mir-196a-2,hsa-mir-182"
Disease,"Carcinoma, Thyroid, Medullary",5,0.45454545,4.4515402,0.00286,1.0,0.0154,"hsa-mir-129-2,hsa-mir-99a,hsa-mir-129-1,hsa-mir-21,hsa-mir-182"
Disease,Colon Adenoma,4,0.19047619,1.86540732,0.1588,1.0,0.4297,"hsa-mir-378c,hsa-mir-192,hsa-mir-21,hsa-mir-182"
Disease,Cutaneous Melanoma,6,0.31578947,3.09264898,0.00891,1.0,0.0406,"hsa-mir-106b,hsa-mir-149,hsa-mir-193a,hsa-mir-21,hsa-mir-150,hsa-mir-182"
Disease,Fatty Liver [unspecific],2,0.5,4.89669421,0.0541,1.0,0.1727,"hsa-mir-182,hsa-mir-183"
Disease,Hyperactivity Disorder,3,0.75,7.34504132,0.00385,1.0,0.0201,"hsa-mir-96,hsa-mir-182,hsa-mir-183"
Disease,Keratitis,3,0.6,5.87603306,0.00891,1.0,0.0402,"hsa-mir-183,hsa-mir-96,hsa-mir-182"
Disease,"Leukemia, Biphenotypic, Acute",3,0.5,4.89669421,0.0165,1.0,0.0639,"hsa-mir-29b-1,hsa-mir-182,hsa-mir-29b-2"
Disease,Liver Injury,4,0.26666667,2.61157025,0.0581,1.0,0.1773,"hsa-mir-877,hsa-mir-192,hsa-mir-21,hsa-mir-182"
Disease,Pain[unspecific],3,0.75,7.34504132,0.00385,1.0,0.0201,"hsa-mir-96,hsa-mir-183,hsa-mir-182"
Disease,Retinal Degeneration,4,0.44444444,4.35261708,0.00869,1.0,0.0401,"hsa-mir-183,hsa-mir-204,hsa-mir-96,hsa-mir-182"
Disease,Soft Tissue Sarcoma,1,0.125,1.22417355,0.5787,1.0,1.0,hsa-mir-182
Disease,Cerebral Ischemia,2,0.18181818,1.78061608,0.3117,1.0,0.6852,"hsa-mir-29b-1,hsa-mir-29b-2"
Disease,Wounds and Injuries [unspecific],3,0.6,5.87603306,0.00891,1.0,0.0402,"hsa-mir-29b-1,hsa-mir-29b-2,hsa-mir-143"
Disease,Chronic Brucellosis,2,0.33333333,3.26446281,0.11800000000000001,1.0,0.3378,"hsa-mir-139,hsa-mir-494"
Disease,Neurodegenerative Diseases [unspecific],4,0.21052632,2.06176599,0.1202,1.0,0.3344,"hsa-mir-139,hsa-mir-17,hsa-mir-342,hsa-mir-132"
Disease,"Carcinoma, Thyroid, Follicular",2,0.22222222,2.17630854,0.2322,1.0,0.5426,"hsa-mir-183,hsa-mir-17"
Disease,Oral Leukoplakia,6,0.5,4.89669421,0.0005549999999999999,0.3462,0.004079999999999999,"hsa-mir-129-2,hsa-mir-345,hsa-mir-181b-1,hsa-mir-129-1,hsa-mir-21,hsa-mir-181b-2"
Disease,Myelodysplastic Syndromes,4,0.14285714,1.39905549,0.3186,1.0,0.6914,"hsa-mir-23a,hsa-mir-21,hsa-mir-196b,hsa-mir-378c"
Disease,Neutropenia,2,1.0,9.79338843,0.0103,1.0,0.0454,"hsa-mir-21,hsa-mir-196b"
Disease,Bipolar Disorder,2,0.25,2.44834711,0.1928,1.0,0.5112,"hsa-mir-708,hsa-mir-132"
Disease,Cystic Fibrosis,4,0.25,2.44834711,0.0715,1.0,0.2145,"hsa-mir-17,hsa-mir-708,hsa-mir-509-3,hsa-mir-509-1"
Disease,"Lymphoma, Large-Cell, Anaplastic",8,0.66666667,6.52892562,3.31e-06,0.00207,4.5600000000000004e-05,"hsa-mir-101-2,hsa-mir-17,hsa-mir-135b,hsa-mir-708,hsa-mir-101-1,hsa-mir-92a-1,hsa-mir-92a-2,hsa-mir-150"
Disease,"Carcinoma, Thyroid",8,0.22222222,2.17630854,0.0243,1.0,0.0886,"hsa-mir-551b,hsa-mir-106b,hsa-mir-149,hsa-mir-25,hsa-mir-21,hsa-mir-204,hsa-mir-27a,hsa-mir-150"
Disease,Congenital Heart Diseases,5,0.22727273,2.2257701,0.0651,1.0,0.1977,"hsa-mir-96,hsa-mir-30b,hsa-mir-196a-2,hsa-mir-27a,hsa-mir-143"
Disease,Down Syndrome,3,0.25,2.44834711,0.1153,1.0,0.335,"hsa-mir-99a,hsa-mir-96,hsa-mir-27a"
Disease,Erythropoiesis,1,0.33333333,3.26446281,0.2763,1.0,0.6321,hsa-mir-27a
Disease,Costello Syndrome,1,0.16666667,1.6322313999999998,0.4767,1.0,0.9690000000000001,hsa-mir-342
Disease,Irritable Bowel Syndrome,2,0.33333333,3.26446281,0.11800000000000001,1.0,0.3378,"hsa-mir-342,hsa-mir-150"
Disease,Pancreatic Intraductal Papillary Mucinous Neoplasms,2,0.33333333,3.26446281,0.11800000000000001,1.0,0.3378,"hsa-mir-99a,hsa-mir-342"
Disease,Prion Diseases,2,1.0,9.79338843,0.0103,1.0,0.0454,"hsa-mir-494,hsa-mir-342"
Disease,"Carcinoma, Gastrointestinal",2,0.33333333,3.26446281,0.11800000000000001,1.0,0.3378,"hsa-mir-149,hsa-mir-23a"
Disease,"Muscular Dystrophy, Facioscapulohumeral",1,0.05555556,0.54407713,0.8582,1.0,1.0,hsa-mir-25
Disease,Chordoma,1,0.07142857,0.69952774,0.7806,1.0,1.0,hsa-mir-149
Disease,Habitual Abortion,3,0.21428571,2.09858323,0.1646,1.0,0.4434,"hsa-mir-149,hsa-mir-196a-2,hsa-mir-187"
Disease,Hematologic Neoplasms,9,0.26470588,2.59236753,0.00517,1.0,0.0252,"hsa-mir-20a,hsa-mir-17,hsa-mir-149,hsa-mir-378c,hsa-mir-92a-1,hsa-mir-21,hsa-mir-497,hsa-mir-92a-2,hsa-mir-150"
Disease,Ossification of Posterior Longitudinal Ligament,2,0.4,3.91735537,0.0842,1.0,0.2519,"hsa-mir-196a-2,hsa-mir-149"
Disease,"Diabetes Mellitus, Type 1",3,0.75,7.34504132,0.00385,1.0,0.0201,"hsa-mir-101-2,hsa-mir-30b,hsa-mir-101-1"
Disease,Heart Transplant Rejection,2,0.66666667,6.52892562,0.028999999999999998,1.0,0.1028,"hsa-mir-101-2,hsa-mir-101-1"
Disease,Rheumatic Heart Diseases,2,0.5,4.89669421,0.0541,1.0,0.1727,"hsa-mir-101-2,hsa-mir-101-1"
Disease,Thyroid Adenomas,2,0.66666667,6.52892562,0.028999999999999998,1.0,0.1028,"hsa-mir-101-2,hsa-mir-101-1"
Disease,Wilms' Tumor,2,0.5,4.89669421,0.0541,1.0,0.1727,"hsa-mir-101-2,hsa-mir-101-1"
Disease,Keloid,5,0.38461538,3.76668786,0.00672,1.0,0.0317,"hsa-mir-181a-1,hsa-mir-181b-1,hsa-mir-21,hsa-mir-181a-2,hsa-mir-181b-2"
Disease,"Leukemia, Promyelocytic, Acute",6,0.4,3.91735537,0.00232,1.0,0.0131,"hsa-mir-181a-1,hsa-mir-92a-1,hsa-mir-181b-1,hsa-mir-92a-2,hsa-mir-181a-2,hsa-mir-181b-2"
Disease,"Leukemia, T-Cell",2,0.4,3.91735537,0.0842,1.0,0.2519,"hsa-mir-181b-1,hsa-mir-181b-2"
Disease,Mycosis Fungoides,2,0.4,3.91735537,0.0842,1.0,0.2519,"hsa-mir-181b-1,hsa-mir-181b-2"
Disease,Rhinosinusitis,4,0.30769231,3.01335029,0.0357,1.0,0.1188,"hsa-mir-92a-1,hsa-mir-181b-1,hsa-mir-92a-2,hsa-mir-181b-2"
Disease,IgA Nephropathy,2,0.4,3.91735537,0.0842,1.0,0.2519,"hsa-mir-21,hsa-mir-877"
Disease,"Carcinoma, Adenoid Cystic",3,0.42857143,4.19716647,0.0268,1.0,0.0972,"hsa-mir-17,hsa-mir-20a,hsa-mir-181a-2"
Disease,"Carcinoma, Non-Functioning Pituitary",3,1.0,9.79338843,0.0010400000000000001,0.6496,0.00689,"hsa-mir-17,hsa-mir-106b,hsa-mir-20a"
Disease,"Carcinoma, Thyroid, Anaplastic",3,0.25,2.44834711,0.1153,1.0,0.335,"hsa-mir-30d,hsa-mir-20a,hsa-mir-99a"
Disease,Ischemia-Reperfusion Injury,7,0.30434783,2.98059648,0.0059299999999999995,1.0,0.0282,"hsa-mir-20a,hsa-mir-92a-1,hsa-mir-21,hsa-mir-187,hsa-mir-494,hsa-mir-92a-2,hsa-mir-192"
Disease,"Leukemia-Lymphoma, Adult T-Cell",7,0.77777778,7.61707989,2.98e-06,0.00186,4.2e-05,"hsa-mir-19b-1,hsa-mir-17,hsa-mir-92a-1,hsa-mir-92a-2,hsa-mir-20a,hsa-mir-150,hsa-mir-19b-2"
Disease,Pulmonary Sarcoidosis,2,0.18181818,1.78061608,0.3117,1.0,0.6852,"hsa-mir-192,hsa-mir-20a"
Disease,"Squamous Cell Carcinoma, Skin or Unspecific",7,0.38888889,3.80853994,0.00119,0.7438,0.00743,"hsa-mir-204,hsa-mir-135b,hsa-mir-365a,hsa-mir-365b,hsa-mir-490,hsa-mir-20a,hsa-mir-21"
Disease,Toxoplasma gondii Infection,4,0.66666667,6.52892562,0.00132,0.8249,0.00812,"hsa-mir-106b,hsa-mir-17,hsa-mir-20a,hsa-mir-132"
Disease,Uveal Melanoma,5,0.45454545,4.4515402,0.00286,1.0,0.0154,"hsa-mir-181a-1,hsa-mir-454,hsa-mir-20a,hsa-mir-21,hsa-mir-181a-2"
Disease,"Carcinoma, Vulvar",4,0.44444444,4.35261708,0.00869,1.0,0.0401,"hsa-mir-19b-1,hsa-mir-17,hsa-mir-19a,hsa-mir-19b-2"
Disease,Encephalomyelitis,2,0.5,4.89669421,0.0541,1.0,0.1727,"hsa-mir-17,hsa-mir-132"
Disease,Invasive Candida Infection,1,0.5,4.89669421,0.1939,1.0,0.5083,hsa-mir-17
Disease,"Lymphoma, Follicular",1,0.25,2.44834711,0.3504,1.0,0.755,hsa-mir-17
Disease,Mesothelioma,5,0.45454545,4.4515402,0.00286,1.0,0.0154,"hsa-mir-17,hsa-mir-21,hsa-mir-132,hsa-mir-106a,hsa-mir-143"
Disease,Synovial Sarcoma,2,0.18181818,1.78061608,0.3117,1.0,0.6852,"hsa-mir-17,hsa-mir-99a"
Disease,ACTH-Secreting Pituitary Adenoma,3,0.27272727,2.67092412,0.0932,1.0,0.2714,"hsa-mir-21,hsa-mir-150,hsa-mir-143"
Disease,Cervical Dysplasia,3,0.5,4.89669421,0.0165,1.0,0.0639,"hsa-mir-196a-1,hsa-mir-196a-2,hsa-mir-143"
Disease,Fever,1,0.5,4.89669421,0.1939,1.0,0.5083,hsa-mir-143
Disease,Fibromyalgia,2,0.33333333,3.26446281,0.11800000000000001,1.0,0.3378,"hsa-mir-21,hsa-mir-143"
Disease,Hemophagocytic Lymphohistiocytosis,4,0.5,4.89669421,0.00524,1.0,0.0254,"hsa-mir-106b,hsa-mir-19a,hsa-mir-21,hsa-mir-143"
Disease,Myeloproliferative Neoplasms,1,0.11111111,1.08815427,0.622,1.0,1.0,hsa-mir-143
Disease,Polycystic Kidney Disease,1,0.07142857,0.69952774,0.7806,1.0,1.0,hsa-mir-143
Disease,Prediabetes,2,0.28571429,2.79811098,0.1545,1.0,0.4259,"hsa-mir-192,hsa-mir-143"
Disease,Reflux Esophagitis,2,0.4,3.91735537,0.0842,1.0,0.2519,"hsa-mir-192,hsa-mir-143"
Disease,Acute Myocardial Infarction,12,0.26086957,2.55479698,0.0014199999999999998,0.8838,0.00835,"hsa-mir-30d,hsa-mir-106b,hsa-mir-181a-1,hsa-mir-92a-1,hsa-mir-21,hsa-mir-99a,hsa-mir-204,hsa-mir-19a,hsa-mir-497,hsa-mir-92a-2,hsa-mir-150,hsa-mir-181a-2"
Disease,"Carcinoma, Renal Cell, Chromophobe",2,0.5,4.89669421,0.0541,1.0,0.1727,"hsa-mir-19a,hsa-mir-425"
Disease,"Carcinoma, Supraglottic",2,0.4,3.91735537,0.0842,1.0,0.2519,"hsa-mir-21,hsa-mir-19a"
Disease,Hamartoma Syndrome,2,1.0,9.79338843,0.0103,1.0,0.0454,"hsa-mir-21,hsa-mir-19a"
Disease,Epithelioid Sarcoma,1,0.25,2.44834711,0.3504,1.0,0.755,hsa-mir-193a
Disease,Non-Traumatic Subarachnoid Hemorrhage,2,0.18181818,1.78061608,0.3117,1.0,0.6852,"hsa-mir-193a,hsa-mir-150"
Disease,Acute Coronary Syndrome,5,0.22727273,2.2257701,0.0651,1.0,0.1977,"hsa-mir-92a-1,hsa-mir-21,hsa-mir-323a,hsa-mir-92b,hsa-mir-92a-2"
Disease,Arteriosclerosis Obliterans,3,0.16666667,1.6322313999999998,0.2763,1.0,0.6358,"hsa-mir-92a-1,hsa-mir-92a-2,hsa-mir-21"
Disease,"Adenocarcinoma, Gastric-Esophageal Junction",5,0.33333333,3.26446281,0.0133,1.0,0.052000000000000005,"hsa-mir-196a-1,hsa-mir-135b,hsa-mir-192,hsa-mir-196a-2,hsa-mir-21"
Disease,"Carcinoma, Periampullary",3,0.6,5.87603306,0.00891,1.0,0.0402,"hsa-mir-192,hsa-mir-196a-2,hsa-mir-196a-1"
Disease,"Cardiomyopathy, Dilated",2,0.5,4.89669421,0.0541,1.0,0.1727,"hsa-mir-196a-2,hsa-mir-196a-1"
Disease,Huntington's Disease,2,0.33333333,3.26446281,0.11800000000000001,1.0,0.3378,"hsa-mir-196a-1,hsa-mir-196a-2"
Disease,"Lymphoma, Non-Hodgkin",3,0.5,4.89669421,0.0165,1.0,0.0639,"hsa-mir-502,hsa-mir-196a-1,hsa-mir-196a-2"
Disease,"Scleroderma, Localized",2,0.66666667,6.52892562,0.028999999999999998,1.0,0.1028,"hsa-mir-196a-2,hsa-mir-196a-1"
Disease,Vitiligo,1,0.5,4.89669421,0.1939,1.0,0.5083,hsa-mir-196a-2
Disease,Aplastic Anemia,2,0.2,1.95867769,0.2719,1.0,0.6294,"hsa-mir-204,hsa-mir-150"
Disease,Liver Transplant Rejection,1,0.33333333,3.26446281,0.2763,1.0,0.6321,hsa-mir-106b
Disease,Enterovirus Infection,1,0.14285714,1.39905549,0.5304,1.0,1.0,hsa-mir-135b
Disease,Coxsackievirus Infection,1,0.33333333,3.26446281,0.2763,1.0,0.6321,hsa-mir-490
Disease,Chronic Heart Failure,2,0.33333333,3.26446281,0.11800000000000001,1.0,0.3378,"hsa-mir-150,hsa-mir-21"
Disease,Dengue Virus Infection,2,0.13333333,1.30578512,0.4631,1.0,0.9446,"hsa-mir-378c,hsa-mir-150"
Disease,Kidney Transplant Rejection,4,0.36363636,3.56123216,0.0193,1.0,0.0728,"hsa-mir-99a,hsa-mir-192,hsa-mir-21,hsa-mir-150"
Disease,"Leukemia, Acute",1,0.33333333,3.26446281,0.2763,1.0,0.6321,hsa-mir-150
Disease,"Lymphoma, T-Cell, Cutaneous",1,0.33333333,3.26446281,0.2763,1.0,0.6321,hsa-mir-150
Disease,Marek Disease,1,0.25,2.44834711,0.3504,1.0,0.755,hsa-mir-150
Disease,Myasthenia Gravis,3,0.21428571,2.09858323,0.1646,1.0,0.4434,"hsa-mir-192,hsa-mir-21,hsa-mir-150"
Disease,Polycythemia Vera,3,0.15,1.46900826,0.335,1.0,0.7243,"hsa-mir-150,hsa-mir-378c,hsa-mir-21"
Disease,Retinal Neovascularization,2,0.28571429,2.79811098,0.1545,1.0,0.4259,"hsa-mir-106a,hsa-mir-150"
Disease,Acute Megakaryoblastic Leukemia,1,0.33333333,3.26446281,0.2763,1.0,0.6321,hsa-mir-99a
Disease,"Leukemia, Lymphoblastic, Acute, Childhood",4,0.33333333,3.26446281,0.0268,1.0,0.0964,"hsa-mir-502,hsa-mir-181a-1,hsa-mir-99a,hsa-mir-181a-2"
Disease,Thrombocytopenia,1,0.5,4.89669421,0.1939,1.0,0.5083,hsa-mir-99a
Disease,Mild Cognitive Impairment,2,0.18181818,1.78061608,0.3117,1.0,0.6852,"hsa-mir-323a,hsa-mir-132"
Disease,Chronic Post-Traumatic Headache,1,0.33333333,3.26446281,0.2763,1.0,0.6321,hsa-mir-135a-1
Disease,Aneurysmal Subarachnoid Hemorrhage,2,1.0,9.79338843,0.0103,1.0,0.0454,"hsa-mir-324,hsa-mir-132"
Disease,Acute Cerebral Infarction,1,0.16666667,1.6322313999999998,0.4767,1.0,0.9690000000000001,hsa-mir-21
Disease,"Adenocarcinoma, Prostate",1,0.2,1.95867769,0.41700000000000004,1.0,0.8623,hsa-mir-21
Disease,Arrhythmia,1,0.125,1.22417355,0.5787,1.0,1.0,hsa-mir-21
Disease,Bronchiolitis Obliterans Syndrome,1,0.33333333,3.26446281,0.2763,1.0,0.6321,hsa-mir-21
Disease,"Carcinoma, Basal Cell",2,0.2,1.95867769,0.2719,1.0,0.6294,"hsa-mir-92b,hsa-mir-21"
Disease,"Carcinoma, Biliary Tract",1,0.14285714,1.39905549,0.5304,1.0,1.0,hsa-mir-21
Disease,"Carcinoma, Oropharyngeal",1,0.25,2.44834711,0.3504,1.0,0.755,hsa-mir-21
Disease,"Carcinoma, Salivary Adenoid Cystic",3,0.75,7.34504132,0.00385,1.0,0.0201,"hsa-mir-21,hsa-mir-181a-2,hsa-mir-181a-1"
Disease,Cholesteatoma,1,0.25,2.44834711,0.3504,1.0,0.755,hsa-mir-21
Disease,Chronic Atrial Fibrillation,1,0.33333333,3.26446281,0.2763,1.0,0.6321,hsa-mir-21
Disease,Chronic Pancreatitis,1,0.25,2.44834711,0.3504,1.0,0.755,hsa-mir-21
Disease,Coronary Atherosclerosis,1,0.07142857,0.69952774,0.7806,1.0,1.0,hsa-mir-21
Disease,Cryptosporidium infection,2,0.5,4.89669421,0.0541,1.0,0.1727,"hsa-mir-30b,hsa-mir-21"
Disease,Granular Corneal Dystrophy,3,1.0,9.79338843,0.0010400000000000001,0.6496,0.00689,"hsa-mir-21,hsa-mir-181a-2,hsa-mir-181a-1"
Disease,Growth Disorders,1,0.33333333,3.26446281,0.2763,1.0,0.6321,hsa-mir-21
Disease,Kidney Diseases [unspecific],1,0.14285714,1.39905549,0.5304,1.0,1.0,hsa-mir-21
Disease,Meningioma,1,0.25,2.44834711,0.3504,1.0,0.755,hsa-mir-21
Disease,Metabolic Syndrome,1,0.11111111,1.08815427,0.622,1.0,1.0,hsa-mir-21
Disease,Myocardial Ischemic-Reperfusion Injury,1,0.0625,0.61208678,0.8236,1.0,1.0,hsa-mir-21
Disease,Periodontitis,1,0.5,4.89669421,0.1939,1.0,0.5083,hsa-mir-21
Disease,Salivary Gland Neoplasms,1,0.11111111,1.08815427,0.622,1.0,1.0,hsa-mir-21
Disease,Thyroid-Associated Ophthalmopathy,1,0.5,4.89669421,0.1939,1.0,0.5083,hsa-mir-21
Disease,Type 2 Diabetes Complications,1,0.5,4.89669421,0.1939,1.0,0.5083,hsa-mir-21
Disease,Aortic Insufficiency,1,0.25,2.44834711,0.3504,1.0,0.755,hsa-mir-30b
Disease,Hemoglobin Diseases,1,0.07692308,0.75333757,0.7553,1.0,1.0,hsa-mir-940
Disease,Alcoholic Cardiomyopathy,1,0.125,1.22417355,0.5787,1.0,1.0,hsa-mir-506
Disease,Cerebral Cavernous Malformations,1,0.2,1.95867769,0.41700000000000004,1.0,0.8623,hsa-mir-181a-2
Disease,Cocaine Abuse,2,0.28571429,2.79811098,0.1545,1.0,0.4259,"hsa-mir-181a-1,hsa-mir-181a-2"
Disease,Unstable Angina,2,0.5,4.89669421,0.0541,1.0,0.1727,"hsa-mir-19b-2,hsa-mir-19b-1"
Disease,Medulloepithelioma,3,0.375,3.67252066,0.0397,1.0,0.1295,"hsa-mir-211,hsa-mir-509-3,hsa-mir-509-1"
Disease,Intracerebral Haemorrhage,1,0.33333333,3.26446281,0.2763,1.0,0.6321,hsa-mir-362
Disease,Nephrosclerosis,1,0.16666667,1.6322313999999998,0.4767,1.0,0.9690000000000001,hsa-mir-192
Disease,Carotid Artery Diseases,1,0.33333333,3.26446281,0.2763,1.0,0.6321,hsa-mir-494
Disease,Chronic Pain,1,0.2,1.95867769,0.41700000000000004,1.0,0.8623,hsa-mir-132
Disease,Pituitary Neoplasms,1,0.0625,0.61208678,0.8236,1.0,1.0,hsa-mir-132
Disease,Pregnancy Complications [unspecific],1,0.2,1.95867769,0.41700000000000004,1.0,0.8623,hsa-mir-132
Disease,Varicella,1,0.2,1.95867769,0.41700000000000004,1.0,0.8623,hsa-mir-132
