Category,Term,Count,Percent,Fold,P-value,Bonferroni,FDR,miRNA
Disease,"Carcinoma, Hepatocellular",77,0.22713864,2.34051558,2.83E-20,1.72E-17,3.35E-17,"hsa-mir-522,hsa-mir-203a,hsa-mir-9-1,hsa-mir-96,hsa-mir-133b,hsa-mir-18b,hsa-mir-20b,hsa-mir-1307,hsa-mir-942,hsa-mir-29b-1,hsa-mir-101-1,hsa-mir-888,hsa-mir-100,hsa-mir-345,hsa-mir-9-2,hsa-mir-210,hsa-mir-99a,hsa-mir-411,hsa-mir-1-2,hsa-mir-138-1,hsa-mir-7-1,hsa-mir-128-2,hsa-mir-126,hsa-mir-450b,hsa-mir-7-3,hsa-mir-202,hsa-mir-429,hsa-mir-127,hsa-mir-29b-2,hsa-mir-324,hsa-mir-129-2,hsa-mir-1-1,hsa-mir-206,hsa-mir-26a-1,hsa-mir-10b,hsa-mir-18a,hsa-mir-182,hsa-mir-133a-2,hsa-mir-3131,hsa-mir-195,hsa-mir-424,hsa-mir-592,hsa-mir-27b,hsa-mir-28,hsa-mir-877,hsa-mir-139,hsa-mir-29c,hsa-mir-940,hsa-mir-744,hsa-mir-101-2,hsa-mir-379,hsa-mir-145,hsa-mir-138-2,hsa-mir-363,hsa-mir-183,hsa-mir-1269b,hsa-mir-205,hsa-mir-93,hsa-mir-143,hsa-mir-425,hsa-mir-133a-1,hsa-mir-200a,hsa-mir-301a,hsa-mir-106a,hsa-mir-15b,hsa-mir-130b,hsa-mir-152,hsa-mir-140,hsa-mir-154,hsa-mir-1269a,hsa-mir-542,hsa-mir-1468,hsa-mir-9-3,hsa-mir-29a,hsa-mir-26a-2,hsa-mir-378c,hsa-mir-484"
Disease,"Carcinoma, Breast",75,0.21551724,2.22076462,1.11E-18,6.76E-16,6.58E-16,"hsa-mir-18b,hsa-mir-345,hsa-mir-128-2,hsa-mir-202,hsa-mir-10b,hsa-mir-18a,hsa-mir-942,hsa-mir-183,hsa-mir-130b,hsa-mir-495,hsa-mir-29a,hsa-mir-26a-2,hsa-mir-20b,hsa-mir-29b-1,hsa-mir-23b,hsa-mir-210,hsa-mir-99a,hsa-mir-1-2,hsa-mir-138-1,hsa-mir-7-1,hsa-mir-126,hsa-mir-429,hsa-mir-127,hsa-mir-29b-2,hsa-mir-1-1,hsa-mir-133a-2,hsa-mir-195,hsa-mir-424,hsa-mir-940,hsa-mir-744,hsa-mir-892a,hsa-mir-101-2,hsa-mir-381,hsa-mir-301a,hsa-mir-106a,hsa-mir-140,hsa-mir-378c,hsa-mir-203a,hsa-mir-9-1,hsa-mir-96,hsa-mir-133b,hsa-mir-888,hsa-mir-100,hsa-mir-411,hsa-mir-3200,hsa-mir-450b,hsa-mir-129-2,hsa-mir-206,hsa-mir-26a-1,hsa-mir-182,hsa-mir-27b,hsa-mir-139,hsa-mir-29c,hsa-mir-145,hsa-mir-363,hsa-mir-205,hsa-mir-143,hsa-mir-1307,hsa-mir-101-1,hsa-mir-9-2,hsa-mir-519a-2,hsa-mir-7-3,hsa-mir-324,hsa-mir-592,hsa-mir-379,hsa-mir-138-2,hsa-mir-93,hsa-mir-133a-1,hsa-mir-200a,hsa-mir-519a-1,hsa-mir-15b,hsa-mir-152,hsa-mir-542,hsa-mir-9-3,hsa-mir-484"
Disease,"Carcinoma, Bladder",44,0.36666667,3.77826087,4.25E-18,2.59E-15,1.68E-15,"hsa-mir-9-1,hsa-mir-96,hsa-mir-133b,hsa-mir-20b,hsa-mir-29b-1,hsa-mir-101-1,hsa-mir-100,hsa-mir-23b,hsa-mir-9-2,hsa-mir-210,hsa-mir-99a,hsa-mir-1-2,hsa-mir-138-1,hsa-mir-126,hsa-mir-127,hsa-mir-29b-2,hsa-mir-1-1,hsa-mir-26a-1,hsa-mir-10b,hsa-mir-182,hsa-mir-133a-2,hsa-mir-195,hsa-mir-27b,hsa-mir-139,hsa-mir-29c,hsa-mir-101-2,hsa-mir-145,hsa-mir-138-2,hsa-mir-183,hsa-mir-205,hsa-mir-93,hsa-mir-143,hsa-mir-133a-1,hsa-mir-200a,hsa-mir-106a,hsa-mir-15b,hsa-mir-130b,hsa-mir-152,hsa-mir-140,hsa-mir-542,hsa-mir-9-3,hsa-mir-495,hsa-mir-29a,hsa-mir-26a-2"
Disease,"Carcinoma, Prostate",62,0.24124514,2.48587379,9.66E-16,5.88E-13,2.86E-13,"hsa-mir-203a,hsa-mir-9-1,hsa-mir-96,hsa-mir-133b,hsa-mir-665,hsa-mir-1307,hsa-mir-29b-1,hsa-mir-101-1,hsa-mir-888,hsa-mir-100,hsa-mir-23b,hsa-mir-345,hsa-mir-9-2,hsa-mir-210,hsa-mir-99a,hsa-mir-3682,hsa-mir-1-2,hsa-mir-138-1,hsa-mir-7-1,hsa-mir-128-2,hsa-mir-126,hsa-mir-7-3,hsa-mir-429,hsa-mir-29b-2,hsa-mir-129-2,hsa-mir-1-1,hsa-mir-26a-1,hsa-mir-18a,hsa-mir-182,hsa-mir-133a-2,hsa-mir-195,hsa-mir-424,hsa-mir-27b,hsa-mir-139,hsa-mir-29c,hsa-mir-940,hsa-mir-101-2,hsa-mir-301b,hsa-mir-1301,hsa-mir-145,hsa-mir-138-2,hsa-mir-381,hsa-mir-183,hsa-mir-3619,hsa-mir-205,hsa-mir-93,hsa-mir-143,hsa-mir-133a-1,hsa-mir-200a,hsa-mir-301a,hsa-mir-15b,hsa-mir-543,hsa-mir-130b,hsa-mir-152,hsa-mir-299,hsa-mir-154,hsa-mir-9-3,hsa-mir-495,hsa-mir-1247,hsa-mir-29a,hsa-mir-26a-2,hsa-mir-378c"
Disease,"Carcinoma, Colon",69,0.21904762,2.25714286,1.48E-15,8.99E-13,3.50E-13,"hsa-mir-522,hsa-mir-203a,hsa-mir-9-1,hsa-mir-96,hsa-mir-133b,hsa-mir-18b,hsa-mir-20b,hsa-mir-1307,hsa-mir-29b-1,hsa-mir-101-1,hsa-mir-888,hsa-mir-100,hsa-mir-23b,hsa-mir-345,hsa-mir-9-2,hsa-mir-210,hsa-mir-99a,hsa-mir-1-2,hsa-mir-138-1,hsa-mir-7-1,hsa-mir-128-2,hsa-mir-126,hsa-mir-7-3,hsa-mir-202,hsa-mir-429,hsa-mir-127,hsa-mir-29b-2,hsa-mir-324,hsa-mir-129-2,hsa-mir-1-1,hsa-mir-206,hsa-mir-26a-1,hsa-mir-10b,hsa-mir-18a,hsa-mir-182,hsa-mir-133a-2,hsa-mir-195,hsa-mir-424,hsa-mir-592,hsa-mir-877,hsa-mir-139,hsa-mir-29c,hsa-mir-892a,hsa-mir-101-2,hsa-mir-301b,hsa-mir-145,hsa-mir-138-2,hsa-mir-363,hsa-mir-183,hsa-mir-205,hsa-mir-93,hsa-mir-143,hsa-mir-425,hsa-mir-133a-1,hsa-mir-200a,hsa-mir-301a,hsa-mir-106a,hsa-mir-1914,hsa-mir-15b,hsa-mir-130b,hsa-mir-152,hsa-mir-140,hsa-mir-154,hsa-mir-1269a,hsa-mir-9-3,hsa-mir-29a,hsa-mir-26a-2,hsa-mir-378c,hsa-mir-484"
Disease,Osteosarcoma,48,0.28070175,2.89244851,2.22E-14,1.35E-11,4.38E-12,"hsa-mir-203a,hsa-mir-9-1,hsa-mir-133b,hsa-mir-29b-1,hsa-mir-101-1,hsa-mir-100,hsa-mir-9-2,hsa-mir-210,hsa-mir-1-2,hsa-mir-138-1,hsa-mir-7-1,hsa-mir-128-2,hsa-mir-126,hsa-mir-7-3,hsa-mir-202,hsa-mir-429,hsa-mir-127,hsa-mir-29b-2,hsa-mir-129-2,hsa-mir-1-1,hsa-mir-206,hsa-mir-26a-1,hsa-mir-10b,hsa-mir-182,hsa-mir-133a-2,hsa-mir-195,hsa-mir-29c,hsa-mir-101-2,hsa-mir-379,hsa-mir-145,hsa-mir-138-2,hsa-mir-381,hsa-mir-183,hsa-mir-205,hsa-mir-93,hsa-mir-143,hsa-mir-133a-1,hsa-mir-200a,hsa-mir-301a,hsa-mir-106a,hsa-mir-543,hsa-mir-130b,hsa-mir-140,hsa-mir-542,hsa-mir-9-3,hsa-mir-1247,hsa-mir-29a,hsa-mir-26a-2"
Disease,"Carcinoma, Lung",54,0.25352113,2.61236987,2.77E-14,1.69E-11,4.69E-12,"hsa-mir-522,hsa-mir-203a,hsa-mir-9-1,hsa-mir-96,hsa-mir-133b,hsa-mir-450a-2,hsa-mir-937,hsa-mir-29b-1,hsa-mir-101-1,hsa-mir-100,hsa-mir-9-2,hsa-mir-99a,hsa-mir-1-2,hsa-mir-138-1,hsa-mir-7-1,hsa-mir-126,hsa-mir-450b,hsa-mir-1226,hsa-mir-7-3,hsa-mir-127,hsa-mir-29b-2,hsa-mir-129-2,hsa-mir-1-1,hsa-mir-206,hsa-mir-450a-1,hsa-mir-26a-1,hsa-mir-10b,hsa-mir-182,hsa-mir-133a-2,hsa-mir-592,hsa-mir-27b,hsa-mir-139,hsa-mir-29c,hsa-mir-101-2,hsa-mir-301b,hsa-mir-145,hsa-mir-138-2,hsa-mir-183,hsa-mir-205,hsa-mir-93,hsa-mir-143,hsa-mir-133a-1,hsa-mir-200a,hsa-mir-106a,hsa-mir-130b,hsa-mir-152,hsa-mir-299,hsa-mir-140,hsa-mir-154,hsa-mir-9-3,hsa-mir-495,hsa-mir-29a,hsa-mir-26a-2,hsa-mir-378c"
Disease,"Carcinoma, Cervical",42,0.30434783,3.13610586,8.64E-14,5.26E-11,1.28E-11,"hsa-mir-203a,hsa-mir-9-1,hsa-mir-96,hsa-mir-20b,hsa-mir-29b-1,hsa-mir-101-1,hsa-mir-100,hsa-mir-23b,hsa-mir-9-2,hsa-mir-99a,hsa-mir-138-1,hsa-mir-126,hsa-mir-429,hsa-mir-127,hsa-mir-29b-2,hsa-mir-129-2,hsa-mir-206,hsa-mir-26a-1,hsa-mir-18a,hsa-mir-182,hsa-mir-133a-2,hsa-mir-195,hsa-mir-424,hsa-mir-27b,hsa-mir-139,hsa-mir-29c,hsa-mir-744,hsa-mir-101-2,hsa-mir-145,hsa-mir-138-2,hsa-mir-183,hsa-mir-205,hsa-mir-93,hsa-mir-143,hsa-mir-425,hsa-mir-133a-1,hsa-mir-200a,hsa-mir-15b,hsa-mir-543,hsa-mir-152,hsa-mir-9-3,hsa-mir-26a-2"
Disease,"Carcinoma, Gastric",60,0.21818182,2.24822134,8.33E-13,5.07E-10,1.10E-10,"hsa-mir-203a,hsa-mir-9-1,hsa-mir-96,hsa-mir-133b,hsa-mir-942,hsa-mir-29b-1,hsa-mir-101-1,hsa-mir-100,hsa-mir-23b,hsa-mir-9-2,hsa-mir-210,hsa-mir-99a,hsa-mir-1-2,hsa-mir-7-1,hsa-mir-128-2,hsa-mir-519a-2,hsa-mir-126,hsa-mir-7-3,hsa-mir-202,hsa-mir-429,hsa-mir-127,hsa-mir-29b-2,hsa-mir-129-2,hsa-mir-1-1,hsa-mir-206,hsa-mir-26a-1,hsa-mir-10b,hsa-mir-18a,hsa-mir-182,hsa-mir-133a-2,hsa-mir-27b,hsa-mir-28,hsa-mir-139,hsa-mir-29c,hsa-mir-940,hsa-mir-101-2,hsa-mir-145,hsa-mir-363,hsa-mir-381,hsa-mir-183,hsa-mir-205,hsa-mir-93,hsa-mir-143,hsa-mir-425,hsa-mir-133a-1,hsa-mir-301a,hsa-mir-106a,hsa-mir-1914,hsa-mir-519a-1,hsa-mir-15b,hsa-mir-543,hsa-mir-130b,hsa-mir-152,hsa-mir-140,hsa-mir-542,hsa-mir-9-3,hsa-mir-495,hsa-mir-29a,hsa-mir-26a-2,hsa-mir-378c"
Disease,"Carcinoma, Ovarian",49,0.25257732,2.60264455,1.12E-12,6.82E-10,1.33E-10,"hsa-mir-203a,hsa-mir-9-1,hsa-mir-96,hsa-mir-133b,hsa-mir-1307,hsa-mir-29b-1,hsa-mir-101-1,hsa-mir-100,hsa-mir-23b,hsa-mir-9-2,hsa-mir-210,hsa-mir-99a,hsa-mir-411,hsa-mir-1-2,hsa-mir-138-1,hsa-mir-7-1,hsa-mir-128-2,hsa-mir-7-3,hsa-mir-429,hsa-mir-127,hsa-mir-29b-2,hsa-mir-129-2,hsa-mir-1-1,hsa-mir-206,hsa-mir-26a-1,hsa-mir-182,hsa-mir-133a-2,hsa-mir-195,hsa-mir-424,hsa-mir-940,hsa-mir-101-2,hsa-mir-145,hsa-mir-138-2,hsa-mir-381,hsa-mir-183,hsa-mir-205,hsa-mir-93,hsa-mir-143,hsa-mir-133a-1,hsa-mir-200a,hsa-mir-106a,hsa-mir-15b,hsa-mir-543,hsa-mir-130b,hsa-mir-152,hsa-mir-9-3,hsa-mir-29a,hsa-mir-26a-2,hsa-mir-378c"
Disease,Glioma,50,0.24038462,2.47700669,4.91E-12,2.99E-09,5.29E-10,"hsa-mir-203a,hsa-mir-9-1,hsa-mir-96,hsa-mir-133b,hsa-mir-29b-1,hsa-mir-101-1,hsa-mir-23b,hsa-mir-9-2,hsa-mir-210,hsa-mir-138-1,hsa-mir-7-1,hsa-mir-128-2,hsa-mir-126,hsa-mir-7-3,hsa-mir-429,hsa-mir-127,hsa-mir-29b-2,hsa-mir-324,hsa-mir-129-2,hsa-mir-26a-1,hsa-mir-10b,hsa-mir-18a,hsa-mir-182,hsa-mir-133a-2,hsa-mir-592,hsa-mir-195,hsa-mir-139,hsa-mir-29c,hsa-mir-101-2,hsa-mir-145,hsa-mir-138-2,hsa-mir-363,hsa-mir-381,hsa-mir-183,hsa-mir-205,hsa-mir-93,hsa-mir-143,hsa-mir-425,hsa-mir-133a-1,hsa-mir-200a,hsa-mir-106a,hsa-mir-15b,hsa-mir-130b,hsa-mir-152,hsa-mir-140,hsa-mir-154,hsa-mir-9-3,hsa-mir-495,hsa-mir-29a,hsa-mir-26a-2"
Disease,Preeclampsia,28,0.37837838,3.89894242,9.56E-12,5.82E-09,9.44E-10,"hsa-mir-128-2,hsa-mir-203a,hsa-mir-301a,hsa-mir-133b,hsa-mir-126,hsa-mir-106a,hsa-mir-18b,hsa-mir-202,hsa-mir-101-2,hsa-mir-152,hsa-mir-29b-2,hsa-mir-1301,hsa-mir-29b-1,hsa-mir-206,hsa-mir-101-1,hsa-mir-26a-1,hsa-mir-942,hsa-mir-18a,hsa-mir-182,hsa-mir-363,hsa-mir-495,hsa-mir-210,hsa-mir-195,hsa-mir-205,hsa-mir-411,hsa-mir-29a,hsa-mir-93,hsa-mir-26a-2"
Disease,"Carcinoma, Pancreatic",43,0.25903614,2.66919853,2.23E-11,1.36E-08,2.04E-09,"hsa-mir-96,hsa-mir-29b-1,hsa-mir-101-1,hsa-mir-100,hsa-mir-23b,hsa-mir-345,hsa-mir-210,hsa-mir-99a,hsa-mir-138-1,hsa-mir-7-1,hsa-mir-126,hsa-mir-7-3,hsa-mir-202,hsa-mir-429,hsa-mir-127,hsa-mir-29b-2,hsa-mir-206,hsa-mir-10b,hsa-mir-18a,hsa-mir-182,hsa-mir-133a-2,hsa-mir-195,hsa-mir-139,hsa-mir-29c,hsa-mir-940,hsa-mir-744,hsa-mir-101-2,hsa-mir-301b,hsa-mir-145,hsa-mir-138-2,hsa-mir-183,hsa-mir-205,hsa-mir-93,hsa-mir-143,hsa-mir-133a-1,hsa-mir-200a,hsa-mir-301a,hsa-mir-106a,hsa-mir-15b,hsa-mir-130b,hsa-mir-152,hsa-mir-1247,hsa-mir-29a"
Disease,Bladder Neoplasms,19,0.51351351,5.29142186,5.49E-11,3.34E-08,4.34E-09,"hsa-mir-203a,hsa-mir-133a-1,hsa-mir-9-1,hsa-mir-133b,hsa-mir-101-2,hsa-mir-127,hsa-mir-1-1,hsa-mir-29b-1,hsa-mir-101-1,hsa-mir-145,hsa-mir-9-3,hsa-mir-133a-2,hsa-mir-9-2,hsa-mir-210,hsa-mir-99a,hsa-mir-205,hsa-mir-1-2,hsa-mir-93,hsa-mir-143"
Disease,"Adenocarcinoma, Lung",32,0.31683168,3.26474387,6.12E-11,3.73E-08,4.53E-09,"hsa-mir-203a,hsa-mir-9-1,hsa-mir-133b,hsa-mir-101-1,hsa-mir-9-2,hsa-mir-210,hsa-mir-99a,hsa-mir-7-1,hsa-mir-126,hsa-mir-7-3,hsa-mir-202,hsa-mir-127,hsa-mir-206,hsa-mir-26a-1,hsa-mir-18a,hsa-mir-182,hsa-mir-133a-2,hsa-mir-592,hsa-mir-195,hsa-mir-145,hsa-mir-183,hsa-mir-205,hsa-mir-133a-1,hsa-mir-200a,hsa-mir-106a,hsa-mir-519a-1,hsa-mir-15b,hsa-mir-766,hsa-mir-140,hsa-mir-9-3,hsa-mir-29a,hsa-mir-26a-2"
Disease,Cerebral Aneurysm,14,0.7,7.21304348,7.29E-11,4.44E-08,5.08E-09,"hsa-mir-1-1,hsa-mir-133a-2,hsa-mir-9-2,hsa-mir-29b-1,hsa-mir-133a-1,hsa-mir-9-3,hsa-mir-1-2,hsa-mir-29c,hsa-mir-9-1,hsa-mir-145,hsa-mir-133b,hsa-mir-23b,hsa-mir-29b-2,hsa-mir-143"
Disease,"Carcinoma, Lung. Non-Small-Cell",49,0.22374429,2.30553901,1.79E-10,1.09E-07,1.18E-08,"hsa-mir-203a,hsa-mir-9-1,hsa-mir-20b,hsa-mir-29b-1,hsa-mir-101-1,hsa-mir-23b,hsa-mir-210,hsa-mir-99a,hsa-mir-1-2,hsa-mir-138-1,hsa-mir-7-1,hsa-mir-128-2,hsa-mir-126,hsa-mir-7-3,hsa-mir-429,hsa-mir-127,hsa-mir-29b-2,hsa-mir-129-2,hsa-mir-1-1,hsa-mir-26a-1,hsa-mir-10b,hsa-mir-18a,hsa-mir-182,hsa-mir-133a-2,hsa-mir-592,hsa-mir-195,hsa-mir-424,hsa-mir-27b,hsa-mir-139,hsa-mir-29c,hsa-mir-101-2,hsa-mir-301b,hsa-mir-379,hsa-mir-145,hsa-mir-138-2,hsa-mir-3619,hsa-mir-205,hsa-mir-143,hsa-mir-133a-1,hsa-mir-200a,hsa-mir-301a,hsa-mir-543,hsa-mir-152,hsa-mir-140,hsa-mir-542,hsa-mir-495,hsa-mir-29a,hsa-mir-26a-2,hsa-mir-378c"
Disease,"Squamous Cell Carcinoma, Esophageal",38,0.26760563,2.75750153,1.86E-10,1.14E-07,1.16E-08,"hsa-mir-203a,hsa-mir-9-1,hsa-mir-133b,hsa-mir-450a-2,hsa-mir-101-1,hsa-mir-100,hsa-mir-9-2,hsa-mir-1-2,hsa-mir-7-1,hsa-mir-126,hsa-mir-7-3,hsa-mir-202,hsa-mir-127,hsa-mir-129-2,hsa-mir-1-1,hsa-mir-450a-1,hsa-mir-26a-1,hsa-mir-10b,hsa-mir-18a,hsa-mir-133a-2,hsa-mir-195,hsa-mir-424,hsa-mir-28,hsa-mir-139,hsa-mir-29c,hsa-mir-101-2,hsa-mir-942,hsa-mir-145,hsa-mir-183,hsa-mir-205,hsa-mir-143,hsa-mir-133a-1,hsa-mir-200a,hsa-mir-106a,hsa-mir-130b,hsa-mir-152,hsa-mir-9-3,hsa-mir-26a-2"
Disease,Glioblastoma,42,0.24852071,2.56084384,1.94E-10,1.18E-07,1.15E-08,"hsa-mir-522,hsa-mir-203a,hsa-mir-9-1,hsa-mir-133b,hsa-mir-29b-1,hsa-mir-101-1,hsa-mir-100,hsa-mir-9-2,hsa-mir-210,hsa-mir-1-2,hsa-mir-7-1,hsa-mir-128-2,hsa-mir-126,hsa-mir-7-3,hsa-mir-429,hsa-mir-127,hsa-mir-29b-2,hsa-mir-129-2,hsa-mir-1-1,hsa-mir-206,hsa-mir-26a-1,hsa-mir-10b,hsa-mir-18a,hsa-mir-182,hsa-mir-195,hsa-mir-139,hsa-mir-29c,hsa-mir-101-2,hsa-mir-145,hsa-mir-205,hsa-mir-93,hsa-mir-143,hsa-mir-425,hsa-mir-106a,hsa-mir-15b,hsa-mir-130b,hsa-mir-152,hsa-mir-299,hsa-mir-154,hsa-mir-9-3,hsa-mir-1247,hsa-mir-26a-2"
Disease,"Diabetes Mellitus, Type 2",38,0.2585034,2.66370896,5.88E-10,3.58E-07,3.32E-08,"hsa-mir-9-1,hsa-mir-96,hsa-mir-133b,hsa-mir-665,hsa-mir-20b,hsa-mir-29b-1,hsa-mir-101-1,hsa-mir-23b,hsa-mir-9-2,hsa-mir-1-2,hsa-mir-138-1,hsa-mir-7-1,hsa-mir-128-2,hsa-mir-126,hsa-mir-7-3,hsa-mir-29b-2,hsa-mir-1-1,hsa-mir-206,hsa-mir-26a-1,hsa-mir-18a,hsa-mir-182,hsa-mir-133a-2,hsa-mir-195,hsa-mir-27b,hsa-mir-28,hsa-mir-29c,hsa-mir-101-2,hsa-mir-145,hsa-mir-138-2,hsa-mir-93,hsa-mir-143,hsa-mir-133a-1,hsa-mir-200a,hsa-mir-15b,hsa-mir-766,hsa-mir-9-3,hsa-mir-29a,hsa-mir-26a-2"
Disease,"Carcinoma, Laryngeal",23,0.36507937,3.76190476,2.25E-09,1.37E-06,1.21E-07,"hsa-mir-133a-1,hsa-mir-29c,hsa-mir-9-1,hsa-mir-101-2,hsa-mir-20b,hsa-mir-1276,hsa-mir-152,hsa-mir-29b-2,hsa-mir-1-1,hsa-mir-29b-1,hsa-mir-206,hsa-mir-101-1,hsa-mir-10b,hsa-mir-9-3,hsa-mir-133a-2,hsa-mir-9-2,hsa-mir-210,hsa-mir-195,hsa-mir-205,hsa-mir-29a,hsa-mir-1-2,hsa-mir-27b,hsa-mir-378c"
Disease,Parkinson's Disease,18,0.43902439,4.52386002,4.94E-09,3.01E-06,2.54E-07,"hsa-mir-29c,hsa-mir-9-1,hsa-mir-133b,hsa-mir-126,hsa-mir-106a,hsa-mir-7-3,hsa-mir-543,hsa-mir-29b-2,hsa-mir-129-2,hsa-mir-1-1,hsa-mir-29b-1,hsa-mir-9-3,hsa-mir-495,hsa-mir-9-2,hsa-mir-195,hsa-mir-29a,hsa-mir-1-2,hsa-mir-7-1"
Disease,Pulmonary Hypertension,16,0.44444444,4.57971014,3.16E-08,1.92E-05,1.50E-06,"hsa-mir-29c,hsa-mir-96,hsa-mir-130b,hsa-mir-29b-2,hsa-mir-29b-1,hsa-mir-206,hsa-mir-26a-1,hsa-mir-145,hsa-mir-138-2,hsa-mir-210,hsa-mir-424,hsa-mir-29a,hsa-mir-138-1,hsa-mir-27b,hsa-mir-26a-2,hsa-mir-143"
Disease,"Carcinoma, Renal Cell",31,0.2605042,2.6843259,3.18E-08,1.93E-05,1.45E-06,"hsa-mir-203a,hsa-mir-96,hsa-mir-133b,hsa-mir-210,hsa-mir-138-1,hsa-mir-7-1,hsa-mir-126,hsa-mir-7-3,hsa-mir-429,hsa-mir-129-2,hsa-mir-206,hsa-mir-26a-1,hsa-mir-182,hsa-mir-195,hsa-mir-424,hsa-mir-27b,hsa-mir-145,hsa-mir-138-2,hsa-mir-363,hsa-mir-381,hsa-mir-183,hsa-mir-205,hsa-mir-93,hsa-mir-143,hsa-mir-200a,hsa-mir-106a,hsa-mir-495,hsa-mir-29a,hsa-mir-26a-2,hsa-mir-378c,hsa-mir-484"
Disease,"Cardiomyopathy, Hypertrophic",20,0.36363636,3.74703557,3.23E-08,1.97E-05,1.42E-06,"hsa-mir-133a-1,hsa-mir-29c,hsa-mir-9-1,hsa-mir-96,hsa-mir-133b,hsa-mir-106a,hsa-mir-15b,hsa-mir-1-1,hsa-mir-145,hsa-mir-10b,hsa-mir-23b,hsa-mir-9-3,hsa-mir-133a-2,hsa-mir-9-2,hsa-mir-195,hsa-mir-99a,hsa-mir-29a,hsa-mir-1-2,hsa-mir-27b,hsa-mir-143"
Disease,"Squamous Cell Carcinoma, Oral",25,0.30120482,3.10371922,4.00E-08,2.44E-05,1.69E-06,"hsa-mir-139,hsa-mir-203a,hsa-mir-133a-1,hsa-mir-9-1,hsa-mir-133b,hsa-mir-126,hsa-mir-143,hsa-mir-429,hsa-mir-29b-2,hsa-mir-29b-1,hsa-mir-542,hsa-mir-26a-1,hsa-mir-145,hsa-mir-10b,hsa-mir-138-2,hsa-mir-23b,hsa-mir-133a-2,hsa-mir-9-3,hsa-mir-9-2,hsa-mir-210,hsa-mir-99a,hsa-mir-205,hsa-mir-138-1,hsa-mir-26a-2,hsa-mir-27b"
Disease,"Carcinoma, Nasopharyngeal",30,0.26315789,2.71167048,4.38E-08,2.67E-05,1.79E-06,"hsa-mir-203a,hsa-mir-9-1,hsa-mir-18b,hsa-mir-29b-1,hsa-mir-101-1,hsa-mir-23b,hsa-mir-9-2,hsa-mir-1-2,hsa-mir-138-1,hsa-mir-29b-2,hsa-mir-324,hsa-mir-1-1,hsa-mir-10b,hsa-mir-18a,hsa-mir-195,hsa-mir-29c,hsa-mir-940,hsa-mir-744,hsa-mir-101-2,hsa-mir-145,hsa-mir-138-2,hsa-mir-183,hsa-mir-205,hsa-mir-93,hsa-mir-143,hsa-mir-200a,hsa-mir-152,hsa-mir-9-3,hsa-mir-29a,hsa-mir-378c"
Disease,Rhabdomyosarcoma,11,0.61111111,6.29710145,8.09E-08,4.93E-05,3.09E-06,"hsa-mir-1-1,hsa-mir-133a-2,hsa-mir-9-2,hsa-mir-206,hsa-mir-203a,hsa-mir-411,hsa-mir-133a-1,hsa-mir-29a,hsa-mir-1-2,hsa-mir-9-1,hsa-mir-9-3"
Disease,Cardiovascular Diseases [unspecific],21,0.328125,3.38111413,1.13E-07,6.90E-05,3.95E-06,"hsa-mir-425,hsa-mir-758,hsa-mir-133a-1,hsa-mir-29c,hsa-mir-126,hsa-mir-29b-2,hsa-mir-1-1,hsa-mir-29b-1,hsa-mir-26a-1,hsa-mir-145,hsa-mir-100,hsa-mir-10b,hsa-mir-138-2,hsa-mir-133a-2,hsa-mir-210,hsa-mir-99a,hsa-mir-29a,hsa-mir-1-2,hsa-mir-138-1,hsa-mir-26a-2,hsa-mir-143"
Disease,"Squamous Cell Carcinoma, Lung",12,0.52173913,5.37618147,2.17E-07,0.000132,7.35E-06,"hsa-mir-425,hsa-mir-133a-1,hsa-mir-29c,hsa-mir-126,hsa-mir-29b-2,hsa-mir-29b-1,hsa-mir-206,hsa-mir-182,hsa-mir-183,hsa-mir-133a-2,hsa-mir-205,hsa-mir-29a"
Disease,Lung Neoplasms,28,0.25454545,2.6229249,3.08E-07,0.000188,9.87E-06,"hsa-mir-203a,hsa-mir-9-1,hsa-mir-133b,hsa-mir-29b-1,hsa-mir-9-2,hsa-mir-210,hsa-mir-1-2,hsa-mir-128-2,hsa-mir-126,hsa-mir-29b-2,hsa-mir-129-2,hsa-mir-1-1,hsa-mir-206,hsa-mir-26a-1,hsa-mir-18a,hsa-mir-182,hsa-mir-29c,hsa-mir-145,hsa-mir-381,hsa-mir-183,hsa-mir-205,hsa-mir-93,hsa-mir-143,hsa-mir-106a,hsa-mir-140,hsa-mir-495,hsa-mir-29a,hsa-mir-26a-2"
Disease,"Muscular Dystrophy, Duchenne",6,1,10.30434783,7.41E-07,0.000451,2.25E-05,"hsa-mir-1-1,hsa-mir-133a-2,hsa-mir-206,hsa-mir-133a-1,hsa-mir-1-2,hsa-mir-133b"
Disease,Peripheral Vascular Disease,9,0.64285714,6.6242236,7.49E-07,0.000456,2.22E-05,"hsa-mir-425,hsa-mir-195,hsa-mir-20b,hsa-mir-15b,hsa-mir-27b,hsa-mir-28,hsa-mir-145,hsa-mir-363,hsa-mir-126"
Disease,Atherosclerosis,25,0.26315789,2.71167048,7.77E-07,0.000473,2.24E-05,"hsa-mir-9-1,hsa-mir-133b,hsa-mir-29b-1,hsa-mir-100,hsa-mir-9-2,hsa-mir-210,hsa-mir-99a,hsa-mir-126,hsa-mir-127,hsa-mir-29b-2,hsa-mir-206,hsa-mir-26a-1,hsa-mir-10b,hsa-mir-182,hsa-mir-133a-2,hsa-mir-27b,hsa-mir-29c,hsa-mir-145,hsa-mir-143,hsa-mir-133a-1,hsa-mir-9-3,hsa-mir-495,hsa-mir-29a,hsa-mir-26a-2,hsa-mir-378c"
Disease,"Carcinoma, Esophageal",20,0.3030303,3.12252964,1.04E-06,0.000636,2.95E-05,"hsa-mir-203a,hsa-mir-133a-1,hsa-mir-200a,hsa-mir-96,hsa-mir-126,hsa-mir-106a,hsa-mir-101-2,hsa-mir-20b,hsa-mir-429,hsa-mir-140,hsa-mir-101-1,hsa-mir-542,hsa-mir-145,hsa-mir-138-2,hsa-mir-183,hsa-mir-133a-2,hsa-mir-205,hsa-mir-138-1,hsa-mir-93,hsa-mir-143"
Disease,Epstein-Barr Virus Infection,10,0.55555556,5.72463768,1.14E-06,0.000696,3.15E-05,"hsa-mir-183,hsa-mir-7-3,hsa-mir-9-2,hsa-mir-15b,hsa-mir-9-3,hsa-mir-9-1,hsa-mir-96,hsa-mir-10b,hsa-mir-182,hsa-mir-7-1"
Disease,Congenital Heart Diseases,11,0.5,5.15217391,1.28E-06,0.000778,3.44E-05,"hsa-mir-133a-1,hsa-mir-96,hsa-mir-1-1,hsa-mir-26a-1,hsa-mir-10b,hsa-mir-133a-2,hsa-mir-195,hsa-mir-1-2,hsa-mir-27b,hsa-mir-26a-2,hsa-mir-143"
Disease,"Carcinoma, Urothelial",9,0.6,6.1826087,1.72E-06,0.00105,4.43E-05,"hsa-mir-129-2,hsa-mir-183,hsa-mir-101-2,hsa-mir-99a,hsa-mir-101-1,hsa-mir-96,hsa-mir-145,hsa-mir-100,hsa-mir-182"
Disease,Endometriosis,15,0.36585366,3.76988335,1.92E-06,0.00117,4.84E-05,"hsa-mir-556,hsa-mir-200a,hsa-mir-29c,hsa-mir-126,hsa-mir-202,hsa-mir-1-1,hsa-mir-145,hsa-mir-100,hsa-mir-10b,hsa-mir-183,hsa-mir-99a,hsa-mir-195,hsa-mir-424,hsa-mir-1-2,hsa-mir-143"
Disease,"Carcinoma, Renal Cell, Clear-Cell",18,0.31034483,3.19790105,2.66E-06,0.00162,6.57E-05,"hsa-mir-425,hsa-mir-9-1,hsa-mir-126,hsa-mir-101-2,hsa-mir-429,hsa-mir-299,hsa-mir-1-1,hsa-mir-101-1,hsa-mir-145,hsa-mir-10b,hsa-mir-23b,hsa-mir-9-3,hsa-mir-210,hsa-mir-195,hsa-mir-424,hsa-mir-29a,hsa-mir-9-2,hsa-mir-27b"
Disease,Cardiomyopathy,11,0.45833333,4.72282609,3.81E-06,0.00232,9.04E-05,"hsa-mir-133a-1,hsa-mir-200a,hsa-mir-29c,hsa-mir-9-1,hsa-mir-133b,hsa-mir-29b-2,hsa-mir-29b-1,hsa-mir-9-3,hsa-mir-133a-2,hsa-mir-9-2,hsa-mir-29a"
Disease,Atrial Fibrillation,18,0.3,3.09130435,4.62E-06,0.00282,0.000107,"hsa-mir-29c,hsa-mir-126,hsa-mir-106a,hsa-mir-18b,hsa-mir-892a,hsa-mir-15b,hsa-mir-29b-2,hsa-mir-1-1,hsa-mir-29b-1,hsa-mir-26a-1,hsa-mir-10b,hsa-mir-18a,hsa-mir-363,hsa-mir-183,hsa-mir-29a,hsa-mir-1-2,hsa-mir-93,hsa-mir-26a-2"
Disease,Glaucoma,12,0.4137931,4.26386807,5.01E-06,0.00305,0.000114,"hsa-mir-29c,hsa-mir-450b,hsa-mir-202,hsa-mir-450a-2,hsa-mir-29b-2,hsa-mir-29b-1,hsa-mir-450a-1,hsa-mir-182,hsa-mir-3074,hsa-mir-205,hsa-mir-29a,hsa-mir-93"
Disease,"Lymphoma, Burkitt's",8,0.61538462,6.34113712,5.31E-06,0.00323,0.000119,"hsa-mir-101-2,hsa-mir-29b-1,hsa-mir-101-1,hsa-mir-29a,hsa-mir-29c,hsa-mir-145,hsa-mir-29b-2,hsa-mir-143"
Disease,Aortic Stenosis,11,0.44,4.53391304,6.26E-06,0.00381,0.000137,"hsa-mir-133a-1,hsa-mir-133b,hsa-mir-106a,hsa-mir-1-1,hsa-mir-26a-1,hsa-mir-133a-2,hsa-mir-210,hsa-mir-195,hsa-mir-424,hsa-mir-1-2,hsa-mir-26a-2"
Disease,Breast Neoplasms,31,0.20945946,2.15834313,6.83E-06,0.00416,0.000147,"hsa-mir-9-1,hsa-mir-96,hsa-mir-133b,hsa-mir-18b,hsa-mir-20b,hsa-mir-345,hsa-mir-516a-2,hsa-mir-9-2,hsa-mir-210,hsa-mir-1-2,hsa-mir-7-1,hsa-mir-7-3,hsa-mir-429,hsa-mir-127,hsa-mir-129-2,hsa-mir-1-1,hsa-mir-206,hsa-mir-10b,hsa-mir-18a,hsa-mir-182,hsa-mir-133a-2,hsa-mir-195,hsa-mir-516a-1,hsa-mir-145,hsa-mir-183,hsa-mir-205,hsa-mir-93,hsa-mir-143,hsa-mir-133a-1,hsa-mir-200a,hsa-mir-29a"
Disease,Heart Failure,27,0.225,2.31847826,7.59E-06,0.00462,0.000161,"hsa-mir-133b,hsa-mir-665,hsa-mir-29b-1,hsa-mir-23b,hsa-mir-210,hsa-mir-1-2,hsa-mir-126,hsa-mir-429,hsa-mir-29b-2,hsa-mir-129-2,hsa-mir-1-1,hsa-mir-26a-1,hsa-mir-10b,hsa-mir-182,hsa-mir-133a-2,hsa-mir-195,hsa-mir-424,hsa-mir-139,hsa-mir-145,hsa-mir-205,hsa-mir-425,hsa-mir-133a-1,hsa-mir-130b,hsa-mir-299,hsa-mir-29a,hsa-mir-26a-2,hsa-mir-378c"
Disease,Distal Myopathy,5,1,10.30434783,7.95E-06,0.00484,0.000165,"hsa-mir-1-2,hsa-mir-206,hsa-mir-1-1,hsa-mir-133a-2,hsa-mir-133a-1"
Disease,Musculoskeletal Abnormalities [unspecific],5,1,10.30434783,7.95E-06,0.00484,0.000165,"hsa-mir-1-2,hsa-mir-206,hsa-mir-1-1,hsa-mir-133a-2,hsa-mir-133a-1"
Disease,Ventricular Tachycardia,5,1,10.30434783,7.95E-06,0.00484,0.000165,"hsa-mir-1-2,hsa-mir-1-1,hsa-mir-133a-2,hsa-mir-133b,hsa-mir-133a-1"
Disease,Cholangiocarcinoma,13,0.37142857,3.82732919,8.22E-06,0.00501,0.00015,"hsa-mir-203a,hsa-mir-200a,hsa-mir-96,hsa-mir-106a,hsa-mir-429,hsa-mir-29b-2,hsa-mir-1-1,hsa-mir-29b-1,hsa-mir-26a-1,hsa-mir-205,hsa-mir-29a,hsa-mir-1-2,hsa-mir-26a-2"
Disease,Gastrointestinal Neoplasms,21,0.25609756,2.63891835,1.14E-05,0.00692,0.000204,"hsa-mir-139,hsa-mir-7-1,hsa-mir-9-1,hsa-mir-133b,hsa-mir-126,hsa-mir-106a,hsa-mir-18b,hsa-mir-7-3,hsa-mir-20b,hsa-mir-130b,hsa-mir-152,hsa-mir-129-2,hsa-mir-9-3,hsa-mir-145,hsa-mir-100,hsa-mir-18a,hsa-mir-9-2,hsa-mir-210,hsa-mir-195,hsa-mir-93,hsa-mir-378c"
Disease,Myotonic Muscular Dystrophy,8,0.57142857,5.88819876,1.14E-05,0.00693,0.000201,"hsa-mir-1-1,hsa-mir-133a-2,hsa-mir-29b-1,hsa-mir-206,hsa-mir-133a-1,hsa-mir-1-2,hsa-mir-29c,hsa-mir-133b"
Disease,"Squamous Cell Carcinoma, Tongue",11,0.40740741,4.19806763,1.54E-05,0.00941,0.000269,"hsa-mir-203a,hsa-mir-96,hsa-mir-940,hsa-mir-15b,hsa-mir-29b-2,hsa-mir-29b-1,hsa-mir-26a-1,hsa-mir-183,hsa-mir-195,hsa-mir-424,hsa-mir-26a-2"
Disease,Aortic Aneurysm,7,0.63636364,6.55731225,1.62E-05,0.00986,0.000278,"hsa-mir-1-1,hsa-mir-29b-1,hsa-mir-195,hsa-mir-1-2,hsa-mir-145,hsa-mir-29b-2,hsa-mir-143"
Disease,"Squamous Cell Carcinoma, Head and Neck",15,0.3125,3.2201087,1.83E-05,0.0111,0.000301,"hsa-mir-128-2,hsa-mir-29c,hsa-mir-106a,hsa-mir-20b,hsa-mir-15b,hsa-mir-1-1,hsa-mir-206,hsa-mir-138-2,hsa-mir-182,hsa-mir-210,hsa-mir-424,hsa-mir-29a,hsa-mir-1-2,hsa-mir-138-1,hsa-mir-93"
Disease,Choriocarcinoma,17,0.28333333,2.91956522,2.08E-05,0.0127,0.000337,"hsa-mir-203a,hsa-mir-133a-1,hsa-mir-200a,hsa-mir-126,hsa-mir-106a,hsa-mir-429,hsa-mir-152,hsa-mir-145,hsa-mir-10b,hsa-mir-182,hsa-mir-183,hsa-mir-133a-2,hsa-mir-210,hsa-mir-195,hsa-mir-205,hsa-mir-93,hsa-mir-143"
Disease,"Leukemia, Myeloid, Acute",26,0.21848739,2.25137011,2.09E-05,0.0127,0.000334,"hsa-mir-203a,hsa-mir-9-1,hsa-mir-96,hsa-mir-29b-1,hsa-mir-23b,hsa-mir-9-2,hsa-mir-210,hsa-mir-7-1,hsa-mir-128-2,hsa-mir-519a-2,hsa-mir-126,hsa-mir-7-3,hsa-mir-127,hsa-mir-29b-2,hsa-mir-26a-1,hsa-mir-18a,hsa-mir-29c,hsa-mir-301b,hsa-mir-200a,hsa-mir-519a-1,hsa-mir-299,hsa-mir-154,hsa-mir-9-3,hsa-mir-29a,hsa-mir-26a-2,hsa-mir-378c"
Disease,Alzheimer's Disease,23,0.23,2.37,2.86E-05,0.0174,0.000446,"hsa-mir-9-1,hsa-mir-937,hsa-mir-29b-1,hsa-mir-101-1,hsa-mir-100,hsa-mir-9-2,hsa-mir-138-1,hsa-mir-7-1,hsa-mir-7-3,hsa-mir-29b-2,hsa-mir-206,hsa-mir-195,hsa-mir-139,hsa-mir-29c,hsa-mir-101-2,hsa-mir-138-2,hsa-mir-93,hsa-mir-143,hsa-mir-301a,hsa-mir-15b,hsa-mir-766,hsa-mir-9-3,hsa-mir-29a"
Disease,Endometrial Neoplasms,7,0.58333333,6.01086957,3.57E-05,0.0218,0.00055,"hsa-mir-183,hsa-mir-9-2,hsa-mir-9-3,hsa-mir-9-1,hsa-mir-27b,hsa-mir-96,hsa-mir-182"
Disease,Prostate Neoplasms,19,0.25333333,2.61043478,3.77E-05,0.023,0.000573,"hsa-mir-203a,hsa-mir-200a,hsa-mir-133b,hsa-mir-106a,hsa-mir-101-2,hsa-mir-130b,hsa-mir-127,hsa-mir-29b-2,hsa-mir-29b-1,hsa-mir-101-1,hsa-mir-145,hsa-mir-100,hsa-mir-182,hsa-mir-23b,hsa-mir-424,hsa-mir-99a,hsa-mir-205,hsa-mir-93,hsa-mir-143"
Disease,Liver Cirrhosis,16,0.28070175,2.89244851,4.27E-05,0.026,0.00064,"hsa-mir-203a,hsa-mir-200a,hsa-mir-29c,hsa-mir-9-1,hsa-mir-126,hsa-mir-101-2,hsa-mir-29b-2,hsa-mir-29b-1,hsa-mir-101-1,hsa-mir-145,hsa-mir-10b,hsa-mir-18a,hsa-mir-23b,hsa-mir-9-3,hsa-mir-9-2,hsa-mir-29a"
Disease,Nasopharyngeal Neoplasms,5,0.83333333,8.58695652,4.40E-05,0.0268,0.000652,"hsa-mir-29c,hsa-mir-26a-2,hsa-mir-26a-1,hsa-mir-100,hsa-mir-10b"
Disease,Retinal Degeneration,6,0.66666667,6.86956522,4.86E-05,0.0296,0.000702,"hsa-mir-183,hsa-mir-1-1,hsa-mir-1-2,hsa-mir-96,hsa-mir-133b,hsa-mir-182"
Disease,"Carcinoma, Adrenocortical",11,0.36666667,3.77826087,5.02E-05,0.0306,0.000716,"hsa-mir-139,hsa-mir-203a,hsa-mir-126,hsa-mir-7-3,hsa-mir-145,hsa-mir-100,hsa-mir-210,hsa-mir-195,hsa-mir-205,hsa-mir-484,hsa-mir-7-1"
Disease,Melanoma,27,0.20454545,2.10770751,5.09E-05,0.031,0.000709,"hsa-mir-203a,hsa-mir-9-1,hsa-mir-18b,hsa-mir-20b,hsa-mir-29b-1,hsa-mir-101-1,hsa-mir-23b,hsa-mir-9-2,hsa-mir-210,hsa-mir-429,hsa-mir-29b-2,hsa-mir-206,hsa-mir-26a-1,hsa-mir-10b,hsa-mir-182,hsa-mir-424,hsa-mir-101-2,hsa-mir-145,hsa-mir-183,hsa-mir-205,hsa-mir-143,hsa-mir-200a,hsa-mir-301a,hsa-mir-15b,hsa-mir-9-3,hsa-mir-26a-2,hsa-mir-378c"
Disease,Chondrosarcoma,9,0.42857143,4.41614907,6.09E-05,0.0371,0.000839,"hsa-mir-129-2,hsa-mir-23b,hsa-mir-206,hsa-mir-138-1,hsa-mir-27b,hsa-mir-145,hsa-mir-100,hsa-mir-138-2,hsa-mir-126"
Disease,Diabetic Retinopathy,9,0.42857143,4.41614907,6.09E-05,0.0371,0.000839,"hsa-mir-195,hsa-mir-20b,hsa-mir-15b,hsa-mir-29a,hsa-mir-106a,hsa-mir-27b,hsa-mir-93,hsa-mir-126,hsa-mir-152"
Disease,"Adenocarcinoma, Pancreatic Ductal",18,0.25352113,2.61236987,6.16E-05,0.0375,0.000829,"hsa-mir-200a,hsa-mir-96,hsa-mir-301a,hsa-mir-940,hsa-mir-106a,hsa-mir-429,hsa-mir-206,hsa-mir-145,hsa-mir-100,hsa-mir-10b,hsa-mir-138-2,hsa-mir-183,hsa-mir-23b,hsa-mir-210,hsa-mir-99a,hsa-mir-138-1,hsa-mir-378c,hsa-mir-143"
Disease,Tuberculosis,7,0.53846154,5.54849498,7.12E-05,0.0434,0.000949,"hsa-mir-183,hsa-mir-29b-1,hsa-mir-29a,hsa-mir-29c,hsa-mir-93,hsa-mir-29b-2,hsa-mir-381"
Disease,Intervertebral Disc Degeneration,7,0.53846154,5.54849498,7.12E-05,0.0434,0.000949,"hsa-mir-7-3,hsa-mir-138-1,hsa-mir-93,hsa-mir-100,hsa-mir-10b,hsa-mir-138-2,hsa-mir-7-1"
Disease,"Squamous Cell Carcinoma, Cerevial",8,0.47058824,4.84910486,7.16E-05,0.0436,0.000933,"hsa-mir-205,hsa-mir-29a,hsa-mir-138-1,hsa-mir-96,hsa-mir-145,hsa-mir-138-2,hsa-mir-126,hsa-mir-143"
Disease,Long QT Syndrome,4,1,10.30434783,8.46E-05,0.0515,0.00109,"hsa-mir-1-2,hsa-mir-1-1,hsa-mir-133a-2,hsa-mir-133a-1"
Disease,Wilms' Tumor,4,1,10.30434783,8.46E-05,0.0515,0.00109,"hsa-mir-101-2,hsa-mir-26a-2,hsa-mir-26a-1,hsa-mir-101-1"
Disease,"Carcinoma, Gallbladder",10,0.37037037,3.81642512,0.000103,0.0626,0.00128,"hsa-mir-202,hsa-mir-1-1,hsa-mir-26a-1,hsa-mir-145,hsa-mir-138-2,hsa-mir-182,hsa-mir-1-2,hsa-mir-138-1,hsa-mir-26a-2,hsa-mir-143"
Disease,Diabetes Mellitus,18,0.24324324,2.50646298,0.000112,0.0681,0.00138,"hsa-mir-133a-1,hsa-mir-7-1,hsa-mir-200a,hsa-mir-29c,hsa-mir-9-1,hsa-mir-7-3,hsa-mir-429,hsa-mir-130b,hsa-mir-1-1,hsa-mir-145,hsa-mir-23b,hsa-mir-9-3,hsa-mir-133a-2,hsa-mir-495,hsa-mir-9-2,hsa-mir-29a,hsa-mir-1-2,hsa-mir-143"
Disease,Nervous System Diseases [unspecific],6,0.6,6.1826087,0.000112,0.0682,0.00137,"hsa-mir-9-2,hsa-mir-138-1,hsa-mir-9-1,hsa-mir-145,hsa-mir-138-2,hsa-mir-9-3"
Disease,"Adenocarcinoma, Gastric",12,0.31578947,3.25400458,0.000122,0.0742,0.00147,"hsa-mir-203a,hsa-mir-96,hsa-mir-106a,hsa-mir-20b,hsa-mir-127,hsa-mir-299,hsa-mir-145,hsa-mir-100,hsa-mir-381,hsa-mir-205,hsa-mir-93,hsa-mir-143"
Disease,Polycystic Kidney Disease,7,0.5,5.15217391,0.000131,0.0798,0.00157,"hsa-mir-1-1,hsa-mir-133a-2,hsa-mir-205,hsa-mir-133a-1,hsa-mir-1-2,hsa-mir-133b,hsa-mir-143"
Disease,Obesity,14,0.2745098,2.8286445,0.000177,0.1076,0.00207,"hsa-mir-425,hsa-mir-200a,hsa-mir-126,hsa-mir-15b,hsa-mir-130b,hsa-mir-127,hsa-mir-26a-1,hsa-mir-138-2,hsa-mir-210,hsa-mir-138-1,hsa-mir-27b,hsa-mir-26a-2,hsa-mir-378c,hsa-mir-143"
Disease,Essential Hypertension,8,0.42105263,4.33867277,0.000188,0.1146,0.00219,"hsa-mir-1-1,hsa-mir-133a-2,hsa-mir-9-2,hsa-mir-133a-1,hsa-mir-9-3,hsa-mir-1-2,hsa-mir-9-1,hsa-mir-126"
Disease,Muscular Dystrophy,10,0.34482759,3.55322339,0.000206,0.1256,0.00237,"hsa-mir-133a-1,hsa-mir-29c,hsa-mir-1-1,hsa-mir-206,hsa-mir-145,hsa-mir-381,hsa-mir-133a-2,hsa-mir-195,hsa-mir-29a,hsa-mir-1-2"
Disease,"Carcinoma, Endometrial",15,0.25862069,2.66491754,0.000213,0.1299,0.00243,"hsa-mir-203a,hsa-mir-200a,hsa-mir-429,hsa-mir-543,hsa-mir-29b-2,hsa-mir-1-1,hsa-mir-29b-1,hsa-mir-145,hsa-mir-10b,hsa-mir-182,hsa-mir-23b,hsa-mir-424,hsa-mir-205,hsa-mir-1-2,hsa-mir-93"
Disease,Myocardial Infarction,14,0.26923077,2.77424749,0.000222,0.1353,0.00251,"hsa-mir-29c,hsa-mir-133b,hsa-mir-126,hsa-mir-106a,hsa-mir-29b-2,hsa-mir-1-1,hsa-mir-29b-1,hsa-mir-206,hsa-mir-26a-1,hsa-mir-210,hsa-mir-424,hsa-mir-29a,hsa-mir-1-2,hsa-mir-26a-2"
Disease,Chronic Hepatitis,6,0.54545455,5.62055336,0.000227,0.1381,0.00254,"hsa-mir-101-2,hsa-mir-203a,hsa-mir-101-1,hsa-mir-145,hsa-mir-126,hsa-mir-143"
Disease,Gastric Neoplasms,6,0.54545455,5.62055336,0.000227,0.1381,0.00254,"hsa-mir-129-2,hsa-mir-516a-2,hsa-mir-516a-1,hsa-mir-9-2,hsa-mir-9-1,hsa-mir-100"
Disease,"Leukemia, Lymphocytic, Chronic",12,0.29268293,3.01590668,0.000275,0.1677,0.00294,"hsa-mir-29c,hsa-mir-9-1,hsa-mir-15b,hsa-mir-29b-2,hsa-mir-29b-1,hsa-mir-26a-1,hsa-mir-363,hsa-mir-9-3,hsa-mir-9-2,hsa-mir-29a,hsa-mir-26a-2,hsa-mir-143"
Disease,Schizophrenia,14,0.26415094,2.7219032,0.000277,0.1689,0.00293,"hsa-mir-7-1,hsa-mir-29c,hsa-mir-9-1,hsa-mir-7-3,hsa-mir-15b,hsa-mir-130b,hsa-mir-29b-2,hsa-mir-29b-1,hsa-mir-206,hsa-mir-9-3,hsa-mir-183,hsa-mir-9-2,hsa-mir-195,hsa-mir-29a"
Disease,Myocardial Fibrosis,7,0.4375,4.50815217,0.00037,0.2254,0.00378,"hsa-mir-154,hsa-mir-29b-1,hsa-mir-15b,hsa-mir-203a,hsa-mir-29a,hsa-mir-18a,hsa-mir-29b-2"
Disease,Keratitis,4,0.8,8.24347826,0.000391,0.2382,0.00396,"hsa-mir-183,hsa-mir-96,hsa-mir-182,hsa-mir-145"
Disease,Wounds and Injuries [unspecific],4,0.8,8.24347826,0.000391,0.2382,0.00396,"hsa-mir-29b-1,hsa-mir-29b-2,hsa-mir-145,hsa-mir-143"
Disease,Cholestatic Liver Injury,4,0.8,8.24347826,0.000391,0.2382,0.00396,"hsa-mir-29b-1,hsa-mir-29a,hsa-mir-29c,hsa-mir-29b-2"
Disease,Uterine Leiomyoma,4,0.8,8.24347826,0.000391,0.2382,0.00396,"hsa-mir-29b-1,hsa-mir-29c,hsa-mir-15b,hsa-mir-29b-2"
Disease,Colitis,6,0.5,5.15217391,0.000418,0.2544,0.00409,"hsa-mir-18b,hsa-mir-139,hsa-mir-138-1,hsa-mir-18a,hsa-mir-145,hsa-mir-138-2"
Disease,Systemic Lupus Erythematosus,14,0.25454545,2.6229249,0.000424,0.2581,0.00408,"hsa-mir-758,hsa-mir-556,hsa-mir-29c,hsa-mir-126,hsa-mir-7-3,hsa-mir-744,hsa-mir-18b,hsa-mir-15b,hsa-mir-152,hsa-mir-324,hsa-mir-145,hsa-mir-3074,hsa-mir-345,hsa-mir-7-1"
Disease,"Carcinoma, Thyroid, Papillary",14,0.25,2.57608696,0.000519,0.3161,0.00496,"hsa-mir-9-1,hsa-mir-96,hsa-mir-126,hsa-mir-7-3,hsa-mir-130b,hsa-mir-140,hsa-mir-26a-1,hsa-mir-182,hsa-mir-9-3,hsa-mir-183,hsa-mir-9-2,hsa-mir-99a,hsa-mir-26a-2,hsa-mir-7-1"
Disease,Heart Diseases [unspecific],11,0.28947368,2.98283753,0.000561,0.3416,0.00532,"hsa-mir-516a-1,hsa-mir-133a-1,hsa-mir-301a,hsa-mir-133b,hsa-mir-324,hsa-mir-1-1,hsa-mir-29b-1,hsa-mir-100,hsa-mir-516a-2,hsa-mir-133a-2,hsa-mir-1-2"
Disease,Colon Neoplasms,17,0.22077922,2.27498588,0.000625,0.3807,0.00583,"hsa-mir-133b,hsa-mir-126,hsa-mir-106a,hsa-mir-101-2,hsa-mir-143,hsa-mir-15b,hsa-mir-127,hsa-mir-152,hsa-mir-29b-2,hsa-mir-140,hsa-mir-29b-1,hsa-mir-101-1,hsa-mir-145,hsa-mir-18a,hsa-mir-210,hsa-mir-205,hsa-mir-29a"
Disease,Ovarian Neoplasms,21,0.19811321,2.0414274,0.00066,0.4021,0.00607,"hsa-mir-9-1,hsa-mir-133b,hsa-mir-100,hsa-mir-516a-2,hsa-mir-9-2,hsa-mir-99a,hsa-mir-1-2,hsa-mir-126,hsa-mir-429,hsa-mir-127,hsa-mir-1-1,hsa-mir-18a,hsa-mir-133a-2,hsa-mir-516a-1,hsa-mir-145,hsa-mir-183,hsa-mir-93,hsa-mir-133a-1,hsa-mir-200a,hsa-mir-9-3,hsa-mir-29a"
Disease,"Scleroderma, Systemic",3,1,10.30434783,0.000893,0.5436,0.00807,"hsa-mir-202,hsa-mir-130b,hsa-mir-29a"
Disease,MELAS Syndrome,3,1,10.30434783,0.000893,0.5436,0.00807,"hsa-mir-9-1,hsa-mir-9-3,hsa-mir-9-2"
Disease,Ependymoma,4,0.66666667,6.86956522,0.00109,0.6609,0.00906,"hsa-mir-29b-1,hsa-mir-29a,hsa-mir-29c,hsa-mir-29b-2"
Disease,Leiomyoma,4,0.66666667,6.86956522,0.00109,0.6609,0.00906,"hsa-mir-29b-1,hsa-mir-29a,hsa-mir-29c,hsa-mir-29b-2"
Disease,"Lymphoma, Mantle-Cell",4,0.66666667,6.86956522,0.00109,0.6609,0.00906,"hsa-mir-20b,hsa-mir-15b,hsa-mir-26a-2,hsa-mir-26a-1"
Disease,Spinal Muscular Atrophy,4,0.66666667,6.86956522,0.00109,0.6609,0.00906,"hsa-mir-9-2,hsa-mir-206,hsa-mir-9-1,hsa-mir-9-3"
Disease,Kallmann Syndrome,4,0.66666667,6.86956522,0.00109,0.6609,0.00906,"hsa-mir-9-2,hsa-mir-200a,hsa-mir-9-1,hsa-mir-9-3"
Disease,Leukemia,15,0.2238806,2.30694354,0.00115,0.7029,0.00906,"hsa-mir-139,hsa-mir-9-1,hsa-mir-126,hsa-mir-138-2,hsa-mir-18a,hsa-mir-183,hsa-mir-9-3,hsa-mir-9-2,hsa-mir-195,hsa-mir-424,hsa-mir-29a,hsa-mir-138-1,hsa-mir-27b,hsa-mir-378c,hsa-mir-143"
Disease,Hepatitis B Virus Infection,15,0.2238806,2.30694354,0.00115,0.7029,0.00906,"hsa-mir-425,hsa-mir-203a,hsa-mir-29c,hsa-mir-126,hsa-mir-15b,hsa-mir-29b-2,hsa-mir-29b-1,hsa-mir-542,hsa-mir-26a-1,hsa-mir-18a,hsa-mir-99a,hsa-mir-205,hsa-mir-29a,hsa-mir-26a-2,hsa-mir-143"
Disease,Bladder Outlet Obstruction,6,0.42857143,4.41614907,0.00115,0.702,0.00917,"hsa-mir-1-1,hsa-mir-29b-1,hsa-mir-29a,hsa-mir-1-2,hsa-mir-29c,hsa-mir-29b-2"
Disease,Carotid Atherosclerosis,5,0.5,5.15217391,0.00134,0.8154,0.0104,"hsa-mir-133a-2,hsa-mir-133a-1,hsa-mir-145,hsa-mir-100,hsa-mir-127"
Disease,Chronic Kidney Disease,9,0.28125,2.89809783,0.0023,1,0.017,"hsa-mir-133a-1,hsa-mir-29c,hsa-mir-126,hsa-mir-15b,hsa-mir-29b-2,hsa-mir-29b-1,hsa-mir-133a-2,hsa-mir-210,hsa-mir-143"
Disease,"Carcinoma, Endometrioid Endometrial",4,0.57142857,5.88819876,0.00234,1,0.0172,"hsa-mir-205,hsa-mir-200a,hsa-mir-145,hsa-mir-143"
Disease,Glomerulonephritis,4,0.57142857,5.88819876,0.00234,1,0.0172,"hsa-mir-429,hsa-mir-200a,hsa-mir-26a-2,hsa-mir-26a-1"
Disease,"Carcinoma, Lung, Small-Cell",7,0.33333333,3.43478261,0.00249,1,0.0181,"hsa-mir-324,hsa-mir-29b-1,hsa-mir-495,hsa-mir-29b-2,hsa-mir-26a-1,hsa-mir-26a-2,hsa-mir-28"
Disease,Bronchopulmonary Dysplasia,6,0.375,3.86413043,0.00261,1,0.0186,"hsa-mir-29b-1,hsa-mir-206,hsa-mir-29a,hsa-mir-411,hsa-mir-130b,hsa-mir-29b-2"
Disease,Hepatitis C Virus Infection,17,0.1954023,2.01349325,0.0027,1,0.0191,"hsa-mir-522,hsa-mir-758,hsa-mir-96,hsa-mir-133b,hsa-mir-29b-1,hsa-mir-99a,hsa-mir-126,hsa-mir-29b-2,hsa-mir-182,hsa-mir-195,hsa-mir-424,hsa-mir-27b,hsa-mir-145,hsa-mir-200a,hsa-mir-152,hsa-mir-542,hsa-mir-29a"
Disease,Crohn Disease,9,0.27272727,2.81027668,0.00291,1,0.0205,"hsa-mir-29c,hsa-mir-301a,hsa-mir-18b,hsa-mir-29b-2,hsa-mir-29b-1,hsa-mir-18a,hsa-mir-495,hsa-mir-99a,hsa-mir-29a"
Disease,Hyperactivity Disorder,3,0.75,7.72826087,0.00332,1,0.0233,"hsa-mir-96,hsa-mir-182,hsa-mir-183"
Disease,Pain[unspecific],3,0.75,7.72826087,0.00332,1,0.0233,"hsa-mir-96,hsa-mir-183,hsa-mir-182"
Disease,HELLP Syndrome,3,0.75,7.72826087,0.00332,1,0.0233,"hsa-mir-133a-1,hsa-mir-758,hsa-mir-133a-2"
Disease,Aortic Insufficiency,3,0.75,7.72826087,0.00332,1,0.0233,"hsa-mir-195,hsa-mir-26a-2,hsa-mir-26a-1"
Disease,Pheochromocytoma,3,0.75,7.72826087,0.00332,1,0.0233,"hsa-mir-101-2,hsa-mir-210,hsa-mir-101-1"
Disease,"Carcinoma, Ovarian, Clear Cell",3,0.75,7.72826087,0.00332,1,0.0233,"hsa-mir-9-1,hsa-mir-9-3,hsa-mir-9-2"
Disease,Knee Osteoarthritis,3,0.75,7.72826087,0.00332,1,0.0233,"hsa-mir-9-1,hsa-mir-9-3,hsa-mir-9-2"
Disease,Non-Alcoholic Steatohepatitis,3,0.75,7.72826087,0.00332,1,0.0233,"hsa-mir-9-3,hsa-mir-9-1,hsa-mir-9-2"
Disease,"Adenocarcinoma, Esophageal",7,0.31818182,3.27865613,0.00336,1,0.0222,"hsa-mir-203a,hsa-mir-145,hsa-mir-23b,hsa-mir-210,hsa-mir-205,hsa-mir-27b,hsa-mir-378c"
Disease,Intrahepatic Cholangiocarcinoma,7,0.31818182,3.27865613,0.00336,1,0.0222,"hsa-mir-96,hsa-mir-101-2,hsa-mir-1-1,hsa-mir-101-1,hsa-mir-145,hsa-mir-195,hsa-mir-1-2"
Disease,Multiple Myeloma,13,0.21666667,2.2326087,0.00344,1,0.0223,"hsa-mir-9-1,hsa-mir-301a,hsa-mir-96,hsa-mir-202,hsa-mir-152,hsa-mir-29b-2,hsa-mir-29b-1,hsa-mir-145,hsa-mir-18a,hsa-mir-182,hsa-mir-23b,hsa-mir-9-3,hsa-mir-9-2"
Disease,Adrenal Cortex Neoplasms,5,0.41666667,4.29347826,0.00359,1,0.0231,"hsa-mir-210,hsa-mir-99a,hsa-mir-203a,hsa-mir-100,hsa-mir-484"
Disease,"Squamous Cell Carcinoma, Laryngeal or Hypopharyngeal",8,0.28571429,2.94409938,0.00365,1,0.0232,"hsa-mir-139,hsa-mir-203a,hsa-mir-519a-2,hsa-mir-519a-1,hsa-mir-140,hsa-mir-206,hsa-mir-205,hsa-mir-93"
Disease,Human Immunodeficiency Virus Infection,11,0.23404255,2.41165587,0.00379,1,0.0239,"hsa-mir-7-1,hsa-mir-29c,hsa-mir-126,hsa-mir-7-3,hsa-mir-29b-2,hsa-mir-29b-1,hsa-mir-942,hsa-mir-183,hsa-mir-210,hsa-mir-29a,hsa-mir-28"
Disease,Arrhythmia,4,0.5,5.15217391,0.00434,1,0.0272,"hsa-mir-1-1,hsa-mir-133a-2,hsa-mir-133a-1,hsa-mir-1-2"
Disease,Muscle Diseases [unspecific],4,0.5,5.15217391,0.00434,1,0.0272,"hsa-mir-133a-2,hsa-mir-206,hsa-mir-133a-1,hsa-mir-133b"
Disease,Waldenstrom Macroglobulinemia,4,0.5,5.15217391,0.00434,1,0.0272,"hsa-mir-9-2,hsa-mir-206,hsa-mir-9-1,hsa-mir-9-3"
Disease,Male Infertility,5,0.38461538,3.9632107,0.00538,1,0.033,"hsa-mir-210,hsa-mir-200a,hsa-mir-29c,hsa-mir-145,hsa-mir-152"
Disease,"Cardiomyopathy, Ischemic",6,0.31578947,3.25400458,0.00693,1,0.0423,"hsa-mir-23b,hsa-mir-139,hsa-mir-154,hsa-mir-200a,hsa-mir-28,hsa-mir-126"
Disease,Cervical Neoplasms,6,0.31578947,3.25400458,0.00693,1,0.0423,"hsa-mir-23b,hsa-mir-15b,hsa-mir-200a,hsa-mir-145,hsa-mir-126,hsa-mir-143"
Disease,Amyotrophic Lateral Sclerosis,4,0.44444444,4.57971014,0.00722,1,0.0435,"hsa-mir-129-2,hsa-mir-9-2,hsa-mir-206,hsa-mir-200a"
Disease,Acquired Immunodeficiency Syndrome,3,0.6,6.1826087,0.0077,1,0.0459,"hsa-mir-29b-1,hsa-mir-29b-2,hsa-mir-29a"
Disease,Chronic Hepatitis B,8,0.25,2.57608696,0.00885,1,0.0512,"hsa-mir-200a,hsa-mir-29c,hsa-mir-106a,hsa-mir-29b-2,hsa-mir-29b-1,hsa-mir-26a-1,hsa-mir-210,hsa-mir-26a-2"
Disease,"Leukemia, Myeloid, Chronic",13,0.19402985,1.99935107,0.00933,1,0.0534,"hsa-mir-200a,hsa-mir-9-1,hsa-mir-126,hsa-mir-665,hsa-mir-299,hsa-mir-140,hsa-mir-26a-1,hsa-mir-145,hsa-mir-9-3,hsa-mir-9-2,hsa-mir-424,hsa-mir-26a-2,hsa-mir-378c"
Disease,Choroidal Neovascularization,2,1,10.30434783,0.00934,1,0.0532,"hsa-mir-126,hsa-mir-29a"
Disease,Lymphoma,12,0.2,2.06086957,0.00973,1,0.0508,"hsa-mir-128-2,hsa-mir-203a,hsa-mir-133b,hsa-mir-18b,hsa-mir-20b,hsa-mir-127,hsa-mir-26a-1,hsa-mir-10b,hsa-mir-18a,hsa-mir-23b,hsa-mir-26a-2,hsa-mir-143"
Disease,Acute Myocardial Infarction,10,0.2173913,2.24007561,0.00999,1,0.0519,"hsa-mir-133a-1,hsa-mir-133b,hsa-mir-126,hsa-mir-1-1,hsa-mir-26a-1,hsa-mir-145,hsa-mir-133a-2,hsa-mir-99a,hsa-mir-1-2,hsa-mir-26a-2"
Disease,Idiopathic Pulmonary Fibrosis,5,0.33333333,3.43478261,0.0107,1,0.0554,"hsa-mir-210,hsa-mir-29a,hsa-mir-96,hsa-mir-26a-1,hsa-mir-26a-2"
Disease,Psoriasis,8,0.24242424,2.49802372,0.0108,1,0.0551,"hsa-mir-203a,hsa-mir-106a,hsa-mir-138-2,hsa-mir-210,hsa-mir-424,hsa-mir-99a,hsa-mir-138-1,hsa-mir-143"
Disease,Aplastic Anemia,4,0.4,4.12173913,0.0111,1,0.0569,"hsa-mir-1-1,hsa-mir-1-2,hsa-mir-145,hsa-mir-126"
Disease,Vascular Diseases [unspecific],7,0.25925926,2.67149758,0.0116,1,0.0589,"hsa-mir-126,hsa-mir-15b,hsa-mir-145,hsa-mir-18a,hsa-mir-210,hsa-mir-28,hsa-mir-143"
Disease,Allergy,6,0.28571429,2.94409938,0.0118,1,0.0597,"hsa-mir-210,hsa-mir-301a,hsa-mir-27b,hsa-mir-145,hsa-mir-126,hsa-mir-106a"
Disease,"Leukemia, Lymphoblastic",6,0.28571429,2.94409938,0.0118,1,0.0597,"hsa-mir-128-2,hsa-mir-29b-1,hsa-mir-29b-2,hsa-mir-29a,hsa-mir-29c,hsa-mir-126"
Disease,Sepsis,8,0.23529412,2.42455243,0.0129,1,0.065,"hsa-mir-133a-1,hsa-mir-126,hsa-mir-145,hsa-mir-182,hsa-mir-133a-2,hsa-mir-210,hsa-mir-29a,hsa-mir-143"
Disease,Asthma,9,0.2195122,2.26193001,0.0135,1,0.0676,"hsa-mir-9-1,hsa-mir-126,hsa-mir-152,hsa-mir-140,hsa-mir-145,hsa-mir-18a,hsa-mir-9-3,hsa-mir-9-2,hsa-mir-143"
Disease,Autism Spectrum Disorder,7,0.25,2.57608696,0.0142,1,0.0708,"hsa-mir-106a,hsa-mir-129-2,hsa-mir-140,hsa-mir-363,hsa-mir-23b,hsa-mir-93,hsa-mir-484"
Disease,Neuroendocrine Tumors,3,0.5,5.15217391,0.0143,1,0.071,"hsa-mir-133a-2,hsa-mir-133a-1,hsa-mir-93"
Disease,"Leukemia, Biphenotypic, Acute",3,0.5,5.15217391,0.0143,1,0.071,"hsa-mir-29b-1,hsa-mir-182,hsa-mir-29b-2"
Disease,Nephrosclerosis,3,0.5,5.15217391,0.0143,1,0.071,"hsa-mir-429,hsa-mir-205,hsa-mir-200a"
Disease,Pancreatic Intraductal Papillary Mucinous Neoplasms,3,0.5,5.15217391,0.0143,1,0.071,"hsa-mir-99a,hsa-mir-100,hsa-mir-126"
Disease,Costello Syndrome,3,0.5,5.15217391,0.0143,1,0.071,"hsa-mir-206,hsa-mir-138-1,hsa-mir-138-2"
Disease,"Lymphoma, Hodgkin",6,0.27272727,2.81027668,0.0149,1,0.072,"hsa-mir-128-2,hsa-mir-9-1,hsa-mir-96,hsa-mir-9-3,hsa-mir-9-2,hsa-mir-28"
Disease,Lung Fibrosis,6,0.27272727,2.81027668,0.0149,1,0.072,"hsa-mir-1343,hsa-mir-130b,hsa-mir-154,hsa-mir-18a,hsa-mir-29a,hsa-mir-27b"
Disease,Machado-Joseph Disease,4,0.36363636,3.74703557,0.0162,1,0.0775,"hsa-mir-9-2,hsa-mir-29a,hsa-mir-9-1,hsa-mir-9-3"
Disease,Polycystic Ovarian Syndrome,7,0.24137931,2.48725637,0.0173,1,0.0819,"hsa-mir-18b,hsa-mir-324,hsa-mir-23b,hsa-mir-592,hsa-mir-27b,hsa-mir-93,hsa-mir-484"
Disease,Head And Neck Neoplasms,8,0.22222222,2.28985507,0.0183,1,0.0863,"hsa-mir-133a-1,hsa-mir-29c,hsa-mir-130b,hsa-mir-1-1,hsa-mir-18a,hsa-mir-133a-2,hsa-mir-205,hsa-mir-1-2"
Disease,"Adenocarcinoma, Colon",6,0.26086957,2.68809074,0.0187,1,0.0874,"hsa-mir-96,hsa-mir-429,hsa-mir-4770,hsa-mir-145,hsa-mir-18a,hsa-mir-182"
Disease,Medulloblastoma,7,0.23333333,2.40434783,0.0208,1,0.0965,"hsa-mir-9-1,hsa-mir-206,hsa-mir-10b,hsa-mir-18a,hsa-mir-9-3,hsa-mir-495,hsa-mir-9-2"
Disease,"Carcinoma, Oral",8,0.21621622,2.2279671,0.0215,1,0.0994,"hsa-mir-139,hsa-mir-203a,hsa-mir-542,hsa-mir-145,hsa-mir-138-2,hsa-mir-1269b,hsa-mir-205,hsa-mir-138-1"
Disease,Stroke,8,0.21621622,2.2279671,0.0215,1,0.0994,"hsa-mir-133a-1,hsa-mir-29b-2,hsa-mir-29b-1,hsa-mir-26a-1,hsa-mir-145,hsa-mir-133a-2,hsa-mir-26a-2,hsa-mir-27b"
Disease,Neuroblastoma,11,0.18644068,1.92114959,0.0221,1,0.1015,"hsa-mir-128-2,hsa-mir-203a,hsa-mir-200a,hsa-mir-542,hsa-mir-10b,hsa-mir-363,hsa-mir-18a,hsa-mir-424,hsa-mir-205,hsa-mir-29a,hsa-mir-143"
Disease,Lofgren's Syndrome,4,0.33333333,3.43478261,0.0225,1,0.1032,"hsa-mir-425,hsa-mir-1-1,hsa-mir-1-2,hsa-mir-93"
Disease,"Leukemia, Lymphoblastic, Acute, T-Cell",4,0.33333333,3.43478261,0.0225,1,0.1032,"hsa-mir-101-2,hsa-mir-128-2,hsa-mir-101-1,hsa-mir-29a"
Disease,"Carcinoma, Thyroid, Anaplastic",4,0.33333333,3.43478261,0.0225,1,0.1032,"hsa-mir-99a,hsa-mir-206,hsa-mir-26a-1,hsa-mir-26a-2"
Disease,"Carcinoma, Biliary Tract",3,0.42857143,4.41614907,0.0233,1,0.105,"hsa-mir-140,hsa-mir-205,hsa-mir-200a"
Disease,Giant Cell Tumor of Bone,3,0.42857143,4.41614907,0.0233,1,0.105,"hsa-mir-210,hsa-mir-127,hsa-mir-126"
Disease,Arteriosclerosis Obliterans,5,0.27777778,2.86231884,0.0241,1,0.1065,"hsa-mir-1-1,hsa-mir-133a-2,hsa-mir-133a-1,hsa-mir-1-2,hsa-mir-126"
Disease,"Muscular Dystrophy, Facioscapulohumeral",5,0.27777778,2.86231884,0.0241,1,0.1065,"hsa-mir-1-1,hsa-mir-133a-2,hsa-mir-206,hsa-mir-133a-1,hsa-mir-1-2"
Disease,Respiratory Syncytial Virus Pneumonia,5,0.27777778,2.86231884,0.0241,1,0.1065,"hsa-mir-429,hsa-mir-203a,hsa-mir-29a,hsa-mir-29c,hsa-mir-27b"
Disease,Peritoneal Dialysis Failure,7,0.22580645,2.32678822,0.0247,1,0.108,"hsa-mir-200a,hsa-mir-15b,hsa-mir-152,hsa-mir-129-2,hsa-mir-100,hsa-mir-205,hsa-mir-93"
Disease,"Lymphoma, Large B-Cell, Diffuse",8,0.21052632,2.16933638,0.025,1,0.1091,"hsa-mir-200a,hsa-mir-126,hsa-mir-26a-1,hsa-mir-138-2,hsa-mir-18a,hsa-mir-138-1,hsa-mir-28,hsa-mir-26a-2"
Disease,"Osteoporosis, Postmenopausal",2,0.66666667,6.86956522,0.0262,1,0.1139,"hsa-mir-210,hsa-mir-145"
Disease,Chronic Atrial Fibrillation,2,0.66666667,6.86956522,0.0262,1,0.1139,"hsa-mir-1-2,hsa-mir-1-1"
Disease,"Lymphoma, Extranodal NK-T-Cell",2,0.66666667,6.86956522,0.0262,1,0.1139,"hsa-mir-26a-2,hsa-mir-26a-1"
Disease,Heart Transplant Rejection,2,0.66666667,6.86956522,0.0262,1,0.1139,"hsa-mir-101-2,hsa-mir-101-1"
Disease,Thyroid Adenomas,2,0.66666667,6.86956522,0.0262,1,0.1139,"hsa-mir-101-2,hsa-mir-101-1"
Disease,Liver Neoplasms,6,0.24,2.47304348,0.0279,1,0.1154,"hsa-mir-200a,hsa-mir-133b,hsa-mir-10b,hsa-mir-210,hsa-mir-29a,hsa-mir-93"
Disease,Hypertension,8,0.20512821,2.11371237,0.029,1,0.1197,"hsa-mir-425,hsa-mir-139,hsa-mir-133a-1,hsa-mir-15b,hsa-mir-1-1,hsa-mir-133a-2,hsa-mir-1-2,hsa-mir-27b"
Disease,Pleural Mesothelioma,7,0.21875,2.25407609,0.0291,1,0.1199,"hsa-mir-126,hsa-mir-379,hsa-mir-145,hsa-mir-411,hsa-mir-29a,hsa-mir-484,hsa-mir-143"
Disease,Inflammatory Bowel Diseases,7,0.21875,2.25407609,0.0291,1,0.1199,"hsa-mir-200a,hsa-mir-301a,hsa-mir-18b,hsa-mir-129-2,hsa-mir-206,hsa-mir-18a,hsa-mir-424"
Disease,Pituitary Adenoma,5,0.26315789,2.71167048,0.0302,1,0.1231,"hsa-mir-130b,hsa-mir-26a-1,hsa-mir-26a-2,hsa-mir-10b,hsa-mir-23b"
Disease,"Carcinoma, Head And Neck",4,0.30769231,3.17056856,0.0302,1,0.1233,"hsa-mir-203a,hsa-mir-29c,hsa-mir-363,hsa-mir-10b"
Disease,Hepatoblastoma,6,0.23076923,2.37792642,0.0334,1,0.1356,"hsa-mir-96,hsa-mir-140,hsa-mir-145,hsa-mir-18a,hsa-mir-210,hsa-mir-195"
Disease,Soft Tissue Sarcoma,3,0.375,3.86413043,0.0347,1,0.1403,"hsa-mir-206,hsa-mir-182,hsa-mir-381"
Disease,"Carcinoma, Skin",3,0.375,3.86413043,0.0347,1,0.1403,"hsa-mir-205,hsa-mir-200a,hsa-mir-23b"
Disease,"Carcinoma, Rectal",9,0.1875,1.93206522,0.0361,1,0.1441,"hsa-mir-139,hsa-mir-203a,hsa-mir-18b,hsa-mir-145,hsa-mir-18a,hsa-mir-183,hsa-mir-195,hsa-mir-29a,hsa-mir-143"
Disease,Coronary Heart Diseases,10,0.17857143,1.84006211,0.0378,1,0.1491,"hsa-mir-133a-1,hsa-mir-126,hsa-mir-15b,hsa-mir-1-1,hsa-mir-154,hsa-mir-206,hsa-mir-145,hsa-mir-18a,hsa-mir-133a-2,hsa-mir-1-2"
Disease,Osteoarthritis,8,0.19512195,2.01060445,0.0382,1,0.1504,"hsa-mir-139,hsa-mir-9-1,hsa-mir-127,hsa-mir-140,hsa-mir-145,hsa-mir-9-3,hsa-mir-9-2,hsa-mir-27b"
Disease,Pancreatic Neoplasms,11,0.171875,1.77105978,0.0386,1,0.1513,"hsa-mir-203a,hsa-mir-200a,hsa-mir-96,hsa-mir-133b,hsa-mir-106a,hsa-mir-15b,hsa-mir-29b-2,hsa-mir-29b-1,hsa-mir-145,hsa-mir-210,hsa-mir-143"
Disease,Myelodysplastic Syndromes,6,0.21428571,2.20807453,0.0466,1,0.1816,"hsa-mir-1-1,hsa-mir-145,hsa-mir-424,hsa-mir-205,hsa-mir-1-2,hsa-mir-378c"
Disease,Chronic Obstructive Pulmonary Disease,6,0.21428571,2.20807453,0.0466,1,0.1816,"hsa-mir-9-1,hsa-mir-106a,hsa-mir-1-1,hsa-mir-9-3,hsa-mir-9-2,hsa-mir-1-2"
Disease,Esophageal Neoplasms,3,0.33333333,3.43478261,0.0484,1,0.1875,"hsa-mir-203a,hsa-mir-145,hsa-mir-143"
Disease,"Carcinoma, Thyroid, Follicular",3,0.33333333,3.43478261,0.0484,1,0.1875,"hsa-mir-183,hsa-mir-100,hsa-mir-484"
Disease,"Carcinoma, Vulvar",3,0.33333333,3.43478261,0.0484,1,0.1875,"hsa-mir-133a-2,hsa-mir-133a-1,hsa-mir-100"
Disease,Salivary Gland Neoplasms,3,0.33333333,3.43478261,0.0484,1,0.1875,"hsa-mir-140,hsa-mir-23b,hsa-mir-299"
Disease,Fatty Liver [unspecific],2,0.5,5.15217391,0.0492,1,0.1868,"hsa-mir-182,hsa-mir-183"
Disease,"Carcinoma, Spindle Cell",2,0.5,5.15217391,0.0492,1,0.1868,"hsa-mir-200a,hsa-mir-205"
Disease,"Carcinoma, Renal Cell, Chromophobe",2,0.5,5.15217391,0.0492,1,0.1868,"hsa-mir-425,hsa-mir-210"
Disease,"Diabetes Mellitus, Type 1",2,0.5,5.15217391,0.0492,1,0.1868,"hsa-mir-101-2,hsa-mir-101-1"
Disease,Rheumatic Heart Diseases,2,0.5,5.15217391,0.0492,1,0.1868,"hsa-mir-101-2,hsa-mir-101-1"
Disease,"Systemic Lupus Erythematosus, With Pericarditis",2,0.5,5.15217391,0.0492,1,0.1868,"hsa-mir-516a-2,hsa-mir-516a-1"
Disease,Epithelioid Sarcoma,2,0.5,5.15217391,0.0492,1,0.1868,"hsa-mir-206,hsa-mir-381"
Disease,Cryptosporidium infection,2,0.5,5.15217391,0.0492,1,0.1868,"hsa-mir-23b,hsa-mir-27b"
Disease,Dengue Virus Infection,4,0.26666667,2.74782609,0.0495,1,0.1794,"hsa-mir-133a-2,hsa-mir-133a-1,hsa-mir-378c,hsa-mir-126"
Disease,"Carcinoma, Thyroid",7,0.19444444,2.00362319,0.0522,1,0.1887,"hsa-mir-200a,hsa-mir-126,hsa-mir-7-3,hsa-mir-145,hsa-mir-23b,hsa-mir-205,hsa-mir-7-1"
Disease,Myocardial Ischemic-Reperfusion Injury,4,0.25,2.57608696,0.0612,1,0.2198,"hsa-mir-1-1,hsa-mir-128-2,hsa-mir-1-2,hsa-mir-126"
Disease,"Diabetes Mellitus, Gestational",5,0.2173913,2.24007561,0.064,1,0.2277,"hsa-mir-9-1,hsa-mir-126,hsa-mir-130b,hsa-mir-9-3,hsa-mir-9-2"
Disease,Graves' Disease,3,0.3,3.09130435,0.0644,1,0.2285,"hsa-mir-183,hsa-mir-101-2,hsa-mir-101-1"
Disease,Viral Myocarditis,3,0.3,3.09130435,0.0644,1,0.2285,"hsa-mir-1-1,hsa-mir-20b,hsa-mir-1-2"
Disease,Rheumatoid Arthritis,9,0.16666667,1.7173913,0.0697,1,0.2444,"hsa-mir-203a,hsa-mir-9-1,hsa-mir-126,hsa-mir-106a,hsa-mir-3926-2,hsa-mir-363,hsa-mir-3926-1,hsa-mir-9-3,hsa-mir-9-2"
Disease,Reflux Esophagitis,2,0.4,4.12173913,0.0768,1,0.2686,"hsa-mir-145,hsa-mir-143"
Disease,Cardiomegaly,2,0.4,4.12173913,0.0768,1,0.2686,"hsa-mir-1-2,hsa-mir-1-1"
Disease,IgA Nephropathy,2,0.4,4.12173913,0.0768,1,0.2686,"hsa-mir-100,hsa-mir-877"
Disease,Thyroid Lymphoma,2,0.4,4.12173913,0.0768,1,0.2686,"hsa-mir-26a-2,hsa-mir-26a-1"
Disease,Gallstones,2,0.4,4.12173913,0.0768,1,0.2686,"hsa-mir-210,hsa-mir-429"
Disease,"Leukemia, T-Cell",2,0.4,4.12173913,0.0768,1,0.2686,"hsa-mir-128-2,hsa-mir-28"
Disease,"Adenocarcinoma, Prostate",2,0.4,4.12173913,0.0768,1,0.2686,"hsa-mir-154,hsa-mir-126"
Disease,Multiple Sclerosis,8,0.17021277,1.75393154,0.0769,1,0.2567,"hsa-mir-200a,hsa-mir-96,hsa-mir-15b,hsa-mir-26a-1,hsa-mir-145,hsa-mir-100,hsa-mir-411,hsa-mir-26a-2"
Disease,"Carcinoma, Thyroid, Medullary",3,0.27272727,2.81027668,0.0825,1,0.2745,"hsa-mir-129-2,hsa-mir-99a,hsa-mir-182"
Disease,Barrett's Esophagus,3,0.27272727,2.81027668,0.0825,1,0.2745,"hsa-mir-203a,hsa-mir-205,hsa-mir-143"
Disease,Mesothelioma,3,0.27272727,2.81027668,0.0825,1,0.2745,"hsa-mir-126,hsa-mir-106a,hsa-mir-143"
Disease,Non-Traumatic Subarachnoid Hemorrhage,3,0.27272727,2.81027668,0.0825,1,0.2745,"hsa-mir-744,hsa-mir-15b,hsa-mir-126"
Disease,Pulmonary Sarcoidosis,3,0.27272727,2.81027668,0.0825,1,0.2745,"hsa-mir-128-2,hsa-mir-15b,hsa-mir-27b"
Disease,Cerebral Ischemia,3,0.27272727,2.81027668,0.0825,1,0.2745,"hsa-mir-29b-1,hsa-mir-128-2,hsa-mir-29b-2"
Disease,"Colitis, Ulcerative",5,0.19230769,1.98160535,0.0992,1,0.3246,"hsa-mir-18b,hsa-mir-429,hsa-mir-18a,hsa-mir-195,hsa-mir-29a"
Disease,Down Syndrome,3,0.25,2.57608696,0.1024,1,0.3344,"hsa-mir-99a,hsa-mir-96,hsa-mir-27b"
Disease,Oral Leukoplakia,3,0.25,2.57608696,0.1024,1,0.3344,"hsa-mir-129-2,hsa-mir-345,hsa-mir-205"
Disease,"Leukemia, Lymphoblastic, Acute, Childhood",3,0.25,2.57608696,0.1024,1,0.3344,"hsa-mir-210,hsa-mir-99a,hsa-mir-100"
Disease,Hepatitis [unspecific],3,0.25,2.57608696,0.1024,1,0.3344,"hsa-mir-9-2,hsa-mir-9-1,hsa-mir-9-3"
Disease,Human Papilloma Virus Infection,6,0.17647059,1.81841432,0.1033,1,0.3336,"hsa-mir-203a,hsa-mir-96,hsa-mir-145,hsa-mir-23b,hsa-mir-205,hsa-mir-143"
Disease,"Leukemia, Lymphocytic, Chronic, B-Cell",6,0.17647059,1.81841432,0.1033,1,0.3336,"hsa-mir-29c,hsa-mir-15b,hsa-mir-29b-2,hsa-mir-29b-1,hsa-mir-195,hsa-mir-29a"
Disease,Hematologic Neoplasms,6,0.17647059,1.81841432,0.1033,1,0.3336,"hsa-mir-15b,hsa-mir-378c,hsa-mir-152,hsa-mir-26a-1,hsa-mir-23b,hsa-mir-26a-2"
Disease,Cutaneous Melanoma,4,0.21052632,2.16933638,0.1041,1,0.3326,"hsa-mir-424,hsa-mir-15b,hsa-mir-205,hsa-mir-182"
Disease,Chronic Brucellosis,2,0.33333333,3.43478261,0.1081,1,0.3443,"hsa-mir-126,hsa-mir-139"
Disease,Fibromyalgia,2,0.33333333,3.43478261,0.1081,1,0.3443,"hsa-mir-145,hsa-mir-143"
Disease,Biliary Atresia,2,0.33333333,3.43478261,0.1081,1,0.3443,"hsa-mir-129-2,hsa-mir-29c"
Disease,Lupus Nephritis,3,0.23076923,2.37792642,0.1241,1,0.3912,"hsa-mir-130b,hsa-mir-145,hsa-mir-127"
Disease,Spinal Cord Injuries,3,0.23076923,2.37792642,0.1241,1,0.3912,"hsa-mir-29b-1,hsa-mir-145,hsa-mir-29b-2"
Disease,Retinoblastoma,7,0.15555556,1.60289855,0.1377,1,0.4318,"hsa-mir-200a,hsa-mir-101-2,hsa-mir-101-1,hsa-mir-26a-1,hsa-mir-18a,hsa-mir-183,hsa-mir-26a-2"
Disease,Colon Adenoma,4,0.19047619,1.96273292,0.1386,1,0.4334,"hsa-mir-15b,hsa-mir-378c,hsa-mir-145,hsa-mir-182"
Disease,Behcet's Disease,2,0.28571429,2.94409938,0.142,1,0.4428,"hsa-mir-139,hsa-mir-182"
Disease,Chordoma,3,0.21428571,2.20807453,0.1473,1,0.4546,"hsa-mir-1-1,hsa-mir-140,hsa-mir-1-2"
Disease,Myasthenia Gravis,3,0.21428571,2.20807453,0.1473,1,0.4546,"hsa-mir-140,hsa-mir-20b,hsa-mir-15b"
Disease,Liver Injury,3,0.2,2.06086957,0.1718,1,0.5273,"hsa-mir-877,hsa-mir-200a,hsa-mir-182"
Disease,"Fatty Liver, Non-Alcoholic",3,0.2,2.06086957,0.1718,1,0.5273,"hsa-mir-9-2,hsa-mir-9-3,hsa-mir-9-1"
Disease,Bipolar Disorder,2,0.25,2.57608696,0.1777,1,0.5401,"hsa-mir-206,hsa-mir-15b"
Disease,Nephrotic Syndrome,2,0.25,2.57608696,0.1777,1,0.5401,"hsa-mir-210,hsa-mir-942"
Disease,Alcoholic Cardiomyopathy,2,0.25,2.57608696,0.1777,1,0.5401,"hsa-mir-138-1,hsa-mir-138-2"
Disease,Fever,1,0.5,5.15217391,0.1847,1,0.5571,hsa-mir-143
Disease,Spinal Chordoma,1,0.5,5.15217391,0.1847,1,0.5571,hsa-mir-140
Disease,Silicosis,1,0.5,5.15217391,0.1847,1,0.5571,hsa-mir-29a
Disease,Hypoxic-Ischemic Encephalopathy,1,0.5,5.15217391,0.1847,1,0.5571,hsa-mir-210
Disease,Fragile X Syndrome,1,0.5,5.15217391,0.1847,1,0.5571,hsa-mir-424
Disease,Aneurysmal Subarachnoid Hemorrhage,1,0.5,5.15217391,0.1847,1,0.5571,hsa-mir-324
Disease,Acute Brucellosis,1,0.5,5.15217391,0.1847,1,0.5571,hsa-mir-126
Disease,Angiosarcoma,1,0.5,5.15217391,0.1847,1,0.5571,hsa-mir-126
Disease,Hyperglycemia,1,0.5,5.15217391,0.1847,1,0.5571,hsa-mir-126
Disease,Type 2 Diabetes Complications,1,0.5,5.15217391,0.1847,1,0.5571,hsa-mir-126
Disease,Thrombocytopenia,1,0.5,5.15217391,0.1847,1,0.5571,hsa-mir-99a
Disease,Dermatomyositis,1,0.5,5.15217391,0.1847,1,0.5571,hsa-mir-206
Disease,Asthenozoospermia,1,0.5,5.15217391,0.1847,1,0.5571,hsa-mir-27b
Disease,"Adenocarcinoma, Endometrial",1,0.5,5.15217391,0.1847,1,0.5571,hsa-mir-200a
Disease,Periodontitis,1,0.5,5.15217391,0.1847,1,0.5571,hsa-mir-495
Disease,Leiomyosarcoma,1,0.5,5.15217391,0.1847,1,0.5571,hsa-mir-152
Disease,Diabetic Nephropathy,4,0.16666667,1.7173913,0.1975,1,0.5272,"hsa-mir-130b,hsa-mir-26a-1,hsa-mir-23b,hsa-mir-26a-2"
Disease,Brain Neoplasms,4,0.16666667,1.7173913,0.1975,1,0.5272,"hsa-mir-9-1,hsa-mir-129-2,hsa-mir-9-3,hsa-mir-9-2"
Disease,Metabolic Syndrome,2,0.22222222,2.28985507,0.2147,1,0.5704,"hsa-mir-145,hsa-mir-126"
Disease,Ankylosing Spondylitis,2,0.22222222,2.28985507,0.2147,1,0.5704,"hsa-mir-29a,hsa-mir-10b"
Disease,Systemic Sclerosis,2,0.22222222,2.28985507,0.2147,1,0.5704,"hsa-mir-29a,hsa-mir-126"
Disease,Acute Kidney Injury,3,0.17647059,1.81841432,0.2236,1,0.5876,"hsa-mir-200a,hsa-mir-145,hsa-mir-182"
Disease,Muscle Atrophy,3,0.17647059,1.81841432,0.2236,1,0.5876,"hsa-mir-140,hsa-mir-100,hsa-mir-143"
Disease,Astrocytoma,3,0.17647059,1.81841432,0.2236,1,0.5876,"hsa-mir-210,hsa-mir-206,hsa-mir-106a"
Disease,Influenza,4,0.15384615,1.58528428,0.2404,1,0.6274,"hsa-mir-29c,hsa-mir-126,hsa-mir-106a,hsa-mir-29a"
Disease,"Leukemia, Myeloid",3,0.16666667,1.7173913,0.2506,1,0.6528,"hsa-mir-139,hsa-mir-27b,hsa-mir-18a"
Disease,Mesial Temporal Lobe Epilepsy,3,0.16666667,1.7173913,0.2506,1,0.6528,"hsa-mir-128-2,hsa-mir-145,hsa-mir-143"
Disease,Graft-Versus-Host Disease,3,0.16666667,1.7173913,0.2506,1,0.6528,"hsa-mir-411,hsa-mir-93,hsa-mir-28"
Disease,Alcoholic Hepatitis,2,0.2,2.06086957,0.2523,1,0.6527,"hsa-mir-744,hsa-mir-182"
Disease,Kaposi's Sarcoma,4,0.14814815,1.52657005,0.2626,1,0.6765,"hsa-mir-200a,hsa-mir-100,hsa-mir-23b,hsa-mir-99a"
Disease,Gout,1,0.33333333,3.43478261,0.264,1,0.6786,hsa-mir-140
Disease,Testicular Neoplasms,1,0.33333333,3.43478261,0.264,1,0.6786,hsa-mir-133b
Disease,Endomyocardial Fibrosis,1,0.33333333,3.43478261,0.264,1,0.6786,hsa-mir-29a
Disease,Malignant Peripheral Nerve Sheath Tumor,1,0.33333333,3.43478261,0.264,1,0.6786,hsa-mir-210
Disease,Chikungunya Virus Infection,1,0.33333333,3.43478261,0.264,1,0.6786,hsa-mir-744
Disease,Liver Transplant Rejection,1,0.33333333,3.43478261,0.264,1,0.6786,hsa-mir-18b
Disease,"Lymphoma, T-Cell, Cutaneous",1,0.33333333,3.43478261,0.264,1,0.6786,hsa-mir-126
Disease,Pneumonia,1,0.33333333,3.43478261,0.264,1,0.6786,hsa-mir-126
Disease,Acute Megakaryoblastic Leukemia,1,0.33333333,3.43478261,0.264,1,0.6786,hsa-mir-99a
Disease,Laryngeal Neoplasms,1,0.33333333,3.43478261,0.264,1,0.6786,hsa-mir-93
Disease,"Carcinoma, Gastric, Signet Ring Cell",1,0.33333333,3.43478261,0.264,1,0.6786,hsa-mir-665
Disease,"Carcinoma, Merkel Cell",1,0.33333333,3.43478261,0.264,1,0.6786,hsa-mir-203a
Disease,Diabetic Foot,1,0.33333333,3.43478261,0.264,1,0.6786,hsa-mir-203a
Disease,Autoimmune Diseases [unspecific],5,0.13888889,1.43115942,0.2663,1,0.6441,"hsa-mir-301a,hsa-mir-126,hsa-mir-106a,hsa-mir-23b,hsa-mir-29a"
Disease,Adenovirus Infection,5,0.13888889,1.43115942,0.2663,1,0.6441,"hsa-mir-101-2,hsa-mir-101-1,hsa-mir-210,hsa-mir-27b,hsa-mir-378c"
Disease,Neurodegenerative Diseases [unspecific],3,0.15789474,1.62700229,0.2781,1,0.6699,"hsa-mir-139,hsa-mir-26a-1,hsa-mir-26a-2"
Disease,Kidney Injury,4,0.14285714,1.47204969,0.2852,1,0.6855,"hsa-mir-126,hsa-mir-127,hsa-mir-182,hsa-mir-210"
Disease,ACTH-Secreting Pituitary Adenoma,2,0.18181818,1.87351779,0.29,1,0.6942,"hsa-mir-145,hsa-mir-143"
Disease,Synovial Sarcoma,2,0.18181818,1.87351779,0.29,1,0.6942,"hsa-mir-195,hsa-mir-99a"
Disease,Mild Cognitive Impairment,2,0.18181818,1.87351779,0.29,1,0.6942,"hsa-mir-206,hsa-mir-128-2"
Disease,Liver Diseases [unspecific],4,0.13793103,1.42128936,0.3081,1,0.7301,"hsa-mir-139,hsa-mir-200a,hsa-mir-152,hsa-mir-29a"
Disease,"Lymphoma, Large-Cell, Anaplastic",2,0.16666667,1.7173913,0.3275,1,0.7747,"hsa-mir-101-2,hsa-mir-101-1"
Disease,Renal Fibrosis,2,0.16666667,1.7173913,0.3275,1,0.7747,"hsa-mir-29c,hsa-mir-378c"
Disease,Ewing's Sarcoma,2,0.16666667,1.7173913,0.3275,1,0.7747,"hsa-mir-29b-1,hsa-mir-29b-2"
Disease,"Aortic Aneurysm, Abdominal",3,0.14285714,1.47204969,0.3338,1,0.7847,"hsa-mir-29b-1,hsa-mir-205,hsa-mir-29b-2"
Disease,Allergic Rhinitis,3,0.14285714,1.47204969,0.3338,1,0.7847,"hsa-mir-18a,hsa-mir-126,hsa-mir-143"
Disease,Liposarcoma,1,0.25,2.57608696,0.3356,1,0.786,hsa-mir-145
Disease,Japanese Encephalitis Virus Infection,1,0.25,2.57608696,0.3356,1,0.786,hsa-mir-15b
Disease,Toxic Epidermal Necrolysis,1,0.25,2.57608696,0.3356,1,0.786,hsa-mir-18a
Disease,Diabetic Vasculopathy,1,0.25,2.57608696,0.3356,1,0.786,hsa-mir-20b
Disease,Encephalomyelitis,1,0.25,2.57608696,0.3356,1,0.786,hsa-mir-20b
Disease,Unstable Angina,1,0.25,2.57608696,0.3356,1,0.786,hsa-mir-28
Disease,Sjogren's Syndrome,1,0.25,2.57608696,0.3356,1,0.786,hsa-mir-126
Disease,Meningioma,1,0.25,2.57608696,0.3356,1,0.786,hsa-mir-200a
Disease,Ovarian Serous Cystadenocarcinoma,1,0.25,2.57608696,0.3356,1,0.786,hsa-mir-200a
Disease,Hirschsprung's Disease,3,0.13636364,1.40513834,0.3616,1,0.8146,"hsa-mir-429,hsa-mir-206,hsa-mir-195"
Disease,Keloid,2,0.15384615,1.58528428,0.3645,1,0.8196,"hsa-mir-205,hsa-mir-145"
Disease,Mycobacterium Tuberculosis Infection,2,0.15384615,1.58528428,0.3645,1,0.8196,"hsa-mir-140,hsa-mir-206"
Disease,Hemoglobin Diseases,2,0.15384615,1.58528428,0.3645,1,0.8196,"hsa-mir-210,hsa-mir-940"
Disease,"Leukemia, Lymphoblastic, Acute, B-Cell",2,0.15384615,1.58528428,0.3645,1,0.8196,"hsa-mir-26a-1,hsa-mir-26a-2"
Disease,Vascular Injuries,2,0.15384615,1.58528428,0.3645,1,0.8196,"hsa-mir-100,hsa-mir-126"
Disease,Gestational Trophoblastic Disease,2,0.15384615,1.58528428,0.3645,1,0.8196,"hsa-mir-516a-2,hsa-mir-516a-1"
Disease,Panic Disorder,1,0.2,2.06086957,0.4003,1,0.8883,hsa-mir-138-2
Disease,Sickle Cell Disease,1,0.2,2.06086957,0.4003,1,0.8883,hsa-mir-301a
Disease,Varicella,1,0.2,2.06086957,0.4003,1,0.8883,hsa-mir-363
Disease,"Carcinoma, Supraglottic",1,0.2,2.06086957,0.4003,1,0.8883,hsa-mir-206
Disease,"Adenocarcinoma, Cervical",1,0.2,2.06086957,0.4003,1,0.8883,hsa-mir-9-1
Disease,Habitual Abortion,2,0.14285714,1.47204969,0.4007,1,0.8761,"hsa-mir-522,hsa-mir-519a-1"
Disease,Macular Degeneration,2,0.14285714,1.47204969,0.4007,1,0.8761,"hsa-mir-93,hsa-mir-126"
Disease,"Lymphoma, B-Cell",3,0.125,1.28804348,0.4167,1,0.9043,"hsa-mir-195,hsa-mir-29a,hsa-mir-28"
Disease,"Leukemia, Lymphoblastic, Acute",3,0.125,1.28804348,0.4167,1,0.9043,"hsa-mir-100,hsa-mir-18a,hsa-mir-99a"
Disease,"Stroke, Ischemic",4,0.11764706,1.21227621,0.4235,1,0.9159,"hsa-mir-126,hsa-mir-130b,hsa-mir-495,hsa-mir-210"
Disease,Maternal Obesity During Childbirth,2,0.13333333,1.37391304,0.4359,1,0.9409,"hsa-mir-324,hsa-mir-29c"
Disease,"Leukemia, Promyelocytic, Acute",2,0.13333333,1.37391304,0.4359,1,0.9409,"hsa-mir-18b,hsa-mir-126"
Disease,Prolactinoma,2,0.13333333,1.37391304,0.4359,1,0.9409,"hsa-mir-93,hsa-mir-126"
Disease,Cervical Dysplasia,1,0.16666667,1.7173913,0.4587,1,0.9848,hsa-mir-143
Disease,Digeorge Syndrome,1,0.16666667,1.7173913,0.4587,1,0.9848,hsa-mir-130b
Disease,Huntington's Disease,1,0.16666667,1.7173913,0.4587,1,0.9848,hsa-mir-10b
Disease,Acute Cerebral Infarction,1,0.16666667,1.7173913,0.4587,1,0.9848,hsa-mir-210
Disease,Lupus Vulgaris,1,0.16666667,1.7173913,0.4587,1,0.9848,hsa-mir-210
Disease,"Lymphoma, Non-Hodgkin",1,0.16666667,1.7173913,0.4587,1,0.9848,hsa-mir-28
Disease,Chronic Heart Failure,1,0.16666667,1.7173913,0.4587,1,0.9848,hsa-mir-126
Disease,Essential Thrombocythemia,1,0.16666667,1.7173913,0.4587,1,0.9848,hsa-mir-203a
Disease,Chronic Hepatitis C,4,0.11111111,1.14492754,0.4688,1,0.985,"hsa-mir-324,hsa-mir-1-1,hsa-mir-99a,hsa-mir-1-2"
Disease,Thyroid Neoplasms,2,0.125,1.28804348,0.47,1,0.9858,"hsa-mir-200a,hsa-mir-127"
Disease,"Lymphoma, T-Cell",3,0.11538462,1.18896321,0.4702,1,0.9827,"hsa-mir-145,hsa-mir-18a,hsa-mir-93"
Disease,Prediabetes,1,0.14285714,1.47204969,0.5115,1,1,hsa-mir-143
Disease,Oral Lichen Planus,1,0.14285714,1.47204969,0.5115,1,1,hsa-mir-29a
Disease,Retinal Neovascularization,1,0.14285714,1.47204969,0.5115,1,1,hsa-mir-106a
Disease,Acute Pancreatitis,1,0.14285714,1.47204969,0.5115,1,1,hsa-mir-126
Disease,"Squamous Cell Carcinoma, Skin or Unspecific",2,0.11111111,1.14492754,0.5344,1,1,"hsa-mir-15b,hsa-mir-205"
Disease,Hemophagocytic Lymphohistiocytosis,1,0.125,1.28804348,0.5592,1,1,hsa-mir-143
Disease,Vasculitis,1,0.125,1.28804348,0.5592,1,1,hsa-mir-29a
Disease,"Leukemia-Lymphoma, Adult T-Cell",1,0.11111111,1.14492754,0.6023,1,1,hsa-mir-145
Disease,Myeloproliferative Neoplasms,1,0.11111111,1.14492754,0.6023,1,1,hsa-mir-143
Disease,"Leukemia-Lymphoma, Precursor B-Cell Lymphoblastic",1,0.11111111,1.14492754,0.6023,1,1,hsa-mir-126
Disease,Atopic Dermatitis,1,0.11111111,1.14492754,0.6023,1,1,hsa-mir-200a
Disease,Human Cytomegalovirus Infection,1,0.11111111,1.14492754,0.6023,1,1,hsa-mir-200a
Disease,Alopecia,1,0.11111111,1.14492754,0.6023,1,1,hsa-mir-203a
Disease,Helicobacter Pylori Infection,1,0.1,1.03043478,0.6412,1,1,hsa-mir-203a
Disease,Acute Coronary Syndrome,2,0.09090909,0.93675889,0.6465,1,1,"hsa-mir-15b,hsa-mir-100"
Disease,Depression Disorder,2,0.08695652,0.89603025,0.671,1,1,"hsa-mir-145,hsa-mir-424"
Disease,Ischemia-Reperfusion Injury,2,0.08695652,0.89603025,0.671,1,1,"hsa-mir-7-3,hsa-mir-7-1"
Disease,Uveal Melanoma,1,0.09090909,0.93675889,0.6763,1,1,hsa-mir-145
Disease,Kidney Transplant Rejection,1,0.09090909,0.93675889,0.6763,1,1,hsa-mir-99a
Disease,Necrotizing Enterocolitis,1,0.09090909,0.93675889,0.6763,1,1,hsa-mir-203a
Disease,Traumatic Brain Injury,1,0.08333333,0.85869565,0.708,1,1,hsa-mir-93
Disease,"Tuberculosis, Pulmonary",2,0.07692308,0.79264214,0.7363,1,1,"hsa-mir-206,hsa-mir-29a"
Disease,Epilepsy,2,0.07407407,0.76328502,0.7556,1,1,"hsa-mir-139,hsa-mir-301a"
Disease,Acute Ischemic Stroke,1,0.07142857,0.73602484,0.7625,1,1,hsa-mir-145
Disease,Coronary Atherosclerosis,1,0.07142857,0.73602484,0.7625,1,1,hsa-mir-100
Disease,"Leukemia, B-Cell",1,0.07142857,0.73602484,0.7625,1,1,hsa-mir-18a
Disease,"Adenocarcinoma, Gastric-Esophageal Junction",1,0.06666667,0.68695652,0.7858,1,1,hsa-mir-381
Disease,Pituitary Neoplasms,1,0.0625,0.64402174,0.8069,1,1,hsa-mir-381
Disease,Polycythemia Vera,1,0.05,0.51521739,0.8724,1,1,hsa-mir-378c
Disease,"Carcinoma, Ovarian, Serous",1,0.04166667,0.42934783,0.9159,1,1,hsa-mir-106a
