Category,Term,Count,Percent,Fold,P-value,Bonferroni,FDR,miRNA
Disease,"Carcinoma, Colon",63,0.2,1.82307692,1.11E-08,6.21E-06,3.30E-06,"hsa-mir-584,hsa-mir-522,hsa-mir-525,hsa-mir-96,hsa-mir-133b,hsa-mir-124-2,hsa-mir-224,hsa-mir-520g,hsa-mir-203b,hsa-mir-125b-1,hsa-mir-100,hsa-mir-345,hsa-mir-210,hsa-mir-124-3,hsa-mir-99a,hsa-mir-1-2,hsa-mir-519c,hsa-mir-7-1,hsa-mir-135b,hsa-mir-612,hsa-mir-7-3,hsa-mir-429,hsa-mir-30a,hsa-mir-1-1,hsa-mir-335,hsa-mir-206,hsa-mir-1915,hsa-mir-378a,hsa-mir-18a,hsa-mir-182,hsa-mir-133a-2,hsa-mir-195,hsa-mir-192,hsa-mir-372,hsa-mir-877,hsa-mir-139,hsa-mir-518a-1,hsa-mir-518a-2,hsa-mir-301b,hsa-mir-3622a,hsa-mir-218-2,hsa-mir-675,hsa-mir-145,hsa-mir-125b-2,hsa-mir-512-2,hsa-mir-183,hsa-mir-520a,hsa-mir-939,hsa-mir-490,hsa-mir-143,hsa-mir-425,hsa-mir-133a-1,hsa-mir-483,hsa-let-7c,hsa-mir-301a,hsa-mir-523,hsa-mir-149,hsa-mir-512-1,hsa-mir-130b,hsa-mir-124-1,hsa-mir-141,hsa-mir-218-1,hsa-mir-378c"
Disease,"Carcinoma, Prostate",55,0.21400778,1.95076324,1.42E-08,7.92E-06,3.36E-06,"hsa-mir-96,hsa-mir-133b,hsa-mir-124-2,hsa-mir-224,hsa-mir-125b-1,hsa-mir-100,hsa-mir-345,hsa-mir-210,hsa-mir-99a,hsa-mir-124-3,hsa-mir-1-2,hsa-mir-383,hsa-mir-519c,hsa-mir-7-1,hsa-mir-135b,hsa-mir-7-3,hsa-mir-429,hsa-mir-30a,hsa-mir-1-1,hsa-mir-335,hsa-mir-378a,hsa-mir-18a,hsa-mir-182,hsa-mir-133a-2,hsa-mir-195,hsa-mir-372,hsa-mir-33a,hsa-mir-139,hsa-mir-671,hsa-mir-708,hsa-mir-940,hsa-mir-301b,hsa-mir-218-2,hsa-mir-1301,hsa-mir-675,hsa-mir-145,hsa-mir-125b-2,hsa-mir-512-2,hsa-mir-183,hsa-mir-3654,hsa-mir-143,hsa-mir-133a-1,hsa-mir-483,hsa-let-7c,hsa-mir-301a,hsa-mir-149,hsa-mir-512-1,hsa-mir-130b,hsa-mir-3189,hsa-mir-124-1,hsa-mir-141,hsa-mir-218-1,hsa-mir-23c,hsa-mir-1247,hsa-mir-378c"
Disease,"Carcinoma, Lung",48,0.22535211,2.05417118,3.44E-08,1.92E-05,6.79E-06,"hsa-mir-522,hsa-mir-33b,hsa-mir-96,hsa-mir-526b,hsa-mir-133b,hsa-mir-124-2,hsa-mir-224,hsa-mir-203b,hsa-mir-125b-1,hsa-mir-937,hsa-mir-1323,hsa-mir-100,hsa-mir-99a,hsa-mir-383,hsa-mir-124-3,hsa-mir-517a,hsa-mir-1-2,hsa-mir-7-1,hsa-mir-7-3,hsa-mir-30a,hsa-mir-1-1,hsa-mir-335,hsa-mir-206,hsa-mir-378a,hsa-mir-182,hsa-mir-133a-2,hsa-mir-192,hsa-mir-33a,hsa-mir-139,hsa-mir-520e,hsa-mir-301b,hsa-mir-218-2,hsa-mir-145,hsa-mir-125b-2,hsa-mir-512-2,hsa-mir-183,hsa-mir-490,hsa-mir-143,hsa-mir-133a-1,hsa-let-7c,hsa-mir-149,hsa-mir-512-1,hsa-mir-1258,hsa-mir-130b,hsa-mir-124-1,hsa-mir-141,hsa-mir-218-1,hsa-mir-378c"
Disease,"Adenocarcinoma, Pancreatic Ductal",24,0.33802817,3.08125677,8.06E-08,4.49E-05,1.36E-05,"hsa-mir-483,hsa-mir-96,hsa-mir-301a,hsa-mir-940,hsa-mir-124-2,hsa-mir-224,hsa-mir-429,hsa-mir-615,hsa-mir-218-2,hsa-mir-125b-1,hsa-mir-124-1,hsa-mir-206,hsa-mir-145,hsa-mir-100,hsa-mir-125b-2,hsa-mir-141,hsa-mir-183,hsa-mir-218-1,hsa-mir-378a,hsa-mir-210,hsa-mir-99a,hsa-mir-124-3,hsa-mir-378c,hsa-mir-143"
Disease,"Carcinoma, Hepatocellular",63,0.18584071,1.69400953,8.92E-08,4.98E-05,1.32E-05,"hsa-mir-520b,hsa-mir-522,hsa-mir-33b,hsa-mir-525,hsa-mir-96,hsa-mir-133b,hsa-mir-489,hsa-mir-224,hsa-mir-520g,hsa-mir-203b,hsa-mir-125b-1,hsa-mir-100,hsa-mir-345,hsa-mir-210,hsa-mir-99a,hsa-mir-1-2,hsa-mir-7-1,hsa-mir-135b,hsa-mir-612,hsa-mir-1180,hsa-mir-7-3,hsa-mir-429,hsa-mir-615,hsa-mir-1-1,hsa-mir-30a,hsa-mir-335,hsa-mir-206,hsa-mir-105-1,hsa-mir-378a,hsa-mir-18a,hsa-mir-182,hsa-mir-133a-2,hsa-mir-195,hsa-mir-192,hsa-mir-372,hsa-mir-877,hsa-mir-33a,hsa-mir-139,hsa-mir-671,hsa-mir-708,hsa-mir-940,hsa-mir-105-2,hsa-mir-218-2,hsa-mir-675,hsa-mir-145,hsa-mir-125b-2,hsa-mir-512-2,hsa-mir-183,hsa-mir-520a,hsa-mir-490,hsa-mir-143,hsa-mir-425,hsa-mir-133a-1,hsa-mir-483,hsa-let-7c,hsa-mir-301a,hsa-mir-520d,hsa-mir-149,hsa-mir-512-1,hsa-mir-130b,hsa-mir-141,hsa-mir-218-1,hsa-mir-378c"
Disease,"Carcinoma, Gastric",55,0.2,1.82307692,2.07E-07,0.000116,2.73E-05,"hsa-mir-520b,hsa-mir-33b,hsa-mir-96,hsa-mir-133b,hsa-mir-124-2,hsa-mir-224,hsa-mir-203b,hsa-mir-125b-1,hsa-mir-100,hsa-mir-210,hsa-mir-99a,hsa-mir-383,hsa-mir-124-3,hsa-mir-1-2,hsa-mir-519c,hsa-mir-524,hsa-mir-7-1,hsa-mir-135b,hsa-mir-519a-2,hsa-mir-7-3,hsa-mir-429,hsa-mir-1-1,hsa-mir-30a,hsa-mir-335,hsa-mir-206,hsa-mir-378a,hsa-mir-18a,hsa-mir-182,hsa-mir-133a-2,hsa-mir-192,hsa-mir-139,hsa-mir-520e,hsa-mir-940,hsa-mir-218-2,hsa-mir-675,hsa-mir-145,hsa-mir-125b-2,hsa-mir-183,hsa-mir-504,hsa-mir-939,hsa-mir-490,hsa-mir-143,hsa-mir-425,hsa-mir-133a-1,hsa-mir-483,hsa-let-7c,hsa-mir-301a,hsa-mir-520d,hsa-mir-519a-1,hsa-mir-149,hsa-mir-130b,hsa-mir-124-1,hsa-mir-141,hsa-mir-218-1,hsa-mir-378c"
Disease,"Carcinoma, Bladder",32,0.26666667,2.43076923,2.48E-07,0.000139,2.94E-05,"hsa-mir-96,hsa-mir-489,hsa-mir-133b,hsa-mir-124-2,hsa-mir-224,hsa-mir-125b-1,hsa-mir-100,hsa-mir-210,hsa-mir-99a,hsa-mir-124-3,hsa-mir-1-2,hsa-mir-1180,hsa-mir-335,hsa-mir-1-1,hsa-mir-182,hsa-mir-133a-2,hsa-mir-195,hsa-mir-192,hsa-mir-139,hsa-mir-218-2,hsa-mir-145,hsa-mir-125b-2,hsa-mir-183,hsa-mir-490,hsa-mir-143,hsa-mir-133a-1,hsa-let-7c,hsa-mir-130b,hsa-mir-124-1,hsa-mir-518e,hsa-mir-141,hsa-mir-218-1"
Disease,Breast Neoplasms,36,0.24324324,2.21725572,4.69E-07,0.000262,5.06E-05,"hsa-mir-96,hsa-mir-133b,hsa-mir-124-2,hsa-mir-125b-1,hsa-mir-345,hsa-mir-516a-2,hsa-mir-210,hsa-mir-383,hsa-mir-124-3,hsa-mir-1-2,hsa-mir-519c,hsa-mir-7-1,hsa-mir-135b,hsa-mir-7-3,hsa-mir-429,hsa-mir-30a,hsa-mir-1-1,hsa-mir-335,hsa-mir-206,hsa-mir-18a,hsa-mir-182,hsa-mir-133a-2,hsa-mir-195,hsa-mir-516a-1,hsa-mir-218-2,hsa-mir-145,hsa-mir-125b-2,hsa-mir-183,hsa-mir-520a,hsa-mir-143,hsa-mir-133a-1,hsa-mir-149,hsa-mir-124-1,hsa-mir-141,hsa-mir-218-1,hsa-mir-520h"
Disease,Glioblastoma,39,0.23076923,2.1035503,6.08E-07,0.000339,6.00E-05,"hsa-mir-522,hsa-mir-133b,hsa-mir-124-2,hsa-mir-224,hsa-mir-203b,hsa-mir-125b-1,hsa-mir-100,hsa-mir-210,hsa-mir-124-3,hsa-mir-1-2,hsa-mir-524,hsa-mir-147b,hsa-mir-7-1,hsa-mir-135b,hsa-mir-612,hsa-mir-7-3,hsa-mir-429,hsa-mir-520f,hsa-mir-30a,hsa-mir-1-1,hsa-mir-206,hsa-mir-18a,hsa-mir-182,hsa-mir-195,hsa-mir-139,hsa-mir-518b,hsa-mir-218-2,hsa-mir-145,hsa-mir-125b-2,hsa-mir-504,hsa-mir-143,hsa-mir-425,hsa-let-7c,hsa-mir-149,hsa-mir-130b,hsa-mir-3189,hsa-mir-124-1,hsa-mir-218-1,hsa-mir-1247"
Disease,Gestational Trophoblastic Disease,9,0.69230769,6.31065089,8.67E-07,0.000484,7.90E-05,"hsa-mir-516a-2,hsa-mir-516a-1,hsa-mir-517a,hsa-mir-517b,hsa-mir-517c,hsa-mir-518b,hsa-mir-520h,hsa-mir-520a,hsa-mir-525"
Disease,"Carcinoma, Pancreatic",38,0.22891566,2.08665431,1.13E-06,0.00063,9.56E-05,"hsa-mir-96,hsa-mir-489,hsa-mir-124-2,hsa-mir-100,hsa-mir-345,hsa-mir-210,hsa-mir-99a,hsa-mir-124-3,hsa-mir-7-1,hsa-mir-135b,hsa-mir-7-3,hsa-mir-429,hsa-mir-30a,hsa-mir-335,hsa-mir-206,hsa-mir-18a,hsa-mir-182,hsa-mir-133a-2,hsa-mir-4787,hsa-mir-195,hsa-mir-192,hsa-mir-33a,hsa-mir-139,hsa-mir-940,hsa-mir-301b,hsa-mir-218-2,hsa-mir-145,hsa-mir-183,hsa-mir-143,hsa-mir-133a-1,hsa-mir-483,hsa-let-7c,hsa-mir-301a,hsa-mir-130b,hsa-mir-124-1,hsa-mir-141,hsa-mir-218-1,hsa-mir-1247"
Disease,"Muscular Dystrophy, Duchenne",6,1,9.11538462,1.57E-06,0.000876,0.000124,"hsa-mir-1-1,hsa-mir-133a-2,hsa-mir-206,hsa-mir-133a-1,hsa-mir-1-2,hsa-mir-133b"
Disease,"Squamous Cell Carcinoma, Esophageal",34,0.23943662,2.18255688,1.64E-06,0.000916,0.000122,"hsa-mir-33b,hsa-mir-526b,hsa-mir-133b,hsa-mir-224,hsa-mir-203b,hsa-mir-100,hsa-mir-383,hsa-mir-1-2,hsa-mir-7-1,hsa-mir-7-3,hsa-mir-335,hsa-mir-1-1,hsa-mir-18a,hsa-mir-133a-2,hsa-mir-195,hsa-mir-518c,hsa-mir-139,hsa-mir-518a-1,hsa-mir-518b,hsa-mir-518a-2,hsa-mir-218-2,hsa-mir-518f,hsa-mir-145,hsa-mir-183,hsa-mir-520a,hsa-mir-939,hsa-mir-143,hsa-mir-133a-1,hsa-mir-483,hsa-let-7c,hsa-mir-130b,hsa-mir-124-1,hsa-mir-518e,hsa-mir-218-1"
Disease,"Carcinoma, Breast",60,0.17241379,1.57161804,1.72E-06,0.00096,0.00012,"hsa-mir-33b,hsa-mir-125b-1,hsa-mir-345,hsa-mir-124-3,hsa-mir-135b,hsa-mir-18a,hsa-mir-3923,hsa-mir-671,hsa-mir-708,hsa-mir-183,hsa-mir-939,hsa-mir-130b,hsa-mir-520c,hsa-mir-224,hsa-mir-210,hsa-mir-99a,hsa-mir-1-2,hsa-mir-7-1,hsa-mir-429,hsa-mir-335,hsa-mir-1-1,hsa-mir-133a-2,hsa-mir-195,hsa-mir-33a,hsa-mir-940,hsa-mir-105-2,hsa-let-7c,hsa-mir-301a,hsa-mir-1258,hsa-mir-378c,hsa-mir-96,hsa-mir-489,hsa-mir-133b,hsa-mir-203b,hsa-mir-100,hsa-mir-3200,hsa-mir-30a,hsa-mir-206,hsa-mir-378a,hsa-mir-182,hsa-mir-139,hsa-mir-145,hsa-mir-125b-2,hsa-mir-143,hsa-mir-149,hsa-mir-124-1,hsa-mir-141,hsa-mir-218-1,hsa-mir-526b,hsa-mir-124-2,hsa-mir-519a-2,hsa-mir-7-3,hsa-mir-105-1,hsa-mir-192,hsa-mir-218-2,hsa-mir-651,hsa-mir-675,hsa-mir-133a-1,hsa-mir-519a-1,hsa-mir-520h"
Disease,Bladder Neoplasms,15,0.40540541,3.6954262,2.10E-06,0.00117,0.000131,"hsa-mir-708,hsa-mir-133a-1,hsa-mir-133b,hsa-mir-1224,hsa-mir-149,hsa-mir-203b,hsa-mir-125b-1,hsa-mir-1-1,hsa-mir-145,hsa-mir-125b-2,hsa-mir-133a-2,hsa-mir-210,hsa-mir-99a,hsa-mir-1-2,hsa-mir-143"
Disease,Aortic Aneurysm,8,0.72727273,6.62937063,2.13E-06,0.00119,0.000126,"hsa-mir-1-1,hsa-mir-195,hsa-mir-1-2,hsa-mir-125b-1,hsa-mir-145,hsa-mir-378a,hsa-mir-125b-2,hsa-mir-143"
Disease,Glioma,43,0.20673077,1.88443047,3.64E-06,0.00203,0.000205,"hsa-mir-584,hsa-mir-96,hsa-mir-133b,hsa-mir-124-2,hsa-mir-1224,hsa-mir-203b,hsa-mir-125b-1,hsa-mir-767,hsa-mir-210,hsa-mir-124-3,hsa-mir-383,hsa-mir-524,hsa-mir-7-1,hsa-mir-135b,hsa-mir-7-3,hsa-mir-429,hsa-mir-30a,hsa-mir-335,hsa-mir-105-1,hsa-mir-378a,hsa-mir-18a,hsa-mir-182,hsa-mir-133a-2,hsa-mir-195,hsa-mir-372,hsa-mir-33a,hsa-mir-139,hsa-mir-105-2,hsa-mir-218-2,hsa-mir-675,hsa-mir-145,hsa-mir-125b-2,hsa-mir-183,hsa-mir-504,hsa-mir-143,hsa-mir-425,hsa-mir-133a-1,hsa-mir-149,hsa-mir-130b,hsa-mir-124-1,hsa-mir-520c,hsa-mir-141,hsa-mir-218-1"
Disease,"Carcinoma, Adrenocortical",13,0.43333333,3.95,4.37E-06,0.00244,0.000236,"hsa-mir-139,hsa-mir-483,hsa-mir-7-3,hsa-mir-203b,hsa-mir-125b-1,hsa-mir-335,hsa-mir-145,hsa-mir-100,hsa-mir-125b-2,hsa-mir-210,hsa-mir-195,hsa-mir-192,hsa-mir-7-1"
Disease,Congenital Heart Diseases,11,0.5,4.55769231,4.53E-06,0.00253,0.000234,"hsa-mir-518a-1,hsa-mir-133a-1,hsa-mir-96,hsa-mir-518a-2,hsa-mir-1-1,hsa-mir-518f,hsa-mir-518e,hsa-mir-133a-2,hsa-mir-195,hsa-mir-1-2,hsa-mir-143"
Disease,Hypertension,15,0.38461538,3.50591716,4.63E-06,0.00258,0.000229,"hsa-mir-425,hsa-mir-584,hsa-mir-527,hsa-mir-139,hsa-mir-135b,hsa-mir-133a-1,hsa-mir-105-2,hsa-mir-30a,hsa-mir-1-1,hsa-mir-1283-2,hsa-mir-518e,hsa-mir-105-1,hsa-mir-133a-2,hsa-mir-1-2,hsa-mir-1283-1"
Disease,Down Syndrome,8,0.66666667,6.07692308,5.80E-06,0.00324,0.000275,"hsa-mir-99a,hsa-mir-518a-1,hsa-mir-518f,hsa-mir-96,hsa-mir-518a-2,hsa-let-7c,hsa-mir-518e,hsa-mir-125b-2"
Disease,"Carcinoma, Lung. Non-Small-Cell",44,0.20091324,1.83140148,6.18E-06,0.00345,0.000282,"hsa-mir-489,hsa-mir-124-2,hsa-mir-203b,hsa-mir-125b-1,hsa-mir-210,hsa-mir-99a,hsa-mir-124-3,hsa-mir-1-2,hsa-mir-7-1,hsa-mir-135b,hsa-mir-7-3,hsa-mir-429,hsa-mir-1-1,hsa-mir-30a,hsa-mir-378a,hsa-mir-18a,hsa-mir-182,hsa-mir-133a-2,hsa-mir-195,hsa-mir-192,hsa-mir-372,hsa-mir-139,hsa-mir-33a,hsa-mir-708,hsa-mir-520e,hsa-mir-301b,hsa-mir-218-2,hsa-mir-675,hsa-mir-145,hsa-mir-125b-2,hsa-mir-512-2,hsa-mir-520a,hsa-mir-939,hsa-mir-143,hsa-mir-133a-1,hsa-mir-483,hsa-let-7c,hsa-mir-301a,hsa-mir-149,hsa-mir-512-1,hsa-mir-124-1,hsa-mir-141,hsa-mir-218-1,hsa-mir-378c"
Disease,Distal Myopathy,5,1,9.11538462,1.48E-05,0.00827,0.000627,"hsa-mir-1-2,hsa-mir-206,hsa-mir-1-1,hsa-mir-133a-2,hsa-mir-133a-1"
Disease,Musculoskeletal Abnormalities [unspecific],5,1,9.11538462,1.48E-05,0.00827,0.000627,"hsa-mir-1-2,hsa-mir-206,hsa-mir-1-1,hsa-mir-133a-2,hsa-mir-133a-1"
Disease,Ventricular Tachycardia,5,1,9.11538462,1.48E-05,0.00827,0.000627,"hsa-mir-1-2,hsa-mir-1-1,hsa-mir-133a-2,hsa-mir-133b,hsa-mir-133a-1"
Disease,"Carcinoma, Ovarian",39,0.20103093,1.83247423,2.64E-05,0.0147,0.000868,"hsa-mir-96,hsa-mir-133b,hsa-mir-489,hsa-mir-224,hsa-mir-203b,hsa-mir-125b-1,hsa-mir-100,hsa-mir-210,hsa-mir-99a,hsa-mir-383,hsa-mir-1-2,hsa-mir-517a,hsa-mir-7-1,hsa-mir-135b,hsa-mir-7-3,hsa-mir-429,hsa-mir-30a,hsa-mir-1-1,hsa-mir-335,hsa-mir-206,hsa-mir-378a,hsa-mir-182,hsa-mir-133a-2,hsa-mir-195,hsa-mir-372,hsa-mir-708,hsa-mir-940,hsa-mir-145,hsa-mir-125b-2,hsa-mir-183,hsa-mir-939,hsa-mir-490,hsa-mir-143,hsa-mir-133a-1,hsa-mir-483,hsa-mir-149,hsa-mir-130b,hsa-mir-141,hsa-mir-378c"
Disease,"Cardiomyopathy, Hypertrophic",17,0.30909091,2.81748252,3.15E-05,0.0176,0.000982,"hsa-mir-708,hsa-mir-133a-1,hsa-mir-96,hsa-mir-489,hsa-mir-133b,hsa-mir-125b-1,hsa-mir-30a,hsa-mir-1-1,hsa-mir-145,hsa-mir-125b-2,hsa-mir-133a-2,hsa-mir-195,hsa-mir-99a,hsa-mir-383,hsa-mir-1-2,hsa-mir-192,hsa-mir-143"
Disease,Osteosarcoma,35,0.20467836,1.865722,5.34E-05,0.0298,0.00158,"hsa-mir-33b,hsa-mir-133b,hsa-mir-124-2,hsa-mir-224,hsa-mir-203b,hsa-mir-125b-1,hsa-mir-100,hsa-mir-210,hsa-mir-124-3,hsa-mir-1-2,hsa-mir-7-1,hsa-mir-135b,hsa-mir-7-3,hsa-mir-429,hsa-mir-335,hsa-mir-1-1,hsa-mir-206,hsa-mir-182,hsa-mir-133a-2,hsa-mir-195,hsa-mir-192,hsa-mir-33a,hsa-mir-218-2,hsa-mir-145,hsa-mir-125b-2,hsa-mir-183,hsa-mir-490,hsa-mir-143,hsa-mir-133a-1,hsa-mir-301a,hsa-mir-130b,hsa-mir-124-1,hsa-mir-141,hsa-mir-218-1,hsa-mir-1247"
Disease,"Adenocarcinoma, Lung",24,0.23762376,2.16603199,9.06E-05,0.0505,0.00256,"hsa-mir-520b,hsa-mir-33b,hsa-mir-133b,hsa-mir-224,hsa-mir-203b,hsa-mir-210,hsa-mir-99a,hsa-mir-7-1,hsa-mir-7-3,hsa-mir-206,hsa-mir-18a,hsa-mir-182,hsa-mir-133a-2,hsa-mir-195,hsa-mir-192,hsa-mir-145,hsa-mir-512-2,hsa-mir-183,hsa-mir-133a-1,hsa-mir-483,hsa-mir-519a-1,hsa-mir-149,hsa-mir-512-1,hsa-mir-218-1"
Disease,Diabetic Nephropathy,10,0.41666667,3.79807692,9.23E-05,0.0515,0.00254,"hsa-mir-124-2,hsa-mir-218-2,hsa-mir-130b,hsa-mir-125b-1,hsa-mir-30a,hsa-mir-124-1,hsa-mir-125b-2,hsa-mir-218-1,hsa-mir-23c,hsa-mir-124-3"
Disease,Retinal Degeneration,6,0.66666667,6.07692308,9.94E-05,0.0555,0.00268,"hsa-mir-183,hsa-mir-1-1,hsa-mir-1-2,hsa-mir-96,hsa-mir-133b,hsa-mir-182"
Disease,Long QT Syndrome,4,1,9.11538462,0.000139,0.0775,0.00366,"hsa-mir-1-2,hsa-mir-1-1,hsa-mir-133a-2,hsa-mir-133a-1"
Disease,Toxic Epidermal Necrolysis,4,1,9.11538462,0.000139,0.0775,0.00366,"hsa-mir-124-2,hsa-mir-124-1,hsa-mir-18a,hsa-mir-124-3"
Disease,"Carcinoma, Cervical",29,0.21014493,1.91555184,0.000171,0.0954,0.00431,"hsa-mir-96,hsa-mir-124-2,hsa-mir-224,hsa-mir-203b,hsa-mir-125b-1,hsa-mir-100,hsa-mir-99a,hsa-mir-124-3,hsa-mir-135b,hsa-mir-429,hsa-mir-335,hsa-mir-206,hsa-mir-18a,hsa-mir-182,hsa-mir-133a-2,hsa-mir-195,hsa-mir-33a,hsa-mir-139,hsa-mir-218-2,hsa-mir-145,hsa-mir-125b-2,hsa-mir-183,hsa-mir-143,hsa-mir-425,hsa-mir-133a-1,hsa-mir-124-1,hsa-mir-141,hsa-mir-218-1,hsa-mir-520h"
Disease,Preeclampsia,19,0.25675676,2.34043659,0.000182,0.1016,0.0045,"hsa-mir-135b,hsa-mir-301a,hsa-mir-133b,hsa-mir-224,hsa-mir-149,hsa-mir-203b,hsa-mir-125b-1,hsa-mir-335,hsa-mir-1301,hsa-mir-206,hsa-mir-517b,hsa-mir-517c,hsa-mir-518e,hsa-mir-125b-2,hsa-mir-18a,hsa-mir-182,hsa-mir-210,hsa-mir-195,hsa-mir-517a"
Disease,"Carcinoma, Renal Cell",26,0.21848739,1.99159664,0.000203,0.1135,0.00492,"hsa-mir-96,hsa-mir-489,hsa-mir-133b,hsa-mir-124-2,hsa-mir-224,hsa-mir-210,hsa-mir-124-3,hsa-mir-3065,hsa-mir-7-1,hsa-mir-7-3,hsa-mir-429,hsa-mir-30a,hsa-mir-206,hsa-mir-378a,hsa-mir-182,hsa-mir-195,hsa-mir-372,hsa-mir-218-2,hsa-mir-145,hsa-mir-183,hsa-mir-143,hsa-let-7c,hsa-mir-124-1,hsa-mir-141,hsa-mir-218-1,hsa-mir-378c"
Disease,"Muscular Dystrophy, Facioscapulohumeral",8,0.44444444,4.05128205,0.000288,0.1606,0.00682,"hsa-mir-1-1,hsa-mir-133a-2,hsa-mir-206,hsa-mir-133a-1,hsa-mir-1-2,hsa-mir-517a,hsa-mir-517b,hsa-mir-517c"
Disease,Myotonic Muscular Dystrophy,7,0.5,4.55769231,0.00029,0.1621,0.00675,"hsa-mir-335,hsa-mir-1-1,hsa-mir-133a-2,hsa-mir-206,hsa-mir-133a-1,hsa-mir-1-2,hsa-mir-133b"
Disease,Habitual Abortion,7,0.5,4.55769231,0.00029,0.1621,0.00675,"hsa-mir-522,hsa-mir-519a-1,hsa-mir-520f,hsa-mir-149,hsa-mir-517c,hsa-mir-520h,hsa-mir-125b-2"
Disease,"Adenocarcinoma, Colon",9,0.39130435,3.56688963,0.000376,0.2098,0.00841,"hsa-mir-135b,hsa-mir-96,hsa-mir-224,hsa-mir-429,hsa-mir-30a,hsa-mir-4510,hsa-mir-145,hsa-mir-18a,hsa-mir-182"
Disease,Lung Neoplasms,24,0.21818182,1.98881119,0.000384,0.214,0.00842,"hsa-mir-133b,hsa-mir-124-2,hsa-mir-224,hsa-mir-203b,hsa-mir-125b-1,hsa-mir-210,hsa-mir-124-3,hsa-mir-1-2,hsa-mir-30a,hsa-mir-1-1,hsa-mir-206,hsa-mir-18a,hsa-mir-182,hsa-mir-192,hsa-mir-33a,hsa-mir-218-2,hsa-mir-145,hsa-mir-125b-2,hsa-mir-183,hsa-mir-143,hsa-let-7c,hsa-mir-1258,hsa-mir-124-1,hsa-mir-218-1"
Disease,Myelodysplastic Syndromes,10,0.35714286,3.25549451,0.000419,0.2337,0.00903,"hsa-mir-124-2,hsa-mir-125b-1,hsa-mir-1-1,hsa-mir-124-1,hsa-mir-145,hsa-mir-378a,hsa-mir-125b-2,hsa-mir-124-3,hsa-mir-1-2,hsa-mir-378c"
Disease,Melanoma,27,0.20454545,1.86451049,0.000487,0.2716,0.0103,"hsa-mir-33b,hsa-mir-124-2,hsa-mir-224,hsa-mir-203b,hsa-mir-125b-1,hsa-mir-767,hsa-mir-210,hsa-mir-124-3,hsa-mir-524,hsa-mir-429,hsa-mir-30a,hsa-mir-206,hsa-mir-378a,hsa-mir-182,hsa-mir-33a,hsa-mir-218-2,hsa-mir-145,hsa-mir-125b-2,hsa-mir-183,hsa-mir-143,hsa-let-7c,hsa-mir-301a,hsa-mir-124-1,hsa-mir-520c,hsa-mir-141,hsa-mir-218-1,hsa-mir-378c"
Disease,"Carcinoma, Urothelial",7,0.46666667,4.25384615,0.000495,0.2763,0.0103,"hsa-mir-183,hsa-mir-30a,hsa-mir-99a,hsa-mir-96,hsa-mir-145,hsa-mir-100,hsa-mir-182"
Disease,Ovarian Neoplasms,23,0.21698113,1.97786647,0.000565,0.315,0.0115,"hsa-mir-133b,hsa-mir-224,hsa-mir-125b-1,hsa-mir-100,hsa-mir-516a-2,hsa-mir-99a,hsa-mir-383,hsa-mir-1-2,hsa-mir-135b,hsa-mir-429,hsa-mir-335,hsa-mir-1-1,hsa-mir-18a,hsa-mir-133a-2,hsa-mir-516a-1,hsa-mir-218-2,hsa-mir-145,hsa-mir-125b-2,hsa-mir-183,hsa-mir-133a-1,hsa-let-7c,hsa-mir-141,hsa-mir-218-1"
Disease,Heart Failure,25,0.20833333,1.89903846,0.000611,0.3409,0.0123,"hsa-mir-133b,hsa-mir-125b-1,hsa-mir-210,hsa-mir-1-2,hsa-mir-429,hsa-mir-30a,hsa-mir-1-1,hsa-mir-105-1,hsa-mir-378a,hsa-mir-182,hsa-mir-133a-2,hsa-mir-195,hsa-mir-192,hsa-mir-33a,hsa-mir-139,hsa-mir-105-2,hsa-mir-218-2,hsa-mir-145,hsa-mir-125b-2,hsa-mir-425,hsa-mir-133a-1,hsa-let-7c,hsa-mir-130b,hsa-mir-218-1,hsa-mir-378c"
Disease,Muscle Diseases [unspecific],5,0.625,5.69711538,0.00063,0.3513,0.0124,"hsa-mir-30a,hsa-mir-133a-2,hsa-mir-206,hsa-mir-133a-1,hsa-mir-133b"
Disease,Keratitis,4,0.8,7.29230769,0.000635,0.3546,0.0121,"hsa-mir-183,hsa-mir-96,hsa-mir-182,hsa-mir-145"
Disease,Medulloblastoma,10,0.33333333,3.03846154,0.00079,0.4408,0.0146,"hsa-mir-135b,hsa-mir-124-2,hsa-mir-125b-1,hsa-mir-30a,hsa-mir-124-1,hsa-mir-206,hsa-mir-125b-2,hsa-mir-18a,hsa-mir-124-3,hsa-mir-192"
Disease,Acute Megakaryoblastic Leukemia,3,1,9.11538462,0.00129,0.7216,0.0229,"hsa-mir-99a,hsa-mir-125b-2,hsa-mir-125b-1"
Disease,Nevus,3,1,9.11538462,0.00129,0.7216,0.0229,"hsa-mir-125b-1,hsa-mir-125b-2,hsa-let-7c"
Disease,"Adenocarcinoma, Esophageal",8,0.36363636,3.31468531,0.00143,0.7997,0.0223,"hsa-mir-671,hsa-mir-224,hsa-mir-149,hsa-mir-203b,hsa-mir-145,hsa-mir-378a,hsa-mir-210,hsa-mir-378c"
Disease,Hepatitis B Virus Infection,16,0.23880597,2.17680827,0.00147,0.8208,0.0226,"hsa-mir-425,hsa-mir-520b,hsa-let-7c,hsa-mir-124-2,hsa-mir-149,hsa-mir-218-2,hsa-mir-125b-1,hsa-mir-30a,hsa-mir-124-1,hsa-mir-125b-2,hsa-mir-18a,hsa-mir-141,hsa-mir-218-1,hsa-mir-99a,hsa-mir-124-3,hsa-mir-143"
Disease,"Leukemia, Biphenotypic, Acute",4,0.66666667,6.07692308,0.00174,0.9733,0.0265,"hsa-mir-584,hsa-mir-125b-1,hsa-mir-125b-2,hsa-mir-182"
Disease,Arteriosclerosis Obliterans,7,0.38888889,3.54487179,0.00184,1,0.0269,"hsa-mir-1-1,hsa-mir-1298,hsa-mir-133a-2,hsa-mir-133a-1,hsa-mir-1-2,hsa-mir-125b-1,hsa-mir-125b-2"
Disease,Rhabdomyosarcoma,7,0.38888889,3.54487179,0.00184,1,0.0269,"hsa-mir-1-1,hsa-mir-133a-2,hsa-mir-206,hsa-mir-133a-1,hsa-mir-1-2,hsa-mir-203b,hsa-mir-378a"
Disease,Mesial Temporal Lobe Epilepsy,7,0.38888889,3.54487179,0.00184,1,0.0269,"hsa-mir-218-1,hsa-mir-124-2,hsa-mir-124-1,hsa-mir-124-3,hsa-mir-218-2,hsa-mir-145,hsa-mir-143"
Disease,"Squamous Cell Carcinoma, Lung",8,0.34782609,3.17056856,0.002,1,0.0278,"hsa-mir-425,hsa-mir-133a-1,hsa-mir-218-2,hsa-mir-206,hsa-mir-182,hsa-mir-218-1,hsa-mir-183,hsa-mir-133a-2"
Disease,Polycystic Kidney Disease,6,0.42857143,3.90659341,0.00222,1,0.0303,"hsa-mir-1-1,hsa-mir-133a-2,hsa-mir-133a-1,hsa-mir-1-2,hsa-mir-133b,hsa-mir-143"
Disease,Sepsis,10,0.29411765,2.68099548,0.00234,1,0.0315,"hsa-mir-133a-1,hsa-mir-124-2,hsa-mir-30a,hsa-mir-124-1,hsa-mir-145,hsa-mir-182,hsa-mir-133a-2,hsa-mir-210,hsa-mir-124-3,hsa-mir-143"
Disease,Hematologic Neoplasms,10,0.29411765,2.68099548,0.00234,1,0.0315,"hsa-mir-124-2,hsa-mir-149,hsa-mir-378c,hsa-mir-125b-1,hsa-mir-124-1,hsa-mir-378a,hsa-mir-520c,hsa-mir-125b-2,hsa-mir-124-3,hsa-mir-372"
Disease,"Squamous Cell Carcinoma, Oral",18,0.21686747,1.9768304,0.00243,1,0.032,"hsa-mir-139,hsa-mir-133a-1,hsa-mir-133b,hsa-mir-124-2,hsa-mir-224,hsa-mir-143,hsa-mir-429,hsa-mir-218-2,hsa-mir-203b,hsa-mir-125b-1,hsa-mir-124-1,hsa-mir-145,hsa-mir-125b-2,hsa-mir-218-1,hsa-mir-133a-2,hsa-mir-210,hsa-mir-99a,hsa-mir-124-3"
Disease,Muscular Dystrophy,9,0.31034483,2.82891247,0.00258,1,0.0333,"hsa-mir-133a-1,hsa-let-7c,hsa-mir-30a,hsa-mir-1-1,hsa-mir-206,hsa-mir-145,hsa-mir-133a-2,hsa-mir-195,hsa-mir-1-2"
Disease,"Carcinoma, Renal Cell, Clear-Cell",14,0.24137931,2.20026525,0.00265,1,0.0338,"hsa-mir-425,hsa-mir-124-2,hsa-mir-429,hsa-mir-125b-1,hsa-mir-30a,hsa-mir-335,hsa-mir-1-1,hsa-mir-124-1,hsa-mir-145,hsa-mir-125b-2,hsa-mir-141,hsa-mir-210,hsa-mir-195,hsa-mir-124-3"
Disease,Acute Myocardial Infarction,12,0.26086957,2.37792642,0.00269,1,0.0339,"hsa-mir-133a-1,hsa-mir-133b,hsa-mir-124-2,hsa-mir-125b-1,hsa-mir-1-1,hsa-mir-124-1,hsa-mir-145,hsa-mir-125b-2,hsa-mir-133a-2,hsa-mir-99a,hsa-mir-124-3,hsa-mir-1-2"
Disease,"Leukemia, Lymphoblastic, Acute",8,0.33333333,3.03846154,0.00272,1,0.034,"hsa-mir-708,hsa-mir-124-2,hsa-mir-149,hsa-mir-124-1,hsa-mir-100,hsa-mir-18a,hsa-mir-99a,hsa-mir-124-3"
Disease,Endometriosis,11,0.26829268,2.44559099,0.00319,1,0.039,"hsa-mir-125b-1,hsa-mir-1-1,hsa-mir-145,hsa-mir-100,hsa-mir-125b-2,hsa-mir-141,hsa-mir-183,hsa-mir-99a,hsa-mir-195,hsa-mir-1-2,hsa-mir-143"
Disease,Aortic Stenosis,8,0.32,2.91692308,0.00364,1,0.0436,"hsa-mir-133a-1,hsa-mir-133b,hsa-mir-30a,hsa-mir-1-1,hsa-mir-133a-2,hsa-mir-210,hsa-mir-195,hsa-mir-1-2"
Disease,Cerebral Aneurysm,7,0.35,3.19038462,0.00371,1,0.044,"hsa-mir-1-1,hsa-mir-133a-2,hsa-mir-133a-1,hsa-mir-1-2,hsa-mir-145,hsa-mir-133b,hsa-mir-143"
Disease,Alzheimer's Disease,20,0.2,1.82307692,0.00389,1,0.0456,"hsa-mir-33b,hsa-mir-124-2,hsa-mir-125b-1,hsa-mir-937,hsa-mir-100,hsa-mir-124-3,hsa-mir-7-1,hsa-mir-7-3,hsa-mir-206,hsa-mir-195,hsa-mir-33a,hsa-mir-139,hsa-mir-708,hsa-mir-512-2,hsa-mir-125b-2,hsa-mir-143,hsa-mir-483,hsa-mir-301a,hsa-mir-512-1,hsa-mir-124-1"
Disease,"Carcinoma, Nasopharyngeal",22,0.19298246,1.75910931,0.00391,1,0.0454,"hsa-mir-124-2,hsa-mir-203b,hsa-mir-125b-1,hsa-mir-1323,hsa-mir-124-3,hsa-mir-1-2,hsa-mir-30a,hsa-mir-1-1,hsa-mir-378a,hsa-mir-18a,hsa-mir-195,hsa-mir-372,hsa-mir-940,hsa-mir-145,hsa-mir-125b-2,hsa-mir-183,hsa-mir-504,hsa-mir-143,hsa-mir-483,hsa-let-7c,hsa-mir-124-1,hsa-mir-378c"
Disease,"Carcinoma, Oral",10,0.27027027,2.46361746,0.00465,1,0.0525,"hsa-mir-139,hsa-mir-135b,hsa-mir-124-2,hsa-mir-203b,hsa-mir-124-1,hsa-mir-145,hsa-mir-518c,hsa-mir-124-3,hsa-mir-520h,hsa-mir-372"
Disease,Fatty Liver [unspecific],3,0.75,6.83653846,0.00476,1,0.0532,"hsa-mir-1224,hsa-mir-182,hsa-mir-183"
Disease,Hyperactivity Disorder,3,0.75,6.83653846,0.00476,1,0.0532,"hsa-mir-96,hsa-mir-182,hsa-mir-183"
Disease,Pain[unspecific],3,0.75,6.83653846,0.00476,1,0.0532,"hsa-mir-96,hsa-mir-183,hsa-mir-182"
Disease,"Systemic Lupus Erythematosus, With Pericarditis",3,0.75,6.83653846,0.00476,1,0.0532,"hsa-mir-516a-2,hsa-mir-525,hsa-mir-516a-1"
Disease,"Colitis, Ulcerative",8,0.30769231,2.80473373,0.00478,1,0.0506,"hsa-mir-124-2,hsa-mir-429,hsa-mir-335,hsa-mir-124-1,hsa-mir-18a,hsa-mir-141,hsa-mir-195,hsa-mir-124-3"
Disease,"Tuberculosis, Pulmonary",8,0.30769231,2.80473373,0.00478,1,0.0506,"hsa-mir-124-2,hsa-mir-149,hsa-mir-125b-1,hsa-mir-124-1,hsa-mir-206,hsa-mir-125b-2,hsa-mir-124-3,hsa-mir-192"
Disease,Allergy,7,0.33333333,3.03846154,0.00507,1,0.0527,"hsa-mir-124-2,hsa-mir-124-1,hsa-mir-210,hsa-mir-124-3,hsa-mir-301a,hsa-mir-615,hsa-mir-145"
Disease,Prostate Neoplasms,16,0.21333333,1.94461538,0.00511,1,0.0527,"hsa-mir-135b,hsa-mir-521-1,hsa-mir-133b,hsa-mir-105-2,hsa-mir-521-2,hsa-mir-130b,hsa-mir-203b,hsa-mir-125b-1,hsa-mir-145,hsa-mir-105-1,hsa-mir-100,hsa-mir-125b-2,hsa-mir-182,hsa-mir-520c,hsa-mir-99a,hsa-mir-143"
Disease,Coronary Heart Diseases,13,0.23214286,2.11607143,0.00545,1,0.0557,"hsa-mir-133a-1,hsa-mir-526b,hsa-mir-224,hsa-mir-149,hsa-mir-125b-1,hsa-mir-1-1,hsa-mir-206,hsa-mir-145,hsa-mir-125b-2,hsa-mir-18a,hsa-mir-133a-2,hsa-mir-1-2,hsa-mir-939"
Disease,"Adenocarcinoma, Gastric",10,0.26315789,2.39878543,0.00573,1,0.058,"hsa-mir-671,hsa-mir-483,hsa-mir-96,hsa-let-7c,hsa-mir-203b,hsa-mir-125b-1,hsa-mir-145,hsa-mir-100,hsa-mir-125b-2,hsa-mir-143"
Disease,"Carcinoma, Gallbladder",8,0.2962963,2.7008547,0.00617,1,0.062,"hsa-mir-125b-1,hsa-mir-335,hsa-mir-1-1,hsa-mir-145,hsa-mir-125b-2,hsa-mir-182,hsa-mir-1-2,hsa-mir-143"
Disease,Kaposi's Sarcoma,8,0.2962963,2.7008547,0.00617,1,0.062,"hsa-mir-708,hsa-let-7c,hsa-mir-149,hsa-mir-1258,hsa-mir-335,hsa-mir-100,hsa-mir-23c,hsa-mir-99a"
Disease,"Leukemia, Lymphoblastic, Acute, Childhood",5,0.41666667,3.79807692,0.00618,1,0.061,"hsa-mir-210,hsa-mir-99a,hsa-mir-125b-1,hsa-mir-100,hsa-mir-125b-2"
Disease,Intrahepatic Cholangiocarcinoma,7,0.31818182,2.90034965,0.00676,1,0.0662,"hsa-mir-483,hsa-mir-96,hsa-mir-1-1,hsa-mir-675,hsa-mir-145,hsa-mir-195,hsa-mir-1-2"
Disease,Crohn Disease,9,0.27272727,2.48601399,0.00677,1,0.0647,"hsa-mir-301a,hsa-mir-124-2,hsa-mir-149,hsa-mir-124-1,hsa-mir-18a,hsa-mir-141,hsa-mir-99a,hsa-mir-124-3,hsa-mir-192"
Disease,"Leukemia, Myeloid, Acute",22,0.18487395,1.68519716,0.00679,1,0.0644,"hsa-mir-96,hsa-mir-124-2,hsa-mir-224,hsa-mir-203b,hsa-mir-125b-1,hsa-mir-210,hsa-mir-124-3,hsa-mir-519c,hsa-mir-7-1,hsa-mir-519a-2,hsa-mir-7-3,hsa-mir-30a,hsa-mir-335,hsa-mir-378a,hsa-mir-18a,hsa-mir-301b,hsa-mir-125b-2,hsa-let-7c,hsa-mir-519a-1,hsa-mir-149,hsa-mir-124-1,hsa-mir-378c"
Disease,Arrhythmia,4,0.5,4.55769231,0.00682,1,0.0641,"hsa-mir-1-1,hsa-mir-133a-2,hsa-mir-133a-1,hsa-mir-1-2"
Disease,Cardiovascular Diseases [unspecific],14,0.21875,1.99399038,0.00697,1,0.0645,"hsa-mir-425,hsa-mir-33a,hsa-mir-133a-1,hsa-mir-33b,hsa-mir-149,hsa-mir-1-1,hsa-mir-145,hsa-mir-100,hsa-mir-378a,hsa-mir-133a-2,hsa-mir-210,hsa-mir-99a,hsa-mir-1-2,hsa-mir-143"
Disease,"Carcinoma, Endometrial",13,0.22413793,2.04310345,0.00749,1,0.0688,"hsa-mir-135b,hsa-let-7c,hsa-mir-429,hsa-mir-203b,hsa-mir-218-2,hsa-mir-125b-1,hsa-mir-1-1,hsa-mir-145,hsa-mir-125b-2,hsa-mir-182,hsa-mir-141,hsa-mir-218-1,hsa-mir-1-2"
Disease,Rhinosinusitis,5,0.38461538,3.50591716,0.00916,1,0.0829,"hsa-mir-124-2,hsa-mir-124-1,hsa-mir-124-3,hsa-mir-125b-1,hsa-mir-125b-2"
Disease,Hepatitis C Virus Infection,17,0.1954023,1.78116711,0.00998,1,0.0889,"hsa-mir-522,hsa-mir-96,hsa-mir-133b,hsa-mir-124-2,hsa-mir-224,hsa-mir-125b-1,hsa-mir-99a,hsa-mir-124-3,hsa-mir-30a,hsa-mir-182,hsa-mir-195,hsa-mir-192,hsa-mir-651,hsa-mir-145,hsa-mir-125b-2,hsa-let-7c,hsa-mir-124-1"
Disease,Choriocarcinoma,13,0.21666667,1.975,0.0101,1,0.0892,"hsa-mir-133a-1,hsa-mir-429,hsa-mir-218-2,hsa-mir-203b,hsa-mir-145,hsa-mir-182,hsa-mir-218-1,hsa-mir-183,hsa-mir-133a-2,hsa-mir-210,hsa-mir-195,hsa-mir-192,hsa-mir-143"
Disease,Cholangiocarcinoma,9,0.25714286,2.34395604,0.0102,1,0.0899,"hsa-mir-483,hsa-mir-96,hsa-mir-224,hsa-mir-429,hsa-mir-203b,hsa-mir-1-1,hsa-mir-141,hsa-mir-1-2,hsa-mir-192"
Disease,Reflux Esophagitis,3,0.6,5.46923077,0.0109,1,0.0953,"hsa-mir-192,hsa-mir-145,hsa-mir-143"
Disease,Pediatric Astrocytoma,3,0.6,5.46923077,0.0109,1,0.0953,"hsa-mir-124-2,hsa-mir-124-1,hsa-mir-124-3"
Disease,"Stroke, Hemorrhagic",3,0.6,5.46923077,0.0109,1,0.0953,"hsa-mir-124-2,hsa-mir-124-1,hsa-mir-124-3"
Disease,Esophageal Neoplasms,4,0.44444444,4.05128205,0.0112,1,0.0938,"hsa-mir-203b,hsa-mir-145,hsa-mir-141,hsa-mir-143"
Disease,Amyotrophic Lateral Sclerosis,4,0.44444444,4.05128205,0.0112,1,0.0938,"hsa-mir-206,hsa-mir-125b-1,hsa-mir-125b-2,hsa-mir-141"
Disease,"Squamous Cell Carcinoma, Head and Neck",11,0.22916667,2.08894231,0.0116,1,0.0953,"hsa-mir-147b,hsa-mir-934,hsa-mir-30a,hsa-mir-1-1,hsa-mir-206,hsa-mir-675,hsa-mir-182,hsa-mir-141,hsa-mir-210,hsa-mir-1-2,hsa-mir-372"
Disease,Pulmonary Hypertension,9,0.25,2.27884615,0.0124,1,0.0919,"hsa-mir-96,hsa-mir-124-2,hsa-mir-130b,hsa-mir-124-1,hsa-mir-206,hsa-mir-145,hsa-mir-210,hsa-mir-124-3,hsa-mir-143"
Disease,Gastrointestinal Neoplasms,16,0.19512195,1.77861163,0.0126,1,0.0926,"hsa-mir-139,hsa-mir-7-1,hsa-mir-133b,hsa-mir-7-3,hsa-mir-218-2,hsa-mir-130b,hsa-mir-335,hsa-mir-145,hsa-mir-100,hsa-mir-378a,hsa-mir-18a,hsa-mir-141,hsa-mir-218-1,hsa-mir-210,hsa-mir-195,hsa-mir-378c"
Disease,Essential Hypertension,6,0.31578947,2.87854251,0.0126,1,0.0923,"hsa-mir-1-1,hsa-mir-133a-2,hsa-mir-133a-1,hsa-mir-1-2,hsa-mir-483,hsa-let-7c"
Disease,Cervical Neoplasms,6,0.31578947,2.87854251,0.0126,1,0.0923,"hsa-mir-218-1,hsa-mir-218-2,hsa-mir-125b-1,hsa-mir-145,hsa-mir-125b-2,hsa-mir-143"
Disease,Alcoholic Hepatitis,4,0.4,3.64615385,0.0172,1,0.1218,"hsa-mir-30a,hsa-mir-483,hsa-mir-192,hsa-mir-182"
Disease,Carotid Atherosclerosis,4,0.4,3.64615385,0.0172,1,0.1218,"hsa-mir-133a-2,hsa-mir-133a-1,hsa-mir-145,hsa-mir-100"
Disease,Heart Diseases [unspecific],9,0.23684211,2.15890688,0.0177,1,0.1244,"hsa-mir-516a-1,hsa-mir-133a-1,hsa-mir-301a,hsa-mir-133b,hsa-mir-1-1,hsa-mir-100,hsa-mir-516a-2,hsa-mir-133a-2,hsa-mir-1-2"
Disease,Inflammatory Bowel Diseases,8,0.25,2.27884615,0.0182,1,0.1261,"hsa-mir-301a,hsa-mir-124-2,hsa-mir-125b-1,hsa-mir-124-1,hsa-mir-206,hsa-mir-125b-2,hsa-mir-18a,hsa-mir-124-3"
Disease,Obesity,11,0.21568627,1.96606335,0.0183,1,0.1258,"hsa-mir-425,hsa-mir-33a,hsa-mir-33b,hsa-mir-483,hsa-mir-130b,hsa-mir-30a,hsa-mir-335,hsa-mir-378a,hsa-mir-210,hsa-mir-378c,hsa-mir-143"
Disease,Retinoblastoma,10,0.22222222,2.02564103,0.0197,1,0.135,"hsa-let-7c,hsa-mir-124-2,hsa-mir-218-2,hsa-mir-125b-1,hsa-mir-124-1,hsa-mir-125b-2,hsa-mir-18a,hsa-mir-218-1,hsa-mir-183,hsa-mir-124-3"
Disease,Cervical Dysplasia,3,0.5,4.55769231,0.0201,1,0.1371,"hsa-mir-125b-2,hsa-mir-125b-1,hsa-mir-143"
Disease,Nephrosclerosis,3,0.5,4.55769231,0.0201,1,0.1371,"hsa-mir-429,hsa-mir-192,hsa-mir-141"
Disease,Essential Thrombocythemia,3,0.5,4.55769231,0.0201,1,0.1371,"hsa-mir-203b,hsa-mir-125b-1,hsa-mir-125b-2"
Disease,Chondrosarcoma,6,0.28571429,2.6043956,0.021,1,0.1405,"hsa-mir-30a,hsa-mir-206,hsa-mir-518b,hsa-mir-145,hsa-mir-100,hsa-mir-141"
Disease,Psoriasis,8,0.24242424,2.20979021,0.0218,1,0.1446,"hsa-mir-33a,hsa-mir-33b,hsa-mir-203b,hsa-mir-125b-1,hsa-mir-125b-2,hsa-mir-210,hsa-mir-99a,hsa-mir-143"
Disease,Epilepsy,7,0.25925926,2.36324786,0.022,1,0.145,"hsa-mir-139,hsa-mir-301a,hsa-mir-124-2,hsa-mir-30a,hsa-mir-124-1,hsa-mir-124-3,hsa-mir-4446"
Disease,"Carcinoma, Esophageal",13,0.1969697,1.79545455,0.0223,1,0.1457,"hsa-mir-133a-1,hsa-mir-483,hsa-mir-96,hsa-mir-429,hsa-mir-218-2,hsa-mir-203b,hsa-mir-145,hsa-mir-141,hsa-mir-218-1,hsa-mir-183,hsa-mir-133a-2,hsa-mir-192,hsa-mir-143"
Disease,"Diabetes Mellitus, Type 2",24,0.16326531,1.48822606,0.0225,1,0.1464,"hsa-mir-33b,hsa-mir-96,hsa-mir-133b,hsa-mir-124-2,hsa-mir-124-3,hsa-mir-383,hsa-mir-1-2,hsa-mir-7-1,hsa-mir-7-3,hsa-mir-30a,hsa-mir-1-1,hsa-mir-206,hsa-mir-1915,hsa-mir-18a,hsa-mir-182,hsa-mir-133a-2,hsa-mir-195,hsa-mir-192,hsa-mir-33a,hsa-mir-145,hsa-mir-143,hsa-mir-133a-1,hsa-let-7c,hsa-mir-124-1"
Disease,Atherosclerosis,17,0.17894737,1.63117409,0.0236,1,0.153,"hsa-mir-33b,hsa-mir-133b,hsa-mir-100,hsa-mir-210,hsa-mir-99a,hsa-mir-135b,hsa-mir-30a,hsa-mir-206,hsa-mir-378a,hsa-mir-182,hsa-mir-133a-2,hsa-mir-33a,hsa-mir-145,hsa-mir-490,hsa-mir-143,hsa-mir-133a-1,hsa-mir-378c"
Disease,Myocardial Fibrosis,5,0.3125,2.84855769,0.0237,1,0.1527,"hsa-mir-203b,hsa-mir-125b-1,hsa-mir-378a,hsa-mir-125b-2,hsa-mir-18a"
Disease,Multiple Myeloma,12,0.2,1.82307692,0.0248,1,0.1588,"hsa-mir-135b,hsa-mir-33b,hsa-mir-301a,hsa-mir-96,hsa-mir-149,hsa-mir-335,hsa-mir-145,hsa-mir-520c,hsa-mir-18a,hsa-mir-182,hsa-mir-4449,hsa-mir-192"
Disease,Hirschsprung's Disease,6,0.27272727,2.48601399,0.0263,1,0.1677,"hsa-mir-429,hsa-mir-206,hsa-mir-141,hsa-mir-218-1,hsa-mir-195,hsa-mir-192"
Disease,Human Immunodeficiency Virus Infection,10,0.21276596,1.93944354,0.0264,1,0.1673,"hsa-mir-7-1,hsa-let-7c,hsa-mir-7-3,hsa-mir-124-2,hsa-mir-125b-1,hsa-mir-124-1,hsa-mir-125b-2,hsa-mir-183,hsa-mir-210,hsa-mir-124-3"
Disease,"Squamous Cell Carcinoma, Laryngeal or Hypopharyngeal",7,0.25,2.27884615,0.0268,1,0.1686,"hsa-mir-139,hsa-mir-519a-2,hsa-mir-519a-1,hsa-mir-149,hsa-mir-203b,hsa-mir-206,hsa-mir-504"
Disease,Kidney Injury,7,0.25,2.27884615,0.0268,1,0.1686,"hsa-let-7c,hsa-mir-125b-1,hsa-mir-30a,hsa-mir-125b-2,hsa-mir-182,hsa-mir-210,hsa-mir-192"
Disease,"Carcinoma, Rectal",10,0.20833333,1.89903846,0.0303,1,0.188,"hsa-mir-139,hsa-mir-135b,hsa-mir-203b,hsa-mir-145,hsa-mir-18a,hsa-mir-125b-2,hsa-mir-141,hsa-mir-183,hsa-mir-195,hsa-mir-143"
Disease,Acute Kidney Injury,5,0.29411765,2.68099548,0.0307,1,0.1895,"hsa-mir-192,hsa-mir-125b-1,hsa-mir-145,hsa-mir-125b-2,hsa-mir-182"
Disease,Astrocytoma,5,0.29411765,2.68099548,0.0307,1,0.1895,"hsa-mir-124-2,hsa-mir-124-1,hsa-mir-210,hsa-mir-206,hsa-mir-124-3"
Disease,"Carcinoma, Endometrioid Endometrial",3,0.42857143,3.90659341,0.0324,1,0.1981,"hsa-mir-145,hsa-mir-141,hsa-mir-143"
Disease,Cocaine Abuse,3,0.42857143,3.90659341,0.0324,1,0.1981,"hsa-mir-124-2,hsa-mir-124-1,hsa-mir-124-3"
Disease,Malignant Peripheral Nerve Sheath Tumor,2,0.66666667,6.07692308,0.0333,1,0.2001,"hsa-mir-210,hsa-mir-30a"
Disease,Chronic Atrial Fibrillation,2,0.66666667,6.07692308,0.0333,1,0.2001,"hsa-mir-1-2,hsa-mir-1-1"
Disease,"Osteoporosis, Postmenopausal",2,0.66666667,6.07692308,0.0333,1,0.2001,"hsa-mir-210,hsa-mir-145"
Disease,Rectal Neoplasms,2,0.66666667,6.07692308,0.0333,1,0.2001,"hsa-mir-125b-2,hsa-mir-125b-1"
Disease,Testicular Neoplasms,2,0.66666667,6.07692308,0.0333,1,0.2001,"hsa-mir-133b,hsa-mir-372"
Disease,Cardiac Myxoma,2,0.66666667,6.07692308,0.0333,1,0.2001,"hsa-mir-218-1,hsa-mir-218-2"
Disease,Hypercholesterolaemia,2,0.66666667,6.07692308,0.0333,1,0.2001,"hsa-mir-33b,hsa-mir-33a"
Disease,Adrenal Cortex Neoplasms,4,0.33333333,3.03846154,0.034,1,0.1918,"hsa-mir-210,hsa-mir-99a,hsa-mir-203b,hsa-mir-100"
Disease,"Carcinoma, Thyroid, Anaplastic",4,0.33333333,3.03846154,0.034,1,0.1918,"hsa-mir-99a,hsa-mir-206,hsa-mir-125b-1,hsa-mir-125b-2"
Disease,"Lymphoma, Large-Cell, Anaplastic",4,0.33333333,3.03846154,0.034,1,0.1918,"hsa-mir-135b,hsa-mir-708,hsa-mir-512-1,hsa-mir-512-2"
Disease,Colon Neoplasms,14,0.18181818,1.65734266,0.0344,1,0.1914,"hsa-mir-584,hsa-mir-135b,hsa-let-7c,hsa-mir-133b,hsa-mir-143,hsa-mir-615,hsa-mir-125b-1,hsa-mir-145,hsa-mir-125b-2,hsa-mir-18a,hsa-mir-141,hsa-mir-210,hsa-mir-518c,hsa-mir-192"
Disease,Epstein-Barr Virus Infection,5,0.27777778,2.53205128,0.0389,1,0.2142,"hsa-mir-183,hsa-mir-7-3,hsa-mir-96,hsa-mir-182,hsa-mir-7-1"
Disease,"Squamous Cell Carcinoma, Skin or Unspecific",5,0.27777778,2.53205128,0.0389,1,0.2142,"hsa-mir-124-2,hsa-mir-124-1,hsa-mir-135b,hsa-mir-124-3,hsa-mir-490"
Disease,Vascular Injuries,4,0.30769231,2.80473373,0.045,1,0.2459,"hsa-mir-147b,hsa-mir-1283-2,hsa-mir-1283-1,hsa-mir-100"
Disease,Nephrotic Syndrome,3,0.375,3.41826923,0.0478,1,0.2598,"hsa-mir-30a,hsa-mir-210,hsa-mir-192"
Disease,Soft Tissue Sarcoma,3,0.375,3.41826923,0.0478,1,0.2598,"hsa-mir-206,hsa-mir-671,hsa-mir-182"
Disease,Myocardial Infarction,10,0.19230769,1.75295858,0.05,1,0.2656,"hsa-mir-133b,hsa-mir-149,hsa-mir-218-2,hsa-mir-125b-1,hsa-mir-1-1,hsa-mir-206,hsa-mir-125b-2,hsa-mir-218-1,hsa-mir-210,hsa-mir-1-2"
Disease,Diabetes Mellitus,13,0.17567568,1.60135135,0.0524,1,0.2773,"hsa-mir-708,hsa-mir-133a-1,hsa-mir-7-1,hsa-mir-7-3,hsa-mir-429,hsa-mir-149,hsa-mir-130b,hsa-mir-30a,hsa-mir-1-1,hsa-mir-145,hsa-mir-133a-2,hsa-mir-1-2,hsa-mir-143"
Disease,Hepatoblastoma,6,0.23076923,2.1035503,0.0563,1,0.2968,"hsa-mir-96,hsa-mir-224,hsa-mir-145,hsa-mir-18a,hsa-mir-210,hsa-mir-195"
Disease,Peripheral Vascular Disease,4,0.28571429,2.6043956,0.0578,1,0.3032,"hsa-mir-425,hsa-mir-335,hsa-mir-195,hsa-mir-145"
Disease,HELLP Syndrome,2,0.5,4.55769231,0.0618,1,0.3197,"hsa-mir-133a-1,hsa-mir-133a-2"
Disease,"Carcinoma, Renal Cell, Chromophobe",2,0.5,4.55769231,0.0618,1,0.3197,"hsa-mir-425,hsa-mir-210"
Disease,Epithelioid Sarcoma,2,0.5,4.55769231,0.0618,1,0.3197,"hsa-mir-206,hsa-mir-671"
Disease,"Carcinoma, Vulvar",3,0.33333333,3.03846154,0.0661,1,0.3332,"hsa-mir-133a-2,hsa-mir-133a-1,hsa-mir-100"
Disease,Alopecia,3,0.33333333,3.03846154,0.0661,1,0.3332,"hsa-mir-203b,hsa-mir-125b-1,hsa-mir-125b-2"
Disease,Ankylosing Spondylitis,3,0.33333333,3.03846154,0.0661,1,0.3332,"hsa-mir-124-2,hsa-mir-124-1,hsa-mir-124-3"
Disease,"Squamous Cell Carcinoma, Tongue",6,0.22222222,2.02564103,0.0662,1,0.328,"hsa-mir-483,hsa-mir-96,hsa-mir-940,hsa-mir-203b,hsa-mir-183,hsa-mir-195"
Disease,"Stroke, Ischemic",7,0.20588235,1.87669683,0.0697,1,0.344,"hsa-mir-124-2,hsa-mir-149,hsa-mir-130b,hsa-mir-30a,hsa-mir-124-1,hsa-mir-210,hsa-mir-124-3"
Disease,Colon Adenoma,5,0.23809524,2.17032967,0.0707,1,0.3475,"hsa-mir-378c,hsa-mir-145,hsa-mir-378a,hsa-mir-192,hsa-mir-182"
Disease,Asthma,8,0.19512195,1.77861163,0.0709,1,0.347,"hsa-mir-708,hsa-mir-224,hsa-mir-149,hsa-mir-125b-1,hsa-mir-145,hsa-mir-125b-2,hsa-mir-18a,hsa-mir-143"
Disease,Dengue Virus Infection,4,0.26666667,2.43076923,0.0724,1,0.3529,"hsa-mir-133a-2,hsa-mir-133a-1,hsa-mir-378a,hsa-mir-378c"
Disease,"Carcinoma, Thyroid, Papillary",10,0.17857143,1.62774725,0.0769,1,0.3718,"hsa-mir-135b,hsa-mir-96,hsa-mir-7-3,hsa-mir-130b,hsa-mir-30a,hsa-mir-182,hsa-mir-183,hsa-mir-99a,hsa-mir-192,hsa-mir-7-1"
Disease,Chronic Obstructive Pulmonary Disease,6,0.21428571,1.9532967,0.0769,1,0.3704,"hsa-mir-149,hsa-mir-218-2,hsa-mir-1-1,hsa-mir-218-1,hsa-mir-1-2,hsa-mir-192"
Disease,Aplastic Anemia,3,0.3,2.73461538,0.087,1,0.4176,"hsa-mir-1-1,hsa-mir-1-2,hsa-mir-145"
Disease,Chronic Hepatitis C,7,0.19444444,1.7724359,0.0899,1,0.428,"hsa-mir-33a,hsa-mir-224,hsa-mir-149,hsa-mir-30a,hsa-mir-1-1,hsa-mir-99a,hsa-mir-1-2"
Disease,Head And Neck Neoplasms,7,0.19444444,1.7724359,0.0899,1,0.428,"hsa-mir-133a-1,hsa-let-7c,hsa-mir-130b,hsa-mir-1-1,hsa-mir-18a,hsa-mir-133a-2,hsa-mir-1-2"
Disease,Cardiomegaly,2,0.4,3.64615385,0.0957,1,0.4517,"hsa-mir-1-2,hsa-mir-1-1"
Disease,Wounds and Injuries [unspecific],2,0.4,3.64615385,0.0957,1,0.4517,"hsa-mir-145,hsa-mir-143"
Disease,Gallstones,2,0.4,3.64615385,0.0957,1,0.4517,"hsa-mir-210,hsa-mir-429"
Disease,IgA Nephropathy,2,0.4,3.64615385,0.0957,1,0.4517,"hsa-mir-100,hsa-mir-877"
Disease,"Adenocarcinoma, Cervical",2,0.4,3.64615385,0.0957,1,0.4517,"hsa-mir-192,hsa-mir-135b"
Disease,"Carcinoma, Supraglottic",2,0.4,3.64615385,0.0957,1,0.4517,"hsa-mir-206,hsa-mir-33a"
Disease,Depression Disorder,5,0.2173913,1.98160535,0.0979,1,0.4396,"hsa-mir-124-2,hsa-mir-335,hsa-mir-124-1,hsa-mir-145,hsa-mir-124-3"
Disease,"Squamous Cell Carcinoma, Cerevial",4,0.23529412,2.14479638,0.1064,1,0.4758,"hsa-mir-490,hsa-mir-96,hsa-mir-145,hsa-mir-143"
Disease,ACTH-Secreting Pituitary Adenoma,3,0.27272727,2.48601399,0.1104,1,0.4883,"hsa-mir-145,hsa-mir-141,hsa-mir-143"
Disease,Chronic Hepatitis,3,0.27272727,2.48601399,0.1104,1,0.4883,"hsa-mir-224,hsa-mir-145,hsa-mir-143"
Disease,Barrett's Esophagus,3,0.27272727,2.48601399,0.1104,1,0.4883,"hsa-mir-203b,hsa-mir-192,hsa-mir-143"
Disease,Gastric Neoplasms,3,0.27272727,2.48601399,0.1104,1,0.4883,"hsa-mir-516a-2,hsa-mir-516a-1,hsa-mir-100"
Disease,Atrial Fibrillation,10,0.16666667,1.51923077,0.1114,1,0.482,"hsa-mir-483,hsa-mir-124-2,hsa-mir-30a,hsa-mir-1-1,hsa-mir-124-1,hsa-mir-18a,hsa-mir-183,hsa-mir-124-3,hsa-mir-1-2,hsa-mir-192"
Disease,Schizophrenia,9,0.16981132,1.5478955,0.1167,1,0.5027,"hsa-mir-7-1,hsa-mir-7-3,hsa-mir-130b,hsa-mir-30a,hsa-mir-335,hsa-mir-206,hsa-mir-183,hsa-mir-195,hsa-mir-4449"
Disease,"Leukemia, Myeloid",4,0.22222222,2.02564103,0.1257,1,0.5396,"hsa-mir-139,hsa-mir-125b-1,hsa-mir-125b-2,hsa-mir-18a"
Disease,Chronic Kidney Disease,6,0.1875,1.70913462,0.129,1,0.552,"hsa-mir-133a-1,hsa-mir-125b-1,hsa-mir-125b-2,hsa-mir-133a-2,hsa-mir-210,hsa-mir-143"
Disease,Neuroendocrine Tumors,2,0.33333333,3.03846154,0.1335,1,0.5669,"hsa-mir-133a-2,hsa-mir-133a-1"
Disease,Fibromyalgia,2,0.33333333,3.03846154,0.1335,1,0.5669,"hsa-mir-145,hsa-mir-143"
Disease,Non-Traumatic Osteonecrosis,2,0.33333333,3.03846154,0.1335,1,0.5669,"hsa-mir-335,hsa-let-7c"
Disease,Spinal Muscular Atrophy,2,0.33333333,3.03846154,0.1335,1,0.5669,"hsa-mir-335,hsa-mir-206"
Disease,Pancreatic Intraductal Papillary Mucinous Neoplasms,2,0.33333333,3.03846154,0.1335,1,0.5669,"hsa-mir-99a,hsa-mir-100"
Disease,Colitis,3,0.25,2.27884615,0.1359,1,0.5611,"hsa-mir-139,hsa-mir-18a,hsa-mir-145"
Disease,Endometrial Neoplasms,3,0.25,2.27884615,0.1359,1,0.5611,"hsa-mir-183,hsa-mir-96,hsa-mir-182"
Disease,Lofgren's Syndrome,3,0.25,2.27884615,0.1359,1,0.5611,"hsa-mir-425,hsa-mir-1-1,hsa-mir-1-2"
Disease,"Carcinoma, Laryngeal",10,0.15873016,1.44688645,0.1424,1,0.5778,"hsa-mir-133a-1,hsa-mir-489,hsa-mir-1-1,hsa-mir-206,hsa-mir-378a,hsa-mir-133a-2,hsa-mir-210,hsa-mir-195,hsa-mir-1-2,hsa-mir-378c"
Disease,"Cardiomyopathy, Ischemic",4,0.21052632,1.91902834,0.1463,1,0.5898,"hsa-mir-139,hsa-mir-23c,hsa-mir-483,hsa-mir-141"
Disease,Neurodegenerative Diseases [unspecific],4,0.21052632,1.91902834,0.1463,1,0.5898,"hsa-mir-124-2,hsa-mir-124-1,hsa-mir-139,hsa-mir-124-3"
Disease,Pituitary Adenoma,4,0.21052632,1.91902834,0.1463,1,0.5898,"hsa-mir-520b,hsa-mir-523,hsa-mir-383,hsa-mir-130b"
Disease,Cutaneous Melanoma,4,0.21052632,1.91902834,0.1463,1,0.5898,"hsa-mir-149,hsa-mir-125b-1,hsa-mir-182,hsa-mir-524"
Disease,Parkinson's Disease,7,0.17073171,1.55628518,0.1534,1,0.6102,"hsa-mir-133b,hsa-mir-7-3,hsa-mir-30a,hsa-mir-1-1,hsa-mir-195,hsa-mir-1-2,hsa-mir-7-1"
Disease,Human Papilloma Virus Infection,6,0.17647059,1.60859729,0.1602,1,0.6349,"hsa-mir-96,hsa-mir-203b,hsa-mir-125b-1,hsa-mir-145,hsa-mir-125b-2,hsa-mir-143"
Disease,Tuberculosis,3,0.23076923,2.1035503,0.1632,1,0.6445,"hsa-mir-183,hsa-mir-125b-1,hsa-mir-125b-2"
Disease,Lupus Nephritis,3,0.23076923,2.1035503,0.1632,1,0.6445,"hsa-mir-1224,hsa-mir-130b,hsa-mir-145"
Disease,"Lymphoma, Burkitt's",3,0.23076923,2.1035503,0.1632,1,0.6445,"hsa-mir-520a,hsa-mir-145,hsa-mir-143"
Disease,Male Infertility,3,0.23076923,2.1035503,0.1632,1,0.6445,"hsa-mir-335,hsa-mir-210,hsa-mir-145"
Disease,Hemoglobin Diseases,3,0.23076923,2.1035503,0.1632,1,0.6445,"hsa-mir-210,hsa-let-7c,hsa-mir-940"
Disease,Intervertebral Disc Degeneration,3,0.23076923,2.1035503,0.1632,1,0.6445,"hsa-mir-7-3,hsa-mir-100,hsa-mir-7-1"
Disease,Vascular Diseases [unspecific],5,0.18518519,1.68803419,0.1657,1,0.6416,"hsa-mir-483,hsa-mir-145,hsa-mir-18a,hsa-mir-210,hsa-mir-143"
Disease,Polycythemia Vera,4,0.2,1.82307692,0.1682,1,0.6493,"hsa-mir-125b-1,hsa-mir-378a,hsa-mir-125b-2,hsa-mir-378c"
Disease,Behcet's Disease,2,0.28571429,2.6043956,0.1739,1,0.669,"hsa-mir-139,hsa-mir-182"
Disease,Giant Cell Tumor of Bone,2,0.28571429,2.6043956,0.1739,1,0.669,"hsa-mir-30a,hsa-mir-210"
Disease,Prediabetes,2,0.28571429,2.6043956,0.1739,1,0.669,"hsa-mir-192,hsa-mir-143"
Disease,Kidney Diseases [unspecific],2,0.28571429,2.6043956,0.1739,1,0.669,"hsa-mir-125b-1,hsa-mir-125b-2"
Disease,Enterovirus Infection,2,0.28571429,2.6043956,0.1739,1,0.669,"hsa-mir-135b,hsa-mir-489"
Disease,"Leukemia, Myeloid, Chronic",10,0.14925373,1.36050517,0.1898,1,0.7097,"hsa-mir-518b,hsa-mir-483,hsa-mir-525,hsa-let-7c,hsa-mir-612,hsa-mir-224,hsa-mir-145,hsa-mir-378a,hsa-mir-520a,hsa-mir-378c"
Disease,Allergic Rhinitis,4,0.19047619,1.73626374,0.1912,1,0.7123,"hsa-mir-224,hsa-mir-149,hsa-mir-18a,hsa-mir-143"
Disease,Bladder Outlet Obstruction,3,0.21428571,1.9532967,0.1919,1,0.7128,"hsa-mir-30a,hsa-mir-1-1,hsa-mir-1-2"
Disease,Chordoma,3,0.21428571,1.9532967,0.1919,1,0.7128,"hsa-mir-1-1,hsa-mir-149,hsa-mir-1-2"
Disease,"Leukemia, B-Cell",3,0.21428571,1.9532967,0.1919,1,0.7128,"hsa-mir-18a,hsa-mir-125b-1,hsa-mir-125b-2"
Disease,Adenovirus Infection,6,0.16666667,1.51923077,0.1943,1,0.7128,"hsa-mir-125b-1,hsa-mir-30a,hsa-mir-378a,hsa-mir-125b-2,hsa-mir-210,hsa-mir-378c"
Disease,Lymphoma,9,0.15,1.36730769,0.2029,1,0.7423,"hsa-mir-133b,hsa-mir-224,hsa-mir-203b,hsa-mir-125b-1,hsa-mir-125b-2,hsa-mir-18a,hsa-mir-504,hsa-mir-520a,hsa-mir-143"
Disease,Hypoxic-Ischemic Encephalopathy,1,0.5,4.55769231,0.2075,1,0.7564,hsa-mir-210
Disease,Fever,1,0.5,4.55769231,0.2075,1,0.7564,hsa-mir-143
Disease,Fetal Alcohol Syndrome,1,0.5,4.55769231,0.2075,1,0.7564,hsa-mir-335
Disease,Hyperglycemia,1,0.5,4.55769231,0.2075,1,0.7564,hsa-mir-33b
Disease,Dermatomyositis,1,0.5,4.55769231,0.2075,1,0.7564,hsa-mir-206
Disease,Thrombocytopenia,1,0.5,4.55769231,0.2075,1,0.7564,hsa-mir-99a
Disease,"Carcinoma, Embryonal",1,0.5,4.55769231,0.2075,1,0.7564,hsa-mir-383
Disease,Idiopathic Asthenospermia,1,0.5,4.55769231,0.2075,1,0.7564,hsa-mir-141
Disease,Germ Cell And Embryonal Neoplasms,1,0.5,4.55769231,0.2075,1,0.7564,hsa-mir-372
Disease,Stroke,6,0.16216216,1.47817048,0.2123,1,0.6837,"hsa-mir-133a-1,hsa-mir-124-2,hsa-mir-124-1,hsa-mir-145,hsa-mir-133a-2,hsa-mir-124-3"
Disease,Bipolar Disorder,2,0.25,2.27884615,0.2159,1,0.6915,"hsa-mir-206,hsa-mir-708"
Disease,Idiopathic Pulmonary Fibrosis,3,0.2,1.82307692,0.2218,1,0.7008,"hsa-mir-30a,hsa-mir-210,hsa-mir-96"
Disease,Liver Injury,3,0.2,1.82307692,0.2218,1,0.7008,"hsa-mir-877,hsa-mir-192,hsa-mir-182"
Disease,"Fatty Liver, Non-Alcoholic",3,0.2,1.82307692,0.2218,1,0.7008,"hsa-mir-149,hsa-mir-125b-1,hsa-mir-125b-2"
Disease,"Lymphoma, Large B-Cell, Diffuse",6,0.15789474,1.43927126,0.2309,1,0.7219,"hsa-mir-147b,hsa-mir-33a,hsa-mir-520d,hsa-mir-224,hsa-mir-520c,hsa-mir-18a"
Disease,"Carcinoma, Thyroid, Follicular",2,0.22222222,2.02564103,0.2587,1,0.8067,"hsa-mir-183,hsa-mir-100"
Disease,Metabolic Syndrome,2,0.22222222,2.02564103,0.2587,1,0.8067,"hsa-mir-33a,hsa-mir-145"
Disease,Atopic Dermatitis,2,0.22222222,2.02564103,0.2587,1,0.8067,"hsa-mir-125b-1,hsa-mir-125b-2"
Disease,"Leukemia-Lymphoma, Precursor B-Cell Lymphoblastic",2,0.22222222,2.02564103,0.2587,1,0.8067,"hsa-mir-125b-1,hsa-mir-125b-2"
Disease,Human Cytomegalovirus Infection,2,0.22222222,2.02564103,0.2587,1,0.8067,"hsa-mir-218-1,hsa-mir-218-2"
Disease,Pancreatic Neoplasms,9,0.140625,1.28185096,0.2617,1,0.8012,"hsa-let-7c,hsa-mir-96,hsa-mir-133b,hsa-mir-224,hsa-mir-203b,hsa-mir-145,hsa-mir-210,hsa-mir-520h,hsa-mir-143"
Disease,Cardiomyopathy,4,0.16666667,1.51923077,0.265,1,0.8092,"hsa-mir-133a-1,hsa-mir-133b,hsa-mir-30a,hsa-mir-133a-2"
Disease,Chronic Hepatitis B,5,0.15625,1.42427885,0.2691,1,0.8198,"hsa-mir-124-2,hsa-mir-124-1,hsa-mir-210,hsa-mir-124-3,hsa-mir-192"
Disease,Focal Segmental Glomerulosclerosis,3,0.17647059,1.60859729,0.2838,1,0.8624,"hsa-mir-30a,hsa-mir-1915,hsa-mir-490"
Disease,Muscle Atrophy,3,0.17647059,1.60859729,0.2838,1,0.8624,"hsa-mir-335,hsa-mir-100,hsa-mir-143"
Disease,Osteoarthritis,6,0.14634146,1.33395872,0.2894,1,0.8726,"hsa-mir-139,hsa-mir-483,hsa-mir-125b-1,hsa-mir-335,hsa-mir-145,hsa-mir-125b-2"
Disease,Liver Neoplasms,4,0.16,1.45846154,0.2907,1,0.8744,"hsa-mir-133b,hsa-mir-30a,hsa-mir-210,hsa-mir-372"
Disease,"Scleroderma, Systemic",1,0.33333333,3.03846154,0.2945,1,0.8836,hsa-mir-130b
Disease,Coxsackievirus Infection,1,0.33333333,3.03846154,0.2945,1,0.8836,hsa-mir-490
Disease,"Carcinoma, Merkel Cell",1,0.33333333,3.03846154,0.2945,1,0.8836,hsa-mir-203b
Disease,Diabetic Foot,1,0.33333333,3.03846154,0.2945,1,0.8836,hsa-mir-203b
Disease,Celiac Disease,2,0.2,1.82307692,0.3016,1,0.876,"hsa-mir-30a,hsa-mir-192"
Disease,Graves' Disease,2,0.2,1.82307692,0.3016,1,0.876,"hsa-mir-183,hsa-mir-224"
Disease,Viral Myocarditis,2,0.2,1.82307692,0.3016,1,0.876,"hsa-mir-1-1,hsa-mir-1-2"
Disease,Leukemia,9,0.13432836,1.22445465,0.3089,1,0.8842,"hsa-mir-139,hsa-mir-125b-1,hsa-mir-378a,hsa-mir-125b-2,hsa-mir-18a,hsa-mir-183,hsa-mir-195,hsa-mir-378c,hsa-mir-143"
Disease,Graft-Versus-Host Disease,3,0.16666667,1.51923077,0.3155,1,0.8986,"hsa-mir-30a,hsa-mir-671,hsa-mir-489"
Disease,Respiratory Syncytial Virus Pneumonia,3,0.16666667,1.51923077,0.3155,1,0.8986,"hsa-mir-429,hsa-mir-125b-1,hsa-mir-125b-2"
Disease,"Carcinoma, Thyroid, Medullary",2,0.18181818,1.65734266,0.3441,1,0.9755,"hsa-mir-99a,hsa-mir-182"
Disease,Kidney Transplant Rejection,2,0.18181818,1.65734266,0.3441,1,0.9755,"hsa-mir-99a,hsa-mir-192"
Disease,Machado-Joseph Disease,2,0.18181818,1.65734266,0.3441,1,0.9755,"hsa-mir-125b-1,hsa-mir-125b-2"
Disease,Synovial Sarcoma,2,0.18181818,1.65734266,0.3441,1,0.9755,"hsa-mir-195,hsa-mir-99a"
Disease,Cerebral Ischemia,2,0.18181818,1.65734266,0.3441,1,0.9755,"hsa-mir-224,hsa-let-7c"
Disease,Azoospermia,2,0.18181818,1.65734266,0.3441,1,0.9755,"hsa-mir-383,hsa-mir-372"
Disease,"Carcinoma, Thyroid",5,0.13888889,1.26602564,0.3599,1,1,"hsa-mir-584,hsa-mir-7-3,hsa-mir-149,hsa-mir-145,hsa-mir-7-1"
Disease,Ovarian Serous Cystadenocarcinoma,1,0.25,2.27884615,0.3721,1,1,hsa-mir-30a
Disease,Liposarcoma,1,0.25,2.27884615,0.3721,1,1,hsa-mir-145
Disease,Pheochromocytoma,1,0.25,2.27884615,0.3721,1,1,hsa-mir-210
Disease,Sjogren's Syndrome,1,0.25,2.27884615,0.3721,1,1,hsa-mir-335
Disease,Aortic Insufficiency,1,0.25,2.27884615,0.3721,1,1,hsa-mir-195
Disease,Japanese Encephalitis Virus Infection,1,0.25,2.27884615,0.3721,1,1,hsa-mir-33a
Disease,Meningioma,1,0.25,2.27884615,0.3721,1,1,hsa-mir-224
Disease,Oral Leukoplakia,2,0.16666667,1.51923077,0.3857,1,1,"hsa-mir-345,hsa-mir-525"
Disease,Ewing's Sarcoma,2,0.16666667,1.51923077,0.3857,1,1,"hsa-mir-125b-1,hsa-mir-125b-2"
Disease,Renal Fibrosis,2,0.16666667,1.51923077,0.3857,1,1,"hsa-mir-378a,hsa-mir-378c"
Disease,Glaucoma,4,0.13793103,1.25729443,0.3957,1,1,"hsa-mir-483,hsa-mir-149,hsa-mir-30a,hsa-mir-182"
Disease,Mycobacterium Tuberculosis Infection,2,0.15384615,1.40236686,0.4262,1,1,"hsa-mir-30a,hsa-mir-206"
Disease,Spinal Cord Injuries,2,0.15384615,1.40236686,0.4262,1,1,"hsa-mir-383,hsa-mir-145"
Disease,"Carcinoma, Head And Neck",2,0.15384615,1.40236686,0.4262,1,1,"hsa-mir-149,hsa-mir-203b"
Disease,Lung Fibrosis,3,0.13636364,1.24300699,0.4408,1,1,"hsa-mir-149,hsa-mir-130b,hsa-mir-18a"
Disease,"Carcinoma, Periampullary",1,0.2,1.82307692,0.4412,1,1,hsa-mir-192
Disease,Sickle Cell Disease,1,0.2,1.82307692,0.4412,1,1,hsa-mir-301a
Disease,Ossification of Posterior Longitudinal Ligament,1,0.2,1.82307692,0.4412,1,1,hsa-mir-149
Disease,"Adenocarcinoma, Prostate",1,0.2,1.82307692,0.4412,1,1,hsa-mir-141
Disease,Peritoneal Dialysis Failure,4,0.12903226,1.17617866,0.4477,1,1,"hsa-mir-30a,hsa-mir-335,hsa-mir-100,hsa-mir-192"
Disease,Mandibular Prognathism,2,0.14285714,1.3021978,0.4653,1,1,"hsa-mir-30a,hsa-mir-192"
Disease,Acute Ischemic Stroke,2,0.14285714,1.3021978,0.4653,1,1,"hsa-mir-335,hsa-mir-145"
Disease,Ischemia-Reperfusion Injury,3,0.13043478,1.18896321,0.471,1,1,"hsa-mir-7-3,hsa-mir-192,hsa-mir-7-1"
Disease,Neuroblastoma,7,0.11864407,1.08148631,0.475,1,1,"hsa-mir-203b,hsa-mir-125b-1,hsa-mir-30a,hsa-mir-335,hsa-mir-18a,hsa-mir-192,hsa-mir-143"
Disease,"Adenocarcinoma, Gastric-Esophageal Junction",2,0.13333333,1.21538462,0.5027,1,1,"hsa-mir-135b,hsa-mir-192"
Disease,"Leukemia, Promyelocytic, Acute",2,0.13333333,1.21538462,0.5027,1,1,"hsa-mir-125b-1,hsa-mir-125b-2"
Disease,Chronic Brucellosis,1,0.16666667,1.51923077,0.5028,1,1,hsa-mir-139
Disease,Digeorge Syndrome,1,0.16666667,1.51923077,0.5028,1,1,hsa-mir-130b
Disease,Acute Cerebral Infarction,1,0.16666667,1.51923077,0.5028,1,1,hsa-mir-210
Disease,Lupus Vulgaris,1,0.16666667,1.51923077,0.5028,1,1,hsa-mir-210
Disease,Nasopharyngeal Neoplasms,1,0.16666667,1.51923077,0.5028,1,1,hsa-mir-100
Disease,"Lymphoma, Non-Hodgkin",1,0.16666667,1.51923077,0.5028,1,1,hsa-mir-520a
Disease,Kawasaki's Syndrome,1,0.16666667,1.51923077,0.5028,1,1,hsa-mir-483
Disease,Costello Syndrome,1,0.16666667,1.51923077,0.5028,1,1,hsa-mir-206
Disease,"Carcinoma, Gastrointestinal",1,0.16666667,1.51923077,0.5028,1,1,hsa-mir-149
Disease,Bronchopulmonary Dysplasia,2,0.125,1.13942308,0.5385,1,1,"hsa-mir-206,hsa-mir-130b"
Disease,Myocardial Ischemic-Reperfusion Injury,2,0.125,1.13942308,0.5385,1,1,"hsa-mir-1-1,hsa-mir-1-2"
Disease,Influenza,3,0.11538462,1.05177515,0.5566,1,1,"hsa-mir-33a,hsa-mir-30a,hsa-mir-192"
Disease,Glomerulonephritis,1,0.14285714,1.3021978,0.5576,1,1,hsa-mir-429
Disease,"Carcinoma, Biliary Tract",1,0.14285714,1.3021978,0.5576,1,1,hsa-mir-141
Disease,Autoimmune Diseases [unspecific],4,0.11111111,1.01282051,0.5703,1,1,"hsa-mir-584,hsa-mir-301a,hsa-mir-149,hsa-mir-30a"
Disease,Systemic Lupus Erythematosus,6,0.10909091,0.99440559,0.5731,1,1,"hsa-mir-7-3,hsa-mir-224,hsa-mir-335,hsa-mir-145,hsa-mir-345,hsa-mir-7-1"
Disease,Multiple Sclerosis,5,0.10638298,0.96972177,0.6017,1,1,"hsa-mir-96,hsa-mir-30a,hsa-mir-145,hsa-mir-100,hsa-mir-141"
Disease,Hemophagocytic Lymphohistiocytosis,1,0.125,1.13942308,0.6064,1,1,hsa-mir-143
Disease,Waldenstrom Macroglobulinemia,1,0.125,1.13942308,0.6064,1,1,hsa-mir-206
Disease,"Carcinoma, Skin",1,0.125,1.13942308,0.6064,1,1,hsa-mir-383
Disease,Vasculitis,1,0.125,1.13942308,0.6064,1,1,hsa-mir-383
Disease,HIV-Associated Lipodystrophy,3,0.10714286,0.97664835,0.609,1,1,"hsa-mir-149,hsa-mir-218-2,hsa-mir-218-1"
Disease,Liver Cirrhosis,6,0.10526316,0.95951417,0.6099,1,1,"hsa-mir-33a,hsa-mir-203b,hsa-mir-145,hsa-mir-378a,hsa-mir-18a,hsa-mir-939"
Disease,Systemic Sclerosis,1,0.11111111,1.01282051,0.6499,1,1,hsa-mir-30a
Disease,"Leukemia-Lymphoma, Adult T-Cell",1,0.11111111,1.01282051,0.6499,1,1,hsa-mir-145
Disease,Myeloproliferative Neoplasms,1,0.11111111,1.01282051,0.6499,1,1,hsa-mir-143
Disease,Osteoporosis,1,0.11111111,1.01282051,0.6499,1,1,hsa-mir-483
Disease,"Leukemia, Lymphocytic, Chronic",4,0.09756098,0.88930582,0.6764,1,1,"hsa-mir-708,hsa-mir-125b-1,hsa-mir-125b-2,hsa-mir-143"
Disease,Nervous System Diseases [unspecific],1,0.1,0.91153846,0.6886,1,1,hsa-mir-145
Disease,Helicobacter Pylori Infection,1,0.1,0.91153846,0.6886,1,1,hsa-mir-203b
Disease,Testicular Germ Cell Tumor,1,0.1,0.91153846,0.6886,1,1,hsa-mir-372
Disease,"Aortic Aneurysm, Abdominal",2,0.0952381,0.86813187,0.6899,1,1,"hsa-mir-30a,hsa-mir-489"
Disease,"Carcinoma, Lung, Small-Cell",2,0.0952381,0.86813187,0.6899,1,1,"hsa-mir-30a,hsa-mir-335"
Disease,Pleural Mesothelioma,3,0.09375,0.85456731,0.7009,1,1,"hsa-mir-335,hsa-mir-145,hsa-mir-143"
Disease,"Lymphoma, Hodgkin",2,0.09090909,0.82867133,0.7149,1,1,"hsa-mir-96,hsa-mir-520a"
Disease,Uveal Melanoma,1,0.09090909,0.82867133,0.7231,1,1,hsa-mir-145
Disease,Mesothelioma,1,0.09090909,0.82867133,0.7231,1,1,hsa-mir-143
Disease,Pulmonary Sarcoidosis,1,0.09090909,0.82867133,0.7231,1,1,hsa-mir-192
Disease,Necrotizing Enterocolitis,1,0.09090909,0.82867133,0.7231,1,1,hsa-mir-203b
Disease,Mild Cognitive Impairment,1,0.09090909,0.82867133,0.7231,1,1,hsa-mir-206
Disease,Rheumatoid Arthritis,5,0.09259259,0.84401709,0.726,1,1,"hsa-mir-149,hsa-mir-203b,hsa-mir-125b-1,hsa-mir-30a,hsa-mir-125b-2"
Disease,"Diabetes Mellitus, Gestational",2,0.08695652,0.79264214,0.7381,1,1,"hsa-mir-33a,hsa-mir-130b"
Disease,"Carcinoma, Ovarian, Serous",2,0.08333333,0.75961538,0.7597,1,1,"hsa-mir-483,hsa-mir-30a"
Disease,"Lymphoma, B-Cell",2,0.08333333,0.75961538,0.7597,1,1,"hsa-mir-224,hsa-mir-195"
Disease,Brain Neoplasms,2,0.08333333,0.75961538,0.7597,1,1,"hsa-mir-520g,hsa-mir-383"
Disease,Ectopic Pregnancy,1,0.07692308,0.70118343,0.781,1,1,hsa-mir-30a
Disease,Keloid,1,0.07692308,0.70118343,0.781,1,1,hsa-mir-145
Disease,"Lymphoma, Primary Effusion",1,0.07692308,0.70118343,0.781,1,1,hsa-let-7c
Disease,Immune Thrombocytopenic Purpura,1,0.07692308,0.70118343,0.781,1,1,hsa-mir-483
Disease,"Lymphoma, T-Cell",2,0.07692308,0.70118343,0.7984,1,1,"hsa-mir-145,hsa-mir-18a"
Disease,Coronary Atherosclerosis,1,0.07142857,0.6510989,0.8053,1,1,hsa-mir-100
Disease,Myasthenia Gravis,1,0.07142857,0.6510989,0.8053,1,1,hsa-mir-192
Disease,Maternal Obesity During Childbirth,1,0.06666667,0.60769231,0.8269,1,1,hsa-mir-30a
Disease,Prolactinoma,1,0.06666667,0.60769231,0.8269,1,1,hsa-mir-30a
Disease,Liver Diseases [unspecific],2,0.06896552,0.62864721,0.8461,1,1,"hsa-mir-139,hsa-let-7c"
Disease,Cystic Fibrosis,1,0.0625,0.56971154,0.8462,1,1,hsa-mir-708
Disease,Pituitary Neoplasms,1,0.0625,0.56971154,0.8462,1,1,hsa-let-7c
Disease,Thyroid Neoplasms,1,0.0625,0.56971154,0.8462,1,1,hsa-mir-141
Disease,Diabetic Retinopathy,1,0.04761905,0.43406593,0.9148,1,1,hsa-mir-195
Disease,Acute Coronary Syndrome,1,0.04545455,0.41433566,0.9243,1,1,hsa-mir-100
Disease,Polycystic Ovarian Syndrome,1,0.03448276,0.31432361,0.9671,1,1,hsa-mir-483
Disease,"Leukemia, Lymphocytic, Chronic, B-Cell",1,0.02941176,0.26809955,0.9819,1,1,hsa-mir-195
