Category,Term,Count,Percent,Fold,P-value,Bonferroni,FDR,miRNA
Disease,Gestational Trophoblastic Disease,13,1,8.77777778,3.20E-13,1.34E-10,1.27E-10,"hsa-mir-516a-2,hsa-mir-516a-1,hsa-mir-526a-1,hsa-mir-526a-2,hsa-mir-517a,hsa-mir-516b-2,hsa-mir-517b,hsa-mir-517c,hsa-mir-518b,hsa-mir-520h,hsa-mir-520a,hsa-mir-525,hsa-mir-516b-1"
Disease,Habitual Abortion,7,0.5,4.38888889,0.00037,0.1543,0.0731,"hsa-mir-522,hsa-mir-519a-1,hsa-mir-520f,hsa-mir-196a-2,hsa-mir-517c,hsa-mir-520h,hsa-mir-184"
Disease,Gastric Neoplasms,6,0.54545455,4.78787879,0.000559,0.2333,0.0947,"hsa-mir-137,hsa-mir-516a-2,hsa-mir-516a-1,hsa-mir-9-2,hsa-mir-34b,hsa-mir-9-1"
Disease,Endometrial Neoplasms,6,0.5,4.38888889,0.00101,0.4231,0.1336,"hsa-mir-183,hsa-mir-9-2,hsa-mir-9-3,hsa-mir-9-1,hsa-mir-96,hsa-mir-182"
Disease,Down Syndrome,6,0.5,4.38888889,0.00101,0.4231,0.1336,"hsa-mir-802,hsa-mir-518a-1,hsa-mir-518f,hsa-mir-96,hsa-mir-518a-2,hsa-mir-518e"
Disease,MELAS Syndrome,3,1,8.77777778,0.00145,0.6045,0.1562,"hsa-mir-9-1,hsa-mir-9-3,hsa-mir-9-2"
Disease,Kallmann Syndrome,4,0.66666667,5.85185185,0.00202,0.8411,0.1328,"hsa-mir-9-2,hsa-mir-9-1,hsa-mir-200c,hsa-mir-9-3"
Disease,Epstein-Barr Virus Infection,7,0.38888889,3.41358025,0.00231,0.9629,0.144,"hsa-mir-183,hsa-mir-9-2,hsa-mir-9-3,hsa-mir-9-1,hsa-mir-96,hsa-mir-10b,hsa-mir-182"
Disease,"Carcinoma, Bladder",24,0.2,1.75555556,0.0026,1,0.1539,"hsa-mir-9-1,hsa-mir-96,hsa-mir-200c,hsa-mir-224,hsa-mir-573,hsa-mir-130a,hsa-mir-137,hsa-mir-9-2,hsa-mir-135a-2,hsa-mir-1180,hsa-mir-892b,hsa-mir-10b,hsa-mir-196a-2,hsa-mir-182,hsa-mir-139,hsa-mir-34b,hsa-mir-135a-1,hsa-mir-183,hsa-mir-196a-1,hsa-mir-490,hsa-mir-34c,hsa-mir-518e,hsa-mir-9-3,hsa-mir-3171"
Disease,"Carcinoma, Breast",52,0.14942529,1.31162197,0.0028,1,0.151,"hsa-mir-573,hsa-mir-578,hsa-mir-202,hsa-mir-10b,hsa-mir-196a-2,hsa-mir-3923,hsa-mir-135a-1,hsa-mir-184,hsa-mir-183,hsa-mir-520c,hsa-mir-200c,hsa-mir-224,hsa-mir-196b,hsa-mir-135a-2,hsa-mir-873,hsa-mir-190b,hsa-mir-892b,hsa-mir-424,hsa-mir-105-2,hsa-mir-892a,hsa-mir-519d,hsa-mir-802,hsa-mir-1258,hsa-mir-760,hsa-mir-9-1,hsa-mir-96,hsa-mir-203b,hsa-mir-888,hsa-mir-3200,hsa-mir-182,hsa-mir-765,hsa-mir-139,hsa-mir-34b,hsa-mir-196a-1,hsa-mir-216b,hsa-mir-561,hsa-mir-217,hsa-mir-34c,hsa-mir-515-1,hsa-mir-526b,hsa-mir-130a,hsa-mir-137,hsa-mir-9-2,hsa-mir-452,hsa-mir-519a-2,hsa-mir-621,hsa-mir-105-1,hsa-mir-515-2,hsa-mir-519a-1,hsa-mir-1266,hsa-mir-9-3,hsa-mir-520h"
Disease,Acute Pancreatitis,4,0.57142857,5.01587302,0.00429,1,0.2211,"hsa-mir-216a,hsa-mir-135a-1,hsa-mir-135a-2,hsa-mir-216b"
Disease,Fatty Liver [unspecific],3,0.75,6.58333333,0.00531,1,0.2623,"hsa-mir-130a,hsa-mir-182,hsa-mir-183"
Disease,Hyperactivity Disorder,3,0.75,6.58333333,0.00531,1,0.2623,"hsa-mir-96,hsa-mir-182,hsa-mir-183"
Disease,Pain[unspecific],3,0.75,6.58333333,0.00531,1,0.2623,"hsa-mir-96,hsa-mir-183,hsa-mir-182"
Disease,"Carcinoma, Ovarian, Clear Cell",3,0.75,6.58333333,0.00531,1,0.2623,"hsa-mir-9-1,hsa-mir-9-3,hsa-mir-9-2"
Disease,Knee Osteoarthritis,3,0.75,6.58333333,0.00531,1,0.2623,"hsa-mir-9-1,hsa-mir-9-3,hsa-mir-9-2"
Disease,Non-Alcoholic Steatohepatitis,3,0.75,6.58333333,0.00531,1,0.2623,"hsa-mir-9-3,hsa-mir-9-1,hsa-mir-9-2"
Disease,"Systemic Lupus Erythematosus, With Pericarditis",3,0.75,6.58333333,0.00531,1,0.2623,"hsa-mir-516a-2,hsa-mir-525,hsa-mir-516a-1"
Disease,"Carcinoma, Oral",10,0.27027027,2.37237237,0.00614,1,0.2347,"hsa-mir-139,hsa-mir-34b,hsa-mir-203b,hsa-mir-196a-2,hsa-mir-196b,hsa-mir-196a-1,hsa-mir-1269b,hsa-mir-518c,hsa-mir-520h,hsa-mir-372"
Disease,"Adenocarcinoma, Lung",20,0.1980198,1.73817382,0.00689,1,0.2552,"hsa-mir-520b,hsa-mir-9-1,hsa-mir-200c,hsa-mir-224,hsa-mir-203b,hsa-mir-196b,hsa-mir-9-2,hsa-mir-452,hsa-mir-202,hsa-mir-182,hsa-mir-34b,hsa-mir-519d,hsa-mir-512-2,hsa-mir-183,hsa-mir-552,hsa-mir-551b,hsa-mir-519a-1,hsa-mir-512-1,hsa-mir-34c,hsa-mir-9-3"
Disease,Hepatitis [unspecific],5,0.41666667,3.65740741,0.00728,1,0.2615,"hsa-mir-9-2,hsa-mir-34b,hsa-mir-9-1,hsa-mir-9-3,hsa-mir-34c"
Disease,Soft Tissue Sarcoma,4,0.5,4.38888889,0.00783,1,0.2729,"hsa-mir-34b,hsa-mir-765,hsa-mir-182,hsa-mir-34c"
Disease,Medulloepithelioma,4,0.5,4.38888889,0.00783,1,0.2729,"hsa-mir-216a,hsa-mir-211,hsa-mir-217,hsa-mir-216b"
Disease,Congenital Heart Diseases,7,0.31818182,2.79292929,0.00835,1,0.2748,"hsa-mir-518a-1,hsa-mir-96,hsa-mir-518a-2,hsa-mir-518f,hsa-mir-518e,hsa-mir-10b,hsa-mir-196a-2"
Disease,Focal Segmental Glomerulosclerosis,6,0.35294118,3.09803922,0.00836,1,0.2678,"hsa-mir-196a-1,hsa-mir-34b,hsa-mir-1915,hsa-mir-490,hsa-mir-196a-2,hsa-mir-34c"
Disease,Keratitis,3,0.6,5.26666667,0.0122,1,0.3797,"hsa-mir-183,hsa-mir-96,hsa-mir-182"
Disease,"Squamous Cell Carcinoma, Esophageal",25,0.17605634,1.54538341,0.0124,1,0.3769,"hsa-mir-9-1,hsa-mir-526b,hsa-mir-224,hsa-mir-203b,hsa-mir-9-2,hsa-mir-202,hsa-mir-10b,hsa-mir-196a-2,hsa-mir-424,hsa-mir-518c,hsa-mir-518d,hsa-mir-139,hsa-mir-34b,hsa-mir-518a-1,hsa-mir-518b,hsa-mir-518a-2,hsa-mir-518f,hsa-mir-183,hsa-mir-196a-1,hsa-mir-520a,hsa-mir-217,hsa-mir-498,hsa-mir-34c,hsa-mir-518e,hsa-mir-9-3"
Disease,"Carcinoma, Hepatocellular",49,0.14454277,1.26876434,0.0144,1,0.3487,"hsa-mir-520b,hsa-mir-522,hsa-mir-3144,hsa-mir-9-1,hsa-mir-525,hsa-mir-96,hsa-mir-200c,hsa-mir-224,hsa-mir-520g,hsa-mir-573,hsa-mir-203b,hsa-mir-888,hsa-mir-130a,hsa-mir-137,hsa-mir-9-2,hsa-mir-135a-2,hsa-mir-452,hsa-mir-1180,hsa-mir-202,hsa-mir-190b,hsa-mir-615,hsa-mir-105-1,hsa-mir-10b,hsa-mir-196a-2,hsa-mir-182,hsa-mir-3131,hsa-mir-424,hsa-mir-372,hsa-mir-139,hsa-mir-34b,hsa-mir-105-2,hsa-mir-135a-1,hsa-mir-184,hsa-mir-512-2,hsa-mir-183,hsa-mir-196a-1,hsa-mir-1269b,hsa-mir-520a,hsa-mir-490,hsa-mir-216b,hsa-mir-217,hsa-mir-520d,hsa-mir-512-1,hsa-mir-216a,hsa-mir-34c,hsa-mir-211,hsa-mir-760,hsa-mir-1269a,hsa-mir-9-3"
Disease,Huntington's Disease,3,0.5,4.38888889,0.0223,1,0.5293,"hsa-mir-196a-1,hsa-mir-10b,hsa-mir-196a-2"
Disease,Spinal Muscular Atrophy,3,0.5,4.38888889,0.0223,1,0.5293,"hsa-mir-9-2,hsa-mir-9-1,hsa-mir-9-3"
Disease,"Lymphoma, Non-Hodgkin",3,0.5,4.38888889,0.0223,1,0.5293,"hsa-mir-196a-1,hsa-mir-520a,hsa-mir-196a-2"
Disease,"Carcinoma, Colon",46,0.14603175,1.28183422,0.0251,1,0.5509,"hsa-mir-522,hsa-mir-9-1,hsa-mir-525,hsa-mir-96,hsa-mir-200c,hsa-mir-224,hsa-mir-520g,hsa-mir-203b,hsa-mir-888,hsa-mir-130a,hsa-mir-196b,hsa-mir-137,hsa-mir-9-2,hsa-mir-135a-2,hsa-mir-519c,hsa-mir-202,hsa-mir-1915,hsa-mir-10b,hsa-mir-196a-2,hsa-mir-182,hsa-mir-424,hsa-mir-3182,hsa-mir-372,hsa-mir-139,hsa-mir-34b,hsa-mir-518a-1,hsa-mir-518a-2,hsa-mir-892a,hsa-mir-135a-1,hsa-mir-512-2,hsa-mir-183,hsa-mir-196a-1,hsa-mir-520a,hsa-mir-552,hsa-mir-490,hsa-mir-216b,hsa-mir-217,hsa-mir-523,hsa-mir-512-1,hsa-mir-498,hsa-mir-216a,hsa-mir-34c,hsa-mir-211,hsa-mir-760,hsa-mir-1269a,hsa-mir-9-3"
Disease,Machado-Joseph Disease,4,0.36363636,3.19191919,0.0281,1,0.5941,"hsa-mir-34b,hsa-mir-9-2,hsa-mir-9-1,hsa-mir-9-3"
Disease,"Lymphoma, Hodgkin",6,0.27272727,2.39393939,0.0312,1,0.6481,"hsa-mir-9-1,hsa-mir-96,hsa-mir-9-3,hsa-mir-196a-1,hsa-mir-9-2,hsa-mir-520a"
Disease,Acute Kidney Injury,5,0.29411765,2.58169935,0.0356,1,0.7264,"hsa-mir-216a,hsa-mir-216b,hsa-mir-217,hsa-mir-200c,hsa-mir-182"
Disease,Coxsackievirus Infection,2,0.66666667,5.85185185,0.0358,1,0.7187,"hsa-mir-490,hsa-mir-466"
Disease,Chronic Post-Traumatic Headache,2,0.66666667,5.85185185,0.0358,1,0.7187,"hsa-mir-135a-2,hsa-mir-135a-1"
Disease,"Scleroderma, Localized",2,0.66666667,5.85185185,0.0358,1,0.7187,"hsa-mir-196a-2,hsa-mir-196a-1"
Disease,Behcet's Disease,3,0.42857143,3.76190476,0.0359,1,0.6538,"hsa-mir-139,hsa-mir-196a-2,hsa-mir-182"
Disease,"Muscular Dystrophy, Facioscapulohumeral",5,0.27777778,2.4382716,0.0448,1,0.7932,"hsa-mir-516b-2,hsa-mir-517a,hsa-mir-517b,hsa-mir-517c,hsa-mir-516b-1"
Disease,"Carcinoma, Lung",32,0.15023474,1.31872718,0.0455,1,0.7822,"hsa-mir-522,hsa-mir-9-1,hsa-mir-96,hsa-mir-526b,hsa-mir-200c,hsa-mir-224,hsa-mir-203b,hsa-mir-937,hsa-mir-1323,hsa-mir-137,hsa-mir-9-2,hsa-mir-517a,hsa-mir-135a-2,hsa-mir-944,hsa-mir-10b,hsa-mir-196a-2,hsa-mir-182,hsa-mir-3662,hsa-mir-139,hsa-mir-34b,hsa-mir-520e,hsa-mir-135a-1,hsa-mir-512-2,hsa-mir-183,hsa-mir-196a-1,hsa-mir-490,hsa-mir-217,hsa-mir-512-1,hsa-mir-1258,hsa-mir-498,hsa-mir-34c,hsa-mir-9-3"
Disease,"Carcinoma, Head And Neck",4,0.30769231,2.7008547,0.0508,1,0.8598,"hsa-mir-196a-1,hsa-mir-203b,hsa-mir-10b,hsa-mir-196a-2"
Disease,Vascular Injuries,4,0.30769231,2.7008547,0.0508,1,0.8598,"hsa-mir-147b,hsa-mir-137,hsa-mir-1283-2,hsa-mir-1283-1"
Disease,"Adenocarcinoma, Pancreatic Ductal",13,0.18309859,1.60719875,0.0509,1,0.8374,"hsa-mir-96,hsa-mir-200c,hsa-mir-217,hsa-mir-224,hsa-mir-615,hsa-mir-211,hsa-mir-135a-1,hsa-mir-10b,hsa-mir-196a-2,hsa-mir-196b,hsa-mir-183,hsa-mir-196a-1,hsa-mir-135a-2"
Disease,Waldenstrom Macroglobulinemia,3,0.375,3.29166667,0.0527,1,0.8552,"hsa-mir-9-2,hsa-mir-9-1,hsa-mir-9-3"
Disease,"Carcinoma, Ovarian",29,0.14948454,1.31214204,0.0601,1,0.9251,"hsa-mir-9-1,hsa-mir-96,hsa-mir-200c,hsa-mir-224,hsa-mir-203b,hsa-mir-130a,hsa-mir-196b,hsa-mir-137,hsa-mir-9-2,hsa-mir-135a-2,hsa-mir-517a,hsa-mir-873,hsa-mir-196a-2,hsa-mir-182,hsa-mir-424,hsa-mir-372,hsa-mir-34b,hsa-mir-519d,hsa-mir-135a-1,hsa-mir-184,hsa-mir-183,hsa-mir-196a-1,hsa-mir-490,hsa-mir-551b,hsa-mir-498,hsa-mir-34c,hsa-mir-211,hsa-mir-760,hsa-mir-9-3"
Disease,Melanoma,21,0.15909091,1.39646465,0.0604,1,0.9184,"hsa-mir-9-1,hsa-mir-200c,hsa-mir-224,hsa-mir-203b,hsa-mir-767,hsa-mir-137,hsa-mir-9-2,hsa-mir-452,hsa-mir-524,hsa-mir-10b,hsa-mir-196a-2,hsa-mir-182,hsa-mir-424,hsa-mir-34b,hsa-mir-183,hsa-mir-196a-1,hsa-mir-34c,hsa-mir-216a,hsa-mir-211,hsa-mir-520c,hsa-mir-9-3"
Disease,"Carcinoma, Gastric",39,0.14181818,1.24484848,0.0624,1,0.9363,"hsa-mir-520b,hsa-mir-9-1,hsa-mir-96,hsa-mir-200c,hsa-mir-224,hsa-mir-573,hsa-mir-203b,hsa-mir-130a,hsa-mir-196b,hsa-mir-137,hsa-mir-9-2,hsa-mir-135a-2,hsa-mir-519c,hsa-mir-524,hsa-mir-4758,hsa-mir-519a-2,hsa-mir-202,hsa-mir-519b,hsa-mir-190b,hsa-mir-10b,hsa-mir-196a-2,hsa-mir-182,hsa-mir-139,hsa-mir-34b,hsa-mir-520e,hsa-mir-519d,hsa-mir-135a-1,hsa-mir-183,hsa-mir-196a-1,hsa-mir-490,hsa-mir-551b,hsa-mir-217,hsa-mir-520d,hsa-mir-519a-1,hsa-mir-519e,hsa-mir-1266,hsa-mir-34c,hsa-mir-760,hsa-mir-9-3"
Disease,"Cardiomyopathy, Dilated",2,0.5,4.38888889,0.0662,1,0.9813,"hsa-mir-196a-2,hsa-mir-196a-1"
Disease,Hypertension,8,0.20512821,1.8005698,0.0663,1,0.9585,"hsa-mir-527,hsa-mir-139,hsa-mir-105-2,hsa-mir-1283-2,hsa-mir-518e,hsa-mir-105-1,hsa-mir-196a-2,hsa-mir-1283-1"
Disease,"Leukemia, Myeloid, Chronic",12,0.17910448,1.5721393,0.0688,1,0.9823,"hsa-mir-518b,hsa-mir-525,hsa-mir-9-1,hsa-mir-224,hsa-mir-665,hsa-mir-498,hsa-mir-130a,hsa-mir-196b,hsa-mir-9-3,hsa-mir-9-2,hsa-mir-424,hsa-mir-520a"
Disease,"Leukemia, Myeloid, Acute",19,0.15966387,1.40149393,0.0706,1,0.9955,"hsa-mir-9-1,hsa-mir-96,hsa-mir-200c,hsa-mir-224,hsa-mir-203b,hsa-mir-196b,hsa-mir-9-2,hsa-mir-135a-2,hsa-mir-519c,hsa-mir-519a-2,hsa-mir-519b,hsa-mir-34b,hsa-mir-519d,hsa-mir-135a-1,hsa-mir-551b,hsa-mir-519a-1,hsa-mir-519e,hsa-mir-34c,hsa-mir-9-3"
Disease,Retinal Degeneration,3,0.33333333,2.92592593,0.0726,1,1,"hsa-mir-183,hsa-mir-96,hsa-mir-182"
Disease,Osteoporosis,3,0.33333333,2.92592593,0.0726,1,1,"hsa-mir-216a,hsa-mir-34b,hsa-mir-34c"
Disease,"Squamous Cell Carcinoma, Tongue",6,0.22222222,1.95061728,0.0769,1,1,"hsa-mir-96,hsa-mir-203b,hsa-mir-498,hsa-mir-137,hsa-mir-183,hsa-mir-424"
Disease,"Carcinoma, Rectal",9,0.1875,1.64583333,0.0857,1,1,"hsa-mir-139,hsa-mir-34b,hsa-mir-203b,hsa-mir-34c,hsa-mir-135a-1,hsa-mir-196a-2,hsa-mir-183,hsa-mir-196a-1,hsa-mir-135a-2"
Disease,Chronic Obstructive Pulmonary Disease,6,0.21428571,1.88095238,0.0891,1,1,"hsa-mir-34b,hsa-mir-9-1,hsa-mir-34c,hsa-mir-196a-2,hsa-mir-9-3,hsa-mir-9-2"
Disease,Nervous System Diseases [unspecific],3,0.3,2.63333333,0.0953,1,1,"hsa-mir-9-2,hsa-mir-9-1,hsa-mir-9-3"
Disease,Pancreatic Neoplasms,11,0.171875,1.50868056,0.1012,1,1,"hsa-mir-34b,hsa-mir-96,hsa-mir-200c,hsa-mir-217,hsa-mir-224,hsa-mir-203b,hsa-mir-34c,hsa-mir-216a,hsa-mir-196a-2,hsa-mir-196a-1,hsa-mir-520h"
Disease,"Carcinoma, Periampullary",2,0.4,3.51111111,0.1023,1,1,"hsa-mir-196a-2,hsa-mir-196a-1"
Disease,Depression Disorder,5,0.2173913,1.90821256,0.1111,1,1,"hsa-mir-34b,hsa-mir-34c,hsa-mir-135a-1,hsa-mir-424,hsa-mir-135a-2"
Disease,"Diabetes Mellitus, Gestational",5,0.2173913,1.90821256,0.1111,1,1,"hsa-mir-9-1,hsa-mir-9-3,hsa-mir-137,hsa-mir-9-2,hsa-mir-452"
Disease,Medulloblastoma,6,0.2,1.75555556,0.1164,1,1,"hsa-mir-9-1,hsa-mir-135a-1,hsa-mir-10b,hsa-mir-9-3,hsa-mir-9-2,hsa-mir-135a-2"
Disease,Kidney Neoplasms,3,0.27272727,2.39393939,0.1205,1,1,"hsa-mir-34b,hsa-mir-200c,hsa-mir-34c"
Disease,Barrett's Esophagus,3,0.27272727,2.39393939,0.1205,1,1,"hsa-mir-196a-1,hsa-mir-203b,hsa-mir-196a-2"
Disease,Preeclampsia,12,0.16216216,1.42342342,0.125,1,1,"hsa-mir-34b,hsa-mir-202,hsa-mir-224,hsa-mir-519d,hsa-mir-203b,hsa-mir-34c,hsa-mir-517b,hsa-mir-517c,hsa-mir-130a,hsa-mir-518e,hsa-mir-182,hsa-mir-517a"
Disease,"Squamous Cell Carcinoma, Oral",13,0.15662651,1.37483266,0.1386,1,1,"hsa-mir-139,hsa-mir-9-1,hsa-mir-200c,hsa-mir-224,hsa-mir-203b,hsa-mir-216a,hsa-mir-211,hsa-mir-184,hsa-mir-10b,hsa-mir-196a-2,hsa-mir-9-3,hsa-mir-196a-1,hsa-mir-9-2"
Disease,Rhabdomyosarcoma,4,0.22222222,1.95061728,0.1394,1,1,"hsa-mir-9-2,hsa-mir-203b,hsa-mir-9-1,hsa-mir-9-3"
Disease,Cervical Dysplasia,2,0.33333333,2.92592593,0.1423,1,1,"hsa-mir-196a-1,hsa-mir-196a-2"
Disease,Neuroendocrine Tumors,2,0.33333333,2.92592593,0.1423,1,1,"hsa-mir-196a-1,hsa-mir-196a-2"
Disease,Renal Fibrosis,3,0.25,2.19444444,0.1479,1,1,"hsa-mir-196a-1,hsa-mir-196a-2,hsa-mir-196b"
Disease,Pituitary Adenoma,4,0.21052632,1.84795322,0.1618,1,1,"hsa-mir-520b,hsa-mir-523,hsa-mir-200c,hsa-mir-10b"
Disease,Asthma,7,0.17073171,1.49864499,0.1766,1,1,"hsa-mir-9-1,hsa-mir-200c,hsa-mir-224,hsa-mir-498,hsa-mir-196a-2,hsa-mir-9-3,hsa-mir-9-2"
Disease,"Squamous Cell Carcinoma, Laryngeal or Hypopharyngeal",5,0.17857143,1.56746032,0.2063,1,1,"hsa-mir-139,hsa-mir-519a-2,hsa-mir-519a-1,hsa-mir-203b,hsa-mir-34c"
Disease,"Carcinoma, Cervical",19,0.13768116,1.20853462,0.2111,1,1,"hsa-mir-9-1,hsa-mir-96,hsa-mir-224,hsa-mir-203b,hsa-mir-130a,hsa-mir-196b,hsa-mir-9-2,hsa-mir-135a-2,hsa-mir-944,hsa-mir-196a-2,hsa-mir-182,hsa-mir-424,hsa-mir-139,hsa-mir-135a-1,hsa-mir-183,hsa-mir-196a-1,hsa-mir-211,hsa-mir-9-3,hsa-mir-520h"
Disease,Narcolepsy,1,0.5,4.38888889,0.215,1,1,hsa-mir-130a
Disease,Fragile X Syndrome,1,0.5,4.38888889,0.215,1,1,hsa-mir-424
Disease,Neutropenia,1,0.5,4.38888889,0.215,1,1,hsa-mir-196b
Disease,Vitiligo,1,0.5,4.38888889,0.215,1,1,hsa-mir-196a-2
Disease,Cataract,1,0.5,4.38888889,0.215,1,1,hsa-mir-184
Disease,Craniofacial Abnormalities,1,0.5,4.38888889,0.215,1,1,hsa-mir-873
Disease,Leiomyosarcoma,1,0.5,4.38888889,0.215,1,1,hsa-mir-200c
Disease,Germ Cell And Embryonal Neoplasms,1,0.5,4.38888889,0.215,1,1,hsa-mir-372
Disease,Leukemia,10,0.14925373,1.31011609,0.2236,1,1,"hsa-mir-139,hsa-mir-34b,hsa-mir-9-1,hsa-mir-217,hsa-mir-548f-1,hsa-mir-196b,hsa-mir-183,hsa-mir-9-3,hsa-mir-9-2,hsa-mir-424"
Disease,Breast Neoplasms,20,0.13513514,1.18618619,0.2289,1,1,"hsa-mir-9-1,hsa-mir-96,hsa-mir-200c,hsa-mir-516a-2,hsa-mir-9-2,hsa-mir-519c,hsa-mir-190b,hsa-mir-10b,hsa-mir-196a-2,hsa-mir-182,hsa-mir-516a-1,hsa-mir-34b,hsa-mir-519d,hsa-mir-184,hsa-mir-183,hsa-mir-196a-1,hsa-mir-520a,hsa-mir-519e,hsa-mir-34c,hsa-mir-520h"
Disease,"Adenocarcinoma, Esophageal",4,0.18181818,1.5959596,0.2356,1,1,"hsa-mir-224,hsa-mir-203b,hsa-mir-944,hsa-mir-452"
Disease,Choriocarcinoma,9,0.15,1.31666667,0.2359,1,1,"hsa-mir-200c,hsa-mir-203b,hsa-mir-135a-1,hsa-mir-10b,hsa-mir-196a-2,hsa-mir-182,hsa-mir-183,hsa-mir-196a-1,hsa-mir-135a-2"
Disease,Multiple Myeloma,9,0.15,1.31666667,0.2359,1,1,"hsa-mir-561,hsa-mir-9-1,hsa-mir-96,hsa-mir-202,hsa-mir-520c,hsa-mir-182,hsa-mir-9-3,hsa-mir-137,hsa-mir-9-2"
Disease,Bladder Neoplasms,6,0.16216216,1.42342342,0.2387,1,1,"hsa-mir-34b,hsa-mir-9-1,hsa-mir-203b,hsa-mir-34c,hsa-mir-9-3,hsa-mir-9-2"
Disease,"Carcinoma, Urothelial",3,0.2,1.75555556,0.2392,1,1,"hsa-mir-183,hsa-mir-96,hsa-mir-182"
Disease,Idiopathic Pulmonary Fibrosis,3,0.2,1.75555556,0.2392,1,1,"hsa-mir-34b,hsa-mir-96,hsa-mir-34c"
Disease,"Fatty Liver, Non-Alcoholic",3,0.2,1.75555556,0.2392,1,1,"hsa-mir-9-2,hsa-mir-9-3,hsa-mir-9-1"
Disease,"Adenocarcinoma, Gastric-Esophageal Junction",3,0.2,1.75555556,0.2392,1,1,"hsa-mir-196a-1,hsa-mir-549a,hsa-mir-196a-2"
Disease,"Adenocarcinoma, Colon",4,0.17391304,1.52657005,0.2618,1,1,"hsa-mir-96,hsa-mir-224,hsa-mir-182,hsa-mir-552"
Disease,"Carcinoma, Renal Cell",16,0.13445378,1.18020542,0.2705,1,1,"hsa-mir-96,hsa-mir-200c,hsa-mir-224,hsa-mir-135a-2,hsa-mir-452,hsa-mir-196a-2,hsa-mir-182,hsa-mir-424,hsa-mir-372,hsa-mir-34b,hsa-mir-135a-1,hsa-mir-184,hsa-mir-183,hsa-mir-196a-1,hsa-mir-216b,hsa-mir-34c"
Disease,Ankylosing Spondylitis,2,0.22222222,1.95061728,0.2736,1,1,"hsa-mir-130a,hsa-mir-10b"
Disease,Systemic Sclerosis,2,0.22222222,1.95061728,0.2736,1,1,"hsa-mir-34b,hsa-mir-34c"
Disease,Human Cytomegalovirus Infection,2,0.22222222,1.95061728,0.2736,1,1,"hsa-mir-217,hsa-mir-200c"
Disease,Brain Neoplasms,4,0.16666667,1.46296296,0.2886,1,1,"hsa-mir-9-1,hsa-mir-520g,hsa-mir-9-3,hsa-mir-9-2"
Disease,Cardiomyopathy,4,0.16666667,1.46296296,0.2886,1,1,"hsa-mir-9-1,hsa-mir-200c,hsa-mir-9-3,hsa-mir-9-2"
Disease,"Carcinoma, Thyroid, Papillary",8,0.14285714,1.25396825,0.3012,1,1,"hsa-mir-34b,hsa-mir-9-1,hsa-mir-96,hsa-mir-34c,hsa-mir-182,hsa-mir-9-3,hsa-mir-183,hsa-mir-9-2"
Disease,"Squamous Cell Carcinoma, Head and Neck",7,0.14583333,1.28009259,0.3014,1,1,"hsa-mir-147b,hsa-mir-200c,hsa-mir-196a-2,hsa-mir-182,hsa-mir-196a-1,hsa-mir-424,hsa-mir-372"
Disease,Liver Failure,1,0.33333333,2.92592593,0.3045,1,1,hsa-mir-130a
Disease,Laryngeal Neoplasms,1,0.33333333,2.92592593,0.3045,1,1,hsa-mir-34c
Disease,Cardiac Myxoma,1,0.33333333,2.92592593,0.3045,1,1,hsa-mir-217
Disease,Rectal Neoplasms,1,0.33333333,2.92592593,0.3045,1,1,hsa-mir-137
Disease,"Carcinoma, Merkel Cell",1,0.33333333,2.92592593,0.3045,1,1,hsa-mir-203b
Disease,Diabetic Foot,1,0.33333333,2.92592593,0.3045,1,1,hsa-mir-203b
Disease,"Carcinoma, Gastric, Signet Ring Cell",1,0.33333333,2.92592593,0.3045,1,1,hsa-mir-665
Disease,"Scleroderma, Systemic",1,0.33333333,2.92592593,0.3045,1,1,hsa-mir-202
Disease,Testicular Neoplasms,1,0.33333333,2.92592593,0.3045,1,1,hsa-mir-372
Disease,"Carcinoma, Nasopharyngeal",15,0.13157895,1.15497076,0.3107,1,1,"hsa-mir-9-1,hsa-mir-200c,hsa-mir-203b,hsa-mir-1323,hsa-mir-130a,hsa-mir-9-2,hsa-mir-10b,hsa-mir-372,hsa-mir-34b,hsa-mir-4501,hsa-mir-184,hsa-mir-183,hsa-mir-216b,hsa-mir-34c,hsa-mir-9-3"
Disease,Graves' Disease,2,0.2,1.75555556,0.3181,1,1,"hsa-mir-183,hsa-mir-224"
Disease,Alcoholic Hepatitis,2,0.2,1.75555556,0.3181,1,1,"hsa-mir-130a,hsa-mir-182"
Disease,Psoriasis,5,0.15151515,1.32996633,0.3201,1,1,"hsa-mir-217,hsa-mir-203b,hsa-mir-1266,hsa-mir-130a,hsa-mir-424"
Disease,Endometriosis,6,0.14634146,1.28455285,0.3213,1,1,"hsa-mir-202,hsa-mir-34c,hsa-mir-10b,hsa-mir-196b,hsa-mir-183,hsa-mir-424"
Disease,Osteoarthritis,6,0.14634146,1.28455285,0.3213,1,1,"hsa-mir-139,hsa-mir-9-1,hsa-mir-519b,hsa-mir-130a,hsa-mir-9-3,hsa-mir-9-2"
Disease,"Carcinoma, Esophageal",9,0.13636364,1.1969697,0.3338,1,1,"hsa-mir-34b,hsa-mir-96,hsa-mir-200c,hsa-mir-217,hsa-mir-203b,hsa-mir-34c,hsa-mir-196a-2,hsa-mir-183,hsa-mir-196a-1"
Disease,"Carcinoma, Endometrial",8,0.13793103,1.21072797,0.3372,1,1,"hsa-mir-200c,hsa-mir-203b,hsa-mir-34c,hsa-mir-10b,hsa-mir-196a-2,hsa-mir-182,hsa-mir-424,hsa-mir-944"
Disease,Hepatoblastoma,4,0.15384615,1.35042735,0.343,1,1,"hsa-mir-34b,hsa-mir-96,hsa-mir-224,hsa-mir-34c"
Disease,"Tuberculosis, Pulmonary",4,0.15384615,1.35042735,0.343,1,1,"hsa-mir-200c,hsa-mir-196a-2,hsa-mir-196b,hsa-mir-196a-1"
Disease,Human Papilloma Virus Infection,5,0.14705882,1.29084967,0.3439,1,1,"hsa-mir-3144,hsa-mir-96,hsa-mir-203b,hsa-mir-196a-2,hsa-mir-196a-1"
Disease,Prostate Neoplasms,10,0.13333333,1.17037037,0.3463,1,1,"hsa-mir-521-1,hsa-mir-200c,hsa-mir-105-2,hsa-mir-521-2,hsa-mir-203b,hsa-mir-34c,hsa-mir-105-1,hsa-mir-182,hsa-mir-520c,hsa-mir-424"
Disease,"Carcinoma, Thyroid, Medullary",2,0.18181818,1.5959596,0.362,1,1,"hsa-mir-200c,hsa-mir-182"
Disease,Necrotizing Enterocolitis,2,0.18181818,1.5959596,0.362,1,1,"hsa-mir-4793,hsa-mir-203b"
Disease,Cutaneous Melanoma,3,0.15789474,1.38596491,0.3703,1,1,"hsa-mir-424,hsa-mir-182,hsa-mir-524"
Disease,Neurodegenerative Diseases [unspecific],3,0.15789474,1.38596491,0.3703,1,1,"hsa-mir-139,hsa-mir-34b,hsa-mir-34c"
Disease,Essential Hypertension,3,0.15789474,1.38596491,0.3703,1,1,"hsa-mir-9-2,hsa-mir-9-3,hsa-mir-9-1"
Disease,Epilepsy,4,0.14814815,1.30041152,0.3705,1,1,"hsa-mir-139,hsa-mir-34b,hsa-mir-34c,hsa-mir-130a"
Disease,Atrial Fibrillation,8,0.13333333,1.17037037,0.3739,1,1,"hsa-mir-892a,hsa-mir-1266,hsa-mir-10b,hsa-mir-196a-2,hsa-mir-466,hsa-mir-4666a,hsa-mir-183,hsa-mir-3171"
Disease,Meningioma,1,0.25,2.19444444,0.384,1,1,hsa-mir-224
Disease,Chronic Pancreatitis,1,0.25,2.19444444,0.384,1,1,hsa-mir-217
Disease,Allergic Asthma,1,0.25,2.19444444,0.384,1,1,hsa-mir-34b
Disease,"Carcinoma, Spindle Cell",1,0.25,2.19444444,0.384,1,1,hsa-mir-200c
Disease,Ovarian Serous Cystadenocarcinoma,1,0.25,2.19444444,0.384,1,1,hsa-mir-200c
Disease,Chronic Hepatitis C,5,0.13888889,1.2191358,0.3919,1,1,"hsa-mir-765,hsa-mir-224,hsa-mir-196a-2,hsa-mir-196b,hsa-mir-196a-1"
Disease,Schizophrenia,7,0.13207547,1.15932914,0.3997,1,1,"hsa-mir-34b,hsa-mir-9-1,hsa-mir-34c,hsa-mir-9-3,hsa-mir-137,hsa-mir-183,hsa-mir-9-2"
Disease,Cerebral Aneurysm,3,0.15,1.31666667,0.403,1,1,"hsa-mir-9-2,hsa-mir-9-3,hsa-mir-9-1"
Disease,"Lymphoma, Large-Cell, Anaplastic",2,0.16666667,1.46296296,0.4049,1,1,"hsa-mir-512-1,hsa-mir-512-2"
Disease,"Leukemia, Lymphoblastic, Acute, Childhood",2,0.16666667,1.46296296,0.4049,1,1,"hsa-mir-34c,hsa-mir-34b"
Disease,Rheumatoid Arthritis,7,0.12962963,1.13786008,0.4195,1,1,"hsa-mir-34b,hsa-mir-9-1,hsa-mir-573,hsa-mir-203b,hsa-mir-34c,hsa-mir-9-3,hsa-mir-9-2"
Disease,"Carcinoma, Laryngeal",8,0.12698413,1.11463845,0.4294,1,1,"hsa-mir-9-1,hsa-mir-519b,hsa-mir-130a,hsa-mir-10b,hsa-mir-196a-2,hsa-mir-9-3,hsa-mir-196a-1,hsa-mir-9-2"
Disease,Allergic Rhinitis,3,0.14285714,1.25396825,0.4351,1,1,"hsa-mir-224,hsa-mir-498,hsa-mir-196a-2"
Disease,"Cardiomyopathy, Hypertrophic",7,0.12727273,1.11717172,0.4394,1,1,"hsa-mir-34b,hsa-mir-9-1,hsa-mir-96,hsa-mir-184,hsa-mir-10b,hsa-mir-9-3,hsa-mir-9-2"
Disease,"Lymphoma, Large B-Cell, Diffuse",5,0.13157895,1.15497076,0.4396,1,1,"hsa-mir-147b,hsa-mir-200c,hsa-mir-520d,hsa-mir-224,hsa-mir-520c"
Disease,Male Infertility,2,0.15384615,1.35042735,0.4463,1,1,"hsa-mir-34c,hsa-mir-34b"
Disease,Ectopic Pregnancy,2,0.15384615,1.35042735,0.4463,1,1,"hsa-mir-873,hsa-mir-196b"
Disease,"Adenocarcinoma, Cervical",1,0.2,1.75555556,0.4544,1,1,hsa-mir-9-1
Disease,Ossification of Posterior Longitudinal Ligament,1,0.2,1.75555556,0.4544,1,1,hsa-mir-196a-2
Disease,Gastrointestinal Neoplasms,10,0.12195122,1.0704607,0.4613,1,1,"hsa-mir-139,hsa-mir-34b,hsa-mir-9-1,hsa-mir-200c,hsa-mir-34c,hsa-mir-9-3,hsa-mir-196a-2,hsa-mir-137,hsa-mir-196a-1,hsa-mir-9-2"
Disease,Glioblastoma,20,0.1183432,1.03879027,0.4647,1,1,"hsa-mir-522,hsa-mir-9-1,hsa-mir-200c,hsa-mir-224,hsa-mir-203b,hsa-mir-130a,hsa-mir-137,hsa-mir-9-2,hsa-mir-452,hsa-mir-524,hsa-mir-147b,hsa-mir-873,hsa-mir-520f,hsa-mir-10b,hsa-mir-182,hsa-mir-139,hsa-mir-518b,hsa-mir-513c,hsa-mir-3189,hsa-mir-9-3"
Disease,Diabetes Mellitus,9,0.12162162,1.06756757,0.4723,1,1,"hsa-mir-9-1,hsa-mir-200c,hsa-mir-130a,hsa-mir-196a-2,hsa-mir-196b,hsa-mir-9-3,hsa-mir-196a-1,hsa-mir-9-2,hsa-mir-518d"
Disease,"Carcinoma, Renal Cell, Clear-Cell",7,0.12068966,1.05938697,0.4981,1,1,"hsa-mir-9-1,hsa-mir-217,hsa-mir-10b,hsa-mir-9-3,hsa-mir-424,hsa-mir-9-2,hsa-mir-452"
Disease,"Leukemia, Lymphocytic, Chronic",5,0.12195122,1.0704607,0.5095,1,1,"hsa-mir-34b,hsa-mir-9-1,hsa-mir-34c,hsa-mir-9-3,hsa-mir-9-2"
Disease,Glioma,24,0.11538462,1.01282051,0.5107,1,1,"hsa-mir-9-1,hsa-mir-96,hsa-mir-200c,hsa-mir-203b,hsa-mir-767,hsa-mir-196b,hsa-mir-137,hsa-mir-9-2,hsa-mir-135a-2,hsa-mir-524,hsa-mir-873,hsa-mir-105-1,hsa-mir-10b,hsa-mir-196a-2,hsa-mir-182,hsa-mir-372,hsa-mir-139,hsa-mir-105-2,hsa-mir-135a-1,hsa-mir-184,hsa-mir-183,hsa-mir-196a-1,hsa-mir-520c,hsa-mir-9-3"
Disease,Nasopharyngeal Neoplasms,1,0.16666667,1.46296296,0.5168,1,1,hsa-mir-10b
Disease,Pancreatic Intraductal Papillary Mucinous Neoplasms,1,0.16666667,1.46296296,0.5168,1,1,hsa-mir-130a
Disease,"Leukemia, Biphenotypic, Acute",1,0.16666667,1.46296296,0.5168,1,1,hsa-mir-182
Disease,Chronic Brucellosis,1,0.16666667,1.46296296,0.5168,1,1,hsa-mir-139
Disease,Essential Thrombocythemia,1,0.16666667,1.46296296,0.5168,1,1,hsa-mir-203b
Disease,Kawasaki's Syndrome,1,0.16666667,1.46296296,0.5168,1,1,hsa-mir-200c
Disease,Leiomyoma,1,0.16666667,1.46296296,0.5168,1,1,hsa-mir-200c
Disease,"Leukemia, Promyelocytic, Acute",2,0.13333333,1.17037037,0.524,1,1,"hsa-mir-34c,hsa-mir-34b"
Disease,Diabetic Nephropathy,3,0.125,1.09722222,0.5272,1,1,"hsa-mir-135a-1,hsa-mir-23c,hsa-mir-135a-2"
Disease,"Carcinoma, Lung. Non-Small-Cell",25,0.11415525,1.00202943,0.5346,1,1,"hsa-mir-9-1,hsa-mir-200c,hsa-mir-203b,hsa-mir-130a,hsa-mir-196b,hsa-mir-137,hsa-mir-135a-2,hsa-mir-452,hsa-mir-10b,hsa-mir-196a-2,hsa-mir-182,hsa-mir-424,hsa-mir-372,hsa-mir-139,hsa-mir-520e,hsa-mir-519d,hsa-mir-1254-1,hsa-mir-135a-1,hsa-mir-184,hsa-mir-512-2,hsa-mir-196a-1,hsa-mir-520a,hsa-mir-216b,hsa-mir-512-1,hsa-mir-34c"
Disease,Hepatitis C Virus Infection,10,0.11494253,1.00893997,0.542,1,1,"hsa-mir-522,hsa-mir-96,hsa-mir-224,hsa-mir-130a,hsa-mir-196b,hsa-mir-182,hsa-mir-424,hsa-mir-765,hsa-mir-217,hsa-mir-549a"
Disease,Sepsis,4,0.11764706,1.03267974,0.5545,1,1,"hsa-mir-135a-1,hsa-mir-182,hsa-mir-466,hsa-mir-135a-2"
Disease,Liver Neoplasms,3,0.12,1.05333333,0.556,1,1,"hsa-mir-34c,hsa-mir-10b,hsa-mir-372"
Disease,Retinal Neovascularization,1,0.14285714,1.25396825,0.5721,1,1,hsa-mir-184
Disease,"Carcinoma, Endometrioid Endometrial",1,0.14285714,1.25396825,0.5721,1,1,hsa-mir-200c
Disease,Kidney Diseases [unspecific],1,0.14285714,1.25396825,0.5721,1,1,hsa-mir-200c
Disease,Cholangiocarcinoma,4,0.11428571,1.0031746,0.5785,1,1,"hsa-mir-96,hsa-mir-200c,hsa-mir-224,hsa-mir-203b"
Disease,Osteosarcoma,19,0.11111111,0.97530864,0.5919,1,1,"hsa-mir-9-1,hsa-mir-200c,hsa-mir-224,hsa-mir-203b,hsa-mir-196b,hsa-mir-137,hsa-mir-9-2,hsa-mir-202,hsa-mir-10b,hsa-mir-196a-2,hsa-mir-182,hsa-mir-519d,hsa-mir-802,hsa-mir-183,hsa-mir-196a-1,hsa-mir-490,hsa-mir-217,hsa-mir-34c,hsa-mir-9-3"
Disease,"Squamous Cell Carcinoma, Cerevial",2,0.11764706,1.03267974,0.5942,1,1,"hsa-mir-490,hsa-mir-96"
Disease,Alzheimer's Disease,11,0.11,0.96555556,0.6027,1,1,"hsa-mir-9-1,hsa-mir-200c,hsa-mir-937,hsa-mir-137,hsa-mir-9-2,hsa-mir-135a-2,hsa-mir-139,hsa-mir-135a-1,hsa-mir-512-2,hsa-mir-512-1,hsa-mir-9-3"
Disease,"Carcinoma, Gallbladder",3,0.11111111,0.97530864,0.6104,1,1,"hsa-mir-202,hsa-mir-130a,hsa-mir-182"
Disease,Kaposi's Sarcoma,3,0.11111111,0.97530864,0.6104,1,1,"hsa-mir-200c,hsa-mir-1258,hsa-mir-23c"
Disease,Lung Neoplasms,12,0.10909091,0.95757576,0.6158,1,1,"hsa-mir-9-1,hsa-mir-224,hsa-mir-203b,hsa-mir-9-2,hsa-mir-196a-2,hsa-mir-182,hsa-mir-34b,hsa-mir-183,hsa-mir-196a-1,hsa-mir-1258,hsa-mir-34c,hsa-mir-216a"
Disease,Arrhythmia,1,0.125,1.09722222,0.6212,1,1,hsa-mir-3144
Disease,"Carcinoma, Skin",1,0.125,1.09722222,0.6212,1,1,hsa-mir-200c
Disease,"Leukemia, Myeloid",2,0.11111111,0.97530864,0.6263,1,1,"hsa-mir-139,hsa-mir-34c"
Disease,Respiratory Syncytial Virus Pneumonia,2,0.11111111,0.97530864,0.6263,1,1,"hsa-mir-34c,hsa-mir-34b"
Disease,Kidney Injury,3,0.10714286,0.94047619,0.6359,1,1,"hsa-mir-200c,hsa-mir-211,hsa-mir-182"
Disease,Human Immunodeficiency Virus Infection,5,0.10638298,0.93380615,0.637,1,1,"hsa-mir-34c,hsa-mir-196a-2,hsa-mir-196b,hsa-mir-183,hsa-mir-196a-1"
Disease,Heart Diseases [unspecific],4,0.10526316,0.92397661,0.6462,1,1,"hsa-mir-516a-1,hsa-mir-873,hsa-mir-184,hsa-mir-516a-2"
Disease,"Carcinoma, Prostate",28,0.10894942,0.95633377,0.6482,1,1,"hsa-mir-9-1,hsa-mir-96,hsa-mir-200c,hsa-mir-224,hsa-mir-665,hsa-mir-888,hsa-mir-130a,hsa-mir-9-2,hsa-mir-135a-2,hsa-mir-452,hsa-mir-519c,hsa-mir-196a-2,hsa-mir-182,hsa-mir-424,hsa-mir-765,hsa-mir-372,hsa-mir-139,hsa-mir-34b,hsa-mir-513c,hsa-mir-3677,hsa-mir-135a-1,hsa-mir-512-2,hsa-mir-183,hsa-mir-512-1,hsa-mir-3189,hsa-mir-34c,hsa-mir-9-3,hsa-mir-23c"
Disease,Liver Cirrhosis,6,0.10526316,0.92397661,0.6485,1,1,"hsa-mir-9-1,hsa-mir-519d,hsa-mir-203b,hsa-mir-10b,hsa-mir-9-3,hsa-mir-9-2"
Disease,"Cardiomyopathy, Ischemic",2,0.10526316,0.92397661,0.6564,1,1,"hsa-mir-139,hsa-mir-23c"
Disease,Glaucoma,3,0.10344828,0.90804598,0.6603,1,1,"hsa-mir-202,hsa-mir-184,hsa-mir-182"
Disease,"Carcinoma, Thyroid, Follicular",1,0.11111111,0.97530864,0.6646,1,1,hsa-mir-183
Disease,Amyotrophic Lateral Sclerosis,1,0.11111111,0.97530864,0.6646,1,1,hsa-mir-9-2
Disease,"Carcinoma, Vulvar",1,0.11111111,0.97530864,0.6646,1,1,hsa-mir-519b
Disease,Alopecia,1,0.11111111,0.97530864,0.6646,1,1,hsa-mir-203b
Disease,Esophageal Neoplasms,1,0.11111111,0.97530864,0.6646,1,1,hsa-mir-203b
Disease,"Carcinoma, Adrenocortical",3,0.1,0.87777778,0.6834,1,1,"hsa-mir-139,hsa-mir-203b,hsa-mir-130a"
Disease,Ovarian Neoplasms,11,0.10377358,0.91090147,0.6839,1,1,"hsa-mir-9-1,hsa-mir-200c,hsa-mir-224,hsa-mir-130a,hsa-mir-516a-2,hsa-mir-9-2,hsa-mir-516a-1,hsa-mir-34b,hsa-mir-183,hsa-mir-34c,hsa-mir-9-3"
Disease,Helicobacter Pylori Infection,1,0.1,0.87777778,0.7031,1,1,hsa-mir-203b
Disease,Testicular Germ Cell Tumor,1,0.1,0.87777778,0.7031,1,1,hsa-mir-372
Disease,Celiac Disease,1,0.1,0.87777778,0.7031,1,1,hsa-mir-551b
Disease,Parkinson's Disease,4,0.09756098,0.85636856,0.7064,1,1,"hsa-mir-34b,hsa-mir-9-1,hsa-mir-9-3,hsa-mir-9-2"
Disease,Allergy,2,0.0952381,0.83597884,0.7108,1,1,"hsa-mir-615,hsa-mir-452"
Disease,"Carcinoma, Lung, Small-Cell",2,0.0952381,0.83597884,0.7108,1,1,"hsa-mir-137,hsa-mir-34c"
Disease,Chondrosarcoma,2,0.0952381,0.83597884,0.7108,1,1,"hsa-mir-519d,hsa-mir-518b"
Disease,Inflammatory Bowel Diseases,3,0.09375,0.82291667,0.7262,1,1,"hsa-mir-200c,hsa-mir-34c,hsa-mir-424"
Disease,Hirschsprung's Disease,2,0.09090909,0.7979798,0.7352,1,1,"hsa-mir-34b,hsa-mir-34c"
Disease,Lung Fibrosis,2,0.09090909,0.7979798,0.7352,1,1,"hsa-mir-34b,hsa-mir-34c"
Disease,Pulmonary Sarcoidosis,1,0.09090909,0.7979798,0.7372,1,1,hsa-mir-130a
Disease,Cerebral Ischemia,1,0.09090909,0.7979798,0.7372,1,1,hsa-mir-224
Disease,Chronic Hepatitis,1,0.09090909,0.7979798,0.7372,1,1,hsa-mir-224
Disease,Azoospermia,1,0.09090909,0.7979798,0.7372,1,1,hsa-mir-372
Disease,Heart Failure,12,0.1,0.87777778,0.7388,1,1,"hsa-mir-665,hsa-mir-130a,hsa-mir-135a-2,hsa-mir-105-1,hsa-mir-10b,hsa-mir-182,hsa-mir-424,hsa-mir-139,hsa-mir-34b,hsa-mir-105-2,hsa-mir-135a-1,hsa-mir-211"
Disease,Crohn Disease,3,0.09090909,0.7979798,0.7459,1,1,"hsa-mir-196a-2,hsa-mir-196b,hsa-mir-196a-1"
Disease,"Squamous Cell Carcinoma, Lung",2,0.08695652,0.76328502,0.7579,1,1,"hsa-mir-182,hsa-mir-183"
Disease,"Stroke, Ischemic",3,0.08823529,0.7745098,0.7644,1,1,"hsa-mir-130a,hsa-mir-196a-2,hsa-mir-196a-1"
Disease,Colitis,1,0.08333333,0.73148148,0.7674,1,1,hsa-mir-139
Disease,Oral Leukoplakia,1,0.08333333,0.73148148,0.7674,1,1,hsa-mir-525
Disease,Adrenal Cortex Neoplasms,1,0.08333333,0.73148148,0.7674,1,1,hsa-mir-203b
Disease,Systemic Lupus Erythematosus,5,0.09090909,0.7979798,0.772,1,1,"hsa-mir-34b,hsa-mir-224,hsa-mir-34c,hsa-mir-196a-2,hsa-mir-196a-1"
Disease,"Leukemia, Lymphoblastic, Acute",2,0.08333333,0.73148148,0.7789,1,1,"hsa-mir-196a-2,hsa-mir-196b"
Disease,Coronary Heart Diseases,5,0.08928571,0.78373016,0.7859,1,1,"hsa-mir-765,hsa-mir-526b,hsa-mir-224,hsa-mir-130a,hsa-mir-196a-2"
Disease,Intervertebral Disc Degeneration,1,0.07692308,0.67521368,0.7942,1,1,hsa-mir-10b
Disease,Tuberculosis,1,0.07692308,0.67521368,0.7942,1,1,hsa-mir-183
Disease,Spinal Cord Injuries,1,0.07692308,0.67521368,0.7942,1,1,hsa-mir-130a
Disease,"Lymphoma, Burkitt's",1,0.07692308,0.67521368,0.7942,1,1,hsa-mir-520a
Disease,Pulmonary Hypertension,3,0.08333333,0.73148148,0.7982,1,1,"hsa-mir-96,hsa-mir-130a,hsa-mir-424"
Disease,Aortic Stenosis,2,0.08,0.70222222,0.7982,1,1,"hsa-mir-211,hsa-mir-424"
Disease,"Carcinoma, Pancreatic",16,0.09638554,0.84605087,0.8144,1,1,"hsa-mir-96,hsa-mir-200c,hsa-mir-196b,hsa-mir-202,hsa-mir-10b,hsa-mir-196a-2,hsa-mir-182,hsa-mir-139,hsa-mir-34b,hsa-mir-183,hsa-mir-196a-1,hsa-mir-216b,hsa-mir-217,hsa-mir-216a,hsa-mir-34c,hsa-mir-211"
Disease,"Colitis, Ulcerative",2,0.07692308,0.67521368,0.8161,1,1,"hsa-mir-200c,hsa-mir-196a-2"
Disease,Macular Degeneration,1,0.07142857,0.62698413,0.8179,1,1,hsa-mir-184
Disease,Neuroblastoma,5,0.08474576,0.74387947,0.8236,1,1,"hsa-mir-203b,hsa-mir-130a,hsa-mir-10b,hsa-mir-137,hsa-mir-424"
Disease,Lymphoma,5,0.08333333,0.73148148,0.8349,1,1,"hsa-mir-200c,hsa-mir-224,hsa-mir-203b,hsa-mir-10b,hsa-mir-520a"
Disease,Maternal Obesity During Childbirth,1,0.06666667,0.58518519,0.8389,1,1,hsa-mir-130a
Disease,Liver Injury,1,0.06666667,0.58518519,0.8389,1,1,hsa-mir-182
Disease,Myelodysplastic Syndromes,2,0.07142857,0.62698413,0.8477,1,1,"hsa-mir-196b,hsa-mir-424"
Disease,HIV-Associated Lipodystrophy,2,0.07142857,0.62698413,0.8477,1,1,"hsa-mir-196b,hsa-mir-452"
Disease,Thyroid Neoplasms,1,0.0625,0.54861111,0.8575,1,1,hsa-mir-130a
Disease,Myocardial Fibrosis,1,0.0625,0.54861111,0.8575,1,1,hsa-mir-203b
Disease,Liver Diseases [unspecific],2,0.06896552,0.60536398,0.8616,1,1,"hsa-mir-139,hsa-mir-200c"
Disease,Astrocytoma,1,0.05882353,0.51633987,0.874,1,1,hsa-mir-137
Disease,Cardiovascular Diseases [unspecific],5,0.078125,0.68576389,0.8745,1,1,"hsa-mir-34b,hsa-mir-200c,hsa-mir-34c,hsa-mir-216a,hsa-mir-10b"
Disease,Arteriosclerosis Obliterans,1,0.05555556,0.48765432,0.8885,1,1,hsa-mir-130a
Disease,"Squamous Cell Carcinoma, Skin or Unspecific",1,0.05555556,0.48765432,0.8885,1,1,hsa-mir-490
Disease,Mesial Temporal Lobe Epilepsy,1,0.05555556,0.48765432,0.8885,1,1,hsa-mir-196b
Disease,Chronic Kidney Disease,2,0.0625,0.54861111,0.8966,1,1,"hsa-mir-217,hsa-mir-130a"
Disease,Pleural Mesothelioma,2,0.0625,0.54861111,0.8966,1,1,"hsa-mir-34b,hsa-mir-34c"
Disease,Chronic Hepatitis B,2,0.0625,0.54861111,0.8966,1,1,"hsa-mir-200c,hsa-mir-196a-2"
Disease,Hepatitis B Virus Infection,5,0.07462687,0.65505804,0.8987,1,1,"hsa-mir-520b,hsa-mir-34b,hsa-mir-34c,hsa-mir-130a,hsa-mir-196a-2"
Disease,Retinoblastoma,3,0.06666667,0.58518519,0.9042,1,1,"hsa-mir-34b,hsa-mir-34c,hsa-mir-183"
Disease,Hematologic Neoplasms,2,0.05882353,0.51633987,0.9152,1,1,"hsa-mir-520c,hsa-mir-372"
Disease,"Leukemia, Lymphocytic, Chronic, B-Cell",2,0.05882353,0.51633987,0.9152,1,1,"hsa-mir-34b,hsa-mir-34c"
Disease,Colon Adenoma,1,0.04761905,0.41798942,0.9229,1,1,hsa-mir-182
Disease,"Leukemia, Lymphoblastic",1,0.04761905,0.41798942,0.9229,1,1,hsa-mir-34c
Disease,Adenovirus Infection,2,0.05555556,0.48765432,0.9306,1,1,"hsa-mir-466,hsa-mir-452"
Disease,Intrahepatic Cholangiocarcinoma,1,0.04545455,0.3989899,0.9319,1,1,hsa-mir-96
Disease,"Diabetes Mellitus, Type 2",12,0.08163265,0.71655329,0.9322,1,1,"hsa-mir-9-1,hsa-mir-96,hsa-mir-200c,hsa-mir-665,hsa-mir-9-2,hsa-mir-1915,hsa-mir-196a-2,hsa-mir-182,hsa-mir-802,hsa-mir-196a-1,hsa-mir-217,hsa-mir-9-3"
Disease,Atherosclerosis,7,0.07368421,0.64678363,0.9343,1,1,"hsa-mir-9-1,hsa-mir-9-2,hsa-mir-10b,hsa-mir-182,hsa-mir-490,hsa-mir-216a,hsa-mir-9-3"
Disease,"Adenocarcinoma, Gastric",2,0.05263158,0.4619883,0.9434,1,1,"hsa-mir-96,hsa-mir-203b"
Disease,"Lymphoma, B-Cell",1,0.04166667,0.36574074,0.9468,1,1,hsa-mir-224
Disease,Myocardial Infarction,3,0.05769231,0.50641026,0.9488,1,1,"hsa-mir-34c,hsa-mir-196a-2,hsa-mir-424"
Disease,Colon Neoplasms,5,0.06493506,0.56998557,0.9527,1,1,"hsa-mir-615,hsa-mir-498,hsa-mir-137,hsa-mir-518c,hsa-mir-552"
Disease,Vascular Diseases [unspecific],1,0.03703704,0.32510288,0.9633,1,1,hsa-mir-196a-2
Disease,Autism Spectrum Disorder,1,0.03571429,0.31349206,0.9676,1,1,hsa-mir-34b
Disease,Polycystic Ovarian Syndrome,1,0.03448276,0.30268199,0.9713,1,1,hsa-mir-34c
Disease,Autoimmune Diseases [unspecific],1,0.02777778,0.24382716,0.988,1,1,hsa-mir-200c
Disease,Head And Neck Neoplasms,1,0.02777778,0.24382716,0.988,1,1,hsa-mir-200c
Disease,"Carcinoma, Thyroid",1,0.02777778,0.24382716,0.988,1,1,hsa-mir-551b
Disease,Multiple Sclerosis,1,0.0212766,0.18676123,0.997,1,1,hsa-mir-96
