Category,Term,Count,Percent,Fold,P-value,Bonferroni,FDR,miRNA
Disease,Hypertension,10,0.25641026,5.95776772,2.19E-06,0.000696,0.000864,"hsa-mir-527,hsa-mir-139,hsa-mir-133a-1,hsa-mir-105-2,hsa-mir-1-1,hsa-mir-518e,hsa-mir-105-1,hsa-mir-133a-2,hsa-mir-204,hsa-mir-1-2"
Disease,Long QT Syndrome,4,1,23.23529412,3.06E-06,0.000972,0.000906,"hsa-mir-1-2,hsa-mir-1-1,hsa-mir-133a-2,hsa-mir-133a-1"
Disease,Gestational Trophoblastic Disease,6,0.46153846,10.7239819,6.45E-06,0.00205,0.00153,"hsa-mir-516a-1,hsa-mir-517c,hsa-mir-520h,hsa-mir-520a,hsa-mir-525,hsa-mir-516b-1"
Disease,Myotonic Muscular Dystrophy,6,0.42857143,9.95798319,1.09E-05,0.00347,0.00216,"hsa-mir-335,hsa-mir-1-1,hsa-mir-133a-2,hsa-mir-133a-1,hsa-mir-1-2,hsa-mir-29c"
Disease,Distal Myopathy,4,0.8,18.58823529,1.48E-05,0.00471,0.00251,"hsa-mir-1-2,hsa-mir-1-1,hsa-mir-133a-2,hsa-mir-133a-1"
Disease,Musculoskeletal Abnormalities [unspecific],4,0.8,18.58823529,1.48E-05,0.00471,0.00251,"hsa-mir-1-2,hsa-mir-1-1,hsa-mir-133a-2,hsa-mir-133a-1"
Disease,Ventricular Tachycardia,4,0.8,18.58823529,1.48E-05,0.00471,0.00251,"hsa-mir-1-2,hsa-mir-1-1,hsa-mir-133a-2,hsa-mir-133a-1"
Disease,Congenital Heart Diseases,7,0.31818182,7.39304813,1.87E-05,0.00596,0.00159,"hsa-mir-518a-1,hsa-mir-133a-1,hsa-mir-1-1,hsa-mir-518f,hsa-mir-518e,hsa-mir-133a-2,hsa-mir-1-2"
Disease,"Muscular Dystrophy, Duchenne",4,0.66666667,15.49019608,4.30E-05,0.0137,0.0034,"hsa-mir-1-1,hsa-mir-133a-2,hsa-mir-133a-1,hsa-mir-1-2"
Disease,"Muscular Dystrophy, Facioscapulohumeral",6,0.33333333,7.74509804,5.91E-05,0.0188,0.00437,"hsa-mir-1-1,hsa-mir-133a-2,hsa-mir-133a-1,hsa-mir-1-2,hsa-mir-517c,hsa-mir-516b-1"
Disease,"Squamous Cell Carcinoma, Esophageal",16,0.11267606,2.61806131,0.000138,0.0439,0.00861,"hsa-mir-526b,hsa-mir-383,hsa-mir-1-2,hsa-mir-335,hsa-mir-1-1,hsa-mir-18a,hsa-mir-133a-2,hsa-mir-518c,hsa-mir-139,hsa-mir-518a-1,hsa-mir-29c,hsa-mir-518f,hsa-mir-520a,hsa-mir-133a-1,hsa-mir-518e,hsa-mir-19a"
Disease,Habitual Abortion,5,0.35714286,8.29831933,0.000181,0.0576,0.0107,"hsa-mir-522,hsa-mir-519a-1,hsa-mir-520f,hsa-mir-517c,hsa-mir-520h"
Disease,Arrhythmia,4,0.5,11.61764706,0.000188,0.0598,0.0106,"hsa-mir-1-1,hsa-mir-133a-2,hsa-mir-133a-1,hsa-mir-1-2"
Disease,"Carcinoma, Hepatocellular",26,0.07669617,1.78205796,0.000294,0.0934,0.0151,"hsa-mir-520b,hsa-mir-522,hsa-mir-525,hsa-mir-520g,hsa-mir-573,hsa-mir-365a,hsa-mir-1-2,hsa-mir-1-1,hsa-mir-335,hsa-mir-105-1,hsa-mir-18a,hsa-mir-133a-2,hsa-mir-204,hsa-mir-372,hsa-mir-139,hsa-mir-29c,hsa-mir-105-2,hsa-mir-365b,hsa-mir-512-2,hsa-mir-520a,hsa-mir-490,hsa-mir-133a-1,hsa-mir-512-1,hsa-mir-1468,hsa-mir-19a,hsa-mir-378c"
Disease,Head And Neck Neoplasms,7,0.19444444,4.51797386,0.000575,0.1829,0.0284,"hsa-mir-133a-1,hsa-mir-29c,hsa-mir-1-1,hsa-mir-18a,hsa-mir-133a-2,hsa-mir-204,hsa-mir-1-2"
Disease,Cerebral Aneurysm,5,0.25,5.80882353,0.00115,0.3659,0.0524,"hsa-mir-1-1,hsa-mir-133a-2,hsa-mir-133a-1,hsa-mir-1-2,hsa-mir-29c"
Disease,"Cardiomyopathy, Hypertrophic",8,0.14545455,3.37967914,0.00173,0.5489,0.073,"hsa-mir-133a-1,hsa-mir-29c,hsa-mir-1-1,hsa-mir-133a-2,hsa-mir-204,hsa-mir-383,hsa-mir-1-2,hsa-mir-19a"
Disease,"Carcinoma, Lung",18,0.08450704,1.96354598,0.00194,0.6181,0.0698,"hsa-mir-522,hsa-mir-526b,hsa-mir-1323,hsa-mir-383,hsa-mir-1-2,hsa-mir-1-1,hsa-mir-335,hsa-mir-133a-2,hsa-mir-3662,hsa-mir-139,hsa-mir-29c,hsa-mir-512-2,hsa-mir-490,hsa-mir-133a-1,hsa-mir-512-1,hsa-mir-1258,hsa-mir-19a,hsa-mir-378c"
Disease,"Carcinoma, Breast",24,0.06896552,1.60243408,0.00218,0.6941,0.0761,"hsa-mir-573,hsa-mir-365a,hsa-mir-18a,hsa-mir-365b,hsa-mir-520c,hsa-mir-1-2,hsa-mir-335,hsa-mir-1-1,hsa-mir-133a-2,hsa-mir-105-2,hsa-mir-519d,hsa-mir-1258,hsa-mir-378c,hsa-mir-204,hsa-mir-139,hsa-mir-29c,hsa-mir-515-1,hsa-mir-526b,hsa-mir-105-1,hsa-mir-515-2,hsa-mir-133a-1,hsa-mir-519a-1,hsa-mir-520h,hsa-mir-19a"
Disease,Bladder Outlet Obstruction,4,0.28571429,6.63865546,0.00222,0.7049,0.075,"hsa-mir-1-1,hsa-mir-204,hsa-mir-1-2,hsa-mir-29c"
Disease,Polycystic Kidney Disease,4,0.28571429,6.63865546,0.00222,0.7049,0.075,"hsa-mir-1-1,hsa-mir-133a-2,hsa-mir-133a-1,hsa-mir-1-2"
Disease,Aortic Stenosis,5,0.2,4.64705882,0.00335,1,0.1071,"hsa-mir-133a-1,hsa-mir-1-1,hsa-mir-133a-2,hsa-mir-204,hsa-mir-1-2"
Disease,Heart Diseases [unspecific],6,0.15789474,3.66873065,0.00452,1,0.1373,"hsa-mir-516a-1,hsa-mir-133a-1,hsa-mir-1-1,hsa-mir-133a-2,hsa-mir-636,hsa-mir-1-2"
Disease,Retinal Degeneration,3,0.33333333,7.74509804,0.00526,1,0.1557,"hsa-mir-1-1,hsa-mir-204,hsa-mir-1-2"
Disease,"Carcinoma, Vulvar",3,0.33333333,7.74509804,0.00526,1,0.1557,"hsa-mir-133a-2,hsa-mir-133a-1,hsa-mir-19a"
Disease,Chronic Atrial Fibrillation,2,0.66666667,15.49019608,0.0053,1,0.1496,"hsa-mir-1-2,hsa-mir-1-1"
Disease,"Squamous Cell Carcinoma, Skin or Unspecific",4,0.22222222,5.16339869,0.00596,1,0.1503,"hsa-mir-204,hsa-mir-365a,hsa-mir-365b,hsa-mir-490"
Disease,Arteriosclerosis Obliterans,4,0.22222222,5.16339869,0.00596,1,0.1503,"hsa-mir-1-1,hsa-mir-133a-2,hsa-mir-133a-1,hsa-mir-1-2"
Disease,Rhabdomyosarcoma,4,0.22222222,5.16339869,0.00596,1,0.1503,"hsa-mir-1-1,hsa-mir-133a-2,hsa-mir-133a-1,hsa-mir-1-2"
Disease,Muscular Dystrophy,5,0.17241379,4.00608519,0.00656,1,0.1554,"hsa-mir-133a-1,hsa-mir-29c,hsa-mir-1-1,hsa-mir-133a-2,hsa-mir-1-2"
Disease,"Carcinoma, Colon",22,0.06984127,1.62278245,0.00661,1,0.1535,"hsa-mir-522,hsa-mir-525,hsa-mir-520g,hsa-mir-365a,hsa-mir-1-2,hsa-mir-1-1,hsa-mir-335,hsa-mir-18a,hsa-mir-133a-2,hsa-mir-204,hsa-mir-372,hsa-mir-139,hsa-mir-518a-1,hsa-mir-29c,hsa-mir-365b,hsa-mir-512-2,hsa-mir-520a,hsa-mir-490,hsa-mir-133a-1,hsa-mir-512-1,hsa-mir-19a,hsa-mir-378c"
Disease,Breast Neoplasms,13,0.08783784,2.040938,0.00721,1,0.1644,"hsa-mir-383,hsa-mir-1-2,hsa-mir-1-1,hsa-mir-335,hsa-mir-18a,hsa-mir-133a-2,hsa-mir-204,hsa-mir-516a-1,hsa-mir-519d,hsa-mir-520a,hsa-mir-133a-1,hsa-mir-520h,hsa-mir-19a"
Disease,Aplastic Anemia,3,0.3,6.97058824,0.00728,1,0.1628,"hsa-mir-1-1,hsa-mir-204,hsa-mir-1-2"
Disease,Essential Hypertension,4,0.21052632,4.89164087,0.00731,1,0.1547,"hsa-mir-1-1,hsa-mir-133a-2,hsa-mir-133a-1,hsa-mir-1-2"
Disease,Glioma,16,0.07692308,1.78733032,0.01,1,0.2048,"hsa-mir-767,hsa-mir-365a,hsa-mir-383,hsa-mir-335,hsa-mir-105-1,hsa-mir-18a,hsa-mir-133a-2,hsa-mir-204,hsa-mir-372,hsa-mir-139,hsa-mir-29c,hsa-mir-105-2,hsa-mir-365b,hsa-mir-133a-1,hsa-mir-520c,hsa-mir-19a"
Disease,Chronic Kidney Disease,5,0.15625,3.63051471,0.0101,1,0.2025,"hsa-mir-133a-1,hsa-mir-29c,hsa-mir-133a-2,hsa-mir-204,hsa-mir-19a"
Disease,"Carcinoma, Bladder",11,0.09166667,2.12990196,0.0102,1,0.2013,"hsa-mir-573,hsa-mir-1-2,hsa-mir-335,hsa-mir-1-1,hsa-mir-133a-2,hsa-mir-139,hsa-mir-29c,hsa-mir-490,hsa-mir-133a-1,hsa-mir-518e,hsa-mir-19a"
Disease,Heart Failure,11,0.09166667,2.12990196,0.0102,1,0.2013,"hsa-mir-365a,hsa-mir-1-2,hsa-mir-1-1,hsa-mir-105-1,hsa-mir-133a-2,hsa-mir-204,hsa-mir-139,hsa-mir-105-2,hsa-mir-365b,hsa-mir-133a-1,hsa-mir-378c"
Disease,"Systemic Lupus Erythematosus, With Pericarditis",2,0.5,11.61764706,0.0103,1,0.1971,"hsa-mir-525,hsa-mir-516a-1"
Disease,HELLP Syndrome,2,0.5,11.61764706,0.0103,1,0.1971,"hsa-mir-133a-1,hsa-mir-133a-2"
Disease,Acute Myocardial Infarction,6,0.13043478,3.03069054,0.0118,1,0.202,"hsa-mir-133a-1,hsa-mir-1-1,hsa-mir-133a-2,hsa-mir-204,hsa-mir-1-2,hsa-mir-19a"
Disease,Colitis,3,0.25,5.80882353,0.0126,1,0.2067,"hsa-mir-139,hsa-mir-18a,hsa-mir-19a"
Disease,Down Syndrome,3,0.25,5.80882353,0.0126,1,0.2067,"hsa-mir-518a-1,hsa-mir-518f,hsa-mir-518e"
Disease,"Squamous Cell Carcinoma, Lung",4,0.17391304,4.04092072,0.0147,1,0.2354,"hsa-mir-133a-1,hsa-mir-29c,hsa-mir-133a-2,hsa-mir-19a"
Disease,"Carcinoma, Gastric",19,0.06909091,1.60534759,0.0149,1,0.235,"hsa-mir-520b,hsa-mir-573,hsa-mir-365a,hsa-mir-383,hsa-mir-1-2,hsa-mir-1-1,hsa-mir-335,hsa-mir-18a,hsa-mir-133a-2,hsa-mir-204,hsa-mir-139,hsa-mir-29c,hsa-mir-519d,hsa-mir-365b,hsa-mir-490,hsa-mir-133a-1,hsa-mir-519a-1,hsa-mir-19a,hsa-mir-378c"
Disease,"Carcinoma, Lung. Non-Small-Cell",16,0.07305936,1.69755573,0.0164,1,0.2564,"hsa-mir-365a,hsa-mir-1-2,hsa-mir-1-1,hsa-mir-18a,hsa-mir-133a-2,hsa-mir-204,hsa-mir-372,hsa-mir-139,hsa-mir-29c,hsa-mir-519d,hsa-mir-365b,hsa-mir-512-2,hsa-mir-520a,hsa-mir-133a-1,hsa-mir-512-1,hsa-mir-378c"
Disease,Cardiomegaly,2,0.4,9.29411765,0.0167,1,0.2572,"hsa-mir-1-2,hsa-mir-1-1"
Disease,Cardiomyopathy,4,0.16666667,3.87254902,0.0171,1,0.2563,"hsa-mir-133a-1,hsa-mir-29c,hsa-mir-133a-2,hsa-mir-636"
Disease,Dengue Virus Infection,3,0.2,4.64705882,0.0237,1,0.3511,"hsa-mir-133a-2,hsa-mir-133a-1,hsa-mir-378c"
Disease,Nasopharyngeal Neoplasms,2,0.33333333,7.74509804,0.0244,1,0.3568,"hsa-mir-204,hsa-mir-29c"
Disease,Neuroendocrine Tumors,2,0.33333333,7.74509804,0.0244,1,0.3568,"hsa-mir-133a-2,hsa-mir-133a-1"
Disease,Osteoarthritis,5,0.12195122,2.83357245,0.028,1,0.39,"hsa-mir-139,hsa-mir-335,hsa-mir-365b,hsa-mir-204,hsa-mir-365a"
Disease,Endometriosis,5,0.12195122,2.83357245,0.028,1,0.39,"hsa-mir-29c,hsa-mir-1-1,hsa-mir-365b,hsa-mir-365a,hsa-mir-1-2"
Disease,Coronary Heart Diseases,6,0.10714286,2.4894958,0.0293,1,0.3988,"hsa-mir-133a-1,hsa-mir-526b,hsa-mir-1-1,hsa-mir-18a,hsa-mir-133a-2,hsa-mir-1-2"
Disease,Ovarian Neoplasms,9,0.08490566,1.97280799,0.0323,1,0.4349,"hsa-mir-383,hsa-mir-1-2,hsa-mir-335,hsa-mir-1-1,hsa-mir-18a,hsa-mir-133a-2,hsa-mir-516a-1,hsa-mir-133a-1,hsa-mir-19a"
Disease,Diabetes Mellitus,7,0.09459459,2.19793323,0.0349,1,0.4444,"hsa-mir-133a-1,hsa-mir-29c,hsa-mir-1-1,hsa-mir-133a-2,hsa-mir-204,hsa-mir-1-2,hsa-mir-19a"
Disease,"Leukemia, Myeloid",3,0.16666667,3.87254902,0.0388,1,0.4894,"hsa-mir-139,hsa-mir-19a,hsa-mir-18a"
Disease,Muscle Diseases [unspecific],2,0.25,5.80882353,0.0431,1,0.5317,"hsa-mir-133a-2,hsa-mir-133a-1"
Disease,Atherosclerosis,8,0.08421053,1.95665635,0.0451,1,0.5457,"hsa-mir-365a,hsa-mir-133a-2,hsa-mir-29c,hsa-mir-365b,hsa-mir-490,hsa-mir-133a-1,hsa-mir-19a,hsa-mir-378c"
Disease,"Carcinoma, Laryngeal",6,0.0952381,2.21288515,0.0486,1,0.5823,"hsa-mir-133a-1,hsa-mir-29c,hsa-mir-1-1,hsa-mir-133a-2,hsa-mir-1-2,hsa-mir-378c"
Disease,"Adenocarcinoma, Lung",8,0.07920792,1.84041934,0.0614,1,0.7273,"hsa-mir-520b,hsa-mir-18a,hsa-mir-133a-2,hsa-mir-519d,hsa-mir-512-2,hsa-mir-133a-1,hsa-mir-519a-1,hsa-mir-512-1"
Disease,Leukemia,6,0.08955224,2.08077261,0.0626,1,0.7349,"hsa-mir-139,hsa-mir-365b,hsa-mir-18a,hsa-mir-365a,hsa-mir-19a,hsa-mir-378c"
Disease,Intrahepatic Cholangiocarcinoma,3,0.13636364,3.1684492,0.0649,1,0.7546,"hsa-mir-1-1,hsa-mir-204,hsa-mir-1-2"
Disease,Viral Myocarditis,2,0.2,4.64705882,0.0655,1,0.7539,"hsa-mir-1-1,hsa-mir-1-2"
Disease,Carotid Atherosclerosis,2,0.2,4.64705882,0.0655,1,0.7539,"hsa-mir-133a-2,hsa-mir-133a-1"
Disease,"Carcinoma, Oral",4,0.10810811,2.51192369,0.0704,1,0.7946,"hsa-mir-139,hsa-mir-518c,hsa-mir-520h,hsa-mir-372"
Disease,Bladder Neoplasms,4,0.10810811,2.51192369,0.0704,1,0.7946,"hsa-mir-133a-1,hsa-mir-1-1,hsa-mir-133a-2,hsa-mir-1-2"
Disease,Schizophrenia,5,0.09433962,2.19200888,0.0726,1,0.8041,"hsa-mir-29c,hsa-mir-335,hsa-mir-365b,hsa-mir-365a,hsa-mir-19a"
Disease,Azoospermia,2,0.18181818,4.22459893,0.0779,1,0.8472,"hsa-mir-383,hsa-mir-372"
Disease,Aortic Aneurysm,2,0.18181818,4.22459893,0.0779,1,0.8472,"hsa-mir-1-1,hsa-mir-1-2"
Disease,"Carcinoma, Embryonal",1,0.5,11.61764706,0.0843,1,0.8915,hsa-mir-383
Disease,Germ Cell And Embryonal Neoplasms,1,0.5,11.61764706,0.0843,1,0.8915,hsa-mir-372
Disease,Hamartoma Syndrome,1,0.5,11.61764706,0.0843,1,0.8915,hsa-mir-19a
Disease,Fetal Alcohol Syndrome,1,0.5,11.61764706,0.0843,1,0.8915,hsa-mir-335
Disease,"Carcinoma, Pancreatic",11,0.06626506,1.53968816,0.088,1,0.8478,"hsa-mir-365a,hsa-mir-636,hsa-mir-335,hsa-mir-18a,hsa-mir-133a-2,hsa-mir-204,hsa-mir-139,hsa-mir-29c,hsa-mir-365b,hsa-mir-133a-1,hsa-mir-19a"
Disease,Renal Fibrosis,2,0.16666667,3.87254902,0.091,1,0.8697,"hsa-mir-29c,hsa-mir-378c"
Disease,Lofgren's Syndrome,2,0.16666667,3.87254902,0.091,1,0.8697,"hsa-mir-1-1,hsa-mir-1-2"
Disease,"Lymphoma, Large-Cell, Anaplastic",2,0.16666667,3.87254902,0.091,1,0.8697,"hsa-mir-512-1,hsa-mir-512-2"
Disease,Preeclampsia,6,0.08108108,1.88394277,0.0924,1,0.8622,"hsa-mir-519d,hsa-mir-335,hsa-mir-517c,hsa-mir-518e,hsa-mir-18a,hsa-mir-204"
Disease,"Lymphoma, Burkitt's",2,0.15384615,3.57466063,0.1047,1,0.9541,"hsa-mir-29c,hsa-mir-520a"
Disease,Male Infertility,2,0.15384615,3.57466063,0.1047,1,0.9541,"hsa-mir-335,hsa-mir-29c"
Disease,"Carcinoma, Gallbladder",3,0.11111111,2.58169935,0.1063,1,0.9539,"hsa-mir-335,hsa-mir-1-1,hsa-mir-1-2"
Disease,"Carcinoma, Nasopharyngeal",8,0.07017544,1.63054696,0.1082,1,0.964,"hsa-mir-1323,hsa-mir-1-2,hsa-mir-1-1,hsa-mir-18a,hsa-mir-204,hsa-mir-372,hsa-mir-29c,hsa-mir-378c"
Disease,Atrial Fibrillation,5,0.08333333,1.93627451,0.1103,1,0.9756,"hsa-mir-29c,hsa-mir-1-1,hsa-mir-18a,hsa-mir-1-2,hsa-mir-19a"
Disease,"Squamous Cell Carcinoma, Laryngeal or Hypopharyngeal",3,0.10714286,2.4894958,0.1155,1,1,"hsa-mir-139,hsa-mir-519a-1,hsa-mir-19a"
Disease,Myelodysplastic Syndromes,3,0.10714286,2.4894958,0.1155,1,1,"hsa-mir-1-1,hsa-mir-1-2,hsa-mir-378c"
Disease,"Carcinoma, Prostate",15,0.05836576,1.35614557,0.118,1,1,"hsa-mir-1-2,hsa-mir-383,hsa-mir-1-1,hsa-mir-335,hsa-mir-18a,hsa-mir-133a-2,hsa-mir-204,hsa-mir-372,hsa-mir-139,hsa-mir-29c,hsa-mir-512-2,hsa-mir-133a-1,hsa-mir-512-1,hsa-mir-19a,hsa-mir-378c"
Disease,Chordoma,2,0.14285714,3.31932773,0.1189,1,1,"hsa-mir-1-1,hsa-mir-1-2"
Disease,Acute Ischemic Stroke,2,0.14285714,3.31932773,0.1189,1,1,"hsa-mir-335,hsa-mir-19a"
Disease,"Leukemia, B-Cell",2,0.14285714,3.31932773,0.1189,1,1,"hsa-mir-18a,hsa-mir-19a"
Disease,Coxsackievirus Infection,1,0.33333333,7.74509804,0.1237,1,1,hsa-mir-490
Disease,Testicular Neoplasms,1,0.33333333,7.74509804,0.1237,1,1,hsa-mir-372
Disease,"Leukemia, Myeloid, Acute",8,0.06722689,1.56203658,0.1305,1,1,"hsa-mir-335,hsa-mir-18a,hsa-mir-204,hsa-mir-29c,hsa-mir-519d,hsa-mir-519a-1,hsa-mir-19a,hsa-mir-378c"
Disease,Cardiovascular Diseases [unspecific],5,0.078125,1.81525735,0.1355,1,1,"hsa-mir-133a-1,hsa-mir-29c,hsa-mir-1-1,hsa-mir-133a-2,hsa-mir-1-2"
Disease,"Squamous Cell Carcinoma, Head and Neck",4,0.08333333,1.93627451,0.1472,1,1,"hsa-mir-29c,hsa-mir-1-1,hsa-mir-1-2,hsa-mir-372"
Disease,Myocardial Ischemic-Reperfusion Injury,2,0.125,2.90441176,0.1485,1,1,"hsa-mir-1-1,hsa-mir-1-2"
Disease,"Carcinoma, Renal Cell, Chromophobe",1,0.25,5.80882353,0.1615,1,1,hsa-mir-19a
Disease,Sjogren's Syndrome,1,0.25,5.80882353,0.1615,1,1,hsa-mir-335
Disease,Toxic Epidermal Necrolysis,1,0.25,5.80882353,0.1615,1,1,hsa-mir-18a
Disease,Crohn Disease,3,0.09090909,2.11229947,0.166,1,1,"hsa-mir-29c,hsa-mir-18a,hsa-mir-19a"
Disease,Hematologic Neoplasms,3,0.08823529,2.05017301,0.1768,1,1,"hsa-mir-378c,hsa-mir-520c,hsa-mir-372"
Disease,Sepsis,3,0.08823529,2.05017301,0.1768,1,1,"hsa-mir-133a-1,hsa-mir-133a-2,hsa-mir-19a"
Disease,Mesial Temporal Lobe Epilepsy,2,0.11111111,2.58169935,0.1795,1,1,"hsa-mir-204,hsa-mir-365a"
Disease,Osteosarcoma,10,0.05847953,1.35878913,0.1884,1,1,"hsa-mir-1-2,hsa-mir-335,hsa-mir-1-1,hsa-mir-133a-2,hsa-mir-204,hsa-mir-29c,hsa-mir-519d,hsa-mir-490,hsa-mir-133a-1,hsa-mir-19a"
Disease,Pituitary Adenoma,2,0.10526316,2.44582043,0.1954,1,1,"hsa-mir-520b,hsa-mir-383"
Disease,Cholestatic Liver Injury,1,0.2,4.64705882,0.1978,1,1,hsa-mir-29c
Disease,Uterine Leiomyoma,1,0.2,4.64705882,0.1978,1,1,hsa-mir-29c
Disease,"Carcinoma, Supraglottic",1,0.2,4.64705882,0.1978,1,1,hsa-mir-19a
Disease,"Carcinoma, Ovarian",11,0.05670103,1.31746513,0.1991,1,1,"hsa-mir-383,hsa-mir-1-2,hsa-mir-1-1,hsa-mir-335,hsa-mir-133a-2,hsa-mir-204,hsa-mir-372,hsa-mir-519d,hsa-mir-490,hsa-mir-133a-1,hsa-mir-378c"
Disease,Stroke,3,0.08108108,1.88394277,0.2104,1,1,"hsa-mir-133a-1,hsa-mir-133a-2,hsa-mir-19a"
Disease,Allergic Rhinitis,2,0.0952381,2.21288515,0.2276,1,1,"hsa-mir-19a,hsa-mir-18a"
Disease,Biliary Atresia,1,0.16666667,3.87254902,0.2324,1,1,hsa-mir-29c
Disease,Ependymoma,1,0.16666667,3.87254902,0.2324,1,1,hsa-mir-29c
Disease,Leiomyoma,1,0.16666667,3.87254902,0.2324,1,1,hsa-mir-29c
Disease,Chronic Brucellosis,1,0.16666667,3.87254902,0.2324,1,1,hsa-mir-139
Disease,Colon Neoplasms,5,0.06493506,1.50878533,0.2324,1,1,"hsa-mir-365b,hsa-mir-18a,hsa-mir-365a,hsa-mir-518c,hsa-mir-19a"
Disease,"Lymphoma, Non-Hodgkin",1,0.16666667,3.87254902,0.2324,1,1,hsa-mir-520a
Disease,Non-Traumatic Osteonecrosis,1,0.16666667,3.87254902,0.2324,1,1,hsa-mir-335
Disease,Spinal Muscular Atrophy,1,0.16666667,3.87254902,0.2324,1,1,hsa-mir-335
Disease,"Carcinoma, Renal Cell, Clear-Cell",4,0.06896552,1.60243408,0.2361,1,1,"hsa-mir-335,hsa-mir-1-1,hsa-mir-204,hsa-mir-19a"
Disease,Lung Fibrosis,2,0.09090909,2.11229947,0.2438,1,1,"hsa-mir-18a,hsa-mir-19a"
Disease,Neuroblastoma,4,0.06779661,1.57527418,0.2457,1,1,"hsa-mir-335,hsa-mir-18a,hsa-mir-204,hsa-mir-19a"
Disease,Parkinson's Disease,3,0.07317073,1.70014347,0.2571,1,1,"hsa-mir-29c,hsa-mir-1-1,hsa-mir-1-2"
Disease,Behcet's Disease,1,0.14285714,3.31932773,0.2656,1,1,hsa-mir-139
Disease,Gastrointestinal Neoplasms,5,0.06097561,1.41678623,0.2743,1,1,"hsa-mir-139,hsa-mir-335,hsa-mir-18a,hsa-mir-19a,hsa-mir-378c"
Disease,Brain Neoplasms,2,0.08333333,1.93627451,0.2765,1,1,"hsa-mir-520g,hsa-mir-383"
Disease,"Squamous Cell Carcinoma, Oral",5,0.06024096,1.39971651,0.2829,1,1,"hsa-mir-139,hsa-mir-133a-1,hsa-mir-133a-2,hsa-mir-204,hsa-mir-19a"
Disease,"Carcinoma, Skin",1,0.125,2.90441176,0.2974,1,1,hsa-mir-383
Disease,Vasculitis,1,0.125,2.90441176,0.2974,1,1,hsa-mir-383
Disease,Hemophagocytic Lymphohistiocytosis,1,0.125,2.90441176,0.2974,1,1,hsa-mir-19a
Disease,"Colitis, Ulcerative",2,0.07692308,1.78733032,0.3091,1,1,"hsa-mir-335,hsa-mir-18a"
Disease,Vascular Diseases [unspecific],2,0.07407407,1.7211329,0.3254,1,1,"hsa-mir-18a,hsa-mir-19a"
Disease,Kaposi's Sarcoma,2,0.07407407,1.7211329,0.3254,1,1,"hsa-mir-1258,hsa-mir-335"
Disease,Chronic Obstructive Pulmonary Disease,2,0.07142857,1.65966387,0.3415,1,1,"hsa-mir-1-1,hsa-mir-1-2"
Disease,HIV-Associated Lipodystrophy,2,0.07142857,1.65966387,0.3415,1,1,"hsa-mir-365b,hsa-mir-365a"
Disease,Testicular Germ Cell Tumor,1,0.1,2.32352941,0.357,1,1,hsa-mir-372
Disease,Glaucoma,2,0.06896552,1.60243408,0.3575,1,1,"hsa-mir-29c,hsa-mir-19a"
Disease,"Carcinoma, Adrenocortical",2,0.06666667,1.54901961,0.3734,1,1,"hsa-mir-139,hsa-mir-335"
Disease,Medulloblastoma,2,0.06666667,1.54901961,0.3734,1,1,"hsa-mir-18a,hsa-mir-19a"
Disease,"Carcinoma, Cervical",7,0.05072464,1.17860188,0.3824,1,1,"hsa-mir-335,hsa-mir-18a,hsa-mir-133a-2,hsa-mir-139,hsa-mir-29c,hsa-mir-133a-1,hsa-mir-520h"
Disease,Gastric Neoplasms,1,0.09090909,2.11229947,0.3849,1,1,hsa-mir-516a-1
Disease,Myocardial Infarction,3,0.05769231,1.34049774,0.39,1,1,"hsa-mir-29c,hsa-mir-1-1,hsa-mir-1-2"
Disease,"Leukemia, Lymphoblastic, Acute, T-Cell",1,0.08333333,1.93627451,0.4116,1,1,hsa-mir-204
Disease,Oral Leukoplakia,1,0.08333333,1.93627451,0.4116,1,1,hsa-mir-525
Disease,"Carcinoma, Head And Neck",1,0.07692308,1.78733032,0.4372,1,1,hsa-mir-29c
Disease,Tuberculosis,1,0.07692308,1.78733032,0.4372,1,1,hsa-mir-29c
Disease,Spinal Cord Injuries,1,0.07692308,1.78733032,0.4372,1,1,hsa-mir-383
Disease,Glioblastoma,8,0.04733728,1.09989558,0.4454,1,1,"hsa-mir-522,hsa-mir-1-2,hsa-mir-520f,hsa-mir-1-1,hsa-mir-18a,hsa-mir-139,hsa-mir-29c,hsa-mir-19a"
Disease,Liver Cirrhosis,3,0.05263158,1.22291022,0.4494,1,1,"hsa-mir-29c,hsa-mir-519d,hsa-mir-18a"
Disease,"Diabetes Mellitus, Type 2",7,0.04761905,1.10644258,0.4501,1,1,"hsa-mir-383,hsa-mir-1-2,hsa-mir-1-1,hsa-mir-18a,hsa-mir-133a-2,hsa-mir-29c,hsa-mir-133a-1"
Disease,Cholangiocarcinoma,2,0.05714286,1.32773109,0.4504,1,1,"hsa-mir-1-1,hsa-mir-1-2"
Disease,"Carcinoma, Endometrial",3,0.05172414,1.20182556,0.461,1,1,"hsa-mir-1-1,hsa-mir-204,hsa-mir-1-2"
Disease,Peripheral Vascular Disease,1,0.07142857,1.65966387,0.4617,1,1,hsa-mir-335
Disease,Pulmonary Hypertension,2,0.05555556,1.29084967,0.4652,1,1,"hsa-mir-29c,hsa-mir-204"
Disease,Chronic Hepatitis C,2,0.05555556,1.29084967,0.4652,1,1,"hsa-mir-1-1,hsa-mir-1-2"
Disease,Choriocarcinoma,3,0.05,1.16176471,0.484,1,1,"hsa-mir-133a-1,hsa-mir-133a-2,hsa-mir-204"
Disease,Multiple Myeloma,3,0.05,1.16176471,0.484,1,1,"hsa-mir-335,hsa-mir-520c,hsa-mir-18a"
Disease,Lymphoma,3,0.05,1.16176471,0.484,1,1,"hsa-mir-18a,hsa-mir-19a,hsa-mir-520a"
Disease,Maternal Obesity During Childbirth,1,0.06666667,1.54901961,0.4852,1,1,hsa-mir-29c
Disease,"Lymphoma, Large B-Cell, Diffuse",2,0.05263158,1.22291022,0.4941,1,1,"hsa-mir-520c,hsa-mir-18a"
Disease,Myocardial Fibrosis,1,0.0625,1.45220588,0.5076,1,1,hsa-mir-18a
Disease,Lung Neoplasms,5,0.04545455,1.05614973,0.521,1,1,"hsa-mir-1-2,hsa-mir-1-1,hsa-mir-18a,hsa-mir-29c,hsa-mir-1258"
Disease,Focal Segmental Glomerulosclerosis,1,0.05882353,1.36678201,0.5291,1,1,hsa-mir-490
Disease,"Squamous Cell Carcinoma, Cerevial",1,0.05882353,1.36678201,0.5291,1,1,hsa-mir-490
Disease,Muscle Atrophy,1,0.05882353,1.36678201,0.5291,1,1,hsa-mir-335
Disease,Asthma,2,0.04878049,1.13342898,0.5356,1,1,"hsa-mir-18a,hsa-mir-19a"
Disease,Respiratory Syncytial Virus Pneumonia,1,0.05555556,1.29084967,0.5496,1,1,hsa-mir-29c
Disease,"Carcinoma, Esophageal",3,0.04545455,1.05614973,0.55,1,1,"hsa-mir-133a-1,hsa-mir-133a-2,hsa-mir-204"
Disease,Hepatitis B Virus Infection,3,0.04477612,1.0403863,0.5606,1,1,"hsa-mir-520b,hsa-mir-29c,hsa-mir-18a"
Disease,"Leukemia, Myeloid, Chronic",3,0.04477612,1.0403863,0.5606,1,1,"hsa-mir-525,hsa-mir-520a,hsa-mir-378c"
Disease,"Cardiomyopathy, Ischemic",1,0.05263158,1.22291022,0.5693,1,1,hsa-mir-139
Disease,Neurodegenerative Diseases [unspecific],1,0.05263158,1.22291022,0.5693,1,1,hsa-mir-139
Disease,Retinoblastoma,2,0.04444444,1.03267974,0.5873,1,1,"hsa-mir-18a,hsa-mir-204"
Disease,Polycythemia Vera,1,0.05,1.16176471,0.5882,1,1,hsa-mir-378c
Disease,"Carcinoma, Renal Cell",5,0.04201681,0.97627286,0.5948,1,1,"hsa-mir-3065,hsa-mir-204,hsa-mir-372,hsa-mir-19a,hsa-mir-378c"
Disease,"Leukemia, Lymphoblastic",1,0.04761905,1.10644258,0.6062,1,1,hsa-mir-29c
Disease,"Carcinoma, Lung, Small-Cell",1,0.04761905,1.10644258,0.6062,1,1,hsa-mir-335
Disease,Colon Adenoma,1,0.04761905,1.10644258,0.6062,1,1,hsa-mir-378c
Disease,Chondrosarcoma,1,0.04761905,1.10644258,0.6062,1,1,hsa-mir-519d
Disease,"Carcinoma, Rectal",2,0.04166667,0.96813725,0.6233,1,1,"hsa-mir-139,hsa-mir-18a"
Disease,"Lymphoma, Hodgkin",1,0.04545455,1.05614973,0.6234,1,1,hsa-mir-520a
Disease,"Adenocarcinoma, Esophageal",1,0.04545455,1.05614973,0.6234,1,1,hsa-mir-378c
Disease,Alzheimer's Disease,4,0.04,0.92941176,0.6389,1,1,"hsa-mir-139,hsa-mir-29c,hsa-mir-512-2,hsa-mir-512-1"
Disease,Prostate Neoplasms,3,0.04,0.92941176,0.6396,1,1,"hsa-mir-105-2,hsa-mir-105-1,hsa-mir-520c"
Disease,Depression Disorder,1,0.04347826,1.01023018,0.64,1,1,hsa-mir-335
Disease,"Adenocarcinoma, Colon",1,0.04347826,1.01023018,0.64,1,1,hsa-mir-18a
Disease,"Lymphoma, B-Cell",1,0.04166667,0.96813725,0.6558,1,1,hsa-mir-204
Disease,"Leukemia, Lymphoblastic, Acute",1,0.04166667,0.96813725,0.6558,1,1,hsa-mir-18a
Disease,Obesity,2,0.03921569,0.911188,0.6569,1,1,"hsa-mir-335,hsa-mir-378c"
Disease,Liver Neoplasms,1,0.04,0.92941176,0.6709,1,1,hsa-mir-372
Disease,"Tuberculosis, Pulmonary",1,0.03846154,0.89366516,0.6854,1,1,hsa-mir-204
Disease,Influenza,1,0.03846154,0.89366516,0.6854,1,1,hsa-mir-29c
Disease,Hepatoblastoma,1,0.03846154,0.89366516,0.6854,1,1,hsa-mir-18a
Disease,"Lymphoma, T-Cell",1,0.03846154,0.89366516,0.6854,1,1,hsa-mir-18a
Disease,Systemic Lupus Erythematosus,2,0.03636364,0.84491979,0.6981,1,1,"hsa-mir-29c,hsa-mir-335"
Disease,Epilepsy,1,0.03703704,0.86056645,0.6992,1,1,hsa-mir-139
Disease,Kidney Injury,1,0.03571429,0.82983193,0.7124,1,1,hsa-mir-204
Disease,Liver Diseases [unspecific],1,0.03448276,0.80121704,0.7251,1,1,hsa-mir-139
Disease,Peritoneal Dialysis Failure,1,0.03225806,0.74952562,0.7488,1,1,hsa-mir-335
Disease,Chronic Hepatitis B,1,0.03125,0.72610294,0.7599,1,1,hsa-mir-29c
Disease,Pleural Mesothelioma,1,0.03125,0.72610294,0.7599,1,1,hsa-mir-335
Disease,Inflammatory Bowel Diseases,1,0.03125,0.72610294,0.7599,1,1,hsa-mir-18a
Disease,Psoriasis,1,0.03030303,0.70409982,0.7706,1,1,hsa-mir-19a
Disease,"Leukemia, Lymphocytic, Chronic, B-Cell",1,0.02941176,0.683391,0.7807,1,1,hsa-mir-29c
Disease,"Carcinoma, Thyroid",1,0.02777778,0.64542484,0.7997,1,1,hsa-mir-204
Disease,Adenovirus Infection,1,0.02777778,0.64542484,0.7997,1,1,hsa-mir-378c
Disease,Melanoma,4,0.03030303,0.70409982,0.8401,1,1,"hsa-mir-767,hsa-mir-204,hsa-mir-520c,hsa-mir-378c"
Disease,"Leukemia, Lymphocytic, Chronic",1,0.02439024,0.56671449,0.8405,1,1,hsa-mir-29c
Disease,Human Immunodeficiency Virus Infection,1,0.0212766,0.49436796,0.8787,1,1,hsa-mir-29c
Disease,Hepatitis C Virus Infection,2,0.02298851,0.53414469,0.9019,1,1,"hsa-mir-522,hsa-mir-19a"
Disease,Rheumatoid Arthritis,1,0.01851852,0.43028322,0.9121,1,1,hsa-mir-573
Disease,"Carcinoma, Thyroid, Papillary",1,0.01785714,0.41491597,0.9199,1,1,hsa-mir-204
Disease,Pancreatic Neoplasms,1,0.015625,0.36305147,0.9447,1,1,hsa-mir-520h
Disease,"Adenocarcinoma, Pancreatic Ductal",1,0.01408451,0.32725766,0.9601,1,1,hsa-mir-378c
