Category,Term,Count,Percent,Fold,P-value,Bonferroni,FDR,miRNA
Disease,"Carcinoma, Colon",76,0.24126984,2.42292171,7.04E-20,4.38E-17,8.34E-17,"hsa-mir-9-1,hsa-mir-525,hsa-mir-96,hsa-mir-133b,hsa-mir-124-2,hsa-mir-194-2,hsa-mir-382,hsa-mir-486-1,hsa-let-7d,hsa-mir-409,hsa-mir-196b,hsa-mir-493,hsa-mir-137,hsa-mir-345,hsa-mir-9-2,hsa-mir-210,hsa-mir-124-3,hsa-mir-135a-2,hsa-mir-1-2,hsa-mir-375,hsa-mir-144,hsa-mir-519c,hsa-mir-7-1,hsa-mir-135b,hsa-mir-215,hsa-mir-376a-1,hsa-mir-1246,hsa-mir-7-3,hsa-mir-134,hsa-mir-30a,hsa-mir-1-1,hsa-mir-206,hsa-mir-451a,hsa-mir-196a-2,hsa-mir-182,hsa-mir-133a-2,hsa-mir-195,hsa-mir-410,hsa-mir-192,hsa-mir-372,hsa-mir-139,hsa-mir-301b,hsa-mir-371a,hsa-mir-503,hsa-mir-218-2,hsa-mir-194-1,hsa-mir-187,hsa-mir-183,hsa-mir-431,hsa-mir-196a-1,hsa-mir-520a,hsa-mir-216b,hsa-mir-143,hsa-mir-486-2,hsa-mir-133a-1,hsa-mir-200a,hsa-let-7c,hsa-mir-301a,hsa-mir-217,hsa-mir-153-2,hsa-mir-130b,hsa-mir-487b,hsa-mir-31,hsa-mir-124-1,hsa-mir-211,hsa-mir-154,hsa-mir-1269a,hsa-mir-21,hsa-mir-141,hsa-mir-218-1,hsa-mir-539,hsa-mir-9-3,hsa-mir-376a-2,hsa-mir-197,hsa-mir-142,hsa-mir-328"
Disease,"Carcinoma, Hepatocellular",74,0.21828909,2.19214039,5.87E-17,3.65E-14,3.48E-14,"hsa-mir-9-1,hsa-mir-33b,hsa-mir-525,hsa-mir-96,hsa-mir-133b,hsa-mir-194-2,hsa-mir-486-1,hsa-let-7d,hsa-mir-137,hsa-mir-345,hsa-mir-9-2,hsa-mir-210,hsa-mir-135a-2,hsa-mir-1-2,hsa-mir-375,hsa-mir-144,hsa-mir-7-1,hsa-mir-135b,hsa-mir-215,hsa-mir-376a-1,hsa-mir-1246,hsa-mir-616,hsa-mir-7-3,hsa-mir-134,hsa-mir-1-1,hsa-mir-30a,hsa-mir-206,hsa-mir-451a,hsa-mir-105-1,hsa-mir-196a-2,hsa-mir-182,hsa-mir-133a-2,hsa-mir-195,hsa-mir-410,hsa-mir-192,hsa-mir-372,hsa-mir-139,hsa-mir-708,hsa-mir-105-2,hsa-mir-136,hsa-mir-503,hsa-mir-218-2,hsa-mir-194-1,hsa-mir-184,hsa-mir-449c,hsa-mir-187,hsa-mir-183,hsa-mir-431,hsa-mir-196a-1,hsa-mir-1269b,hsa-mir-520a,hsa-mir-216b,hsa-mir-143,hsa-mir-486-2,hsa-mir-133a-1,hsa-mir-200a,hsa-let-7c,hsa-mir-301a,hsa-mir-217,hsa-mir-520d,hsa-mir-153-2,hsa-mir-130b,hsa-mir-31,hsa-mir-211,hsa-mir-154,hsa-mir-1269a,hsa-mir-21,hsa-mir-141,hsa-mir-9-3,hsa-mir-218-1,hsa-mir-539,hsa-mir-376a-2,hsa-mir-197,hsa-mir-142"
Disease,Osteosarcoma,52,0.30409357,3.05382099,6.72E-17,4.18E-14,2.65E-14,"hsa-mir-9-1,hsa-mir-33b,hsa-mir-133b,hsa-mir-124-2,hsa-mir-194-2,hsa-mir-382,hsa-mir-486-1,hsa-let-7d,hsa-mir-409,hsa-mir-196b,hsa-mir-137,hsa-mir-9-2,hsa-mir-210,hsa-mir-124-3,hsa-mir-1-2,hsa-mir-375,hsa-mir-144,hsa-mir-7-1,hsa-mir-135b,hsa-mir-7-3,hsa-mir-134,hsa-mir-1-1,hsa-mir-206,hsa-mir-451a,hsa-mir-196a-2,hsa-mir-182,hsa-mir-133a-2,hsa-mir-195,hsa-mir-410,hsa-mir-192,hsa-mir-503,hsa-mir-218-2,hsa-mir-194-1,hsa-mir-381,hsa-mir-183,hsa-mir-196a-1,hsa-mir-143,hsa-mir-486-2,hsa-mir-133a-1,hsa-mir-200a,hsa-mir-301a,hsa-mir-217,hsa-mir-153-2,hsa-mir-130b,hsa-mir-124-1,hsa-mir-21,hsa-mir-9-3,hsa-mir-141,hsa-mir-218-1,hsa-mir-539,hsa-mir-142,hsa-mir-328"
Disease,"Carcinoma, Lung",58,0.27230047,2.73454285,1.43E-16,8.91E-14,4.24E-14,"hsa-mir-9-1,hsa-mir-33b,hsa-mir-96,hsa-mir-526b,hsa-mir-133b,hsa-mir-124-2,hsa-mir-486-1,hsa-let-7d,hsa-mir-1323,hsa-mir-493,hsa-mir-137,hsa-mir-9-2,hsa-mir-124-3,hsa-mir-517a,hsa-mir-135a-2,hsa-mir-1-2,hsa-mir-375,hsa-mir-144,hsa-mir-7-1,hsa-mir-215,hsa-mir-616,hsa-mir-7-3,hsa-mir-134,hsa-mir-30a,hsa-mir-1-1,hsa-mir-206,hsa-mir-451a,hsa-mir-196a-2,hsa-mir-182,hsa-mir-133a-2,hsa-mir-410,hsa-mir-192,hsa-mir-139,hsa-mir-301b,hsa-mir-503,hsa-mir-218-2,hsa-mir-187,hsa-mir-183,hsa-mir-196a-1,hsa-mir-143,hsa-mir-486-2,hsa-mir-133a-1,hsa-mir-200a,hsa-let-7c,hsa-mir-217,hsa-mir-153-2,hsa-mir-130b,hsa-mir-487b,hsa-mir-31,hsa-mir-124-1,hsa-mir-154,hsa-mir-21,hsa-mir-141,hsa-mir-9-3,hsa-mir-218-1,hsa-mir-197,hsa-mir-142,hsa-mir-328"
Disease,"Carcinoma, Prostate",62,0.24124514,2.42267361,5.15E-15,3.21E-12,1.02E-12,"hsa-mir-9-1,hsa-mir-96,hsa-mir-133b,hsa-mir-124-2,hsa-mir-194-2,hsa-mir-382,hsa-let-7d,hsa-mir-409,hsa-mir-345,hsa-mir-541,hsa-mir-9-2,hsa-mir-210,hsa-mir-323a,hsa-mir-124-3,hsa-mir-135a-2,hsa-mir-1-2,hsa-mir-375,hsa-mir-519c,hsa-mir-7-1,hsa-mir-135b,hsa-mir-376a-1,hsa-mir-7-3,hsa-mir-3176,hsa-mir-134,hsa-mir-30a,hsa-mir-1-1,hsa-mir-196a-2,hsa-mir-182,hsa-mir-133a-2,hsa-mir-195,hsa-mir-410,hsa-mir-372,hsa-mir-139,hsa-mir-3607,hsa-mir-708,hsa-mir-301b,hsa-mir-371a,hsa-mir-503,hsa-mir-218-2,hsa-mir-194-1,hsa-mir-449c,hsa-mir-187,hsa-mir-381,hsa-mir-183,hsa-mir-143,hsa-mir-133a-1,hsa-mir-200a,hsa-let-7c,hsa-mir-301a,hsa-mir-130b,hsa-mir-487b,hsa-mir-3189,hsa-mir-31,hsa-mir-124-1,hsa-mir-154,hsa-mir-323b,hsa-mir-9-3,hsa-mir-21,hsa-mir-141,hsa-mir-218-1,hsa-mir-376a-2,hsa-mir-197"
Disease,Breast Neoplasms,45,0.30405405,3.05342419,2.39E-14,1.49E-11,4.04E-12,"hsa-mir-9-1,hsa-mir-96,hsa-mir-133b,hsa-mir-124-2,hsa-mir-194-2,hsa-mir-486-1,hsa-let-7d,hsa-mir-493,hsa-mir-345,hsa-mir-9-2,hsa-mir-210,hsa-mir-124-3,hsa-mir-1-2,hsa-mir-519c,hsa-mir-7-1,hsa-mir-135b,hsa-mir-215,hsa-mir-7-3,hsa-mir-30a,hsa-mir-1-1,hsa-mir-206,hsa-mir-451a,hsa-mir-196a-2,hsa-mir-182,hsa-mir-133a-2,hsa-mir-195,hsa-mir-218-2,hsa-mir-194-1,hsa-mir-184,hsa-mir-183,hsa-mir-196a-1,hsa-mir-520a,hsa-mir-143,hsa-mir-486-2,hsa-mir-133a-1,hsa-mir-200a,hsa-mir-153-2,hsa-mir-31,hsa-mir-124-1,hsa-mir-21,hsa-mir-141,hsa-mir-218-1,hsa-mir-197,hsa-mir-142,hsa-mir-328"
Disease,"Carcinoma, Breast",70,0.20114943,2.02001753,3.47E-14,2.16E-11,5.15E-12,"hsa-mir-33b,hsa-let-7d,hsa-mir-409,hsa-mir-345,hsa-mir-124-3,hsa-mir-375,hsa-mir-135b,hsa-mir-215,hsa-mir-451a,hsa-mir-196a-2,hsa-mir-708,hsa-mir-184,hsa-mir-183,hsa-mir-4634,hsa-mir-486-2,hsa-mir-130b,hsa-mir-486-1,hsa-mir-196b,hsa-mir-493,hsa-mir-210,hsa-mir-135a-2,hsa-mir-1-2,hsa-mir-7-1,hsa-mir-376a-1,hsa-mir-1246,hsa-mir-1-1,hsa-mir-133a-2,hsa-mir-195,hsa-mir-410,hsa-mir-105-2,hsa-mir-381,hsa-let-7c,hsa-mir-301a,hsa-mir-197,hsa-mir-142,hsa-mir-9-1,hsa-mir-96,hsa-mir-133b,hsa-mir-144,hsa-mir-134,hsa-mir-30a,hsa-mir-206,hsa-mir-182,hsa-mir-139,hsa-mir-196a-1,hsa-mir-216b,hsa-mir-143,hsa-mir-217,hsa-mir-153-2,hsa-mir-31,hsa-mir-124-1,hsa-mir-21,hsa-mir-141,hsa-mir-218-1,hsa-mir-376a-2,hsa-mir-526b,hsa-mir-124-2,hsa-mir-137,hsa-mir-9-2,hsa-mir-7-3,hsa-mir-105-1,hsa-mir-192,hsa-mir-503,hsa-mir-496,hsa-mir-218-2,hsa-mir-133a-1,hsa-mir-200a,hsa-mir-4443,hsa-mir-9-3,hsa-mir-328"
Disease,Glioma,53,0.25480769,2.55887386,1.74E-13,1.08E-10,2.29E-11,"hsa-mir-9-1,hsa-mir-96,hsa-mir-133b,hsa-mir-124-2,hsa-mir-194-2,hsa-mir-767,hsa-mir-196b,hsa-mir-137,hsa-mir-9-2,hsa-mir-210,hsa-mir-323a,hsa-mir-124-3,hsa-mir-135a-2,hsa-mir-144,hsa-mir-7-1,hsa-mir-135b,hsa-mir-215,hsa-mir-7-3,hsa-mir-134,hsa-mir-30a,hsa-mir-451a,hsa-mir-105-1,hsa-mir-196a-2,hsa-mir-182,hsa-mir-133a-2,hsa-mir-195,hsa-mir-410,hsa-mir-372,hsa-mir-139,hsa-mir-105-2,hsa-mir-136,hsa-mir-218-2,hsa-mir-194-1,hsa-mir-184,hsa-mir-381,hsa-mir-183,hsa-mir-196a-1,hsa-mir-143,hsa-mir-133a-1,hsa-mir-200a,hsa-mir-153-2,hsa-mir-130b,hsa-mir-31,hsa-mir-124-1,hsa-mir-154,hsa-mir-323b,hsa-mir-21,hsa-mir-9-3,hsa-mir-141,hsa-mir-218-1,hsa-mir-197,hsa-mir-142,hsa-mir-328"
Disease,"Carcinoma, Lung. Non-Small-Cell",54,0.24657534,2.47620153,4.16E-13,2.59E-10,4.93E-11,"hsa-mir-9-1,hsa-mir-124-2,hsa-mir-382,hsa-mir-486-1,hsa-let-7d,hsa-mir-196b,hsa-mir-137,hsa-mir-541,hsa-mir-210,hsa-mir-124-3,hsa-mir-135a-2,hsa-mir-1-2,hsa-mir-375,hsa-mir-144,hsa-mir-7-1,hsa-mir-135b,hsa-mir-376a-1,hsa-mir-1246,hsa-mir-7-3,hsa-mir-134,hsa-mir-1-1,hsa-mir-30a,hsa-mir-196a-2,hsa-mir-182,hsa-mir-133a-2,hsa-mir-195,hsa-mir-192,hsa-mir-372,hsa-mir-139,hsa-mir-708,hsa-mir-136,hsa-mir-301b,hsa-mir-503,hsa-mir-218-2,hsa-mir-184,hsa-mir-187,hsa-mir-196a-1,hsa-mir-520a,hsa-mir-216b,hsa-mir-143,hsa-mir-486-2,hsa-mir-133a-1,hsa-mir-200a,hsa-let-7c,hsa-mir-301a,hsa-mir-153-2,hsa-mir-31,hsa-mir-124-1,hsa-mir-21,hsa-mir-141,hsa-mir-218-1,hsa-mir-376a-2,hsa-mir-197,hsa-mir-142"
Disease,"Diabetes Mellitus, Type 2",42,0.28571429,2.86924939,2.95E-12,1.84E-09,3.18E-10,"hsa-mir-9-1,hsa-mir-33b,hsa-mir-96,hsa-mir-133b,hsa-mir-124-2,hsa-mir-486-1,hsa-let-7d,hsa-mir-409,hsa-mir-9-2,hsa-mir-124-3,hsa-mir-1-2,hsa-mir-375,hsa-mir-144,hsa-mir-376b,hsa-mir-7-1,hsa-mir-376a-1,hsa-mir-7-3,hsa-mir-30a,hsa-mir-1-1,hsa-mir-206,hsa-mir-451a,hsa-mir-196a-2,hsa-mir-182,hsa-mir-133a-2,hsa-mir-195,hsa-mir-410,hsa-mir-192,hsa-mir-503,hsa-mir-187,hsa-mir-196a-1,hsa-mir-143,hsa-mir-486-2,hsa-mir-133a-1,hsa-mir-200a,hsa-let-7c,hsa-mir-217,hsa-mir-124-1,hsa-mir-21,hsa-mir-9-3,hsa-mir-376a-2,hsa-mir-197,hsa-mir-142"
Disease,"Carcinoma, Gastric",60,0.21818182,2.19106317,3.73E-12,2.32E-09,3.69E-10,"hsa-mir-9-1,hsa-mir-33b,hsa-mir-96,hsa-mir-133b,hsa-mir-124-2,hsa-mir-194-2,hsa-mir-486-1,hsa-mir-409,hsa-mir-196b,hsa-mir-137,hsa-mir-9-2,hsa-mir-210,hsa-mir-124-3,hsa-mir-135a-2,hsa-mir-1-2,hsa-mir-519c,hsa-mir-375,hsa-mir-144,hsa-mir-7-1,hsa-mir-135b,hsa-mir-215,hsa-mir-7-3,hsa-mir-4732,hsa-mir-134,hsa-mir-1-1,hsa-mir-30a,hsa-mir-206,hsa-mir-451a,hsa-mir-196a-2,hsa-mir-182,hsa-mir-133a-2,hsa-mir-410,hsa-mir-192,hsa-mir-139,hsa-mir-136,hsa-mir-503,hsa-mir-218-2,hsa-mir-194-1,hsa-mir-449c,hsa-mir-187,hsa-mir-381,hsa-mir-183,hsa-mir-196a-1,hsa-mir-143,hsa-mir-486-2,hsa-mir-133a-1,hsa-let-7c,hsa-mir-301a,hsa-mir-217,hsa-mir-520d,hsa-mir-130b,hsa-mir-31,hsa-mir-124-1,hsa-mir-21,hsa-mir-141,hsa-mir-218-1,hsa-mir-9-3,hsa-mir-197,hsa-mir-142,hsa-mir-328"
Disease,"Carcinoma, Bladder",37,0.30833333,3.09639831,7.27E-12,4.52E-09,6.63E-10,"hsa-mir-9-1,hsa-mir-96,hsa-mir-133b,hsa-mir-124-2,hsa-mir-409,hsa-mir-137,hsa-mir-9-2,hsa-mir-210,hsa-mir-124-3,hsa-mir-135a-2,hsa-mir-1-2,hsa-mir-375,hsa-mir-144,hsa-mir-1-1,hsa-mir-451a,hsa-mir-196a-2,hsa-mir-182,hsa-mir-133a-2,hsa-mir-195,hsa-mir-192,hsa-mir-139,hsa-mir-218-2,hsa-mir-183,hsa-mir-196a-1,hsa-mir-143,hsa-mir-133a-1,hsa-mir-200a,hsa-let-7c,hsa-mir-130b,hsa-mir-31,hsa-mir-124-1,hsa-mir-518e,hsa-mir-21,hsa-mir-9-3,hsa-mir-141,hsa-mir-218-1,hsa-mir-197"
Disease,"Squamous Cell Carcinoma, Esophageal",40,0.28169014,2.82883743,2.05E-11,1.27E-08,1.73E-09,"hsa-mir-9-1,hsa-mir-33b,hsa-mir-526b,hsa-mir-133b,hsa-mir-577,hsa-mir-194-2,hsa-mir-382,hsa-let-7d,hsa-mir-9-2,hsa-mir-1-2,hsa-mir-375,hsa-mir-7-1,hsa-mir-376a-1,hsa-mir-7-3,hsa-mir-1-1,hsa-mir-196a-2,hsa-mir-133a-2,hsa-mir-195,hsa-mir-518c,hsa-mir-139,hsa-mir-518b,hsa-mir-218-2,hsa-mir-194-1,hsa-mir-183,hsa-mir-196a-1,hsa-mir-889,hsa-mir-520a,hsa-mir-143,hsa-mir-133a-1,hsa-mir-200a,hsa-let-7c,hsa-mir-217,hsa-mir-130b,hsa-mir-31,hsa-mir-124-1,hsa-mir-518e,hsa-mir-21,hsa-mir-9-3,hsa-mir-218-1,hsa-mir-376a-2"
Disease,Glioblastoma,42,0.24852071,2.49573764,5.12E-10,3.18E-07,3.79E-08,"hsa-mir-9-1,hsa-mir-133b,hsa-mir-577,hsa-mir-124-2,hsa-mir-486-1,hsa-let-7d,hsa-mir-137,hsa-mir-9-2,hsa-mir-210,hsa-mir-124-3,hsa-mir-1-2,hsa-mir-144,hsa-mir-147b,hsa-mir-7-1,hsa-mir-135b,hsa-mir-7-3,hsa-mir-134,hsa-mir-30a,hsa-mir-1-1,hsa-mir-206,hsa-mir-451a,hsa-mir-182,hsa-mir-195,hsa-mir-139,hsa-mir-518b,hsa-mir-503,hsa-mir-218-2,hsa-mir-431,hsa-mir-143,hsa-mir-486-2,hsa-let-7c,hsa-mir-153-2,hsa-mir-130b,hsa-mir-3189,hsa-mir-31,hsa-mir-124-1,hsa-mir-154,hsa-mir-21,hsa-mir-9-3,hsa-mir-218-1,hsa-mir-197,hsa-mir-142"
Disease,"Carcinoma, Pancreatic",41,0.24698795,2.48034511,1.13E-09,7.01E-07,7.86E-08,"hsa-mir-96,hsa-mir-124-2,hsa-let-7d,hsa-mir-196b,hsa-mir-345,hsa-mir-210,hsa-mir-323a,hsa-mir-124-3,hsa-mir-375,hsa-mir-7-1,hsa-mir-135b,hsa-mir-215,hsa-mir-1246,hsa-mir-7-3,hsa-mir-30a,hsa-mir-206,hsa-mir-196a-2,hsa-mir-182,hsa-mir-133a-2,hsa-mir-195,hsa-mir-410,hsa-mir-192,hsa-mir-139,hsa-mir-301b,hsa-mir-218-2,hsa-mir-183,hsa-mir-196a-1,hsa-mir-216b,hsa-mir-143,hsa-mir-133a-1,hsa-mir-200a,hsa-let-7c,hsa-mir-301a,hsa-mir-217,hsa-mir-130b,hsa-mir-124-1,hsa-mir-211,hsa-mir-323b,hsa-mir-21,hsa-mir-141,hsa-mir-218-1"
Disease,"Carcinoma, Ovarian",45,0.23195876,2.32941639,1.16E-09,7.21E-07,7.63E-08,"hsa-mir-9-1,hsa-mir-96,hsa-mir-133b,hsa-mir-382,hsa-mir-409,hsa-mir-196b,hsa-mir-137,hsa-mir-9-2,hsa-mir-210,hsa-mir-135a-2,hsa-mir-1-2,hsa-mir-517a,hsa-mir-7-1,hsa-mir-135b,hsa-mir-376a-1,hsa-mir-7-3,hsa-mir-134,hsa-mir-30a,hsa-mir-1-1,hsa-mir-206,hsa-mir-451a,hsa-mir-196a-2,hsa-mir-182,hsa-mir-133a-2,hsa-mir-195,hsa-mir-372,hsa-mir-708,hsa-mir-136,hsa-mir-184,hsa-mir-187,hsa-mir-381,hsa-mir-183,hsa-mir-196a-1,hsa-mir-143,hsa-mir-133a-1,hsa-mir-200a,hsa-mir-153-2,hsa-mir-130b,hsa-mir-31,hsa-mir-211,hsa-mir-21,hsa-mir-141,hsa-mir-9-3,hsa-mir-376a-2,hsa-mir-197"
Disease,Lung Neoplasms,32,0.29090909,2.92141757,1.64E-09,1.02E-06,1.02E-07,"hsa-mir-9-1,hsa-mir-133b,hsa-mir-124-2,hsa-mir-486-1,hsa-let-7d,hsa-mir-9-2,hsa-mir-210,hsa-mir-124-3,hsa-mir-1-2,hsa-mir-375,hsa-mir-134,hsa-mir-30a,hsa-mir-1-1,hsa-mir-206,hsa-mir-196a-2,hsa-mir-182,hsa-mir-192,hsa-mir-136,hsa-mir-218-2,hsa-mir-187,hsa-mir-381,hsa-mir-183,hsa-mir-196a-1,hsa-mir-143,hsa-mir-486-2,hsa-let-7c,hsa-mir-31,hsa-mir-124-1,hsa-mir-21,hsa-mir-218-1,hsa-mir-197,hsa-mir-142"
Disease,"Adenocarcinoma, Pancreatic Ductal",25,0.35211268,3.53604679,1.76E-09,1.09E-06,9.91E-08,"hsa-mir-200a,hsa-mir-96,hsa-mir-301a,hsa-mir-217,hsa-mir-124-2,hsa-mir-194-2,hsa-mir-153-2,hsa-mir-218-2,hsa-mir-194-1,hsa-mir-31,hsa-mir-124-1,hsa-mir-211,hsa-mir-206,hsa-mir-196a-2,hsa-mir-141,hsa-mir-196b,hsa-mir-21,hsa-mir-183,hsa-mir-218-1,hsa-mir-196a-1,hsa-mir-210,hsa-mir-124-3,hsa-mir-135a-2,hsa-mir-375,hsa-mir-143"
Disease,"Carcinoma, Renal Cell",32,0.26890756,2.70047002,1.50E-08,9.34E-06,7.74E-07,"hsa-mir-96,hsa-mir-133b,hsa-mir-124-2,hsa-let-7d,hsa-mir-210,hsa-mir-124-3,hsa-mir-135a-2,hsa-mir-144,hsa-mir-7-1,hsa-mir-7-3,hsa-mir-134,hsa-mir-30a,hsa-mir-206,hsa-mir-451a,hsa-mir-196a-2,hsa-mir-182,hsa-mir-195,hsa-mir-372,hsa-mir-218-2,hsa-mir-184,hsa-mir-381,hsa-mir-183,hsa-mir-196a-1,hsa-mir-216b,hsa-mir-143,hsa-mir-200a,hsa-let-7c,hsa-mir-124-1,hsa-mir-21,hsa-mir-141,hsa-mir-218-1,hsa-mir-142"
Disease,Melanoma,34,0.25757576,2.5866718,1.58E-08,9.83E-06,7.80E-07,"hsa-mir-9-1,hsa-mir-33b,hsa-mir-124-2,hsa-mir-194-2,hsa-let-7d,hsa-mir-767,hsa-mir-493,hsa-mir-137,hsa-mir-9-2,hsa-mir-210,hsa-mir-124-3,hsa-mir-375,hsa-mir-1246,hsa-mir-30a,hsa-mir-206,hsa-mir-451a,hsa-mir-196a-2,hsa-mir-182,hsa-mir-218-2,hsa-mir-194-1,hsa-mir-183,hsa-mir-196a-1,hsa-mir-143,hsa-mir-200a,hsa-let-7c,hsa-mir-301a,hsa-mir-124-1,hsa-mir-211,hsa-mir-21,hsa-mir-141,hsa-mir-9-3,hsa-mir-218-1,hsa-mir-142,hsa-mir-328"
Disease,"Carcinoma, Cervical",34,0.24637681,2.47420781,5.54E-08,3.45E-05,2.53E-06,"hsa-mir-9-1,hsa-mir-96,hsa-mir-124-2,hsa-mir-196b,hsa-mir-9-2,hsa-mir-124-3,hsa-mir-135a-2,hsa-mir-375,hsa-mir-135b,hsa-mir-215,hsa-mir-1246,hsa-mir-206,hsa-mir-196a-2,hsa-mir-182,hsa-mir-133a-2,hsa-mir-195,hsa-mir-139,hsa-mir-503,hsa-mir-218-2,hsa-mir-187,hsa-mir-183,hsa-mir-196a-1,hsa-mir-143,hsa-mir-133a-1,hsa-mir-200a,hsa-mir-31,hsa-mir-124-1,hsa-mir-211,hsa-mir-21,hsa-mir-9-3,hsa-mir-141,hsa-mir-218-1,hsa-mir-142,hsa-mir-328"
Disease,"Squamous Cell Carcinoma, Oral",25,0.30120482,3.02481111,7.02E-08,4.37E-05,3.08E-06,"hsa-mir-139,hsa-mir-133a-1,hsa-mir-9-1,hsa-mir-1246,hsa-mir-133b,hsa-mir-124-2,hsa-mir-143,hsa-mir-218-2,hsa-let-7d,hsa-mir-31,hsa-mir-124-1,hsa-mir-211,hsa-mir-184,hsa-mir-196a-2,hsa-mir-21,hsa-mir-218-1,hsa-mir-133a-2,hsa-mir-9-3,hsa-mir-196a-1,hsa-mir-9-2,hsa-mir-210,hsa-mir-124-3,hsa-mir-142,hsa-mir-144,hsa-mir-375"
Disease,"Adenocarcinoma, Lung",28,0.27722772,2.78402417,7.41E-08,4.61E-05,3.14E-06,"hsa-mir-9-1,hsa-mir-33b,hsa-mir-133b,hsa-mir-409,hsa-mir-196b,hsa-mir-9-2,hsa-mir-210,hsa-mir-375,hsa-mir-7-1,hsa-mir-215,hsa-mir-7-3,hsa-mir-134,hsa-mir-206,hsa-mir-451a,hsa-mir-182,hsa-mir-133a-2,hsa-mir-195,hsa-mir-192,hsa-mir-187,hsa-mir-183,hsa-mir-133a-1,hsa-mir-200a,hsa-mir-487b,hsa-mir-31,hsa-mir-21,hsa-mir-9-3,hsa-mir-218-1,hsa-mir-328"
Disease,Sepsis,15,0.44117647,4.43045862,1.45E-07,9.05E-05,5.75E-06,"hsa-mir-486-2,hsa-mir-133a-1,hsa-mir-124-2,hsa-mir-486-1,hsa-mir-31,hsa-mir-30a,hsa-mir-124-1,hsa-mir-182,hsa-mir-21,hsa-mir-133a-2,hsa-mir-210,hsa-mir-124-3,hsa-mir-135a-2,hsa-mir-375,hsa-mir-143"
Disease,Alzheimer's Disease,27,0.27,2.71144068,2.48E-07,0.000154,9.49E-06,"hsa-mir-9-1,hsa-mir-33b,hsa-mir-124-2,hsa-let-7d,hsa-mir-409,hsa-mir-137,hsa-mir-9-2,hsa-mir-323a,hsa-mir-124-3,hsa-mir-135a-2,hsa-mir-375,hsa-mir-7-1,hsa-mir-7-3,hsa-mir-206,hsa-mir-195,hsa-mir-139,hsa-mir-708,hsa-mir-136,hsa-mir-143,hsa-mir-301a,hsa-mir-153-2,hsa-mir-31,hsa-mir-124-1,hsa-mir-323b,hsa-mir-21,hsa-mir-9-3,hsa-mir-142"
Disease,"Carcinoma, Esophageal",21,0.31818182,3.19530046,3.34E-07,0.000208,1.24E-05,"hsa-mir-133a-1,hsa-mir-200a,hsa-mir-96,hsa-mir-217,hsa-mir-503,hsa-mir-218-2,hsa-mir-31,hsa-mir-451a,hsa-mir-196a-2,hsa-mir-21,hsa-mir-141,hsa-mir-218-1,hsa-mir-183,hsa-mir-133a-2,hsa-mir-196a-1,hsa-mir-197,hsa-mir-375,hsa-mir-144,hsa-mir-328,hsa-mir-192,hsa-mir-143"
Disease,"Carcinoma, Oral",15,0.40540541,4.07123225,5.66E-07,0.000352,2.03E-05,"hsa-mir-139,hsa-mir-135b,hsa-mir-124-2,hsa-mir-31,hsa-mir-124-1,hsa-mir-196a-2,hsa-mir-21,hsa-mir-196b,hsa-mir-196a-1,hsa-mir-1269b,hsa-mir-518c,hsa-mir-124-3,hsa-mir-197,hsa-mir-142,hsa-mir-372"
Disease,Diabetes Mellitus,22,0.2972973,2.98557032,6.46E-07,0.000402,2.25E-05,"hsa-mir-486-2,hsa-mir-708,hsa-mir-133a-1,hsa-mir-7-1,hsa-mir-200a,hsa-mir-9-1,hsa-mir-7-3,hsa-mir-503,hsa-mir-486-1,hsa-mir-130b,hsa-mir-30a,hsa-mir-1-1,hsa-mir-196a-2,hsa-mir-196b,hsa-mir-21,hsa-mir-9-3,hsa-mir-133a-2,hsa-mir-196a-1,hsa-mir-9-2,hsa-mir-1-2,hsa-mir-375,hsa-mir-143"
Disease,"Muscular Dystrophy, Duchenne",6,1,10.04237288,8.68E-07,0.00054,2.94E-05,"hsa-mir-1-1,hsa-mir-133a-2,hsa-mir-206,hsa-mir-133a-1,hsa-mir-1-2,hsa-mir-133b"
Disease,Aortic Stenosis,12,0.48,4.82033898,9.43E-07,0.000587,3.10E-05,"hsa-mir-133a-1,hsa-mir-133b,hsa-mir-382,hsa-mir-31,hsa-mir-30a,hsa-mir-1-1,hsa-mir-211,hsa-mir-451a,hsa-mir-133a-2,hsa-mir-210,hsa-mir-195,hsa-mir-1-2"
Disease,Barrett's Esophagus,8,0.72727273,7.30354391,9.88E-07,0.000615,3.16E-05,"hsa-mir-196a-1,hsa-mir-194-2,hsa-mir-215,hsa-mir-194-1,hsa-mir-192,hsa-mir-196a-2,hsa-mir-21,hsa-mir-143"
Disease,Medulloblastoma,13,0.43333333,4.35169492,1.39E-06,0.000864,4.33E-05,"hsa-mir-135b,hsa-mir-9-1,hsa-mir-124-2,hsa-mir-31,hsa-mir-30a,hsa-mir-124-1,hsa-mir-206,hsa-mir-9-3,hsa-mir-431,hsa-mir-9-2,hsa-mir-124-3,hsa-mir-135a-2,hsa-mir-192"
Disease,Choriocarcinoma,19,0.31666667,3.18008475,1.44E-06,0.000896,4.38E-05,"hsa-mir-215,hsa-mir-133a-1,hsa-mir-200a,hsa-mir-194-2,hsa-mir-218-2,hsa-mir-194-1,hsa-mir-31,hsa-mir-196a-2,hsa-mir-21,hsa-mir-182,hsa-mir-218-1,hsa-mir-183,hsa-mir-133a-2,hsa-mir-196a-1,hsa-mir-210,hsa-mir-195,hsa-mir-135a-2,hsa-mir-192,hsa-mir-143"
Disease,"Muscular Dystrophy, Facioscapulohumeral",10,0.55555556,5.57909605,1.46E-06,0.000911,4.34E-05,"hsa-mir-1-1,hsa-mir-133a-2,hsa-mir-206,hsa-mir-133a-1,hsa-mir-1-2,hsa-mir-516b-2,hsa-mir-517a,hsa-mir-517b,hsa-mir-517c,hsa-mir-516b-1"
Disease,"Carcinoma, Thyroid, Papillary",18,0.32142857,3.22790557,2.21E-06,0.00138,6.40E-05,"hsa-mir-135b,hsa-mir-9-1,hsa-mir-96,hsa-mir-7-3,hsa-mir-130b,hsa-mir-31,hsa-mir-30a,hsa-mir-451a,hsa-mir-21,hsa-mir-182,hsa-mir-9-3,hsa-mir-183,hsa-mir-9-2,hsa-mir-197,hsa-mir-375,hsa-mir-144,hsa-mir-192,hsa-mir-7-1"
Disease,Retinal Degeneration,7,0.77777778,7.81073446,2.50E-06,0.00155,7.05E-05,"hsa-mir-183,hsa-mir-1-1,hsa-mir-1-2,hsa-mir-142,hsa-mir-96,hsa-mir-133b,hsa-mir-182"
Disease,Human Cytomegalovirus Infection,7,0.77777778,7.81073446,2.50E-06,0.00155,7.05E-05,"hsa-mir-218-1,hsa-mir-376a-2,hsa-mir-217,hsa-mir-218-2,hsa-mir-376a-1,hsa-mir-200a,hsa-mir-21"
Disease,"Leukemia, Myeloid, Acute",28,0.23529412,2.36291127,3.25E-06,0.00202,8.57E-05,"hsa-mir-9-1,hsa-mir-96,hsa-mir-124-2,hsa-mir-382,hsa-let-7d,hsa-mir-409,hsa-mir-196b,hsa-mir-9-2,hsa-mir-210,hsa-mir-323a,hsa-mir-124-3,hsa-mir-135a-2,hsa-mir-519c,hsa-mir-7-1,hsa-mir-215,hsa-mir-1246,hsa-mir-7-3,hsa-mir-30a,hsa-mir-301b,hsa-mir-200a,hsa-let-7c,hsa-mir-124-1,hsa-mir-154,hsa-mir-323b,hsa-mir-21,hsa-mir-9-3,hsa-mir-142,hsa-mir-328"
Disease,Bladder Neoplasms,14,0.37837838,3.79981677,3.78E-06,0.00235,9.53E-05,"hsa-mir-708,hsa-mir-133a-1,hsa-mir-9-1,hsa-mir-133b,hsa-mir-503,hsa-mir-1-1,hsa-mir-21,hsa-mir-9-3,hsa-mir-133a-2,hsa-mir-9-2,hsa-mir-210,hsa-mir-1-2,hsa-mir-328,hsa-mir-143"
Disease,Crohn Disease,13,0.39393939,3.95608629,5.11E-06,0.00318,0.000126,"hsa-mir-301a,hsa-mir-124-2,hsa-let-7d,hsa-mir-31,hsa-mir-124-1,hsa-mir-196a-2,hsa-mir-21,hsa-mir-196b,hsa-mir-141,hsa-mir-196a-1,hsa-mir-124-3,hsa-mir-142,hsa-mir-192"
Disease,Gestational Trophoblastic Disease,8,0.61538462,6.17992177,6.48E-06,0.00403,0.000151,"hsa-mir-517a,hsa-mir-516b-2,hsa-mir-517b,hsa-mir-517c,hsa-mir-518b,hsa-mir-520a,hsa-mir-525,hsa-mir-516b-1"
Disease,"Cardiomyopathy, Hypertrophic",17,0.30909091,3.10400616,8.09E-06,0.00503,0.000184,"hsa-mir-708,hsa-mir-133a-1,hsa-mir-9-1,hsa-mir-96,hsa-mir-133b,hsa-mir-30a,hsa-mir-1-1,hsa-mir-451a,hsa-mir-184,hsa-mir-21,hsa-mir-9-3,hsa-mir-133a-2,hsa-mir-9-2,hsa-mir-195,hsa-mir-1-2,hsa-mir-192,hsa-mir-143"
Disease,"Carcinoma, Periampullary",5,1,10.04237288,9.06E-06,0.00564,0.000203,"hsa-mir-192,hsa-mir-196a-2,hsa-mir-31,hsa-mir-196a-1,hsa-mir-375"
Disease,"Adenocarcinoma, Cervical",5,1,10.04237288,9.06E-06,0.00564,0.000203,"hsa-mir-9-1,hsa-mir-192,hsa-mir-135b,hsa-mir-194-1,hsa-mir-194-2"
Disease,Distal Myopathy,5,1,10.04237288,9.06E-06,0.00564,0.000203,"hsa-mir-1-2,hsa-mir-206,hsa-mir-1-1,hsa-mir-133a-2,hsa-mir-133a-1"
Disease,Musculoskeletal Abnormalities [unspecific],5,1,10.04237288,9.06E-06,0.00564,0.000203,"hsa-mir-1-2,hsa-mir-206,hsa-mir-1-1,hsa-mir-133a-2,hsa-mir-133a-1"
Disease,Ventricular Tachycardia,5,1,10.04237288,9.06E-06,0.00564,0.000203,"hsa-mir-1-2,hsa-mir-1-1,hsa-mir-133a-2,hsa-mir-133b,hsa-mir-133a-1"
Disease,Heart Failure,27,0.225,2.2595339,1.29E-05,0.00802,0.000239,"hsa-mir-133b,hsa-mir-382,hsa-let-7d,hsa-mir-210,hsa-mir-135a-2,hsa-mir-1-2,hsa-mir-375,hsa-mir-30a,hsa-mir-1-1,hsa-mir-451a,hsa-mir-105-1,hsa-mir-182,hsa-mir-133a-2,hsa-mir-195,hsa-mir-192,hsa-mir-139,hsa-mir-105-2,hsa-mir-218-2,hsa-mir-133a-1,hsa-let-7c,hsa-mir-130b,hsa-mir-211,hsa-mir-21,hsa-mir-218-1,hsa-mir-539,hsa-mir-142,hsa-mir-328"
Disease,Hepatitis C Virus Infection,22,0.25287356,2.53945061,1.33E-05,0.00826,0.000242,"hsa-mir-96,hsa-mir-133b,hsa-mir-124-2,hsa-mir-194-2,hsa-let-7d,hsa-mir-196b,hsa-mir-124-3,hsa-mir-215,hsa-mir-134,hsa-mir-30a,hsa-mir-182,hsa-mir-195,hsa-mir-192,hsa-mir-136,hsa-mir-503,hsa-mir-194-1,hsa-mir-200a,hsa-let-7c,hsa-mir-217,hsa-mir-124-1,hsa-mir-21,hsa-mir-142"
Disease,Parkinson's Disease,14,0.34146341,3.42910294,1.54E-05,0.00956,0.000276,"hsa-mir-9-1,hsa-mir-133b,hsa-mir-7-3,hsa-mir-153-2,hsa-mir-382,hsa-mir-30a,hsa-mir-1-1,hsa-mir-21,hsa-mir-9-3,hsa-mir-9-2,hsa-mir-195,hsa-mir-1-2,hsa-mir-144,hsa-mir-7-1"
Disease,Epstein-Barr Virus Infection,9,0.5,5.02118644,1.61E-05,0.01,0.000285,"hsa-mir-183,hsa-mir-7-3,hsa-mir-9-2,hsa-mir-9-3,hsa-mir-142,hsa-mir-9-1,hsa-mir-96,hsa-mir-182,hsa-mir-7-1"
Disease,Epilepsy,11,0.40740741,4.0913371,1.99E-05,0.0124,0.000343,"hsa-mir-139,hsa-mir-301a,hsa-mir-124-2,hsa-mir-194-2,hsa-mir-194-1,hsa-let-7d,hsa-mir-30a,hsa-mir-124-1,hsa-mir-21,hsa-mir-323a,hsa-mir-124-3"
Disease,Prolactinoma,8,0.53333333,5.3559322,2.73E-05,0.017,0.000449,"hsa-mir-30a,hsa-mir-136,hsa-mir-382,hsa-mir-486-2,hsa-mir-451a,hsa-mir-486-1,hsa-mir-142,hsa-mir-144"
Disease,Essential Hypertension,9,0.47368421,4.75691347,2.81E-05,0.0175,0.000456,"hsa-mir-1-1,hsa-mir-133a-2,hsa-mir-9-2,hsa-mir-133a-1,hsa-mir-9-3,hsa-mir-1-2,hsa-mir-9-1,hsa-let-7c,hsa-mir-21"
Disease,Cardiomyopathy,10,0.41666667,4.18432203,3.89E-05,0.0242,0.000623,"hsa-mir-133a-1,hsa-mir-200a,hsa-mir-9-1,hsa-mir-133b,hsa-mir-30a,hsa-mir-451a,hsa-mir-21,hsa-mir-9-3,hsa-mir-133a-2,hsa-mir-9-2"
Disease,Ovarian Neoplasms,24,0.22641509,2.2737448,3.91E-05,0.0243,0.000618,"hsa-mir-9-1,hsa-mir-133b,hsa-mir-194-2,hsa-mir-486-1,hsa-let-7d,hsa-mir-9-2,hsa-mir-1-2,hsa-mir-135b,hsa-mir-215,hsa-mir-1-1,hsa-mir-133a-2,hsa-mir-218-2,hsa-mir-194-1,hsa-mir-183,hsa-mir-486-2,hsa-mir-133a-1,hsa-mir-200a,hsa-let-7c,hsa-mir-153-2,hsa-mir-31,hsa-mir-21,hsa-mir-9-3,hsa-mir-141,hsa-mir-218-1"
Disease,Endometrial Neoplasms,7,0.58333333,5.85805085,4.25E-05,0.0264,0.000662,"hsa-mir-183,hsa-mir-153-2,hsa-mir-9-2,hsa-mir-9-3,hsa-mir-9-1,hsa-mir-96,hsa-mir-182"
Disease,Hypertension,13,0.33333333,3.34745763,4.29E-05,0.0267,0.00066,"hsa-mir-139,hsa-mir-135b,hsa-mir-133a-1,hsa-mir-105-2,hsa-mir-31,hsa-mir-30a,hsa-mir-1-1,hsa-mir-518e,hsa-mir-105-1,hsa-mir-196a-2,hsa-mir-21,hsa-mir-133a-2,hsa-mir-1-2"
Disease,Cerebral Aneurysm,9,0.45,4.5190678,4.68E-05,0.0291,0.000711,"hsa-mir-1-1,hsa-mir-133a-2,hsa-mir-9-2,hsa-mir-133a-1,hsa-mir-9-3,hsa-mir-1-2,hsa-mir-9-1,hsa-mir-133b,hsa-mir-143"
Disease,"Carcinoma, Nasopharyngeal",25,0.21929825,2.20227475,4.71E-05,0.0293,0.000706,"hsa-mir-9-1,hsa-mir-124-2,hsa-let-7d,hsa-mir-1323,hsa-mir-9-2,hsa-mir-124-3,hsa-mir-1-2,hsa-mir-134,hsa-mir-30a,hsa-mir-1-1,hsa-mir-451a,hsa-mir-195,hsa-mir-372,hsa-mir-371a,hsa-mir-184,hsa-mir-183,hsa-mir-216b,hsa-mir-143,hsa-mir-200a,hsa-let-7c,hsa-mir-31,hsa-mir-124-1,hsa-mir-21,hsa-mir-9-3,hsa-mir-142"
Disease,Liver Neoplasms,10,0.4,4.01694915,5.94E-05,0.037,0.00087,"hsa-mir-486-2,hsa-mir-200a,hsa-mir-133b,hsa-mir-486-1,hsa-mir-31,hsa-mir-30a,hsa-mir-21,hsa-mir-210,hsa-mir-375,hsa-mir-372"
Disease,"Carcinoma, Laryngeal",17,0.26984127,2.70984665,5.99E-05,0.0372,0.000865,"hsa-mir-486-2,hsa-mir-133a-1,hsa-mir-9-1,hsa-mir-486-1,hsa-mir-31,hsa-mir-1-1,hsa-mir-206,hsa-mir-196a-2,hsa-mir-9-3,hsa-mir-133a-2,hsa-mir-196a-1,hsa-mir-9-2,hsa-mir-210,hsa-mir-195,hsa-mir-1-2,hsa-mir-375,hsa-mir-144"
Disease,Gastrointestinal Neoplasms,20,0.24390244,2.44935924,6.23E-05,0.0387,0.000879,"hsa-mir-139,hsa-mir-7-1,hsa-mir-9-1,hsa-mir-133b,hsa-mir-7-3,hsa-mir-218-2,hsa-mir-130b,hsa-mir-31,hsa-mir-451a,hsa-mir-9-3,hsa-mir-196a-2,hsa-mir-21,hsa-mir-141,hsa-mir-218-1,hsa-mir-137,hsa-mir-196a-1,hsa-mir-9-2,hsa-mir-210,hsa-mir-195,hsa-mir-375"
Disease,"Carcinoma, Adrenocortical",11,0.36666667,3.68220339,6.43E-05,0.04,0.000896,"hsa-mir-139,hsa-mir-376a-1,hsa-mir-7-3,hsa-mir-382,hsa-let-7d,hsa-mir-376a-2,hsa-mir-210,hsa-mir-195,hsa-mir-375,hsa-mir-192,hsa-mir-7-1"
Disease,Acute Myocardial Infarction,14,0.30434783,3.05637436,6.76E-05,0.0421,0.000932,"hsa-mir-486-2,hsa-mir-133a-1,hsa-mir-133b,hsa-mir-124-2,hsa-mir-486-1,hsa-mir-134,hsa-mir-1-1,hsa-mir-124-1,hsa-mir-21,hsa-mir-133a-2,hsa-mir-124-3,hsa-mir-1-2,hsa-mir-144,hsa-mir-328"
Disease,Allergy,9,0.42857143,4.30387409,7.51E-05,0.0467,0.00102,"hsa-mir-124-2,hsa-mir-124-1,hsa-mir-31,hsa-mir-210,hsa-mir-124-3,hsa-mir-301a,hsa-mir-142,hsa-mir-375,hsa-mir-21"
Disease,"Carcinoma, Renal Cell, Clear-Cell",16,0.27586207,2.77030976,7.54E-05,0.0469,0.001,"hsa-mir-9-1,hsa-mir-217,hsa-mir-124-2,hsa-mir-136,hsa-mir-30a,hsa-mir-1-1,hsa-mir-124-1,hsa-mir-21,hsa-mir-187,hsa-mir-141,hsa-mir-9-3,hsa-mir-210,hsa-mir-195,hsa-mir-124-3,hsa-mir-9-2,hsa-mir-142"
Disease,Acute Kidney Injury,8,0.47058824,4.72582253,8.66E-05,0.0539,0.00114,"hsa-mir-216b,hsa-mir-194-2,hsa-mir-217,hsa-mir-192,hsa-mir-200a,hsa-mir-194-1,hsa-mir-21,hsa-mir-182"
Disease,Human Immunodeficiency Virus Infection,14,0.29787234,2.99134511,8.83E-05,0.0549,0.00115,"hsa-mir-7-1,hsa-let-7c,hsa-mir-7-3,hsa-mir-124-2,hsa-mir-382,hsa-let-7d,hsa-mir-124-1,hsa-mir-196a-2,hsa-mir-196b,hsa-mir-21,hsa-mir-183,hsa-mir-196a-1,hsa-mir-210,hsa-mir-124-3"
Disease,"Tuberculosis, Pulmonary",10,0.38461538,3.86245111,8.85E-05,0.0551,0.00114,"hsa-mir-124-2,hsa-mir-31,hsa-mir-124-1,hsa-mir-206,hsa-mir-196a-2,hsa-mir-21,hsa-mir-196b,hsa-mir-196a-1,hsa-mir-124-3,hsa-mir-192"
Disease,"Colitis, Ulcerative",10,0.38461538,3.86245111,8.85E-05,0.0551,0.00114,"hsa-mir-124-2,hsa-mir-4732,hsa-mir-31,hsa-mir-124-1,hsa-mir-196a-2,hsa-mir-21,hsa-mir-141,hsa-mir-195,hsa-mir-124-3,hsa-mir-142"
Disease,Hyperactivity Disorder,4,1,10.04237288,9.39E-05,0.0584,0.00118,"hsa-let-7d,hsa-mir-96,hsa-mir-182,hsa-mir-183"
Disease,"Carcinoma, Ovarian, Clear Cell",4,1,10.04237288,9.39E-05,0.0584,0.00118,"hsa-mir-9-1,hsa-mir-21,hsa-mir-9-3,hsa-mir-9-2"
Disease,Non-Alcoholic Steatohepatitis,4,1,10.04237288,9.39E-05,0.0584,0.00118,"hsa-mir-9-3,hsa-mir-9-1,hsa-mir-144,hsa-mir-9-2"
Disease,Long QT Syndrome,4,1,10.04237288,9.39E-05,0.0584,0.00118,"hsa-mir-1-2,hsa-mir-1-1,hsa-mir-133a-2,hsa-mir-133a-1"
Disease,"Squamous Cell Carcinoma, Head and Neck",14,0.29166667,2.92902542,0.000114,0.071,0.00137,"hsa-mir-147b,hsa-mir-134,hsa-mir-30a,hsa-mir-1-1,hsa-mir-206,hsa-mir-196a-2,hsa-mir-21,hsa-mir-182,hsa-mir-141,hsa-mir-196a-1,hsa-mir-210,hsa-mir-1-2,hsa-mir-375,hsa-mir-372"
Disease,Congenital Heart Diseases,9,0.40909091,4.10824345,0.000117,0.0725,0.00138,"hsa-mir-133a-1,hsa-mir-96,hsa-mir-1-1,hsa-mir-518e,hsa-mir-196a-2,hsa-mir-133a-2,hsa-mir-195,hsa-mir-1-2,hsa-mir-143"
Disease,Atrial Fibrillation,16,0.26666667,2.6779661,0.000118,0.0737,0.00139,"hsa-mir-486-2,hsa-mir-215,hsa-mir-124-2,hsa-mir-486-1,hsa-mir-30a,hsa-mir-1-1,hsa-mir-124-1,hsa-mir-451a,hsa-mir-196a-2,hsa-mir-21,hsa-mir-183,hsa-mir-124-3,hsa-mir-1-2,hsa-mir-144,hsa-mir-328,hsa-mir-192"
Disease,Multiple Myeloma,16,0.26666667,2.6779661,0.000118,0.0737,0.00139,"hsa-mir-135b,hsa-mir-215,hsa-mir-33b,hsa-mir-9-1,hsa-mir-301a,hsa-mir-96,hsa-mir-194-2,hsa-mir-194-1,hsa-mir-451a,hsa-mir-182,hsa-mir-21,hsa-mir-9-3,hsa-mir-137,hsa-mir-9-2,hsa-mir-197,hsa-mir-192"
Disease,Mesial Temporal Lobe Epilepsy,8,0.44444444,4.46327684,0.000143,0.089,0.00165,"hsa-mir-218-1,hsa-mir-124-2,hsa-mir-124-1,hsa-mir-124-3,hsa-mir-218-2,hsa-mir-134,hsa-mir-196b,hsa-mir-143"
Disease,Rhabdomyosarcoma,8,0.44444444,4.46327684,0.000143,0.089,0.00165,"hsa-mir-1-1,hsa-mir-133a-2,hsa-mir-9-2,hsa-mir-206,hsa-mir-133a-1,hsa-mir-1-2,hsa-mir-9-1,hsa-mir-9-3"
Disease,Arteriosclerosis Obliterans,8,0.44444444,4.46327684,0.000143,0.089,0.00165,"hsa-mir-1-1,hsa-mir-1298,hsa-mir-133a-2,hsa-mir-133a-1,hsa-mir-1-2,hsa-mir-142,hsa-mir-134,hsa-mir-21"
Disease,"Squamous Cell Carcinoma, Lung",9,0.39130435,3.92962417,0.000176,0.1092,0.00194,"hsa-mir-133a-1,hsa-mir-218-2,hsa-mir-206,hsa-mir-21,hsa-mir-182,hsa-mir-218-1,hsa-mir-183,hsa-mir-133a-2,hsa-mir-375"
Disease,Chronic Obstructive Pulmonary Disease,10,0.35714286,3.58656174,0.000184,0.1143,0.00202,"hsa-mir-9-1,hsa-mir-218-2,hsa-mir-1-1,hsa-mir-196a-2,hsa-mir-21,hsa-mir-9-3,hsa-mir-218-1,hsa-mir-9-2,hsa-mir-1-2,hsa-mir-192"
Disease,Coronary Heart Diseases,15,0.26785714,2.68992131,0.000187,0.1165,0.00204,"hsa-mir-486-2,hsa-mir-133a-1,hsa-mir-526b,hsa-mir-616,hsa-mir-486-1,hsa-mir-31,hsa-mir-1-1,hsa-mir-154,hsa-mir-206,hsa-mir-451a,hsa-mir-196a-2,hsa-mir-21,hsa-mir-133a-2,hsa-mir-197,hsa-mir-1-2"
Disease,Atherosclerosis,21,0.22105263,2.21989295,0.000189,0.1178,0.00204,"hsa-mir-9-1,hsa-mir-33b,hsa-mir-133b,hsa-mir-9-2,hsa-mir-210,hsa-mir-144,hsa-mir-135b,hsa-mir-134,hsa-mir-30a,hsa-mir-206,hsa-mir-182,hsa-mir-133a-2,hsa-mir-410,hsa-mir-136,hsa-mir-503,hsa-mir-431,hsa-mir-143,hsa-mir-133a-1,hsa-mir-21,hsa-mir-9-3,hsa-mir-142"
Disease,Muscular Dystrophy,10,0.34482759,3.4628872,0.000257,0.1599,0.00272,"hsa-mir-133a-1,hsa-let-7c,hsa-mir-30a,hsa-mir-1-1,hsa-mir-206,hsa-mir-21,hsa-mir-381,hsa-mir-133a-2,hsa-mir-195,hsa-mir-1-2"
Disease,Diabetic Nephropathy,9,0.375,3.76588983,0.000258,0.1602,0.0027,"hsa-mir-124-2,hsa-mir-218-2,hsa-mir-130b,hsa-mir-30a,hsa-mir-124-1,hsa-mir-21,hsa-mir-218-1,hsa-mir-124-3,hsa-mir-135a-2"
Disease,Necrotizing Enterocolitis,6,0.54545455,5.47765794,0.000262,0.1632,0.00273,"hsa-mir-431,hsa-mir-194-2,hsa-mir-451a,hsa-mir-194-1,hsa-mir-21,hsa-mir-31"
Disease,"Carcinoma, Endometrial",15,0.25862069,2.5971654,0.000288,0.179,0.00291,"hsa-mir-135b,hsa-mir-200a,hsa-let-7c,hsa-mir-194-2,hsa-mir-218-2,hsa-mir-194-1,hsa-mir-134,hsa-let-7d,hsa-mir-31,hsa-mir-1-1,hsa-mir-196a-2,hsa-mir-182,hsa-mir-141,hsa-mir-218-1,hsa-mir-1-2"
Disease,Endometriosis,12,0.29268293,2.93923109,0.000354,0.2201,0.00352,"hsa-mir-200a,hsa-mir-194-2,hsa-mir-194-1,hsa-mir-1-1,hsa-mir-451a,hsa-mir-196b,hsa-mir-141,hsa-mir-183,hsa-mir-195,hsa-mir-1-2,hsa-mir-142,hsa-mir-143"
Disease,Muscle Diseases [unspecific],5,0.625,6.27648305,0.000396,0.2461,0.00391,"hsa-mir-30a,hsa-mir-133a-2,hsa-mir-206,hsa-mir-133a-1,hsa-mir-133b"
Disease,Arrhythmia,5,0.625,6.27648305,0.000396,0.2461,0.00391,"hsa-mir-1-1,hsa-mir-133a-2,hsa-mir-133a-1,hsa-mir-1-2,hsa-mir-21"
Disease,Reflux Esophagitis,4,0.8,8.03389831,0.000433,0.2694,0.00417,"hsa-mir-194-2,hsa-mir-192,hsa-mir-194-1,hsa-mir-143"
Disease,"Carcinoma, Rectal",13,0.27083333,2.71980932,0.000464,0.2885,0.0044,"hsa-mir-139,hsa-mir-135b,hsa-mir-486-2,hsa-mir-486-1,hsa-mir-31,hsa-mir-141,hsa-mir-196a-2,hsa-mir-21,hsa-mir-183,hsa-mir-196a-1,hsa-mir-195,hsa-mir-135a-2,hsa-mir-143"
Disease,Astrocytoma,7,0.41176471,4.13509472,0.00068,0.4231,0.00635,"hsa-mir-124-2,hsa-mir-137,hsa-mir-124-1,hsa-mir-210,hsa-mir-206,hsa-mir-124-3,hsa-mir-21"
Disease,Retinoblastoma,12,0.26666667,2.6779661,0.000908,0.565,0.00828,"hsa-mir-215,hsa-mir-200a,hsa-let-7c,hsa-mir-124-2,hsa-mir-218-2,hsa-let-7d,hsa-mir-31,hsa-mir-124-1,hsa-mir-21,hsa-mir-218-1,hsa-mir-183,hsa-mir-124-3"
Disease,Myelodysplastic Syndromes,9,0.32142857,3.22790557,0.000962,0.5983,0.0087,"hsa-mir-124-2,hsa-mir-194-2,hsa-mir-194-1,hsa-mir-1-1,hsa-mir-124-1,hsa-mir-21,hsa-mir-196b,hsa-mir-124-3,hsa-mir-1-2"
Disease,Cardiac Myxoma,3,1,10.04237288,0.000965,0.6002,0.00866,"hsa-mir-218-1,hsa-mir-218-2,hsa-mir-217"
Disease,MELAS Syndrome,3,1,10.04237288,0.000965,0.6002,0.00866,"hsa-mir-9-1,hsa-mir-9-3,hsa-mir-9-2"
Disease,Chronic Atrial Fibrillation,3,1,10.04237288,0.000965,0.6002,0.00866,"hsa-mir-1-2,hsa-mir-1-1,hsa-mir-21"
Disease,Ischemia-Reperfusion Injury,8,0.34782609,3.49299926,0.00104,0.6479,0.00845,"hsa-mir-7-3,hsa-mir-194-2,hsa-mir-194-1,hsa-mir-134,hsa-mir-21,hsa-mir-187,hsa-mir-192,hsa-mir-7-1"
Disease,Neuroendocrine Tumors,4,0.66666667,6.69491525,0.0012,0.746,0.00967,"hsa-mir-133a-2,hsa-mir-196a-1,hsa-mir-133a-1,hsa-mir-196a-2"
Disease,Kallmann Syndrome,4,0.66666667,6.69491525,0.0012,0.746,0.00967,"hsa-mir-9-2,hsa-mir-200a,hsa-mir-9-1,hsa-mir-9-3"
Disease,Spinal Muscular Atrophy,4,0.66666667,6.69491525,0.0012,0.746,0.00967,"hsa-mir-9-2,hsa-mir-206,hsa-mir-9-1,hsa-mir-9-3"
Disease,Myotonic Muscular Dystrophy,6,0.42857143,4.30387409,0.00132,0.824,0.0103,"hsa-mir-1-1,hsa-mir-133a-2,hsa-mir-206,hsa-mir-133a-1,hsa-mir-1-2,hsa-mir-133b"
Disease,Polycystic Kidney Disease,6,0.42857143,4.30387409,0.00132,0.824,0.0103,"hsa-mir-1-1,hsa-mir-133a-2,hsa-mir-133a-1,hsa-mir-1-2,hsa-mir-133b,hsa-mir-143"
Disease,Cholangiocarcinoma,10,0.28571429,2.86924939,0.0014,0.8693,0.0107,"hsa-mir-200a,hsa-mir-96,hsa-mir-194-2,hsa-mir-194-1,hsa-mir-1-1,hsa-mir-21,hsa-mir-141,hsa-mir-1-2,hsa-mir-144,hsa-mir-192"
Disease,Cervical Neoplasms,7,0.36842105,3.69982159,0.00149,0.9242,0.0113,"hsa-mir-218-1,hsa-mir-194-2,hsa-mir-215,hsa-mir-218-2,hsa-mir-200a,hsa-mir-194-1,hsa-mir-143"
Disease,Celiac Disease,5,0.5,5.02118644,0.00151,0.9386,0.0114,"hsa-mir-30a,hsa-mir-194-2,hsa-mir-194-1,hsa-mir-192,hsa-mir-31"
Disease,Pulmonary Hypertension,10,0.27777778,2.78954802,0.00177,1,0.0132,"hsa-mir-96,hsa-mir-124-2,hsa-mir-503,hsa-mir-130b,hsa-mir-124-1,hsa-mir-206,hsa-mir-21,hsa-mir-210,hsa-mir-124-3,hsa-mir-143"
Disease,"Adenocarcinoma, Gastric-Esophageal Junction",6,0.4,4.01694915,0.00203,1,0.015,"hsa-mir-196a-1,hsa-mir-135b,hsa-mir-192,hsa-mir-196a-2,hsa-mir-21,hsa-mir-381"
Disease,Colon Neoplasms,16,0.20779221,2.08672683,0.00245,1,0.0179,"hsa-mir-135b,hsa-mir-486-2,hsa-let-7c,hsa-mir-133b,hsa-mir-143,hsa-mir-194-2,hsa-mir-486-1,hsa-mir-194-1,hsa-let-7d,hsa-mir-21,hsa-mir-141,hsa-mir-137,hsa-mir-210,hsa-mir-518c,hsa-mir-142,hsa-mir-192"
Disease,Kidney Transplant Rejection,5,0.45454545,4.56471495,0.00255,1,0.0185,"hsa-mir-486-2,hsa-mir-486-1,hsa-mir-142,hsa-mir-192,hsa-mir-21"
Disease,Mild Cognitive Impairment,5,0.45454545,4.56471495,0.00255,1,0.0185,"hsa-mir-323b,hsa-mir-206,hsa-mir-323a,hsa-mir-382,hsa-mir-134"
Disease,Giant Cell Tumor of Bone,4,0.57142857,5.73849879,0.00258,1,0.0184,"hsa-mir-30a,hsa-mir-376a-2,hsa-mir-210,hsa-mir-376a-1"
Disease,"Carcinoma, Biliary Tract",4,0.57142857,5.73849879,0.00258,1,0.0184,"hsa-mir-200a,hsa-mir-1246,hsa-mir-21,hsa-mir-141"
Disease,Cocaine Abuse,4,0.57142857,5.73849879,0.00258,1,0.0184,"hsa-mir-124-2,hsa-mir-124-1,hsa-mir-124-3,hsa-let-7d"
Disease,Inflammatory Bowel Diseases,9,0.28125,2.82441737,0.00276,1,0.0193,"hsa-mir-200a,hsa-mir-301a,hsa-mir-1246,hsa-mir-124-2,hsa-mir-31,hsa-mir-124-1,hsa-mir-206,hsa-mir-21,hsa-mir-124-3"
Disease,Heart Diseases [unspecific],10,0.26315789,2.64272971,0.00277,1,0.0192,"hsa-mir-133a-1,hsa-mir-301a,hsa-mir-133b,hsa-mir-194-2,hsa-mir-194-1,hsa-mir-1-1,hsa-mir-184,hsa-mir-21,hsa-mir-133a-2,hsa-mir-1-2"
Disease,Bronchopulmonary Dysplasia,6,0.375,3.76588983,0.00299,1,0.0206,"hsa-mir-431,hsa-mir-503,hsa-mir-206,hsa-mir-382,hsa-mir-130b,hsa-mir-21"
Disease,Thyroid Neoplasms,6,0.375,3.76588983,0.00299,1,0.0206,"hsa-mir-323b,hsa-mir-323a,hsa-mir-200a,hsa-mir-144,hsa-mir-21,hsa-mir-141"
Disease,"Carcinoma, Gallbladder",8,0.2962963,2.97551789,0.00334,1,0.0226,"hsa-mir-194-2,hsa-mir-194-1,hsa-mir-1-1,hsa-mir-21,hsa-mir-182,hsa-mir-187,hsa-mir-1-2,hsa-mir-143"
Disease,Myocardial Infarction,12,0.23076923,2.31747066,0.00354,1,0.0238,"hsa-mir-133b,hsa-mir-218-2,hsa-mir-31,hsa-mir-1-1,hsa-mir-206,hsa-mir-451a,hsa-mir-196a-2,hsa-mir-21,hsa-mir-218-1,hsa-mir-210,hsa-mir-1-2,hsa-mir-144"
Disease,Pain[unspecific],3,0.75,7.53177966,0.00358,1,0.024,"hsa-mir-96,hsa-mir-183,hsa-mir-182"
Disease,Knee Osteoarthritis,3,0.75,7.53177966,0.00358,1,0.024,"hsa-mir-9-1,hsa-mir-9-3,hsa-mir-9-2"
Disease,Toxic Epidermal Necrolysis,3,0.75,7.53177966,0.00358,1,0.024,"hsa-mir-124-2,hsa-mir-124-1,hsa-mir-124-3"
Disease,Lung Fibrosis,7,0.31818182,3.19530046,0.0039,1,0.0251,"hsa-mir-486-2,hsa-mir-153-2,hsa-mir-130b,hsa-mir-486-1,hsa-let-7d,hsa-mir-154,hsa-mir-21"
Disease,Hirschsprung's Disease,7,0.31818182,3.19530046,0.0039,1,0.0251,"hsa-mir-215,hsa-mir-206,hsa-mir-141,hsa-mir-218-1,hsa-mir-195,hsa-mir-142,hsa-mir-192"
Disease,"Lymphoma, Hodgkin",7,0.31818182,3.19530046,0.0039,1,0.0251,"hsa-mir-9-1,hsa-mir-96,hsa-mir-21,hsa-mir-9-3,hsa-mir-196a-1,hsa-mir-9-2,hsa-mir-520a"
Disease,Hepatitis [unspecific],5,0.41666667,4.18432203,0.00402,1,0.0255,"hsa-mir-9-2,hsa-mir-197,hsa-mir-9-1,hsa-mir-21,hsa-mir-9-3"
Disease,Schizophrenia,12,0.22641509,2.2737448,0.00419,1,0.0264,"hsa-mir-7-1,hsa-mir-9-1,hsa-mir-7-3,hsa-mir-130b,hsa-mir-30a,hsa-mir-206,hsa-mir-9-3,hsa-mir-137,hsa-mir-183,hsa-mir-9-2,hsa-mir-195,hsa-mir-328"
Disease,"Squamous Cell Carcinoma, Cerevial",6,0.35294118,3.5443669,0.00424,1,0.0266,"hsa-mir-323b,hsa-mir-323a,hsa-mir-96,hsa-mir-144,hsa-mir-1246,hsa-mir-143"
Disease,Kidney Injury,8,0.28571429,2.86924939,0.0043,1,0.0267,"hsa-let-7c,hsa-mir-382,hsa-mir-30a,hsa-mir-211,hsa-mir-21,hsa-mir-182,hsa-mir-210,hsa-mir-192"
Disease,"Stroke, Ischemic",9,0.26470588,2.65827517,0.00435,1,0.0267,"hsa-mir-124-2,hsa-mir-130b,hsa-mir-30a,hsa-mir-124-1,hsa-mir-196a-2,hsa-mir-196a-1,hsa-mir-210,hsa-mir-124-3,hsa-mir-144"
Disease,Hepatitis B Virus Infection,14,0.20895522,2.09840627,0.00439,1,0.0268,"hsa-mir-215,hsa-let-7c,hsa-mir-124-2,hsa-mir-218-2,hsa-mir-31,hsa-mir-30a,hsa-mir-124-1,hsa-mir-323b,hsa-mir-196a-2,hsa-mir-141,hsa-mir-21,hsa-mir-218-1,hsa-mir-124-3,hsa-mir-143"
Disease,Nephrotic Syndrome,4,0.5,5.02118644,0.00477,1,0.029,"hsa-mir-30a,hsa-mir-210,hsa-mir-503,hsa-mir-192"
Disease,Waldenstrom Macroglobulinemia,4,0.5,5.02118644,0.00477,1,0.029,"hsa-mir-9-2,hsa-mir-206,hsa-mir-9-1,hsa-mir-9-3"
Disease,Hemophagocytic Lymphohistiocytosis,4,0.5,5.02118644,0.00477,1,0.029,"hsa-mir-142,hsa-mir-144,hsa-mir-21,hsa-mir-143"
Disease,Prostate Neoplasms,15,0.2,2.00847458,0.00498,1,0.0296,"hsa-mir-135b,hsa-mir-486-2,hsa-mir-200a,hsa-mir-616,hsa-mir-133b,hsa-mir-105-2,hsa-mir-194-2,hsa-mir-486-1,hsa-mir-130b,hsa-mir-194-1,hsa-mir-409,hsa-mir-105-1,hsa-mir-21,hsa-mir-182,hsa-mir-143"
Disease,"Squamous Cell Carcinoma, Skin or Unspecific",6,0.33333333,3.34745763,0.00586,1,0.0347,"hsa-mir-124-2,hsa-mir-124-1,hsa-mir-135b,hsa-mir-124-3,hsa-mir-21,hsa-mir-31"
Disease,Ectopic Pregnancy,5,0.38461538,3.86245111,0.00602,1,0.0353,"hsa-mir-30a,hsa-mir-323b,hsa-mir-323a,hsa-mir-451a,hsa-mir-196b"
Disease,"Carcinoma, Thyroid",9,0.25,2.51059322,0.00657,1,0.0383,"hsa-mir-486-2,hsa-mir-200a,hsa-mir-7-3,hsa-mir-486-1,hsa-mir-21,hsa-mir-539,hsa-mir-142,hsa-mir-144,hsa-mir-7-1"
Disease,Head And Neck Neoplasms,9,0.25,2.51059322,0.00657,1,0.0383,"hsa-mir-133a-1,hsa-let-7c,hsa-mir-130b,hsa-let-7d,hsa-mir-1-1,hsa-mir-21,hsa-mir-133a-2,hsa-mir-1-2,hsa-mir-142"
Disease,"Leukemia, Lymphoblastic, Acute",7,0.29166667,2.92902542,0.00667,1,0.0386,"hsa-mir-708,hsa-mir-124-2,hsa-mir-124-1,hsa-mir-196a-2,hsa-mir-196b,hsa-mir-124-3,hsa-mir-142"
Disease,Pancreatic Neoplasms,13,0.203125,2.03985699,0.00779,1,0.0446,"hsa-mir-486-2,hsa-mir-200a,hsa-let-7c,hsa-mir-96,hsa-mir-133b,hsa-mir-217,hsa-mir-486-1,hsa-let-7d,hsa-mir-196a-2,hsa-mir-21,hsa-mir-196a-1,hsa-mir-210,hsa-mir-143"
Disease,Neurodegenerative Diseases [unspecific],6,0.31578947,3.17127565,0.00787,1,0.0449,"hsa-mir-124-2,hsa-mir-124-1,hsa-mir-139,hsa-mir-124-3,hsa-mir-144,hsa-mir-328"
Disease,Amyotrophic Lateral Sclerosis,4,0.44444444,4.46327684,0.00793,1,0.0448,"hsa-mir-9-2,hsa-mir-206,hsa-mir-200a,hsa-mir-141"
Disease,Ankylosing Spondylitis,4,0.44444444,4.46327684,0.00793,1,0.0448,"hsa-mir-124-2,hsa-mir-124-1,hsa-mir-124-3,hsa-mir-21"
Disease,Keratitis,3,0.6,6.02542373,0.00829,1,0.0464,"hsa-mir-183,hsa-mir-96,hsa-mir-182"
Disease,"Carcinoma, Supraglottic",3,0.6,6.02542373,0.00829,1,0.0464,"hsa-mir-206,hsa-mir-21,hsa-mir-375"
Disease,"Adenocarcinoma, Prostate",3,0.6,6.02542373,0.00829,1,0.0464,"hsa-mir-154,hsa-mir-21,hsa-mir-141"
Disease,Pediatric Astrocytoma,3,0.6,6.02542373,0.00829,1,0.0464,"hsa-mir-124-2,hsa-mir-124-1,hsa-mir-124-3"
Disease,"Stroke, Hemorrhagic",3,0.6,6.02542373,0.00829,1,0.0464,"hsa-mir-124-2,hsa-mir-124-1,hsa-mir-124-3"
Disease,Peritoneal Dialysis Failure,8,0.25806452,2.5915801,0.00844,1,0.0452,"hsa-mir-200a,hsa-mir-136,hsa-let-7d,hsa-mir-31,hsa-mir-30a,hsa-mir-21,hsa-mir-142,hsa-mir-192"
Disease,Mandibular Prognathism,5,0.35714286,3.58656174,0.00863,1,0.0461,"hsa-mir-30a,hsa-mir-194-2,hsa-mir-197,hsa-mir-194-1,hsa-mir-192"
Disease,"Adenocarcinoma, Endometrial",2,1,10.04237288,0.00984,1,0.0523,"hsa-mir-200a,hsa-mir-410"
Disease,Neutropenia,2,1,10.04237288,0.00984,1,0.0523,"hsa-mir-21,hsa-mir-196b"
Disease,Fever,2,1,10.04237288,0.00984,1,0.0523,"hsa-mir-142,hsa-mir-143"
Disease,Preeclampsia,14,0.18918919,1.89990838,0.0111,1,0.054,"hsa-mir-135b,hsa-mir-301a,hsa-mir-133b,hsa-mir-206,hsa-mir-517b,hsa-mir-517c,hsa-mir-518e,hsa-mir-182,hsa-mir-21,hsa-mir-210,hsa-mir-195,hsa-mir-197,hsa-mir-517a,hsa-mir-142"
Disease,Leukemia,13,0.19402985,1.94852011,0.0116,1,0.0562,"hsa-mir-139,hsa-mir-486-2,hsa-mir-9-1,hsa-mir-217,hsa-mir-486-1,hsa-mir-548f-1,hsa-mir-196b,hsa-mir-21,hsa-mir-183,hsa-mir-9-3,hsa-mir-9-2,hsa-mir-195,hsa-mir-143"
Disease,"Leukemia, Myeloid, Chronic",13,0.19402985,1.94852011,0.0116,1,0.0562,"hsa-mir-518b,hsa-mir-200a,hsa-mir-525,hsa-let-7c,hsa-mir-9-1,hsa-let-7d,hsa-mir-21,hsa-mir-196b,hsa-mir-9-3,hsa-mir-9-2,hsa-mir-142,hsa-mir-328,hsa-mir-520a"
Disease,"Carcinoma, Urothelial",5,0.33333333,3.34745763,0.0119,1,0.0573,"hsa-mir-183,hsa-mir-30a,hsa-mir-96,hsa-mir-21,hsa-mir-182"
Disease,Lymphoma,12,0.2,2.00847458,0.0119,1,0.0575,"hsa-mir-486-2,hsa-mir-133b,hsa-mir-194-2,hsa-mir-486-1,hsa-mir-194-1,hsa-let-7d,hsa-mir-31,hsa-mir-21,hsa-mir-4736,hsa-mir-144,hsa-mir-520a,hsa-mir-143"
Disease,Liver Injury,5,0.33333333,3.34745763,0.0119,1,0.0573,"hsa-mir-382,hsa-mir-200a,hsa-mir-192,hsa-mir-21,hsa-mir-182"
Disease,"Fatty Liver, Non-Alcoholic",5,0.33333333,3.34745763,0.0119,1,0.0573,"hsa-mir-9-2,hsa-mir-577,hsa-mir-9-3,hsa-mir-9-1,hsa-mir-21"
Disease,Alcoholic Hepatitis,4,0.4,4.01694915,0.0122,1,0.0579,"hsa-mir-30a,hsa-mir-1246,hsa-mir-192,hsa-mir-182"
Disease,Psoriasis,8,0.24242424,2.43451464,0.0125,1,0.0589,"hsa-mir-33b,hsa-mir-217,hsa-mir-194-2,hsa-mir-194-1,hsa-mir-31,hsa-mir-21,hsa-mir-210,hsa-mir-143"
Disease,Cervical Dysplasia,3,0.5,5.02118644,0.0154,1,0.0721,"hsa-mir-196a-1,hsa-mir-196a-2,hsa-mir-143"
Disease,"Lymphoma, Non-Hodgkin",3,0.5,5.02118644,0.0154,1,0.0721,"hsa-mir-196a-1,hsa-mir-520a,hsa-mir-196a-2"
Disease,Nephrosclerosis,3,0.5,5.02118644,0.0154,1,0.0721,"hsa-mir-200a,hsa-mir-192,hsa-mir-141"
Disease,Fibromyalgia,3,0.5,5.02118644,0.0154,1,0.0721,"hsa-mir-451a,hsa-mir-21,hsa-mir-143"
Disease,Asthma,9,0.2195122,2.20442332,0.0159,1,0.073,"hsa-mir-708,hsa-mir-9-1,hsa-let-7d,hsa-mir-196a-2,hsa-mir-187,hsa-mir-21,hsa-mir-9-3,hsa-mir-9-2,hsa-mir-143"
Disease,Systemic Lupus Erythematosus,11,0.2,2.00847458,0.0159,1,0.073,"hsa-mir-7-3,hsa-let-7d,hsa-mir-31,hsa-mir-196a-2,hsa-mir-21,hsa-mir-345,hsa-mir-196a-1,hsa-mir-142,hsa-mir-410,hsa-mir-328,hsa-mir-7-1"
Disease,Gastric Neoplasms,4,0.36363636,3.65177196,0.0177,1,0.0805,"hsa-mir-137,hsa-mir-9-2,hsa-mir-9-1,hsa-mir-21"
Disease,"Carcinoma, Thyroid, Medullary",4,0.36363636,3.65177196,0.0177,1,0.0805,"hsa-mir-197,hsa-mir-375,hsa-mir-21,hsa-mir-182"
Disease,Aortic Aneurysm,4,0.36363636,3.65177196,0.0177,1,0.0805,"hsa-mir-1-1,hsa-mir-195,hsa-mir-1-2,hsa-mir-143"
Disease,Cardiovascular Diseases [unspecific],12,0.1875,1.88294492,0.0198,1,0.0887,"hsa-mir-133a-1,hsa-mir-33b,hsa-mir-382,hsa-mir-487b,hsa-mir-1-1,hsa-mir-451a,hsa-mir-21,hsa-mir-133a-2,hsa-mir-210,hsa-mir-1-2,hsa-mir-144,hsa-mir-143"
Disease,"Adenocarcinoma, Colon",6,0.26086957,2.61974945,0.021,1,0.0936,"hsa-mir-135b,hsa-mir-96,hsa-mir-503,hsa-mir-30a,hsa-mir-21,hsa-mir-182"
Disease,Obesity,10,0.19607843,1.96909272,0.0243,1,0.1076,"hsa-mir-376a-1,hsa-mir-200a,hsa-mir-33b,hsa-mir-503,hsa-mir-130b,hsa-mir-30a,hsa-mir-21,hsa-mir-376a-2,hsa-mir-210,hsa-mir-143"
Disease,Renal Fibrosis,4,0.33333333,3.34745763,0.0246,1,0.1084,"hsa-mir-196a-1,hsa-mir-196a-2,hsa-mir-21,hsa-mir-196b"
Disease,Oral Leukoplakia,4,0.33333333,3.34745763,0.0246,1,0.1084,"hsa-mir-345,hsa-mir-525,hsa-mir-21,hsa-mir-31"
Disease,Behcet's Disease,3,0.42857143,4.30387409,0.025,1,0.1085,"hsa-mir-139,hsa-mir-196a-2,hsa-mir-182"
Disease,"Carcinoma, Endometrioid Endometrial",3,0.42857143,4.30387409,0.025,1,0.1085,"hsa-mir-200a,hsa-mir-141,hsa-mir-143"
Disease,Retinal Neovascularization,3,0.42857143,4.30387409,0.025,1,0.1085,"hsa-mir-451a,hsa-mir-184,hsa-mir-31"
Disease,Neuroblastoma,11,0.18644068,1.87230681,0.0264,1,0.1132,"hsa-mir-200a,hsa-mir-1246,hsa-mir-153-2,hsa-let-7d,hsa-mir-30a,hsa-mir-21,hsa-mir-137,hsa-mir-375,hsa-mir-410,hsa-mir-192,hsa-mir-143"
Disease,Malignant Peripheral Nerve Sheath Tumor,2,0.66666667,6.69491525,0.0276,1,0.118,"hsa-mir-210,hsa-mir-30a"
Disease,"Scleroderma, Localized",2,0.66666667,6.69491525,0.0276,1,0.118,"hsa-mir-196a-2,hsa-mir-196a-1"
Disease,Testicular Neoplasms,2,0.66666667,6.69491525,0.0276,1,0.118,"hsa-mir-133b,hsa-mir-372"
Disease,Bronchiolitis Obliterans Syndrome,2,0.66666667,6.69491525,0.0276,1,0.118,"hsa-mir-21,hsa-mir-144"
Disease,Endometrial Stromal Sarcoma,2,0.66666667,6.69491525,0.0276,1,0.118,"hsa-mir-142,hsa-mir-31"
Disease,Growth Disorders,2,0.66666667,6.69491525,0.0276,1,0.118,"hsa-mir-503,hsa-mir-21"
Disease,Chronic Hepatitis B,7,0.21875,2.19676907,0.0331,1,0.1347,"hsa-mir-200a,hsa-mir-124-2,hsa-mir-124-1,hsa-mir-196a-2,hsa-mir-210,hsa-mir-124-3,hsa-mir-192"
Disease,"Cardiomyopathy, Ischemic",5,0.26315789,2.64272971,0.0334,1,0.1356,"hsa-mir-139,hsa-mir-154,hsa-mir-200a,hsa-mir-21,hsa-mir-141"
Disease,Bipolar Disorder,3,0.375,3.76588983,0.0371,1,0.1502,"hsa-mir-206,hsa-mir-708,hsa-mir-328"
Disease,Soft Tissue Sarcoma,3,0.375,3.76588983,0.0371,1,0.1502,"hsa-mir-206,hsa-mir-182,hsa-mir-381"
Disease,Medulloepithelioma,3,0.375,3.76588983,0.0371,1,0.1502,"hsa-mir-211,hsa-mir-217,hsa-mir-216b"
Disease,Habitual Abortion,4,0.28571429,2.86924939,0.0425,1,0.1669,"hsa-mir-196a-2,hsa-mir-517c,hsa-mir-184,hsa-mir-187"
Disease,Vascular Diseases [unspecific],6,0.22222222,2.23163842,0.0443,1,0.1726,"hsa-mir-376a-1,hsa-mir-196a-2,hsa-mir-21,hsa-mir-376a-2,hsa-mir-210,hsa-mir-143"
Disease,"Squamous Cell Carcinoma, Tongue",6,0.22222222,2.23163842,0.0443,1,0.1726,"hsa-mir-96,hsa-mir-21,hsa-mir-137,hsa-mir-183,hsa-mir-195,hsa-mir-375"
Disease,Fatty Liver [unspecific],2,0.5,5.02118644,0.0516,1,0.1998,"hsa-mir-182,hsa-mir-183"
Disease,"Cardiomyopathy, Dilated",2,0.5,5.02118644,0.0516,1,0.1998,"hsa-mir-196a-2,hsa-mir-196a-1"
Disease,Ovarian Serous Cystadenocarcinoma,2,0.5,5.02118644,0.0516,1,0.1998,"hsa-mir-30a,hsa-mir-200a"
Disease,Meningioma,2,0.5,5.02118644,0.0516,1,0.1998,"hsa-mir-200a,hsa-mir-21"
Disease,HELLP Syndrome,2,0.5,5.02118644,0.0516,1,0.1998,"hsa-mir-133a-1,hsa-mir-133a-2"
Disease,Fungal Keratitis,2,0.5,5.02118644,0.0516,1,0.1998,"hsa-mir-142,hsa-mir-451a"
Disease,"Lymphoma, Follicular",2,0.5,5.02118644,0.0516,1,0.1998,"hsa-mir-142,hsa-mir-31"
Disease,Epithelioid Sarcoma,2,0.5,5.02118644,0.0516,1,0.1998,"hsa-mir-206,hsa-mir-381"
Disease,Chronic Pancreatitis,2,0.5,5.02118644,0.0516,1,0.1998,"hsa-mir-217,hsa-mir-21"
Disease,Esophageal Neoplasms,3,0.33333333,3.34745763,0.0517,1,0.1904,"hsa-mir-21,hsa-mir-141,hsa-mir-143"
Disease,Idiopathic Pulmonary Fibrosis,4,0.26666667,2.6779661,0.0537,1,0.1963,"hsa-mir-30a,hsa-mir-210,hsa-mir-96,hsa-mir-21"
Disease,Chronic Hepatitis C,7,0.19444444,1.95268362,0.0588,1,0.2136,"hsa-mir-30a,hsa-mir-1-1,hsa-mir-196a-2,hsa-mir-196b,hsa-mir-431,hsa-mir-196a-1,hsa-mir-1-2"
Disease,Acute Coronary Syndrome,5,0.22727273,2.28235747,0.0594,1,0.2154,"hsa-mir-486-2,hsa-mir-486-1,hsa-mir-323b,hsa-mir-21,hsa-mir-323a"
Disease,Polycystic Ovarian Syndrome,6,0.20689655,2.07773232,0.0603,1,0.2172,"hsa-mir-486-2,hsa-mir-194-2,hsa-mir-486-1,hsa-mir-194-1,hsa-mir-21,hsa-mir-375"
Disease,Glaucoma,6,0.20689655,2.07773232,0.0603,1,0.2172,"hsa-mir-30a,hsa-mir-451a,hsa-mir-184,hsa-mir-21,hsa-mir-182,hsa-mir-144"
Disease,Stroke,7,0.18918919,1.89990838,0.0667,1,0.2373,"hsa-mir-133a-1,hsa-mir-124-2,hsa-mir-124-1,hsa-mir-21,hsa-mir-133a-2,hsa-mir-124-3,hsa-mir-410"
Disease,Nervous System Diseases [unspecific],3,0.3,3.01271186,0.0687,1,0.2436,"hsa-mir-9-2,hsa-mir-9-1,hsa-mir-9-3"
Disease,"Carcinoma, Basal Cell",3,0.3,3.01271186,0.0687,1,0.2436,"hsa-mir-375,hsa-mir-328,hsa-mir-21"
Disease,Testicular Germ Cell Tumor,3,0.3,3.01271186,0.0687,1,0.2436,"hsa-mir-371a,hsa-mir-142,hsa-mir-372"
Disease,"Diabetes Mellitus, Gestational",5,0.2173913,2.18312454,0.0701,1,0.2466,"hsa-mir-9-1,hsa-mir-130b,hsa-mir-9-3,hsa-mir-137,hsa-mir-9-2"
Disease,Depression Disorder,5,0.2173913,2.18312454,0.0701,1,0.2466,"hsa-mir-124-2,hsa-mir-124-1,hsa-mir-451a,hsa-mir-124-3,hsa-mir-135a-2"
Disease,"Adenocarcinoma, Gastric",7,0.18421053,1.84991079,0.0752,1,0.263,"hsa-mir-486-2,hsa-mir-96,hsa-let-7c,hsa-mir-486-1,hsa-mir-21,hsa-mir-381,hsa-mir-143"
Disease,Gallstones,2,0.4,4.01694915,0.0805,1,0.2805,"hsa-mir-210,hsa-mir-375"
Disease,Cardiomegaly,2,0.4,4.01694915,0.0805,1,0.2805,"hsa-mir-1-2,hsa-mir-1-1"
Disease,Brain Neoplasms,5,0.20833333,2.09216102,0.0818,1,0.2785,"hsa-mir-9-1,hsa-mir-451a,hsa-mir-21,hsa-mir-9-3,hsa-mir-9-2"
Disease,Machado-Joseph Disease,3,0.27272727,2.73882897,0.0878,1,0.298,"hsa-mir-9-2,hsa-mir-9-1,hsa-mir-9-3"
Disease,Mesothelioma,3,0.27272727,2.73882897,0.0878,1,0.298,"hsa-mir-31,hsa-mir-21,hsa-mir-143"
Disease,ACTH-Secreting Pituitary Adenoma,3,0.27272727,2.73882897,0.0878,1,0.298,"hsa-mir-21,hsa-mir-141,hsa-mir-143"
Disease,Chronic Kidney Disease,6,0.1875,1.88294492,0.0901,1,0.3015,"hsa-mir-133a-1,hsa-mir-217,hsa-mir-21,hsa-mir-133a-2,hsa-mir-210,hsa-mir-143"
Disease,"Leukemia, Lymphocytic, Chronic",7,0.17073171,1.71455147,0.1046,1,0.3481,"hsa-mir-708,hsa-mir-9-1,hsa-mir-31,hsa-mir-21,hsa-mir-9-3,hsa-mir-9-2,hsa-mir-143"
Disease,Adrenal Cortex Neoplasms,3,0.25,2.51059322,0.1088,1,0.3602,"hsa-mir-210,hsa-mir-503,hsa-mir-142"
Disease,Colitis,3,0.25,2.51059322,0.1088,1,0.3602,"hsa-mir-139,hsa-mir-21,hsa-mir-31"
Disease,Down Syndrome,3,0.25,2.51059322,0.1088,1,0.3602,"hsa-mir-96,hsa-let-7c,hsa-mir-518e"
Disease,Lofgren's Syndrome,3,0.25,2.51059322,0.1088,1,0.3602,"hsa-mir-1-1,hsa-mir-1-2,hsa-mir-21"
Disease,Acute Cerebral Infarction,2,0.33333333,3.34745763,0.113,1,0.3689,"hsa-mir-210,hsa-mir-21"
Disease,Huntington's Disease,2,0.33333333,3.34745763,0.113,1,0.3689,"hsa-mir-196a-1,hsa-mir-196a-2"
Disease,Kawasaki's Syndrome,2,0.33333333,3.34745763,0.113,1,0.3689,"hsa-mir-371a,hsa-mir-31"
Disease,Kaposi's Sarcoma,5,0.18518519,1.85969868,0.1225,1,0.3945,"hsa-mir-708,hsa-mir-200a,hsa-let-7c,hsa-let-7d,hsa-mir-409"
Disease,Hemoglobin Diseases,3,0.23076923,2.31747066,0.1316,1,0.4226,"hsa-mir-210,hsa-let-7c,hsa-let-7d"
Disease,Vascular Injuries,3,0.23076923,2.31747066,0.1316,1,0.4226,"hsa-mir-147b,hsa-mir-137,hsa-mir-21"
Disease,"Carcinoma, Head And Neck",3,0.23076923,2.31747066,0.1316,1,0.4226,"hsa-mir-196a-1,hsa-mir-375,hsa-mir-196a-2"
Disease,Mycobacterium Tuberculosis Infection,3,0.23076923,2.31747066,0.1316,1,0.4226,"hsa-mir-30a,hsa-mir-206,hsa-mir-21"
Disease,"Lymphoma, Burkitt's",3,0.23076923,2.31747066,0.1316,1,0.4226,"hsa-mir-197,hsa-mir-520a,hsa-mir-143"
Disease,Rhinosinusitis,3,0.23076923,2.31747066,0.1316,1,0.4226,"hsa-mir-124-2,hsa-mir-124-1,hsa-mir-124-3"
Disease,"Squamous Cell Carcinoma, Laryngeal or Hypopharyngeal",5,0.17857143,1.79328087,0.1378,1,0.4356,"hsa-mir-139,hsa-mir-206,hsa-mir-451a,hsa-mir-21,hsa-mir-375"
Disease,HIV-Associated Lipodystrophy,5,0.17857143,1.79328087,0.1378,1,0.4356,"hsa-mir-218-2,hsa-mir-487b,hsa-let-7d,hsa-mir-196b,hsa-mir-218-1"
Disease,Prediabetes,2,0.28571429,2.86924939,0.1482,1,0.4659,"hsa-mir-192,hsa-mir-143"
Disease,Acute Pancreatitis,2,0.28571429,2.86924939,0.1482,1,0.4659,"hsa-mir-135a-2,hsa-mir-216b"
Disease,"Aortic Aneurysm, Abdominal",4,0.19047619,1.91283293,0.1486,1,0.4633,"hsa-mir-30a,hsa-mir-194-2,hsa-mir-194-1,hsa-mir-21"
Disease,Chondrosarcoma,4,0.19047619,1.91283293,0.1486,1,0.4633,"hsa-mir-30a,hsa-mir-206,hsa-mir-518b,hsa-mir-141"
Disease,Colon Adenoma,4,0.19047619,1.91283293,0.1486,1,0.4633,"hsa-mir-503,hsa-mir-192,hsa-mir-21,hsa-mir-182"
Disease,Liver Diseases [unspecific],5,0.17241379,1.7314436,0.154,1,0.4752,"hsa-mir-139,hsa-mir-200a,hsa-let-7c,hsa-let-7d,hsa-mir-21"
Disease,Bladder Outlet Obstruction,3,0.21428571,2.15193705,0.1559,1,0.4798,"hsa-mir-30a,hsa-mir-1-1,hsa-mir-1-2"
Disease,Chordoma,3,0.21428571,2.15193705,0.1559,1,0.4798,"hsa-mir-1-1,hsa-mir-1-2,hsa-mir-31"
Disease,Intrahepatic Cholangiocarcinoma,4,0.18181818,1.82588598,0.1684,1,0.5156,"hsa-mir-96,hsa-mir-1-1,hsa-mir-195,hsa-mir-1-2"
Disease,"Carcinoma, Skin",2,0.25,2.51059322,0.1853,1,0.5643,"hsa-mir-200a,hsa-mir-21"
Disease,Hypoxic-Ischemic Encephalopathy,1,0.5,5.02118644,0.1893,1,0.5738,hsa-mir-210
Disease,Hyperglycemia,1,0.5,5.02118644,0.1893,1,0.5738,hsa-mir-33b
Disease,Vitiligo,1,0.5,5.02118644,0.1893,1,0.5738,hsa-mir-196a-2
Disease,Uterine Leiomyosarcoma,1,0.5,5.02118644,0.1893,1,0.5738,hsa-mir-31
Disease,Dermatomyositis,1,0.5,5.02118644,0.1893,1,0.5738,hsa-mir-206
Disease,Fetal Alcohol Syndrome,1,0.5,5.02118644,0.1893,1,0.5738,hsa-mir-21
Disease,Hamartoma Syndrome,1,0.5,5.02118644,0.1893,1,0.5738,hsa-mir-21
Disease,Periodontitis,1,0.5,5.02118644,0.1893,1,0.5738,hsa-mir-21
Disease,Thyroid-Associated Ophthalmopathy,1,0.5,5.02118644,0.1893,1,0.5738,hsa-mir-21
Disease,Type 2 Diabetes Complications,1,0.5,5.02118644,0.1893,1,0.5738,hsa-mir-21
Disease,"Carcinoma, Embryonal",1,0.5,5.02118644,0.1893,1,0.5738,hsa-mir-134
Disease,Germ Cell And Embryonal Neoplasms,1,0.5,5.02118644,0.1893,1,0.5738,hsa-mir-372
Disease,Idiopathic Asthenospermia,1,0.5,5.02118644,0.1893,1,0.5738,hsa-mir-141
Disease,Cataract,1,0.5,5.02118644,0.1893,1,0.5738,hsa-mir-184
Disease,Pituitary Neoplasms,3,0.1875,1.88294492,0.208,1,0.554,"hsa-let-7c,hsa-mir-381,hsa-let-7d"
Disease,Myocardial Ischemic-Reperfusion Injury,3,0.1875,1.88294492,0.208,1,0.554,"hsa-mir-1-1,hsa-mir-1-2,hsa-mir-21"
Disease,"Carcinoma, Thyroid, Follicular",2,0.22222222,2.23163842,0.2234,1,0.5923,"hsa-mir-183,hsa-mir-375"
Disease,Systemic Sclerosis,2,0.22222222,2.23163842,0.2234,1,0.5923,"hsa-mir-30a,hsa-mir-21"
Disease,Atopic Dermatitis,2,0.22222222,2.23163842,0.2234,1,0.5923,"hsa-mir-200a,hsa-mir-21"
Disease,"Carcinoma, Vulvar",2,0.22222222,2.23163842,0.2234,1,0.5923,"hsa-mir-133a-2,hsa-mir-133a-1"
Disease,"Leukemia-Lymphoma, Precursor B-Cell Lymphoblastic",2,0.22222222,2.23163842,0.2234,1,0.5923,"hsa-mir-451a,hsa-mir-142"
Disease,Myeloproliferative Neoplasms,2,0.22222222,2.23163842,0.2234,1,0.5923,"hsa-mir-375,hsa-mir-143"
Disease,Salivary Gland Neoplasms,2,0.22222222,2.23163842,0.2234,1,0.5923,"hsa-mir-375,hsa-mir-21"
Disease,Focal Segmental Glomerulosclerosis,3,0.17647059,1.77218345,0.2354,1,0.6118,"hsa-mir-30a,hsa-mir-196a-1,hsa-mir-196a-2"
Disease,Human Papilloma Virus Infection,5,0.14705882,1.47681954,0.2448,1,0.6348,"hsa-mir-96,hsa-mir-196a-2,hsa-mir-21,hsa-mir-196a-1,hsa-mir-143"
Disease,Hematologic Neoplasms,5,0.14705882,1.47681954,0.2448,1,0.6348,"hsa-mir-124-2,hsa-mir-124-1,hsa-mir-21,hsa-mir-124-3,hsa-mir-372"
Disease,Hepatoblastoma,4,0.15384615,1.54498044,0.2553,1,0.6591,"hsa-mir-96,hsa-mir-21,hsa-mir-210,hsa-mir-195"
Disease,Graves' Disease,2,0.2,2.00847458,0.2621,1,0.6737,"hsa-mir-183,hsa-mir-197"
Disease,Carotid Atherosclerosis,2,0.2,2.00847458,0.2621,1,0.6737,"hsa-mir-133a-2,hsa-mir-133a-1"
Disease,Aplastic Anemia,2,0.2,2.00847458,0.2621,1,0.6737,"hsa-mir-1-1,hsa-mir-1-2"
Disease,Viral Myocarditis,2,0.2,2.00847458,0.2621,1,0.6737,"hsa-mir-1-1,hsa-mir-1-2"
Disease,"Leukemia, Myeloid",3,0.16666667,1.67372881,0.2634,1,0.6698,"hsa-mir-139,hsa-mir-486-2,hsa-mir-486-1"
Disease,"Osteoporosis, Postmenopausal",1,0.33333333,3.34745763,0.2702,1,0.6856,hsa-mir-210
Disease,Nevus,1,0.33333333,3.34745763,0.2702,1,0.6856,hsa-let-7c
Disease,"Scleroderma, Systemic",1,0.33333333,3.34745763,0.2702,1,0.6856,hsa-mir-130b
Disease,Hypercholesterolaemia,1,0.33333333,3.34745763,0.2702,1,0.6856,hsa-mir-33b
Disease,Thyroid Adenomas,1,0.33333333,3.34745763,0.2702,1,0.6856,hsa-mir-144
Disease,Diabetic Foot,1,0.33333333,3.34745763,0.2702,1,0.6856,hsa-mir-31
Disease,"Carcinoma, Merkel Cell",1,0.33333333,3.34745763,0.2702,1,0.6856,hsa-mir-375
Disease,Liver Failure,1,0.33333333,3.34745763,0.2702,1,0.6856,hsa-mir-375
Disease,Granular Corneal Dystrophy,1,0.33333333,3.34745763,0.2702,1,0.6856,hsa-mir-21
Disease,Primary Biliary Cirrhosis,1,0.33333333,3.34745763,0.2702,1,0.6856,hsa-mir-197
Disease,Rectal Neoplasms,1,0.33333333,3.34745763,0.2702,1,0.6856,hsa-mir-137
Disease,Chronic Post-Traumatic Headache,1,0.33333333,3.34745763,0.2702,1,0.6856,hsa-mir-135a-2
Disease,Chikungunya Virus Infection,1,0.33333333,3.34745763,0.2702,1,0.6856,hsa-mir-503
Disease,Heart Transplant Rejection,1,0.33333333,3.34745763,0.2702,1,0.6856,hsa-mir-142
Disease,Autoimmune Diseases [unspecific],5,0.13888889,1.39477401,0.2846,1,0.6799,"hsa-mir-301a,hsa-mir-31,hsa-mir-30a,hsa-mir-21,hsa-mir-142"
Disease,Rheumatoid Arthritis,7,0.12962963,1.30178908,0.2867,1,0.6835,"hsa-mir-4634,hsa-mir-9-1,hsa-mir-30a,hsa-mir-451a,hsa-mir-21,hsa-mir-9-3,hsa-mir-9-2"
Disease,Cerebral Ischemia,2,0.18181818,1.82588598,0.3008,1,0.7158,"hsa-let-7c,hsa-mir-376b"
Disease,Uveal Melanoma,2,0.18181818,1.82588598,0.3008,1,0.7158,"hsa-mir-144,hsa-mir-21"
Disease,Chronic Hepatitis,2,0.18181818,1.82588598,0.3008,1,0.7158,"hsa-mir-215,hsa-mir-143"
Disease,Azoospermia,2,0.18181818,1.82588598,0.3008,1,0.7158,"hsa-mir-371a,hsa-mir-372"
Disease,Autism Spectrum Disorder,4,0.14285714,1.4346247,0.3018,1,0.7054,"hsa-mir-486-2,hsa-mir-486-1,hsa-mir-21,hsa-mir-431"
Disease,Multiple Sclerosis,6,0.12765957,1.28200505,0.3234,1,0.7528,"hsa-mir-200a,hsa-mir-96,hsa-mir-30a,hsa-mir-141,hsa-mir-197,hsa-mir-142"
Disease,Liver Cirrhosis,7,0.12280702,1.23327386,0.3371,1,0.7832,"hsa-mir-200a,hsa-mir-9-1,hsa-mir-134,hsa-mir-21,hsa-mir-9-3,hsa-mir-9-2,hsa-mir-144"
Disease,"Lymphoma, Large-Cell, Anaplastic",2,0.16666667,1.67372881,0.3392,1,0.7867,"hsa-mir-135b,hsa-mir-708"
Disease,"Carcinoma, Renal Cell, Chromophobe",1,0.25,2.51059322,0.343,1,0.7924,hsa-mir-210
Disease,Pheochromocytoma,1,0.25,2.51059322,0.343,1,0.7924,hsa-mir-210
Disease,"Carcinoma, Spindle Cell",1,0.25,2.51059322,0.343,1,0.7924,hsa-mir-200a
Disease,Liposarcoma,1,0.25,2.51059322,0.343,1,0.7924,hsa-mir-451a
Disease,Plasmodium vivax Infection,1,0.25,2.51059322,0.343,1,0.7924,hsa-mir-451a
Disease,Allergic Asthma,1,0.25,2.51059322,0.343,1,0.7924,hsa-mir-144
Disease,Aortic Insufficiency,1,0.25,2.51059322,0.343,1,0.7924,hsa-mir-195
Disease,"Carcinoma, Oropharyngeal",1,0.25,2.51059322,0.343,1,0.7924,hsa-mir-21
Disease,"Carcinoma, Salivary Adenoid Cystic",1,0.25,2.51059322,0.343,1,0.7924,hsa-mir-21
Disease,Cholesteatoma,1,0.25,2.51059322,0.343,1,0.7924,hsa-mir-21
Disease,Cryptosporidium infection,1,0.25,2.51059322,0.343,1,0.7924,hsa-mir-21
Disease,Diabetic Vasculopathy,1,0.25,2.51059322,0.343,1,0.7924,hsa-mir-503
Disease,"Systemic Lupus Erythematosus, With Pericarditis",1,0.25,2.51059322,0.343,1,0.7924,hsa-mir-525
Disease,Allergic Rhinitis,3,0.14285714,1.4346247,0.349,1,0.7775,"hsa-mir-196a-2,hsa-mir-187,hsa-mir-143"
Disease,Male Infertility,2,0.15384615,1.54498044,0.377,1,0.8382,"hsa-mir-210,hsa-mir-200a"
Disease,Tuberculosis,2,0.15384615,1.54498044,0.377,1,0.8382,"hsa-mir-183,hsa-mir-381"
Disease,"Lymphoma, Primary Effusion",2,0.15384615,1.54498044,0.377,1,0.8382,"hsa-let-7c,hsa-let-7d"
Disease,"Leukemia, Lymphoblastic, Acute, B-Cell",2,0.15384615,1.54498044,0.377,1,0.8382,"hsa-mir-323b,hsa-mir-451a"
Disease,Intervertebral Disc Degeneration,2,0.15384615,1.54498044,0.377,1,0.8382,"hsa-mir-7-3,hsa-mir-7-1"
Disease,Spinal Cord Injuries,2,0.15384615,1.54498044,0.377,1,0.8382,"hsa-mir-142,hsa-mir-21"
Disease,Osteoarthritis,5,0.12195122,1.22467962,0.3879,1,0.8529,"hsa-mir-139,hsa-mir-9-1,hsa-mir-21,hsa-mir-9-3,hsa-mir-9-2"
Disease,Ossification of Posterior Longitudinal Ligament,1,0.2,2.00847458,0.4087,1,0.8968,hsa-mir-196a-2
Disease,IgA Nephropathy,1,0.2,2.00847458,0.4087,1,0.8968,hsa-mir-21
Disease,Sickle Cell Disease,1,0.2,2.00847458,0.4087,1,0.8968,hsa-mir-301a
Disease,Wounds and Injuries [unspecific],1,0.2,2.00847458,0.4087,1,0.8968,hsa-mir-143
Disease,Uterine Leiomyoma,1,0.2,2.00847458,0.4087,1,0.8968,hsa-mir-197
Disease,Varicella,1,0.2,2.00847458,0.4087,1,0.8968,hsa-mir-197
Disease,Macular Degeneration,2,0.14285714,1.4346247,0.4138,1,0.8933,"hsa-mir-184,hsa-let-7d"
Disease,Myasthenia Gravis,2,0.14285714,1.4346247,0.4138,1,0.8933,"hsa-mir-192,hsa-mir-21"
Disease,"Carcinoma, Ovarian, Serous",3,0.125,1.25529661,0.4337,1,0.9328,"hsa-mir-1246,hsa-mir-30a,hsa-mir-21"
Disease,Maternal Obesity During Childbirth,2,0.13333333,1.33898305,0.4496,1,0.9652,"hsa-mir-30a,hsa-mir-375"
Disease,Dengue Virus Infection,2,0.13333333,1.33898305,0.4496,1,0.9652,"hsa-mir-133a-2,hsa-mir-133a-1"
Disease,Lupus Vulgaris,1,0.16666667,1.67372881,0.4678,1,0.9988,hsa-mir-210
Disease,Chronic Brucellosis,1,0.16666667,1.67372881,0.4678,1,0.9988,hsa-mir-139
Disease,Non-Traumatic Osteonecrosis,1,0.16666667,1.67372881,0.4678,1,0.9988,hsa-let-7c
Disease,Digeorge Syndrome,1,0.16666667,1.67372881,0.4678,1,0.9988,hsa-mir-130b
Disease,"Leukemia, Biphenotypic, Acute",1,0.16666667,1.67372881,0.4678,1,0.9988,hsa-mir-182
Disease,Costello Syndrome,1,0.16666667,1.67372881,0.4678,1,0.9988,hsa-mir-206
Disease,Biliary Atresia,1,0.16666667,1.67372881,0.4678,1,0.9988,hsa-mir-21
Disease,Chronic Heart Failure,1,0.16666667,1.67372881,0.4678,1,0.9988,hsa-mir-21
Disease,Germ Cell Tumor,1,0.16666667,1.67372881,0.4678,1,0.9988,hsa-mir-371a
Disease,Cystic Fibrosis,2,0.125,1.25529661,0.4841,1,1,"hsa-mir-708,hsa-mir-31"
Disease,Myocardial Fibrosis,2,0.125,1.25529661,0.4841,1,1,"hsa-mir-154,hsa-mir-21"
Disease,Influenza,3,0.11538462,1.15873533,0.488,1,1,"hsa-mir-30a,hsa-mir-144,hsa-mir-192"
Disease,Adenovirus Infection,4,0.11111111,1.11581921,0.4898,1,1,"hsa-mir-194-2,hsa-mir-194-1,hsa-mir-30a,hsa-mir-210"
Disease,Muscle Atrophy,2,0.11764706,1.18145563,0.5173,1,1,"hsa-mir-21,hsa-mir-143"
Disease,Glomerulonephritis,1,0.14285714,1.4346247,0.5211,1,1,hsa-mir-200a
Disease,Enterovirus Infection,1,0.14285714,1.4346247,0.5211,1,1,hsa-mir-135b
Disease,Kidney Diseases [unspecific],1,0.14285714,1.4346247,0.5211,1,1,hsa-mir-21
Disease,"Lymphoma, Large B-Cell, Diffuse",4,0.10526316,1.05709188,0.5341,1,1,"hsa-mir-147b,hsa-mir-200a,hsa-mir-520d,hsa-mir-21"
Disease,Graft-Versus-Host Disease,2,0.11111111,1.11581921,0.549,1,1,"hsa-mir-30a,hsa-mir-21"
Disease,Respiratory Syncytial Virus Pneumonia,2,0.11111111,1.11581921,0.549,1,1,"hsa-let-7d,hsa-mir-31"
Disease,Vasculitis,1,0.125,1.25529661,0.569,1,1,hsa-mir-142
Disease,Cutaneous Melanoma,2,0.10526316,1.05709188,0.5793,1,1,"hsa-mir-21,hsa-mir-182"
Disease,Polycythemia Vera,2,0.1,1.00423729,0.608,1,1,"hsa-mir-451a,hsa-mir-21"
Disease,Metabolic Syndrome,1,0.11111111,1.11581921,0.6123,1,1,hsa-mir-21
Disease,Alopecia,1,0.11111111,1.11581921,0.6123,1,1,hsa-mir-410
Disease,Pleural Mesothelioma,3,0.09375,0.94147246,0.6336,1,1,"hsa-mir-31,hsa-mir-21,hsa-mir-143"
Disease,"Carcinoma, Lung, Small-Cell",2,0.0952381,0.95641646,0.6353,1,1,"hsa-mir-137,hsa-mir-30a"
Disease,Diabetic Retinopathy,2,0.0952381,0.95641646,0.6353,1,1,"hsa-mir-195,hsa-mir-21"
Disease,Helicobacter Pylori Infection,1,0.1,1.00423729,0.6512,1,1,hsa-mir-375
Disease,"Adenocarcinoma, Esophageal",2,0.09090909,0.91294299,0.661,1,1,"hsa-mir-21,hsa-mir-210"
Disease,Synovial Sarcoma,1,0.09090909,0.91294299,0.6862,1,1,hsa-mir-195
Disease,Interstitial Cystitis,1,0.09090909,0.91294299,0.6862,1,1,hsa-mir-328
Disease,Pulmonary Sarcoidosis,1,0.09090909,0.91294299,0.6862,1,1,hsa-mir-192
Disease,Non-Traumatic Subarachnoid Hemorrhage,1,0.09090909,0.91294299,0.6862,1,1,hsa-mir-142
Disease,"Lymphoma, B-Cell",2,0.08333333,0.83686441,0.7082,1,1,"hsa-mir-195,hsa-mir-142"
Disease,"Leukemia, Lymphoblastic, Acute, Childhood",1,0.08333333,0.83686441,0.7177,1,1,hsa-mir-210
Disease,Ewing's Sarcoma,1,0.08333333,0.83686441,0.7177,1,1,hsa-mir-31
Disease,"Carcinoma, Thyroid, Anaplastic",1,0.08333333,0.83686441,0.7177,1,1,hsa-mir-206
Disease,Traumatic Brain Injury,1,0.08333333,0.83686441,0.7177,1,1,hsa-mir-142
Disease,Lupus Nephritis,1,0.07692308,0.77249022,0.7461,1,1,hsa-mir-130b
Disease,Keloid,1,0.07692308,0.77249022,0.7461,1,1,hsa-mir-21
Disease,Immune Thrombocytopenic Purpura,1,0.07692308,0.77249022,0.7461,1,1,hsa-mir-410
Disease,"Lymphoma, T-Cell",2,0.07692308,0.77249022,0.7499,1,1,"hsa-mir-21,hsa-mir-142"
Disease,Peripheral Vascular Disease,1,0.07142857,0.71731235,0.7717,1,1,hsa-mir-195
Disease,Coronary Atherosclerosis,1,0.07142857,0.71731235,0.7717,1,1,hsa-mir-21
Disease,Acute Ischemic Stroke,1,0.07142857,0.71731235,0.7717,1,1,hsa-mir-487b
Disease,"Leukemia, B-Cell",1,0.07142857,0.71731235,0.7717,1,1,hsa-mir-142
Disease,"Leukemia, Promyelocytic, Acute",1,0.06666667,0.66949153,0.7947,1,1,hsa-mir-142
Disease,Pituitary Adenoma,1,0.05263158,0.52854594,0.8659,1,1,hsa-mir-130b
Disease,"Leukemia, Lymphocytic, Chronic, B-Cell",2,0.05882353,0.59072782,0.8693,1,1,"hsa-mir-21,hsa-mir-195"
