Category,Term,Count,Percent,Fold,P-value,Bonferroni,FDR,miRNA
Disease,"Carcinoma, Gastric",60,0.21818182,1.97362942,1.06E-09,5.91E-07,1.26E-06,"hsa-mir-9-1,hsa-mir-506,hsa-mir-224,hsa-mir-486-1,hsa-mir-509-3,hsa-mir-101-1,hsa-mir-100,hsa-mir-196b,hsa-mir-499a,hsa-mir-137,hsa-mir-449a,hsa-mir-7-2,hsa-mir-9-2,hsa-mir-210,hsa-mir-99a,hsa-mir-383,hsa-mir-135a-2,hsa-mir-1-2,hsa-mir-375,hsa-mir-4758,hsa-mir-7-3,hsa-mir-202,hsa-mir-433,hsa-mir-1-1,hsa-mir-30a,hsa-mir-451a,hsa-mir-378a,hsa-mir-196a-2,hsa-mir-133a-2,hsa-mir-410,hsa-mir-488,hsa-mir-139,hsa-mir-34b,hsa-mir-4739,hsa-mir-29c,hsa-mir-136,hsa-mir-101-2,hsa-mir-503,hsa-mir-508,hsa-mir-509-2,hsa-mir-135a-1,hsa-mir-449c,hsa-mir-381,hsa-mir-183,hsa-mir-196a-1,hsa-mir-455,hsa-mir-490,hsa-mir-486-2,hsa-mir-133a-1,hsa-let-7c,hsa-mir-337,hsa-mir-1914,hsa-mir-519a-1,hsa-mir-509-1,hsa-mir-31,hsa-mir-9-3,hsa-mir-377,hsa-mir-495,hsa-mir-378f,hsa-mir-378c"
Disease,"Carcinoma, Hepatocellular",67,0.19764012,1.78781328,1.64E-09,9.15E-07,9.73E-07,"hsa-mir-3144,hsa-mir-9-1,hsa-mir-506,hsa-mir-224,hsa-mir-486-1,hsa-mir-509-3,hsa-mir-101-1,hsa-mir-888,hsa-mir-100,hsa-mir-885,hsa-mir-499a,hsa-mir-137,hsa-mir-449a,hsa-mir-7-2,hsa-mir-9-2,hsa-mir-210,hsa-mir-99a,hsa-mir-411,hsa-mir-135a-2,hsa-mir-1-2,hsa-mir-375,hsa-mir-655,hsa-mir-1246,hsa-mir-7-3,hsa-mir-202,hsa-mir-615,hsa-mir-1-1,hsa-mir-30a,hsa-mir-449b,hsa-mir-451a,hsa-mir-105-1,hsa-mir-378a,hsa-mir-196a-2,hsa-mir-133a-2,hsa-mir-195,hsa-mir-410,hsa-mir-877,hsa-mir-139,hsa-mir-34b,hsa-mir-29c,hsa-mir-105-2,hsa-mir-136,hsa-mir-101-2,hsa-mir-379,hsa-mir-503,hsa-mir-508,hsa-mir-509-2,hsa-mir-135a-1,hsa-mir-449c,hsa-mir-183,hsa-mir-196a-1,hsa-mir-1269b,hsa-mir-433,hsa-mir-455,hsa-mir-490,hsa-mir-486-2,hsa-mir-133a-1,hsa-let-7c,hsa-mir-4458,hsa-mir-509-1,hsa-mir-31,hsa-mir-211,hsa-mir-1269a,hsa-mir-9-3,hsa-mir-377,hsa-mir-378f,hsa-mir-378c"
Disease,"Carcinoma, Breast",66,0.18965517,1.71558305,5.15E-09,2.87E-06,2.04E-06,"hsa-mir-449a,hsa-mir-376c,hsa-mir-375,hsa-mir-202,hsa-mir-451a,hsa-mir-196a-2,hsa-mir-3923,hsa-mir-135a-1,hsa-mir-183,hsa-mir-486-2,hsa-mir-495,hsa-mir-506,hsa-mir-224,hsa-mir-486-1,hsa-mir-509-3,hsa-mir-196b,hsa-mir-499a,hsa-mir-210,hsa-mir-99a,hsa-mir-135a-2,hsa-mir-1-2,hsa-mir-873,hsa-mir-1246,hsa-mir-1-1,hsa-mir-449b,hsa-mir-133a-2,hsa-mir-195,hsa-mir-410,hsa-mir-105-2,hsa-mir-892a,hsa-mir-101-2,hsa-mir-381,hsa-let-7c,hsa-mir-1258,hsa-mir-377,hsa-mir-378f,hsa-mir-378c,hsa-mir-9-1,hsa-mir-888,hsa-mir-100,hsa-mir-7-2,hsa-mir-411,hsa-mir-30a,hsa-mir-378a,hsa-mir-488,hsa-mir-139,hsa-mir-34b,hsa-mir-29c,hsa-mir-196a-1,hsa-mir-455,hsa-mir-561,hsa-mir-509-1,hsa-mir-31,hsa-mir-208a,hsa-mir-101-1,hsa-mir-510,hsa-mir-137,hsa-mir-9-2,hsa-mir-7-3,hsa-mir-105-1,hsa-mir-379,hsa-mir-503,hsa-mir-509-2,hsa-mir-133a-1,hsa-mir-519a-1,hsa-mir-9-3"
Disease,"Carcinoma, Lung",48,0.22535211,2.03849048,4.61E-08,2.57E-05,1.36E-05,"hsa-mir-9-1,hsa-mir-506,hsa-mir-224,hsa-mir-486-1,hsa-mir-509-3,hsa-mir-208a,hsa-mir-937,hsa-mir-101-1,hsa-mir-100,hsa-mir-499a,hsa-mir-137,hsa-mir-449a,hsa-mir-7-2,hsa-mir-9-2,hsa-mir-99a,hsa-mir-383,hsa-mir-135a-2,hsa-mir-1-2,hsa-mir-375,hsa-mir-7-3,hsa-mir-30a,hsa-mir-1-1,hsa-mir-451a,hsa-mir-378a,hsa-mir-196a-2,hsa-mir-133a-2,hsa-mir-410,hsa-mir-3662,hsa-mir-139,hsa-mir-34b,hsa-mir-29c,hsa-mir-101-2,hsa-mir-301b,hsa-mir-503,hsa-mir-135a-1,hsa-mir-183,hsa-mir-196a-1,hsa-mir-490,hsa-mir-486-2,hsa-mir-133a-1,hsa-let-7c,hsa-mir-1258,hsa-mir-299,hsa-mir-31,hsa-mir-9-3,hsa-mir-495,hsa-mir-378f,hsa-mir-378c"
Disease,"Carcinoma, Ovarian",45,0.23195876,2.09825293,5.78E-08,3.22E-05,1.37E-05,"hsa-mir-9-1,hsa-mir-506,hsa-mir-224,hsa-mir-509-3,hsa-mir-101-1,hsa-mir-510,hsa-mir-100,hsa-mir-196b,hsa-mir-499a,hsa-mir-137,hsa-mir-449a,hsa-mir-7-2,hsa-mir-9-2,hsa-mir-210,hsa-mir-99a,hsa-mir-383,hsa-mir-411,hsa-mir-135a-2,hsa-mir-1-2,hsa-mir-873,hsa-mir-7-3,hsa-mir-433,hsa-mir-30a,hsa-mir-1-1,hsa-mir-451a,hsa-mir-378a,hsa-mir-196a-2,hsa-mir-133a-2,hsa-mir-195,hsa-mir-34b,hsa-mir-136,hsa-mir-101-2,hsa-mir-509-2,hsa-mir-135a-1,hsa-mir-381,hsa-mir-183,hsa-mir-196a-1,hsa-mir-490,hsa-mir-133a-1,hsa-mir-509-1,hsa-mir-31,hsa-mir-211,hsa-mir-9-3,hsa-mir-378f,hsa-mir-378c"
Disease,"Carcinoma, Laryngeal",22,0.34920635,3.15885133,1.82E-07,0.000101,3.59E-05,"hsa-mir-486-2,hsa-mir-133a-1,hsa-mir-1265,hsa-mir-29c,hsa-mir-9-1,hsa-mir-101-2,hsa-mir-486-1,hsa-mir-31,hsa-mir-1-1,hsa-mir-101-1,hsa-mir-378a,hsa-mir-196a-2,hsa-mir-9-3,hsa-mir-133a-2,hsa-mir-196a-1,hsa-mir-9-2,hsa-mir-210,hsa-mir-195,hsa-mir-378f,hsa-mir-1-2,hsa-mir-375,hsa-mir-378c"
Disease,"Carcinoma, Prostate",52,0.20233463,1.83027891,5.06E-07,0.000282,7.50E-05,"hsa-mir-9-1,hsa-mir-224,hsa-mir-208a,hsa-mir-101-1,hsa-mir-208b,hsa-mir-888,hsa-mir-100,hsa-mir-499a,hsa-mir-449a,hsa-mir-7-2,hsa-mir-9-2,hsa-mir-210,hsa-mir-99a,hsa-mir-376c,hsa-mir-135a-2,hsa-mir-1-2,hsa-mir-375,hsa-mir-383,hsa-mir-7-3,hsa-mir-3176,hsa-mir-30a,hsa-mir-1-1,hsa-mir-449b,hsa-mir-378a,hsa-mir-196a-2,hsa-mir-133a-2,hsa-mir-195,hsa-mir-410,hsa-mir-488,hsa-mir-139,hsa-mir-34b,hsa-mir-29c,hsa-mir-513c,hsa-mir-101-2,hsa-mir-301b,hsa-mir-503,hsa-mir-1301,hsa-mir-135a-1,hsa-mir-449c,hsa-mir-381,hsa-mir-183,hsa-mir-3619,hsa-mir-455,hsa-mir-133a-1,hsa-let-7c,hsa-mir-299,hsa-mir-31,hsa-mir-9-3,hsa-mir-377,hsa-mir-495,hsa-mir-378f,hsa-mir-378c"
Disease,"Carcinoma, Colon",58,0.18412698,1.66557615,2.58E-06,0.00144,0.000339,"hsa-mir-9-1,hsa-mir-506,hsa-mir-224,hsa-mir-486-1,hsa-mir-509-3,hsa-mir-101-1,hsa-mir-888,hsa-mir-100,hsa-mir-885,hsa-mir-196b,hsa-mir-499a,hsa-mir-137,hsa-mir-7-2,hsa-mir-9-2,hsa-mir-210,hsa-mir-376c,hsa-mir-99a,hsa-mir-135a-2,hsa-mir-1-2,hsa-mir-375,hsa-mir-1246,hsa-mir-7-3,hsa-mir-202,hsa-mir-30a,hsa-mir-1-1,hsa-mir-451a,hsa-mir-378a,hsa-mir-196a-2,hsa-mir-133a-2,hsa-mir-195,hsa-mir-410,hsa-mir-877,hsa-mir-139,hsa-mir-34b,hsa-mir-29c,hsa-mir-892a,hsa-mir-101-2,hsa-mir-301b,hsa-mir-503,hsa-mir-509-2,hsa-mir-135a-1,hsa-mir-183,hsa-mir-196a-1,hsa-mir-455,hsa-mir-490,hsa-mir-486-2,hsa-mir-133a-1,hsa-let-7c,hsa-mir-337,hsa-mir-1914,hsa-mir-4458,hsa-mir-509-1,hsa-mir-31,hsa-mir-211,hsa-mir-1269a,hsa-mir-9-3,hsa-mir-378f,hsa-mir-378c"
Disease,"Carcinoma, Bladder",30,0.25,2.26145038,3.60E-06,0.00201,0.000427,"hsa-mir-9-1,hsa-mir-224,hsa-mir-101-1,hsa-mir-100,hsa-mir-137,hsa-mir-9-2,hsa-mir-210,hsa-mir-99a,hsa-mir-135a-2,hsa-mir-1-2,hsa-mir-375,hsa-mir-1-1,hsa-mir-451a,hsa-mir-196a-2,hsa-mir-133a-2,hsa-mir-195,hsa-mir-139,hsa-mir-34b,hsa-mir-29c,hsa-mir-101-2,hsa-mir-135a-1,hsa-mir-183,hsa-mir-196a-1,hsa-mir-490,hsa-mir-133a-1,hsa-let-7c,hsa-mir-31,hsa-mir-9-3,hsa-mir-495,hsa-mir-3171"
Disease,Essential Hypertension,10,0.52631579,4.76094817,7.60E-06,0.00423,0.000693,"hsa-mir-1-1,hsa-mir-133a-2,hsa-mir-9-2,hsa-mir-208b,hsa-mir-133a-1,hsa-mir-9-3,hsa-mir-1-2,hsa-mir-9-1,hsa-let-7c,hsa-mir-499a"
Disease,"Carcinoma, Lung. Non-Small-Cell",43,0.19634703,1.77611628,2.00E-05,0.0111,0.00158,"hsa-mir-9-1,hsa-mir-486-1,hsa-mir-509-3,hsa-mir-101-1,hsa-mir-196b,hsa-mir-499a,hsa-mir-137,hsa-mir-662,hsa-mir-449a,hsa-mir-7-2,hsa-mir-210,hsa-mir-99a,hsa-mir-135a-2,hsa-mir-1-2,hsa-mir-375,hsa-mir-1246,hsa-mir-7-3,hsa-mir-1-1,hsa-mir-30a,hsa-mir-378a,hsa-mir-196a-2,hsa-mir-133a-2,hsa-mir-195,hsa-mir-139,hsa-mir-29c,hsa-mir-136,hsa-mir-101-2,hsa-mir-301b,hsa-mir-379,hsa-mir-503,hsa-mir-509-2,hsa-mir-135a-1,hsa-mir-196a-1,hsa-mir-3619,hsa-mir-486-2,hsa-mir-133a-1,hsa-let-7c,hsa-mir-509-1,hsa-mir-31,hsa-mir-377,hsa-mir-495,hsa-mir-378f,hsa-mir-378c"
Disease,Rhabdomyosarcoma,9,0.5,4.52290076,3.87E-05,0.0215,0.00286,"hsa-mir-1-1,hsa-mir-133a-2,hsa-mir-9-2,hsa-mir-411,hsa-mir-133a-1,hsa-mir-1-2,hsa-mir-9-1,hsa-mir-9-3,hsa-mir-378a"
Disease,Osteosarcoma,35,0.20467836,1.85147984,6.39E-05,0.0356,0.00421,"hsa-mir-9-1,hsa-mir-224,hsa-mir-486-1,hsa-mir-101-1,hsa-mir-208b,hsa-mir-100,hsa-mir-196b,hsa-mir-137,hsa-mir-449a,hsa-mir-7-2,hsa-mir-9-2,hsa-mir-210,hsa-mir-1-2,hsa-mir-375,hsa-mir-7-3,hsa-mir-202,hsa-mir-1-1,hsa-mir-451a,hsa-mir-196a-2,hsa-mir-133a-2,hsa-mir-195,hsa-mir-410,hsa-mir-488,hsa-mir-29c,hsa-mir-101-2,hsa-mir-379,hsa-mir-503,hsa-mir-381,hsa-mir-183,hsa-mir-196a-1,hsa-mir-490,hsa-mir-486-2,hsa-mir-133a-1,hsa-mir-9-3,hsa-mir-377"
Disease,Bladder Neoplasms,13,0.35135135,3.17825459,7.14E-05,0.0398,0.00445,"hsa-mir-34b,hsa-mir-133a-1,hsa-mir-9-1,hsa-mir-101-2,hsa-mir-503,hsa-mir-1-1,hsa-mir-101-1,hsa-mir-9-3,hsa-mir-133a-2,hsa-mir-9-2,hsa-mir-210,hsa-mir-99a,hsa-mir-1-2"
Disease,Renal Fibrosis,7,0.58333333,5.27671756,8.53E-05,0.0475,0.00506,"hsa-mir-196a-1,hsa-mir-378f,hsa-mir-29c,hsa-mir-378a,hsa-mir-378c,hsa-mir-196a-2,hsa-mir-196b"
Disease,"Adenocarcinoma, Pancreatic Ductal",19,0.26760563,2.42070745,0.00011,0.0614,0.00593,"hsa-mir-337,hsa-mir-506,hsa-mir-224,hsa-mir-615,hsa-mir-31,hsa-mir-211,hsa-mir-135a-1,hsa-mir-100,hsa-mir-196a-2,hsa-mir-196b,hsa-mir-183,hsa-mir-378a,hsa-mir-196a-1,hsa-mir-210,hsa-mir-99a,hsa-mir-378f,hsa-mir-135a-2,hsa-mir-375,hsa-mir-378c"
Disease,Cerebral Aneurysm,9,0.45,4.07061069,0.00011,0.0612,0.0062,"hsa-mir-1-1,hsa-mir-133a-2,hsa-mir-9-2,hsa-mir-455,hsa-mir-133a-1,hsa-mir-9-3,hsa-mir-1-2,hsa-mir-29c,hsa-mir-9-1"
Disease,"Squamous Cell Carcinoma, Esophageal",30,0.21126761,1.91108483,0.000134,0.0748,0.00692,"hsa-mir-9-1,hsa-mir-224,hsa-mir-208a,hsa-mir-101-1,hsa-mir-100,hsa-mir-7-2,hsa-mir-9-2,hsa-mir-383,hsa-mir-1-2,hsa-mir-375,hsa-mir-655,hsa-mir-7-3,hsa-mir-202,hsa-mir-1-1,hsa-mir-449b,hsa-mir-196a-2,hsa-mir-133a-2,hsa-mir-195,hsa-mir-139,hsa-mir-34b,hsa-mir-29c,hsa-mir-101-2,hsa-mir-508,hsa-mir-183,hsa-mir-196a-1,hsa-mir-133a-1,hsa-let-7c,hsa-mir-337,hsa-mir-31,hsa-mir-9-3"
Disease,"Cardiomyopathy, Hypertrophic",16,0.29090909,2.6315059,0.000139,0.0772,0.00684,"hsa-mir-34b,hsa-mir-133a-1,hsa-mir-29c,hsa-mir-9-1,hsa-mir-208a,hsa-mir-30a,hsa-mir-1-1,hsa-mir-208b,hsa-mir-451a,hsa-mir-9-3,hsa-mir-133a-2,hsa-mir-9-2,hsa-mir-195,hsa-mir-99a,hsa-mir-383,hsa-mir-1-2"
Disease,Long QT Syndrome,4,1,9.04580153,0.000143,0.0798,0.00679,"hsa-mir-1-2,hsa-mir-1-1,hsa-mir-133a-2,hsa-mir-133a-1"
Disease,Aortic Stenosis,10,0.4,3.61832061,0.000149,0.0831,0.0068,"hsa-mir-133a-1,hsa-mir-31,hsa-mir-30a,hsa-mir-1-1,hsa-mir-211,hsa-mir-451a,hsa-mir-133a-2,hsa-mir-210,hsa-mir-195,hsa-mir-1-2"
Disease,Diabetes Mellitus,19,0.25675676,2.32257066,0.000203,0.1129,0.0089,"hsa-mir-486-2,hsa-mir-133a-1,hsa-mir-29c,hsa-mir-9-1,hsa-mir-7-3,hsa-mir-503,hsa-mir-486-1,hsa-mir-30a,hsa-mir-1-1,hsa-mir-196a-2,hsa-mir-196b,hsa-mir-9-3,hsa-mir-133a-2,hsa-mir-495,hsa-mir-196a-1,hsa-mir-7-2,hsa-mir-9-2,hsa-mir-1-2,hsa-mir-375"
Disease,Parkinson's Disease,13,0.31707317,2.86818097,0.000238,0.1327,0.0101,"hsa-mir-34b,hsa-mir-29c,hsa-mir-9-1,hsa-mir-7-3,hsa-mir-433,hsa-mir-30a,hsa-mir-1-1,hsa-mir-9-3,hsa-mir-495,hsa-mir-7-2,hsa-mir-9-2,hsa-mir-195,hsa-mir-1-2"
Disease,Gastrointestinal Neoplasms,20,0.24390244,2.20629306,0.000291,0.1624,0.0115,"hsa-mir-139,hsa-mir-34b,hsa-mir-9-1,hsa-mir-7-3,hsa-mir-433,hsa-mir-31,hsa-mir-451a,hsa-mir-9-3,hsa-mir-100,hsa-mir-378a,hsa-mir-196a-2,hsa-mir-137,hsa-mir-7-2,hsa-mir-196a-1,hsa-mir-9-2,hsa-mir-210,hsa-mir-195,hsa-mir-378f,hsa-mir-375,hsa-mir-378c"
Disease,Heart Diseases [unspecific],12,0.31578947,2.8565689,0.000439,0.2445,0.0168,"hsa-mir-873,hsa-mir-133a-1,hsa-mir-208a,hsa-mir-1-1,hsa-mir-208b,hsa-mir-513a-2,hsa-mir-100,hsa-mir-513a-1,hsa-mir-499a,hsa-mir-133a-2,hsa-mir-636,hsa-mir-1-2"
Disease,Melanoma,27,0.20454545,1.85027759,0.000556,0.3095,0.0206,"hsa-mir-9-1,hsa-mir-506,hsa-mir-224,hsa-mir-101-1,hsa-mir-767,hsa-mir-137,hsa-mir-9-2,hsa-mir-210,hsa-mir-375,hsa-mir-1246,hsa-mir-30a,hsa-mir-451a,hsa-mir-378a,hsa-mir-196a-2,hsa-mir-488,hsa-mir-34b,hsa-mir-101-2,hsa-mir-508,hsa-mir-183,hsa-mir-196a-1,hsa-mir-455,hsa-let-7c,hsa-mir-211,hsa-mir-9-3,hsa-mir-377,hsa-mir-378f,hsa-mir-378c"
Disease,Hypertension,12,0.30769231,2.78332355,0.000575,0.3201,0.0206,"hsa-mir-139,hsa-mir-133a-1,hsa-mir-105-2,hsa-mir-31,hsa-mir-30a,hsa-mir-1-1,hsa-mir-208b,hsa-mir-105-1,hsa-mir-196a-2,hsa-mir-499a,hsa-mir-133a-2,hsa-mir-1-2"
Disease,Cardiomyopathy,9,0.375,3.39217557,0.000579,0.3226,0.0202,"hsa-mir-133a-1,hsa-mir-29c,hsa-mir-9-1,hsa-mir-30a,hsa-mir-451a,hsa-mir-9-3,hsa-mir-133a-2,hsa-mir-9-2,hsa-mir-636"
Disease,Arrhythmia,5,0.625,5.65362595,0.000653,0.3637,0.0215,"hsa-mir-1-1,hsa-mir-133a-2,hsa-mir-3144,hsa-mir-133a-1,hsa-mir-1-2"
Disease,"Carcinoma, Periampullary",4,0.8,7.23664122,0.000655,0.3648,0.0199,"hsa-mir-196a-2,hsa-mir-31,hsa-mir-196a-1,hsa-mir-375"
Disease,Distal Myopathy,4,0.8,7.23664122,0.000655,0.3648,0.0199,"hsa-mir-1-2,hsa-mir-1-1,hsa-mir-133a-2,hsa-mir-133a-1"
Disease,Musculoskeletal Abnormalities [unspecific],4,0.8,7.23664122,0.000655,0.3648,0.0199,"hsa-mir-1-2,hsa-mir-1-1,hsa-mir-133a-2,hsa-mir-133a-1"
Disease,Ventricular Tachycardia,4,0.8,7.23664122,0.000655,0.3648,0.0199,"hsa-mir-1-2,hsa-mir-1-1,hsa-mir-133a-2,hsa-mir-133a-1"
Disease,Heart Failure,25,0.20833333,1.88454198,0.000691,0.3851,0.0174,"hsa-mir-208a,hsa-mir-208b,hsa-mir-499a,hsa-mir-210,hsa-mir-135a-2,hsa-mir-1-2,hsa-mir-375,hsa-mir-30a,hsa-mir-1-1,hsa-mir-451a,hsa-mir-105-1,hsa-mir-378a,hsa-mir-133a-2,hsa-mir-195,hsa-mir-139,hsa-mir-34b,hsa-mir-105-2,hsa-mir-135a-1,hsa-mir-133a-1,hsa-let-7c,hsa-mir-299,hsa-mir-211,hsa-mir-377,hsa-mir-378f,hsa-mir-378c"
Disease,"Adenocarcinoma, Lung",22,0.21782178,1.97037261,0.000801,0.4459,0.0194,"hsa-mir-9-1,hsa-mir-224,hsa-mir-101-1,hsa-mir-196b,hsa-mir-7-2,hsa-mir-9-2,hsa-mir-210,hsa-mir-99a,hsa-mir-375,hsa-mir-655,hsa-mir-7-3,hsa-mir-202,hsa-mir-449b,hsa-mir-451a,hsa-mir-133a-2,hsa-mir-195,hsa-mir-34b,hsa-mir-183,hsa-mir-133a-1,hsa-mir-519a-1,hsa-mir-31,hsa-mir-9-3"
Disease,Hepatitis [unspecific],6,0.5,4.52290076,0.00086,0.4793,0.0204,"hsa-mir-9-2,hsa-mir-34b,hsa-mir-499a,hsa-mir-208b,hsa-mir-9-1,hsa-mir-9-3"
Disease,Glioma,37,0.17788462,1.60910893,0.000867,0.4827,0.0201,"hsa-mir-9-1,hsa-mir-506,hsa-mir-101-1,hsa-mir-767,hsa-mir-196b,hsa-mir-137,hsa-mir-449a,hsa-mir-7-2,hsa-mir-9-2,hsa-mir-210,hsa-mir-383,hsa-mir-135a-2,hsa-mir-873,hsa-mir-7-3,hsa-mir-30a,hsa-mir-451a,hsa-mir-105-1,hsa-mir-378a,hsa-mir-196a-2,hsa-mir-133a-2,hsa-mir-195,hsa-mir-410,hsa-mir-139,hsa-mir-29c,hsa-mir-105-2,hsa-mir-136,hsa-mir-101-2,hsa-mir-508,hsa-mir-135a-1,hsa-mir-381,hsa-mir-183,hsa-mir-196a-1,hsa-mir-455,hsa-mir-133a-1,hsa-mir-31,hsa-mir-9-3,hsa-mir-495"
Disease,"Carcinoma, Pancreatic",31,0.18674699,1.68927619,0.0011,0.6133,0.0251,"hsa-mir-506,hsa-mir-208a,hsa-mir-101-1,hsa-mir-208b,hsa-mir-100,hsa-mir-885,hsa-mir-196b,hsa-mir-7-2,hsa-mir-210,hsa-mir-99a,hsa-mir-636,hsa-mir-375,hsa-mir-1246,hsa-mir-7-3,hsa-mir-202,hsa-mir-30a,hsa-mir-196a-2,hsa-mir-133a-2,hsa-mir-195,hsa-mir-410,hsa-mir-139,hsa-mir-34b,hsa-mir-29c,hsa-mir-101-2,hsa-mir-301b,hsa-mir-183,hsa-mir-196a-1,hsa-mir-133a-1,hsa-let-7c,hsa-mir-211,hsa-mir-377"
Disease,"Carcinoma, Cervical",27,0.19565217,1.76983073,0.00118,0.6546,0.0263,"hsa-mir-9-1,hsa-mir-506,hsa-mir-224,hsa-mir-101-1,hsa-mir-100,hsa-mir-196b,hsa-mir-9-2,hsa-mir-99a,hsa-mir-376c,hsa-mir-135a-2,hsa-mir-375,hsa-mir-1246,hsa-mir-196a-2,hsa-mir-133a-2,hsa-mir-195,hsa-mir-139,hsa-mir-29c,hsa-mir-101-2,hsa-mir-503,hsa-mir-135a-1,hsa-mir-183,hsa-mir-196a-1,hsa-mir-133a-1,hsa-mir-337,hsa-mir-31,hsa-mir-211,hsa-mir-9-3"
Disease,MELAS Syndrome,3,1,9.04580153,0.00132,0.7372,0.029,"hsa-mir-9-1,hsa-mir-9-3,hsa-mir-9-2"
Disease,"Leukemia, Myeloid, Acute",24,0.20168067,1.82436333,0.00148,0.8237,0.0283,"hsa-mir-9-1,hsa-mir-224,hsa-mir-196b,hsa-mir-7-2,hsa-mir-9-2,hsa-mir-210,hsa-mir-135a-2,hsa-mir-655,hsa-mir-1246,hsa-mir-7-3,hsa-mir-30a,hsa-mir-378a,hsa-mir-34b,hsa-mir-4739,hsa-mir-29c,hsa-mir-301b,hsa-mir-135a-1,hsa-let-7c,hsa-mir-519a-1,hsa-mir-299,hsa-mir-9-3,hsa-mir-377,hsa-mir-378f,hsa-mir-378c"
Disease,Neuroendocrine Tumors,4,0.66666667,6.03053435,0.0018,1,0.0338,"hsa-mir-133a-2,hsa-mir-196a-1,hsa-mir-133a-1,hsa-mir-196a-2"
Disease,Spinal Muscular Atrophy,4,0.66666667,6.03053435,0.0018,1,0.0338,"hsa-mir-9-2,hsa-mir-208b,hsa-mir-9-1,hsa-mir-9-3"
Disease,"Muscular Dystrophy, Duchenne",4,0.66666667,6.03053435,0.0018,1,0.0338,"hsa-mir-1-1,hsa-mir-133a-2,hsa-mir-133a-1,hsa-mir-1-2"
Disease,Atherosclerosis,20,0.21052632,1.90437927,0.00223,1,0.0401,"hsa-mir-9-1,hsa-mir-100,hsa-mir-499a,hsa-mir-9-2,hsa-mir-210,hsa-mir-99a,hsa-mir-433,hsa-mir-30a,hsa-mir-378a,hsa-mir-133a-2,hsa-mir-410,hsa-mir-29c,hsa-mir-136,hsa-mir-503,hsa-mir-490,hsa-mir-133a-1,hsa-mir-9-3,hsa-mir-495,hsa-mir-378f,hsa-mir-378c"
Disease,Sepsis,10,0.29411765,2.66052986,0.00248,1,0.0433,"hsa-mir-486-2,hsa-mir-133a-1,hsa-mir-486-1,hsa-mir-31,hsa-mir-30a,hsa-mir-135a-1,hsa-mir-133a-2,hsa-mir-210,hsa-mir-135a-2,hsa-mir-375"
Disease,"Squamous Cell Carcinoma, Oral",18,0.21686747,1.96174009,0.00266,1,0.0457,"hsa-mir-139,hsa-mir-133a-1,hsa-mir-9-1,hsa-mir-1246,hsa-mir-224,hsa-mir-433,hsa-mir-31,hsa-mir-211,hsa-mir-196a-2,hsa-mir-377,hsa-mir-133a-2,hsa-mir-9-3,hsa-mir-196a-1,hsa-mir-9-2,hsa-mir-210,hsa-mir-455,hsa-mir-99a,hsa-mir-375"
Disease,Lung Neoplasms,22,0.2,1.80916031,0.00268,1,0.0454,"hsa-mir-9-1,hsa-mir-224,hsa-mir-486-1,hsa-mir-499a,hsa-mir-9-2,hsa-mir-210,hsa-mir-1-2,hsa-mir-375,hsa-mir-30a,hsa-mir-1-1,hsa-mir-196a-2,hsa-mir-34b,hsa-mir-29c,hsa-mir-136,hsa-mir-381,hsa-mir-183,hsa-mir-196a-1,hsa-mir-486-2,hsa-let-7c,hsa-mir-1258,hsa-mir-31,hsa-mir-495"
Disease,Muscular Dystrophy,9,0.31034483,2.80731772,0.00273,1,0.0455,"hsa-mir-133a-1,hsa-mir-29c,hsa-let-7c,hsa-mir-30a,hsa-mir-1-1,hsa-mir-381,hsa-mir-133a-2,hsa-mir-195,hsa-mir-1-2"
Disease,Glioblastoma,30,0.17751479,1.60576358,0.0032,1,0.0526,"hsa-mir-9-1,hsa-mir-506,hsa-mir-224,hsa-mir-486-1,hsa-mir-101-1,hsa-mir-100,hsa-mir-137,hsa-mir-449a,hsa-mir-7-2,hsa-mir-9-2,hsa-mir-210,hsa-mir-1-2,hsa-mir-873,hsa-mir-7-3,hsa-mir-30a,hsa-mir-1-1,hsa-mir-451a,hsa-mir-195,hsa-mir-139,hsa-mir-29c,hsa-mir-513c,hsa-mir-101-2,hsa-mir-503,hsa-mir-455,hsa-mir-486-2,hsa-let-7c,hsa-mir-299,hsa-mir-31,hsa-mir-9-3,hsa-mir-377"
Disease,"Diabetes Mellitus, Type 2",27,0.18367347,1.66147375,0.00321,1,0.052,"hsa-mir-9-1,hsa-mir-486-1,hsa-mir-101-1,hsa-mir-7-2,hsa-mir-9-2,hsa-mir-376c,hsa-mir-383,hsa-mir-1-2,hsa-mir-375,hsa-mir-7-3,hsa-mir-30a,hsa-mir-1-1,hsa-mir-451a,hsa-mir-196a-2,hsa-mir-133a-2,hsa-mir-195,hsa-mir-410,hsa-mir-4739,hsa-mir-29c,hsa-mir-101-2,hsa-mir-503,hsa-mir-196a-1,hsa-mir-455,hsa-mir-486-2,hsa-mir-133a-1,hsa-let-7c,hsa-mir-9-3"
Disease,Endometriosis,11,0.26829268,2.42692236,0.0034,1,0.0544,"hsa-mir-29c,hsa-mir-202,hsa-mir-1-1,hsa-mir-449b,hsa-mir-451a,hsa-mir-100,hsa-mir-196b,hsa-mir-183,hsa-mir-99a,hsa-mir-195,hsa-mir-1-2"
Disease,"Carcinoma, Renal Cell",23,0.19327731,1.74834819,0.00342,1,0.0541,"hsa-mir-224,hsa-mir-509-3,hsa-mir-510,hsa-mir-7-2,hsa-mir-210,hsa-mir-135a-2,hsa-mir-7-3,hsa-mir-30a,hsa-mir-451a,hsa-mir-378a,hsa-mir-196a-2,hsa-mir-195,hsa-mir-34b,hsa-mir-509-2,hsa-mir-135a-1,hsa-mir-381,hsa-mir-183,hsa-mir-196a-1,hsa-let-7c,hsa-mir-509-1,hsa-mir-495,hsa-mir-378f,hsa-mir-378c"
Disease,Schizophrenia,13,0.24528302,2.21878151,0.00349,1,0.0544,"hsa-mir-34b,hsa-mir-29c,hsa-mir-9-1,hsa-mir-7-3,hsa-mir-30a,hsa-mir-9-3,hsa-mir-137,hsa-mir-183,hsa-mir-449a,hsa-mir-7-2,hsa-mir-9-2,hsa-mir-195,hsa-mir-4449"
Disease,"Carcinoma, Urothelial",6,0.4,3.61832061,0.00351,1,0.0541,"hsa-mir-183,hsa-mir-30a,hsa-mir-101-2,hsa-mir-99a,hsa-mir-101-1,hsa-mir-100"
Disease,Atrial Fibrillation,14,0.23333333,2.11068702,0.00402,1,0.061,"hsa-mir-486-2,hsa-mir-29c,hsa-mir-892a,hsa-mir-486-1,hsa-mir-208a,hsa-mir-30a,hsa-mir-1-1,hsa-mir-208b,hsa-mir-451a,hsa-mir-196a-2,hsa-mir-183,hsa-mir-377,hsa-mir-1-2,hsa-mir-3171"
Disease,Gastric Neoplasms,5,0.45454545,4.11172797,0.00408,1,0.0613,"hsa-mir-137,hsa-mir-9-2,hsa-mir-34b,hsa-mir-9-1,hsa-mir-100"
Disease,Pheochromocytoma,3,0.75,6.78435115,0.00486,1,0.0712,"hsa-mir-101-2,hsa-mir-210,hsa-mir-101-1"
Disease,"Cardiomyopathy, Dilated",3,0.75,6.78435115,0.00486,1,0.0712,"hsa-mir-499a,hsa-mir-196a-2,hsa-mir-196a-1"
Disease,"Carcinoma, Ovarian, Clear Cell",3,0.75,6.78435115,0.00486,1,0.0712,"hsa-mir-9-1,hsa-mir-9-3,hsa-mir-9-2"
Disease,Knee Osteoarthritis,3,0.75,6.78435115,0.00486,1,0.0712,"hsa-mir-9-1,hsa-mir-9-3,hsa-mir-9-2"
Disease,Non-Alcoholic Steatohepatitis,3,0.75,6.78435115,0.00486,1,0.0712,"hsa-mir-9-3,hsa-mir-9-1,hsa-mir-9-2"
Disease,Medulloepithelioma,4,0.5,4.52290076,0.00701,1,0.0955,"hsa-mir-211,hsa-mir-509-2,hsa-mir-509-3,hsa-mir-509-1"
Disease,Congenital Heart Diseases,7,0.31818182,2.87820958,0.00706,1,0.0951,"hsa-mir-133a-1,hsa-mir-1-1,hsa-mir-196a-2,hsa-mir-499a,hsa-mir-133a-2,hsa-mir-195,hsa-mir-1-2"
Disease,"Carcinoma, Renal Cell, Clear-Cell",13,0.22413793,2.02750724,0.008,1,0.1053,"hsa-mir-9-1,hsa-mir-506,hsa-mir-136,hsa-mir-101-2,hsa-mir-299,hsa-mir-30a,hsa-mir-1-1,hsa-mir-101-1,hsa-mir-9-3,hsa-mir-377,hsa-mir-210,hsa-mir-195,hsa-mir-9-2"
Disease,Ovarian Neoplasms,20,0.18867925,1.70675501,0.00856,1,0.1115,"hsa-mir-9-1,hsa-mir-224,hsa-mir-486-1,hsa-mir-100,hsa-mir-499a,hsa-mir-9-2,hsa-mir-99a,hsa-mir-376c,hsa-mir-383,hsa-mir-1-2,hsa-mir-1-1,hsa-mir-133a-2,hsa-mir-488,hsa-mir-34b,hsa-mir-183,hsa-mir-486-2,hsa-mir-133a-1,hsa-let-7c,hsa-mir-31,hsa-mir-9-3"
Disease,Ectopic Pregnancy,5,0.38461538,3.47915443,0.00947,1,0.122,"hsa-mir-30a,hsa-mir-873,hsa-mir-451a,hsa-mir-337,hsa-mir-196b"
Disease,"Carcinoma, Head And Neck",5,0.38461538,3.47915443,0.00947,1,0.122,"hsa-mir-196a-1,hsa-mir-29c,hsa-mir-375,hsa-mir-196a-2,hsa-mir-499a"
Disease,Male Infertility,5,0.38461538,3.47915443,0.00947,1,0.122,"hsa-mir-885,hsa-mir-449a,hsa-mir-210,hsa-mir-34b,hsa-mir-29c"
Disease,Alzheimer's Disease,19,0.19,1.71870229,0.00963,1,0.1201,"hsa-mir-9-1,hsa-mir-937,hsa-mir-101-1,hsa-mir-100,hsa-mir-885,hsa-mir-137,hsa-mir-7-2,hsa-mir-9-2,hsa-mir-135a-2,hsa-mir-375,hsa-mir-7-3,hsa-mir-195,hsa-mir-139,hsa-mir-29c,hsa-mir-136,hsa-mir-101-2,hsa-mir-135a-1,hsa-mir-31,hsa-mir-9-3"
Disease,Epstein-Barr Virus Infection,6,0.33333333,3.01526718,0.00984,1,0.1214,"hsa-mir-183,hsa-mir-7-2,hsa-mir-7-3,hsa-mir-9-2,hsa-mir-9-3,hsa-mir-9-1"
Disease,Cardiomegaly,3,0.6,5.42748092,0.0112,1,0.1366,"hsa-mir-1-2,hsa-mir-208a,hsa-mir-1-1"
Disease,Leukemia,14,0.20895522,1.89016748,0.0114,1,0.1347,"hsa-mir-139,hsa-mir-34b,hsa-mir-486-2,hsa-mir-9-1,hsa-mir-486-1,hsa-mir-548f-1,hsa-mir-378a,hsa-mir-196b,hsa-mir-183,hsa-mir-9-3,hsa-mir-9-2,hsa-mir-195,hsa-mir-378f,hsa-mir-378c"
Disease,"Carcinoma, Ovarian, Serous",7,0.29166667,2.63835878,0.0119,1,0.1391,"hsa-mir-1246,hsa-mir-508,hsa-mir-509-3,hsa-mir-509-1,hsa-mir-509-2,hsa-mir-30a,hsa-mir-510"
Disease,Craniofacial Abnormalities,2,1,9.04580153,0.0121,1,0.141,"hsa-mir-876,hsa-mir-873"
Disease,"Carcinoma, Rectal",11,0.22916667,2.07299618,0.0123,1,0.121,"hsa-mir-139,hsa-mir-34b,hsa-mir-486-2,hsa-mir-486-1,hsa-mir-31,hsa-mir-135a-1,hsa-mir-196a-2,hsa-mir-183,hsa-mir-196a-1,hsa-mir-195,hsa-mir-135a-2"
Disease,Medulloblastoma,8,0.26666667,2.41221374,0.0128,1,0.1254,"hsa-mir-9-1,hsa-mir-31,hsa-mir-30a,hsa-mir-135a-1,hsa-mir-9-3,hsa-mir-495,hsa-mir-9-2,hsa-mir-135a-2"
Disease,Myotonic Muscular Dystrophy,5,0.35714286,3.2306434,0.0134,1,0.1295,"hsa-mir-1-1,hsa-mir-133a-2,hsa-mir-133a-1,hsa-mir-1-2,hsa-mir-29c"
Disease,"Carcinoma, Thyroid, Papillary",12,0.21428571,1.93838604,0.0155,1,0.1477,"hsa-mir-34b,hsa-mir-9-1,hsa-mir-7-3,hsa-mir-31,hsa-mir-30a,hsa-mir-451a,hsa-mir-9-3,hsa-mir-183,hsa-mir-7-2,hsa-mir-9-2,hsa-mir-99a,hsa-mir-375"
Disease,Graves' Disease,4,0.4,3.61832061,0.0176,1,0.1645,"hsa-mir-183,hsa-mir-101-2,hsa-mir-224,hsa-mir-101-1"
Disease,Viral Myocarditis,4,0.4,3.61832061,0.0176,1,0.1645,"hsa-mir-1-1,hsa-mir-208b,hsa-mir-1-2,hsa-mir-499a"
Disease,Prolactinoma,5,0.33333333,3.01526718,0.0184,1,0.1691,"hsa-mir-30a,hsa-mir-136,hsa-mir-486-2,hsa-mir-451a,hsa-mir-486-1"
Disease,Dengue Virus Infection,5,0.33333333,3.01526718,0.0184,1,0.1691,"hsa-mir-133a-2,hsa-mir-378f,hsa-mir-133a-1,hsa-mir-378a,hsa-mir-378c"
Disease,"Carcinoma, Nasopharyngeal",20,0.1754386,1.58698272,0.0192,1,0.1721,"hsa-mir-9-1,hsa-mir-506,hsa-mir-101-1,hsa-mir-449a,hsa-mir-9-2,hsa-mir-1-2,hsa-mir-30a,hsa-mir-1-1,hsa-mir-451a,hsa-mir-378a,hsa-mir-195,hsa-mir-34b,hsa-mir-29c,hsa-mir-101-2,hsa-mir-183,hsa-let-7c,hsa-mir-31,hsa-mir-9-3,hsa-mir-378f,hsa-mir-378c"
Disease,Kallmann Syndrome,3,0.5,4.52290076,0.0206,1,0.1832,"hsa-mir-9-2,hsa-mir-9-1,hsa-mir-9-3"
Disease,"Carcinoma, Esophageal",13,0.1969697,1.78174879,0.0236,1,0.1985,"hsa-mir-34b,hsa-mir-133a-1,hsa-mir-506,hsa-mir-101-2,hsa-mir-503,hsa-mir-31,hsa-mir-101-1,hsa-mir-451a,hsa-mir-196a-2,hsa-mir-183,hsa-mir-133a-2,hsa-mir-196a-1,hsa-mir-375"
Disease,Acute Myocardial Infarction,10,0.2173913,1.96647859,0.024,1,0.2006,"hsa-mir-486-2,hsa-mir-133a-1,hsa-mir-486-1,hsa-mir-208a,hsa-mir-1-1,hsa-mir-208b,hsa-mir-499a,hsa-mir-133a-2,hsa-mir-99a,hsa-mir-1-2"
Disease,Aortic Aneurysm,4,0.36363636,3.28938237,0.0254,1,0.2102,"hsa-mir-1-1,hsa-mir-195,hsa-mir-1-2,hsa-mir-378a"
Disease,Machado-Joseph Disease,4,0.36363636,3.28938237,0.0254,1,0.2102,"hsa-mir-34b,hsa-mir-9-2,hsa-mir-9-1,hsa-mir-9-3"
Disease,Intrahepatic Cholangiocarcinoma,6,0.27272727,2.46703678,0.0273,1,0.2212,"hsa-mir-101-2,hsa-mir-1-1,hsa-mir-101-1,hsa-mir-195,hsa-mir-376c,hsa-mir-1-2"
Disease,Chronic Obstructive Pulmonary Disease,7,0.25,2.26145038,0.0278,1,0.2226,"hsa-mir-34b,hsa-mir-9-1,hsa-mir-1-1,hsa-mir-196a-2,hsa-mir-9-3,hsa-mir-9-2,hsa-mir-1-2"
Disease,Focal Segmental Glomerulosclerosis,5,0.29411765,2.66052986,0.0316,1,0.2516,"hsa-mir-30a,hsa-mir-196a-1,hsa-mir-34b,hsa-mir-490,hsa-mir-196a-2"
Disease,"Squamous Cell Carcinoma, Head and Neck",10,0.20833333,1.88454198,0.0318,1,0.2511,"hsa-mir-29c,hsa-mir-548b,hsa-mir-30a,hsa-mir-1-1,hsa-mir-196a-2,hsa-mir-196a-1,hsa-mir-210,hsa-mir-376c,hsa-mir-1-2,hsa-mir-375"
Disease,Behcet's Disease,3,0.42857143,3.87677208,0.0331,1,0.2598,"hsa-mir-139,hsa-mir-196a-2,hsa-mir-499a"
Disease,Heart Transplant Rejection,2,0.66666667,6.03053435,0.0338,1,0.2598,"hsa-mir-101-2,hsa-mir-101-1"
Disease,Thyroid Adenomas,2,0.66666667,6.03053435,0.0338,1,0.2598,"hsa-mir-101-2,hsa-mir-101-1"
Disease,Chronic Post-Traumatic Headache,2,0.66666667,6.03053435,0.0338,1,0.2598,"hsa-mir-135a-2,hsa-mir-135a-1"
Disease,"Scleroderma, Localized",2,0.66666667,6.03053435,0.0338,1,0.2598,"hsa-mir-196a-2,hsa-mir-196a-1"
Disease,Malignant Peripheral Nerve Sheath Tumor,2,0.66666667,6.03053435,0.0338,1,0.2598,"hsa-mir-210,hsa-mir-30a"
Disease,Chronic Atrial Fibrillation,2,0.66666667,6.03053435,0.0338,1,0.2598,"hsa-mir-1-2,hsa-mir-1-1"
Disease,Adrenal Cortex Neoplasms,4,0.33333333,3.01526718,0.0349,1,0.2444,"hsa-mir-210,hsa-mir-503,hsa-mir-99a,hsa-mir-100"
Disease,"Leukemia, Lymphoblastic, Acute, Childhood",4,0.33333333,3.01526718,0.0349,1,0.2444,"hsa-mir-210,hsa-mir-34b,hsa-mir-99a,hsa-mir-100"
Disease,Endometrial Neoplasms,4,0.33333333,3.01526718,0.0349,1,0.2444,"hsa-mir-183,hsa-mir-9-2,hsa-mir-9-3,hsa-mir-9-1"
Disease,Coronary Heart Diseases,11,0.19642857,1.77685387,0.0371,1,0.2525,"hsa-mir-486-2,hsa-mir-133a-1,hsa-mir-224,hsa-mir-486-1,hsa-mir-208a,hsa-mir-31,hsa-mir-1-1,hsa-mir-451a,hsa-mir-196a-2,hsa-mir-133a-2,hsa-mir-1-2"
Disease,Chronic Hepatitis C,8,0.22222222,2.01017812,0.0374,1,0.253,"hsa-mir-224,hsa-mir-30a,hsa-mir-1-1,hsa-mir-196a-2,hsa-mir-196b,hsa-mir-196a-1,hsa-mir-99a,hsa-mir-1-2"
Disease,Head And Neck Neoplasms,8,0.22222222,2.01017812,0.0374,1,0.253,"hsa-mir-133a-1,hsa-mir-29c,hsa-let-7c,hsa-mir-1-1,hsa-mir-499a,hsa-mir-133a-2,hsa-mir-455,hsa-mir-1-2"
Disease,"Carcinoma, Adrenocortical",7,0.23333333,2.11068702,0.0396,1,0.2637,"hsa-mir-139,hsa-mir-7-3,hsa-mir-100,hsa-mir-7-2,hsa-mir-210,hsa-mir-195,hsa-mir-375"
Disease,Arteriosclerosis Obliterans,5,0.27777778,2.51272265,0.04,1,0.2635,"hsa-mir-1-1,hsa-mir-1298,hsa-mir-133a-2,hsa-mir-133a-1,hsa-mir-1-2"
Disease,Cardiovascular Diseases [unspecific],12,0.1875,1.69608779,0.0416,1,0.2725,"hsa-mir-34b,hsa-mir-133a-1,hsa-mir-29c,hsa-mir-1-1,hsa-mir-451a,hsa-mir-100,hsa-mir-378a,hsa-mir-499a,hsa-mir-133a-2,hsa-mir-210,hsa-mir-99a,hsa-mir-1-2"
Disease,Tuberculosis,4,0.30769231,2.78332355,0.0461,1,0.3004,"hsa-mir-183,hsa-mir-29c,hsa-mir-337,hsa-mir-381"
Disease,Breast Neoplasms,23,0.15540541,1.40576645,0.0469,1,0.3018,"hsa-mir-9-1,hsa-mir-486-1,hsa-mir-510,hsa-mir-499a,hsa-mir-7-2,hsa-mir-9-2,hsa-mir-210,hsa-mir-383,hsa-mir-1-2,hsa-mir-7-3,hsa-mir-30a,hsa-mir-1-1,hsa-mir-451a,hsa-mir-196a-2,hsa-mir-133a-2,hsa-mir-195,hsa-mir-488,hsa-mir-34b,hsa-mir-183,hsa-mir-196a-1,hsa-mir-486-2,hsa-mir-133a-1,hsa-mir-31"
Disease,Muscle Diseases [unspecific],3,0.375,3.39217557,0.0488,1,0.3123,"hsa-mir-30a,hsa-mir-133a-2,hsa-mir-133a-1"
Disease,Nephrotic Syndrome,3,0.375,3.39217557,0.0488,1,0.3123,"hsa-mir-30a,hsa-mir-210,hsa-mir-503"
Disease,Waldenstrom Macroglobulinemia,3,0.375,3.39217557,0.0488,1,0.3123,"hsa-mir-9-2,hsa-mir-9-1,hsa-mir-9-3"
Disease,Liver Neoplasms,6,0.24,2.17099237,0.049,1,0.3058,"hsa-mir-486-2,hsa-mir-486-1,hsa-mir-31,hsa-mir-30a,hsa-mir-210,hsa-mir-375"
Disease,Myocardial Infarction,10,0.19230769,1.73957722,0.0523,1,0.3227,"hsa-mir-29c,hsa-mir-208a,hsa-mir-31,hsa-mir-1-1,hsa-mir-208b,hsa-mir-451a,hsa-mir-196a-2,hsa-mir-499a,hsa-mir-210,hsa-mir-1-2"
Disease,Choriocarcinoma,11,0.18333333,1.65839695,0.0579,1,0.3556,"hsa-mir-133a-1,hsa-mir-31,hsa-mir-135a-1,hsa-mir-196a-2,hsa-mir-183,hsa-mir-133a-2,hsa-mir-449a,hsa-mir-196a-1,hsa-mir-210,hsa-mir-195,hsa-mir-135a-2"
Disease,"Tuberculosis, Pulmonary",6,0.23076923,2.08749266,0.0582,1,0.3552,"hsa-mir-31,hsa-mir-196a-2,hsa-mir-196b,hsa-mir-499a,hsa-mir-196a-1,hsa-mir-376c"
Disease,Bladder Outlet Obstruction,4,0.28571429,2.58451472,0.0592,1,0.3599,"hsa-mir-30a,hsa-mir-1-1,hsa-mir-1-2,hsa-mir-29c"
Disease,Polycystic Kidney Disease,4,0.28571429,2.58451472,0.0592,1,0.3599,"hsa-mir-1-1,hsa-mir-133a-2,hsa-mir-133a-1,hsa-mir-1-2"
Disease,"Diabetes Mellitus, Type 1",2,0.5,4.52290076,0.0627,1,0.377,"hsa-mir-101-2,hsa-mir-101-1"
Disease,Rheumatic Heart Diseases,2,0.5,4.52290076,0.0627,1,0.377,"hsa-mir-101-2,hsa-mir-101-1"
Disease,Wilms' Tumor,2,0.5,4.52290076,0.0627,1,0.377,"hsa-mir-101-2,hsa-mir-101-1"
Disease,HELLP Syndrome,2,0.5,4.52290076,0.0627,1,0.377,"hsa-mir-133a-1,hsa-mir-133a-2"
Disease,Crohn Disease,7,0.21212121,1.91880638,0.0628,1,0.3685,"hsa-mir-29c,hsa-mir-31,hsa-mir-196a-2,hsa-mir-196b,hsa-mir-495,hsa-mir-196a-1,hsa-mir-99a"
Disease,Human Immunodeficiency Virus Infection,9,0.19148936,1.73217476,0.0657,1,0.3815,"hsa-mir-29c,hsa-let-7c,hsa-mir-7-3,hsa-mir-196a-2,hsa-mir-196b,hsa-mir-183,hsa-mir-7-2,hsa-mir-196a-1,hsa-mir-210"
Disease,"Carcinoma, Thyroid, Follicular",3,0.33333333,3.01526718,0.0674,1,0.3894,"hsa-mir-183,hsa-mir-375,hsa-mir-100"
Disease,"Carcinoma, Vulvar",3,0.33333333,3.01526718,0.0674,1,0.3894,"hsa-mir-133a-2,hsa-mir-133a-1,hsa-mir-100"
Disease,Retinal Degeneration,3,0.33333333,3.01526718,0.0674,1,0.3894,"hsa-mir-183,hsa-mir-1-1,hsa-mir-1-2"
Disease,Myelodysplastic Syndromes,6,0.21428571,1.93838604,0.0793,1,0.4493,"hsa-mir-1-1,hsa-mir-378a,hsa-mir-196b,hsa-mir-378f,hsa-mir-1-2,hsa-mir-378c"
Disease,"Adenocarcinoma, Esophageal",5,0.22727273,2.05586398,0.086,1,0.485,"hsa-mir-224,hsa-mir-378a,hsa-mir-210,hsa-mir-378f,hsa-mir-378c"
Disease,Carotid Atherosclerosis,3,0.3,2.71374046,0.0887,1,0.498,"hsa-mir-133a-2,hsa-mir-133a-1,hsa-mir-100"
Disease,Nervous System Diseases [unspecific],3,0.3,2.71374046,0.0887,1,0.498,"hsa-mir-9-2,hsa-mir-9-1,hsa-mir-9-3"
Disease,Myocardial Ischemic-Reperfusion Injury,4,0.25,2.26145038,0.0906,1,0.5017,"hsa-mir-1-1,hsa-mir-1-2,hsa-mir-208a,hsa-mir-499a"
Disease,Cystic Fibrosis,4,0.25,2.26145038,0.0906,1,0.5017,"hsa-mir-509-3,hsa-mir-509-1,hsa-mir-509-2,hsa-mir-31"
Disease,Adenovirus Infection,7,0.19444444,1.75890585,0.0929,1,0.5096,"hsa-mir-101-2,hsa-mir-30a,hsa-mir-101-1,hsa-mir-378a,hsa-mir-210,hsa-mir-378f,hsa-mir-378c"
Disease,Ossification of Posterior Longitudinal Ligament,2,0.4,3.61832061,0.097,1,0.5297,"hsa-mir-196a-2,hsa-mir-499a"
Disease,IgA Nephropathy,2,0.4,3.61832061,0.097,1,0.5297,"hsa-mir-100,hsa-mir-877"
Disease,Gallstones,2,0.4,3.61832061,0.097,1,0.5297,"hsa-mir-210,hsa-mir-375"
Disease,"Squamous Cell Carcinoma, Lung",5,0.2173913,1.96647859,0.1005,1,0.5293,"hsa-mir-133a-1,hsa-mir-29c,hsa-mir-183,hsa-mir-133a-2,hsa-mir-375"
Disease,"Diabetes Mellitus, Gestational",5,0.2173913,1.96647859,0.1005,1,0.5293,"hsa-mir-9-1,hsa-mir-508,hsa-mir-9-3,hsa-mir-137,hsa-mir-9-2"
Disease,"Carcinoma, Oral",7,0.18918919,1.71136786,0.1045,1,0.5453,"hsa-mir-139,hsa-mir-34b,hsa-mir-31,hsa-mir-196a-2,hsa-mir-196b,hsa-mir-196a-1,hsa-mir-1269b"
Disease,Chronic Hepatitis,3,0.27272727,2.46703678,0.1124,1,0.5843,"hsa-mir-101-2,hsa-mir-224,hsa-mir-101-1"
Disease,Kidney Transplant Rejection,3,0.27272727,2.46703678,0.1124,1,0.5843,"hsa-mir-99a,hsa-mir-486-2,hsa-mir-486-1"
Disease,Brain Neoplasms,5,0.20833333,1.88454198,0.1162,1,0.596,"hsa-mir-9-1,hsa-mir-451a,hsa-mir-9-3,hsa-mir-9-2,hsa-mir-383"
Disease,"Adenocarcinoma, Gastric",7,0.18421053,1.66633186,0.1168,1,0.5938,"hsa-mir-486-2,hsa-let-7c,hsa-mir-486-1,hsa-mir-299,hsa-mir-100,hsa-mir-381,hsa-mir-455"
Disease,"Leukemia, Myeloid",4,0.22222222,2.01017812,0.1284,1,0.6501,"hsa-mir-139,hsa-mir-449b,hsa-mir-486-2,hsa-mir-486-1"
Disease,"Muscular Dystrophy, Facioscapulohumeral",4,0.22222222,2.01017812,0.1284,1,0.6501,"hsa-mir-1-1,hsa-mir-133a-2,hsa-mir-133a-1,hsa-mir-1-2"
Disease,Pancreatic Intraductal Papillary Mucinous Neoplasms,2,0.33333333,3.01526718,0.1352,1,0.6761,"hsa-mir-99a,hsa-mir-100"
Disease,Cervical Dysplasia,2,0.33333333,3.01526718,0.1352,1,0.6761,"hsa-mir-196a-1,hsa-mir-196a-2"
Disease,Huntington's Disease,2,0.33333333,3.01526718,0.1352,1,0.6761,"hsa-mir-196a-1,hsa-mir-196a-2"
Disease,"Lymphoma, Non-Hodgkin",2,0.33333333,3.01526718,0.1352,1,0.6761,"hsa-mir-196a-1,hsa-mir-196a-2"
Disease,Nasopharyngeal Neoplasms,2,0.33333333,3.01526718,0.1352,1,0.6761,"hsa-mir-29c,hsa-mir-100"
Disease,Systemic Lupus Erythematosus,9,0.16363636,1.48022207,0.1438,1,0.701,"hsa-mir-34b,hsa-mir-29c,hsa-mir-7-3,hsa-mir-224,hsa-mir-31,hsa-mir-196a-2,hsa-mir-7-2,hsa-mir-196a-1,hsa-mir-410"
Disease,"Stroke, Ischemic",6,0.17647059,1.59631792,0.1644,1,0.7888,"hsa-mir-30a,hsa-mir-196a-2,hsa-mir-499a,hsa-mir-495,hsa-mir-196a-1,hsa-mir-210"
Disease,"Lymphoma, Burkitt's",3,0.23076923,2.08749266,0.1659,1,0.7927,"hsa-mir-101-2,hsa-mir-101-1,hsa-mir-29c"
Disease,Intervertebral Disc Degeneration,3,0.23076923,2.08749266,0.1659,1,0.7927,"hsa-mir-7-2,hsa-mir-7-3,hsa-mir-100"
Disease,Polycythemia Vera,4,0.2,1.80916031,0.1716,1,0.8134,"hsa-mir-378f,hsa-mir-451a,hsa-mir-378a,hsa-mir-378c"
Disease,Acute Pancreatitis,2,0.28571429,2.58451472,0.1761,1,0.8312,"hsa-mir-135a-1,hsa-mir-135a-2"
Disease,Giant Cell Tumor of Bone,2,0.28571429,2.58451472,0.1761,1,0.8312,"hsa-mir-30a,hsa-mir-210"
Disease,Retinal Neovascularization,2,0.28571429,2.58451472,0.1761,1,0.8312,"hsa-mir-451a,hsa-mir-31"
Disease,Preeclampsia,11,0.14864865,1.34464617,0.1844,1,0.8535,"hsa-mir-34b,hsa-mir-202,hsa-mir-101-2,hsa-mir-224,hsa-mir-1301,hsa-mir-101-1,hsa-mir-885,hsa-mir-495,hsa-mir-210,hsa-mir-195,hsa-mir-411"
Disease,Allergy,4,0.19047619,1.72300981,0.1949,1,0.8986,"hsa-mir-31,hsa-mir-210,hsa-mir-615,hsa-mir-375"
Disease,Colon Adenoma,4,0.19047619,1.72300981,0.1949,1,0.8986,"hsa-mir-503,hsa-mir-378c,hsa-mir-378f,hsa-mir-378a"
Disease,Habitual Abortion,3,0.21428571,1.93838604,0.195,1,0.8922,"hsa-mir-519a-1,hsa-mir-499a,hsa-mir-196a-2"
Disease,Chordoma,3,0.21428571,1.93838604,0.195,1,0.8922,"hsa-mir-1-1,hsa-mir-1-2,hsa-mir-31"
Disease,"Leukemia, Myeloid, Chronic",10,0.14925373,1.35011963,0.1964,1,0.8883,"hsa-let-7c,hsa-mir-9-1,hsa-mir-224,hsa-mir-299,hsa-mir-378a,hsa-mir-196b,hsa-mir-9-3,hsa-mir-9-2,hsa-mir-378f,hsa-mir-378c"
Disease,Thrombocytopenia,1,0.5,4.52290076,0.209,1,0.9379,hsa-mir-99a
Disease,Neutropenia,1,0.5,4.52290076,0.209,1,0.9379,hsa-mir-196b
Disease,Vitiligo,1,0.5,4.52290076,0.209,1,0.9379,hsa-mir-196a-2
Disease,Periodontitis,1,0.5,4.52290076,0.209,1,0.9379,hsa-mir-495
Disease,"Adenocarcinoma, Endometrial",1,0.5,4.52290076,0.209,1,0.9379,hsa-mir-410
Disease,Hypoxic-Ischemic Encephalopathy,1,0.5,4.52290076,0.209,1,0.9379,hsa-mir-210
Disease,Uterine Leiomyosarcoma,1,0.5,4.52290076,0.209,1,0.9379,hsa-mir-31
Disease,"Carcinoma, Embryonal",1,0.5,4.52290076,0.209,1,0.9379,hsa-mir-383
Disease,Soft Tissue Sarcoma,2,0.25,2.26145038,0.2185,1,0.8325,"hsa-mir-34b,hsa-mir-381"
Disease,"Lymphoma, Hodgkin",4,0.18181818,1.64469119,0.2191,1,0.8216,"hsa-mir-9-1,hsa-mir-9-3,hsa-mir-196a-1,hsa-mir-9-2"
Disease,Acute Coronary Syndrome,4,0.18181818,1.64469119,0.2191,1,0.8216,"hsa-mir-486-2,hsa-mir-486-1,hsa-mir-100,hsa-mir-499a"
Disease,Retinoblastoma,7,0.15555556,1.40712468,0.2216,1,0.8258,"hsa-mir-34b,hsa-let-7c,hsa-mir-101-2,hsa-mir-433,hsa-mir-31,hsa-mir-101-1,hsa-mir-183"
Disease,"Adenocarcinoma, Gastric-Esophageal Junction",3,0.2,1.80916031,0.2252,1,0.8367,"hsa-mir-196a-1,hsa-mir-196a-2,hsa-mir-381"
Disease,Idiopathic Pulmonary Fibrosis,3,0.2,1.80916031,0.2252,1,0.8367,"hsa-mir-30a,hsa-mir-210,hsa-mir-34b"
Disease,Maternal Obesity During Childbirth,3,0.2,1.80916031,0.2252,1,0.8367,"hsa-mir-30a,hsa-mir-29c,hsa-mir-375"
Disease,"Fatty Liver, Non-Alcoholic",3,0.2,1.80916031,0.2252,1,0.8367,"hsa-mir-9-2,hsa-mir-9-3,hsa-mir-9-1"
Disease,Depression Disorder,4,0.17391304,1.57318287,0.2441,1,0.8954,"hsa-mir-34b,hsa-mir-135a-1,hsa-mir-451a,hsa-mir-135a-2"
Disease,"Adenocarcinoma, Colon",4,0.17391304,1.57318287,0.2441,1,0.8954,"hsa-mir-224,hsa-mir-503,hsa-mir-30a,hsa-mir-4510"
Disease,Pituitary Neoplasms,3,0.1875,1.69608779,0.2563,1,0.9317,"hsa-let-7c,hsa-mir-381,hsa-mir-655"
Disease,Systemic Sclerosis,2,0.22222222,2.01017812,0.2617,1,0.9483,"hsa-mir-30a,hsa-mir-34b"
Disease,Salivary Gland Neoplasms,2,0.22222222,2.01017812,0.2617,1,0.9483,"hsa-mir-375,hsa-mir-299"
Disease,"Leukemia, Lymphoblastic, Acute",4,0.16666667,1.50763359,0.2697,1,0.9683,"hsa-mir-100,hsa-mir-196a-2,hsa-mir-196b,hsa-mir-99a"
Disease,Asthma,6,0.14634146,1.32377583,0.2957,1,1,"hsa-mir-9-1,hsa-mir-224,hsa-mir-196a-2,hsa-mir-499a,hsa-mir-9-3,hsa-mir-9-2"
Disease,"Leukemia, Lymphocytic, Chronic",6,0.14634146,1.32377583,0.2957,1,1,"hsa-mir-34b,hsa-mir-29c,hsa-mir-9-1,hsa-mir-31,hsa-mir-9-3,hsa-mir-9-2"
Disease,Acute Megakaryoblastic Leukemia,1,0.33333333,3.01526718,0.2966,1,1,hsa-mir-99a
Disease,Nevus,1,0.33333333,3.01526718,0.2966,1,1,hsa-let-7c
Disease,"Carcinoma, Merkel Cell",1,0.33333333,3.01526718,0.2966,1,1,hsa-mir-375
Disease,Liver Failure,1,0.33333333,3.01526718,0.2966,1,1,hsa-mir-375
Disease,Chikungunya Virus Infection,1,0.33333333,3.01526718,0.2966,1,1,hsa-mir-503
Disease,Growth Disorders,1,0.33333333,3.01526718,0.2966,1,1,hsa-mir-503
Disease,"Scleroderma, Systemic",1,0.33333333,3.01526718,0.2966,1,1,hsa-mir-202
Disease,"Osteoporosis, Postmenopausal",1,0.33333333,3.01526718,0.2966,1,1,hsa-mir-210
Disease,Endomyocardial Fibrosis,1,0.33333333,3.01526718,0.2966,1,1,hsa-mir-208b
Disease,Diabetic Foot,1,0.33333333,3.01526718,0.2966,1,1,hsa-mir-31
Disease,Endometrial Stromal Sarcoma,1,0.33333333,3.01526718,0.2966,1,1,hsa-mir-31
Disease,Rectal Neoplasms,1,0.33333333,3.01526718,0.2966,1,1,hsa-mir-137
Disease,Coxsackievirus Infection,1,0.33333333,3.01526718,0.2966,1,1,hsa-mir-490
Disease,Alcoholic Hepatitis,2,0.2,1.80916031,0.3049,1,1,"hsa-mir-30a,hsa-mir-1246"
Disease,Celiac Disease,2,0.2,1.80916031,0.3049,1,1,"hsa-mir-30a,hsa-mir-31"
Disease,Aplastic Anemia,2,0.2,1.80916031,0.3049,1,1,"hsa-mir-1-1,hsa-mir-1-2"
Disease,Hepatitis B Virus Infection,9,0.13432836,1.21510767,0.3172,1,1,"hsa-mir-1231,hsa-mir-34b,hsa-mir-29c,hsa-let-7c,hsa-mir-31,hsa-mir-30a,hsa-mir-196a-2,hsa-mir-499a,hsa-mir-99a"
Disease,Graft-Versus-Host Disease,3,0.16666667,1.50763359,0.3198,1,1,"hsa-mir-30a,hsa-mir-377,hsa-mir-411"
Disease,Respiratory Syncytial Virus Pneumonia,3,0.16666667,1.50763359,0.3198,1,1,"hsa-mir-34b,hsa-mir-29c,hsa-mir-31"
Disease,"Colitis, Ulcerative",4,0.15384615,1.39166177,0.322,1,1,"hsa-mir-31,hsa-mir-196a-2,hsa-mir-499a,hsa-mir-195"
Disease,Influenza,4,0.15384615,1.39166177,0.322,1,1,"hsa-mir-29c,hsa-mir-30a,hsa-mir-449b,hsa-mir-376c"
Disease,Hepatoblastoma,4,0.15384615,1.39166177,0.322,1,1,"hsa-mir-34b,hsa-mir-224,hsa-mir-210,hsa-mir-195"
Disease,Multiple Myeloma,8,0.13333333,1.20610687,0.3413,1,1,"hsa-mir-561,hsa-mir-9-1,hsa-mir-202,hsa-mir-451a,hsa-mir-9-3,hsa-mir-137,hsa-mir-9-2,hsa-mir-4449"
Disease,"Carcinoma, Thyroid, Medullary",2,0.18181818,1.64469119,0.3477,1,1,"hsa-mir-99a,hsa-mir-375"
Disease,Synovial Sarcoma,2,0.18181818,1.64469119,0.3477,1,1,"hsa-mir-195,hsa-mir-99a"
Disease,Barrett's Esophagus,2,0.18181818,1.64469119,0.3477,1,1,"hsa-mir-196a-1,hsa-mir-196a-2"
Disease,Cerebral Ischemia,2,0.18181818,1.64469119,0.3477,1,1,"hsa-mir-224,hsa-let-7c"
Disease,Necrotizing Enterocolitis,2,0.18181818,1.64469119,0.3477,1,1,"hsa-mir-451a,hsa-mir-31"
Disease,Kaposi's Sarcoma,4,0.14814815,1.34011874,0.3485,1,1,"hsa-let-7c,hsa-mir-1258,hsa-mir-100,hsa-mir-99a"
Disease,"Squamous Cell Carcinoma, Tongue",4,0.14814815,1.34011874,0.3485,1,1,"hsa-mir-137,hsa-mir-183,hsa-mir-195,hsa-mir-375"
Disease,"Cardiomyopathy, Ischemic",3,0.15789474,1.42828445,0.3518,1,1,"hsa-mir-377,hsa-mir-139,hsa-mir-499a"
Disease,Neurodegenerative Diseases [unspecific],3,0.15789474,1.42828445,0.3518,1,1,"hsa-mir-139,hsa-mir-337,hsa-mir-34b"
Disease,"Carcinoma, Thyroid",5,0.13888889,1.25636132,0.3663,1,1,"hsa-mir-486-2,hsa-mir-7-3,hsa-mir-486-1,hsa-mir-449b,hsa-mir-7-2"
Disease,Ovarian Serous Cystadenocarcinoma,1,0.25,2.26145038,0.3745,1,1,hsa-mir-30a
Disease,Fatty Liver [unspecific],1,0.25,2.26145038,0.3745,1,1,hsa-mir-183
Disease,Hyperactivity Disorder,1,0.25,2.26145038,0.3745,1,1,hsa-mir-183
Disease,Pain[unspecific],1,0.25,2.26145038,0.3745,1,1,hsa-mir-183
Disease,Aortic Insufficiency,1,0.25,2.26145038,0.3745,1,1,hsa-mir-195
Disease,Diabetic Vasculopathy,1,0.25,2.26145038,0.3745,1,1,hsa-mir-503
Disease,Meningioma,1,0.25,2.26145038,0.3745,1,1,hsa-mir-224
Disease,Epithelioid Sarcoma,1,0.25,2.26145038,0.3745,1,1,hsa-mir-381
Disease,"Carcinoma, Oropharyngeal",1,0.25,2.26145038,0.3745,1,1,hsa-mir-499a
Disease,"Carcinoma, Renal Cell, Chromophobe",1,0.25,2.26145038,0.3745,1,1,hsa-mir-210
Disease,"Lymphoma, Follicular",1,0.25,2.26145038,0.3745,1,1,hsa-mir-31
Disease,Fungal Keratitis,1,0.25,2.26145038,0.3745,1,1,hsa-mir-451a
Disease,Liposarcoma,1,0.25,2.26145038,0.3745,1,1,hsa-mir-451a
Disease,Plasmodium vivax Infection,1,0.25,2.26145038,0.3745,1,1,hsa-mir-451a
Disease,Allergic Asthma,1,0.25,2.26145038,0.3745,1,1,hsa-mir-34b
Disease,"Squamous Cell Carcinoma, Laryngeal or Hypopharyngeal",4,0.14285714,1.29225736,0.3751,1,1,"hsa-mir-139,hsa-mir-519a-1,hsa-mir-451a,hsa-mir-375"
Disease,Kidney Injury,4,0.14285714,1.29225736,0.3751,1,1,"hsa-let-7c,hsa-mir-30a,hsa-mir-211,hsa-mir-210"
Disease,Rheumatoid Arthritis,7,0.12962963,1.1726039,0.3877,1,1,"hsa-mir-34b,hsa-mir-9-1,hsa-mir-30a,hsa-mir-451a,hsa-mir-499a,hsa-mir-9-3,hsa-mir-9-2"
Disease,"Leukemia, Lymphoblastic, Acute, T-Cell",2,0.16666667,1.50763359,0.3896,1,1,"hsa-mir-101-2,hsa-mir-101-1"
Disease,"Lymphoma, Large-Cell, Anaplastic",2,0.16666667,1.50763359,0.3896,1,1,"hsa-mir-101-2,hsa-mir-101-1"
Disease,Down Syndrome,2,0.16666667,1.50763359,0.3896,1,1,"hsa-mir-99a,hsa-let-7c"
Disease,Colitis,2,0.16666667,1.50763359,0.3896,1,1,"hsa-mir-139,hsa-mir-31"
Disease,Lofgren's Syndrome,2,0.16666667,1.50763359,0.3896,1,1,"hsa-mir-1-1,hsa-mir-1-2"
Disease,Glaucoma,4,0.13793103,1.24769676,0.4016,1,1,"hsa-mir-29c,hsa-mir-202,hsa-mir-30a,hsa-mir-451a"
Disease,Pancreatic Neoplasms,8,0.125,1.13072519,0.4128,1,1,"hsa-mir-34b,hsa-mir-486-2,hsa-let-7c,hsa-mir-224,hsa-mir-486-1,hsa-mir-196a-2,hsa-mir-196a-1,hsa-mir-210"
Disease,Allergic Rhinitis,3,0.14285714,1.29225736,0.415,1,1,"hsa-mir-224,hsa-mir-499a,hsa-mir-196a-2"
Disease,"Carcinoma, Lung, Small-Cell",3,0.14285714,1.29225736,0.415,1,1,"hsa-mir-137,hsa-mir-30a,hsa-mir-495"
Disease,Hemoglobin Diseases,2,0.15384615,1.39166177,0.4303,1,1,"hsa-mir-210,hsa-let-7c"
Disease,Vascular Injuries,2,0.15384615,1.39166177,0.4303,1,1,"hsa-mir-137,hsa-mir-100"
Disease,Immune Thrombocytopenic Purpura,2,0.15384615,1.39166177,0.4303,1,1,"hsa-mir-378i,hsa-mir-410"
Disease,"Carcinoma, Supraglottic",1,0.2,1.80916031,0.4439,1,1,hsa-mir-375
Disease,Keratitis,1,0.2,1.80916031,0.4439,1,1,hsa-mir-183
Disease,Cholestatic Liver Injury,1,0.2,1.80916031,0.4439,1,1,hsa-mir-29c
Disease,Uterine Leiomyoma,1,0.2,1.80916031,0.4439,1,1,hsa-mir-29c
Disease,Panic Disorder,1,0.2,1.80916031,0.4439,1,1,hsa-mir-488
Disease,"Adenocarcinoma, Cervical",1,0.2,1.80916031,0.4439,1,1,hsa-mir-9-1
Disease,Liver Cirrhosis,7,0.12280702,1.11088791,0.4455,1,1,"hsa-mir-29c,hsa-mir-9-1,hsa-mir-101-2,hsa-mir-101-1,hsa-mir-378a,hsa-mir-9-3,hsa-mir-9-2"
Disease,Hirschsprung's Disease,3,0.13636364,1.23351839,0.446,1,1,"hsa-mir-34b,hsa-mir-885,hsa-mir-195"
Disease,Lung Fibrosis,3,0.13636364,1.23351839,0.446,1,1,"hsa-mir-34b,hsa-mir-486-2,hsa-mir-486-1"
Disease,Peritoneal Dialysis Failure,4,0.12903226,1.1672002,0.4539,1,1,"hsa-mir-136,hsa-mir-31,hsa-mir-30a,hsa-mir-100"
Disease,"Carcinoma, Endometrial",7,0.12068966,1.09173467,0.4646,1,1,"hsa-let-7c,hsa-mir-31,hsa-mir-1-1,hsa-mir-196a-2,hsa-mir-499a,hsa-mir-449a,hsa-mir-1-2"
Disease,Ischemia-Reperfusion Injury,3,0.13043478,1.17988716,0.4763,1,1,"hsa-mir-7-3,hsa-mir-377,hsa-mir-7-2"
Disease,Chronic Hepatitis B,4,0.125,1.13072519,0.4795,1,1,"hsa-mir-29c,hsa-mir-885,hsa-mir-196a-2,hsa-mir-210"
Disease,Chronic Kidney Disease,4,0.125,1.13072519,0.4795,1,1,"hsa-mir-133a-1,hsa-mir-29c,hsa-mir-133a-2,hsa-mir-210"
Disease,Pleural Mesothelioma,4,0.125,1.13072519,0.4795,1,1,"hsa-mir-34b,hsa-mir-379,hsa-mir-31,hsa-mir-411"
Disease,Colon Neoplasms,9,0.11688312,1.05730148,0.4846,1,1,"hsa-mir-486-2,hsa-let-7c,hsa-mir-101-2,hsa-mir-615,hsa-mir-486-1,hsa-mir-101-1,hsa-mir-137,hsa-mir-449a,hsa-mir-210"
Disease,Hepatitis C Virus Infection,10,0.11494253,1.0397473,0.5007,1,1,"hsa-mir-224,hsa-mir-885,hsa-mir-196b,hsa-mir-449a,hsa-mir-99a,hsa-mir-30a,hsa-mir-195,hsa-mir-136,hsa-mir-503,hsa-let-7c"
Disease,Lymphoma,7,0.11666667,1.05534351,0.5023,1,1,"hsa-mir-486-2,hsa-mir-4739,hsa-mir-224,hsa-mir-486-1,hsa-mir-31,hsa-mir-510,hsa-mir-499a"
Disease,Obesity,6,0.11764706,1.06421194,0.503,1,1,"hsa-mir-503,hsa-mir-30a,hsa-mir-378a,hsa-mir-210,hsa-mir-378f,hsa-mir-378c"
Disease,Chronic Brucellosis,1,0.16666667,1.50763359,0.5056,1,1,hsa-mir-139
Disease,Non-Traumatic Osteonecrosis,1,0.16666667,1.50763359,0.5056,1,1,hsa-let-7c
Disease,Biliary Atresia,1,0.16666667,1.50763359,0.5056,1,1,hsa-mir-29c
Disease,Ependymoma,1,0.16666667,1.50763359,0.5056,1,1,hsa-mir-29c
Disease,Leiomyoma,1,0.16666667,1.50763359,0.5056,1,1,hsa-mir-29c
Disease,"Carcinoma, Gastrointestinal",1,0.16666667,1.50763359,0.5056,1,1,hsa-mir-499a
Disease,Acute Cerebral Infarction,1,0.16666667,1.50763359,0.5056,1,1,hsa-mir-210
Disease,Lupus Vulgaris,1,0.16666667,1.50763359,0.5056,1,1,hsa-mir-210
Disease,Kawasaki's Syndrome,1,0.16666667,1.50763359,0.5056,1,1,hsa-mir-31
Disease,Fibromyalgia,1,0.16666667,1.50763359,0.5056,1,1,hsa-mir-451a
Disease,Diabetic Nephropathy,3,0.125,1.13072519,0.5058,1,1,"hsa-mir-30a,hsa-mir-135a-1,hsa-mir-135a-2"
Disease,"Lymphoma, B-Cell",3,0.125,1.13072519,0.5058,1,1,"hsa-mir-224,hsa-mir-195,hsa-mir-376c"
Disease,Bronchopulmonary Dysplasia,2,0.125,1.13072519,0.5428,1,1,"hsa-mir-503,hsa-mir-411"
Disease,Myocardial Fibrosis,2,0.125,1.13072519,0.5428,1,1,"hsa-mir-378a,hsa-mir-433"
Disease,"Carcinoma, Biliary Tract",1,0.14285714,1.29225736,0.5606,1,1,hsa-mir-1246
Disease,Muscle Atrophy,2,0.11764706,1.06421194,0.5768,1,1,"hsa-mir-208b,hsa-mir-100"
Disease,Astrocytoma,2,0.11764706,1.06421194,0.5768,1,1,"hsa-mir-137,hsa-mir-210"
Disease,"Squamous Cell Carcinoma, Cerevial",2,0.11764706,1.06421194,0.5768,1,1,"hsa-mir-490,hsa-mir-1246"
Disease,Epilepsy,3,0.11111111,1.00508906,0.5888,1,1,"hsa-mir-139,hsa-mir-34b,hsa-mir-30a"
Disease,Vascular Diseases [unspecific],3,0.11111111,1.00508906,0.5888,1,1,"hsa-mir-196a-2,hsa-mir-499a,hsa-mir-210"
Disease,"Carcinoma, Gallbladder",3,0.11111111,1.00508906,0.5888,1,1,"hsa-mir-202,hsa-mir-1-1,hsa-mir-1-2"
Disease,Prostate Neoplasms,8,0.10666667,0.9648855,0.6026,1,1,"hsa-mir-486-2,hsa-mir-105-2,hsa-mir-101-2,hsa-mir-486-1,hsa-mir-101-1,hsa-mir-105-1,hsa-mir-100,hsa-mir-99a"
Disease,"Squamous Cell Carcinoma, Skin or Unspecific",2,0.11111111,1.00508906,0.609,1,1,"hsa-mir-490,hsa-mir-31"
Disease,Alcoholic Cardiomyopathy,1,0.125,1.13072519,0.6094,1,1,hsa-mir-506
Disease,"Carcinoma, Skin",1,0.125,1.13072519,0.6094,1,1,hsa-mir-383
Disease,Vasculitis,1,0.125,1.13072519,0.6094,1,1,hsa-mir-383
Disease,Bipolar Disorder,1,0.125,1.13072519,0.6094,1,1,hsa-mir-449a
Disease,Autism Spectrum Disorder,3,0.10714286,0.96919302,0.6145,1,1,"hsa-mir-34b,hsa-mir-486-2,hsa-mir-486-1"
Disease,Polycystic Ovarian Syndrome,3,0.10344828,0.93577257,0.6391,1,1,"hsa-mir-486-2,hsa-mir-486-1,hsa-mir-375"
Disease,Neuroblastoma,6,0.10169492,0.91991202,0.6527,1,1,"hsa-mir-337,hsa-mir-1246,hsa-mir-30a,hsa-mir-137,hsa-mir-375,hsa-mir-410"
Disease,Myeloproliferative Neoplasms,1,0.11111111,1.00508906,0.6529,1,1,hsa-mir-375
Disease,Alopecia,1,0.11111111,1.00508906,0.6529,1,1,hsa-mir-410
Disease,Amyotrophic Lateral Sclerosis,1,0.11111111,1.00508906,0.6529,1,1,hsa-mir-9-2
Disease,"Leukemia-Lymphoma, Precursor B-Cell Lymphoblastic",1,0.11111111,1.00508906,0.6529,1,1,hsa-mir-451a
Disease,Osteoporosis,1,0.11111111,1.00508906,0.6529,1,1,hsa-mir-34b
Disease,Osteoarthritis,4,0.09756098,0.88251722,0.6826,1,1,"hsa-mir-139,hsa-mir-9-1,hsa-mir-9-3,hsa-mir-9-2"
Disease,"Carcinoma, Basal Cell",1,0.1,0.90458015,0.6916,1,1,hsa-mir-375
Disease,Helicobacter Pylori Infection,1,0.1,0.90458015,0.6916,1,1,hsa-mir-375
Disease,Chondrosarcoma,2,0.0952381,0.86150491,0.6942,1,1,"hsa-mir-30a,hsa-mir-100"
Disease,"Leukemia, Lymphoblastic",2,0.0952381,0.86150491,0.6942,1,1,"hsa-mir-449b,hsa-mir-29c"
Disease,Mesothelioma,1,0.09090909,0.82234559,0.726,1,1,hsa-mir-31
Disease,Azoospermia,1,0.09090909,0.82234559,0.726,1,1,hsa-mir-383
Disease,Interstitial Cystitis,1,0.09090909,0.82234559,0.726,1,1,hsa-mir-449b
Disease,Kidney Neoplasms,1,0.09090909,0.82234559,0.726,1,1,hsa-mir-34b
Disease,Psoriasis,3,0.09090909,0.82234559,0.7263,1,1,"hsa-mir-31,hsa-mir-210,hsa-mir-99a"
Disease,Human Papilloma Virus Infection,3,0.08823529,0.79815896,0.7453,1,1,"hsa-mir-3144,hsa-mir-196a-2,hsa-mir-196a-1"
Disease,"Leukemia, Lymphocytic, Chronic, B-Cell",3,0.08823529,0.79815896,0.7453,1,1,"hsa-mir-34b,hsa-mir-29c,hsa-mir-195"
Disease,Hematologic Neoplasms,3,0.08823529,0.79815896,0.7453,1,1,"hsa-mir-378c,hsa-mir-378a,hsa-mir-378f"
Disease,"Carcinoma, Thyroid, Anaplastic",1,0.08333333,0.75381679,0.7565,1,1,hsa-mir-99a
Disease,Traumatic Brain Injury,1,0.08333333,0.75381679,0.7565,1,1,hsa-mir-499a
Disease,Ewing's Sarcoma,1,0.08333333,0.75381679,0.7565,1,1,hsa-mir-31
Disease,Oral Leukoplakia,1,0.08333333,0.75381679,0.7565,1,1,hsa-mir-31
Disease,Cholangiocarcinoma,3,0.08571429,0.77535442,0.7633,1,1,"hsa-mir-224,hsa-mir-1-1,hsa-mir-1-2"
Disease,Pulmonary Hypertension,3,0.08333333,0.75381679,0.7803,1,1,"hsa-mir-29c,hsa-mir-503,hsa-mir-210"
Disease,Multiple Sclerosis,4,0.08510638,0.76985545,0.7835,1,1,"hsa-mir-30a,hsa-mir-100,hsa-mir-499a,hsa-mir-411"
Disease,"Lymphoma, Primary Effusion",1,0.07692308,0.69583089,0.7837,1,1,hsa-let-7c
Disease,Mycobacterium Tuberculosis Infection,1,0.07692308,0.69583089,0.7837,1,1,hsa-mir-30a
Disease,"Leukemia, Lymphoblastic, Acute, B-Cell",1,0.07692308,0.69583089,0.7837,1,1,hsa-mir-451a
Disease,Spinal Cord Injuries,1,0.07692308,0.69583089,0.7837,1,1,hsa-mir-383
Disease,Stroke,3,0.08108108,0.73344337,0.7963,1,1,"hsa-mir-133a-1,hsa-mir-133a-2,hsa-mir-410"
Disease,Mandibular Prognathism,1,0.07142857,0.64612868,0.8079,1,1,hsa-mir-30a
Disease,Coronary Atherosclerosis,1,0.07142857,0.64612868,0.8079,1,1,hsa-mir-100
Disease,Myasthenia Gravis,1,0.07142857,0.64612868,0.8079,1,1,hsa-mir-885
Disease,Peripheral Vascular Disease,1,0.07142857,0.64612868,0.8079,1,1,hsa-mir-195
Disease,Liver Injury,1,0.06666667,0.60305344,0.8294,1,1,hsa-mir-877
Disease,"Leukemia, Promyelocytic, Acute",1,0.06666667,0.60305344,0.8294,1,1,hsa-mir-34b
Disease,Liver Diseases [unspecific],2,0.06896552,0.62384838,0.8493,1,1,"hsa-mir-139,hsa-let-7c"
Disease,Acute Kidney Injury,1,0.05882353,0.53210597,0.8655,1,1,hsa-mir-449a
Disease,Mesial Temporal Lobe Epilepsy,1,0.05555556,0.50254453,0.8806,1,1,hsa-mir-196b
Disease,Inflammatory Bowel Diseases,2,0.0625,0.5653626,0.8862,1,1,"hsa-mir-1246,hsa-mir-31"
Disease,Pituitary Adenoma,1,0.05263158,0.47609482,0.894,1,1,hsa-mir-383
Disease,"Aortic Aneurysm, Abdominal",1,0.04761905,0.43075245,0.9165,1,1,hsa-mir-30a
Disease,Diabetic Retinopathy,1,0.04761905,0.43075245,0.9165,1,1,hsa-mir-195
Disease,Autoimmune Diseases [unspecific],2,0.05555556,0.50254453,0.9225,1,1,"hsa-mir-31,hsa-mir-30a"
Disease,"Lymphoma, Large B-Cell, Diffuse",2,0.05263158,0.47609482,0.9363,1,1,"hsa-mir-224,hsa-mir-455"
Disease,HIV-Associated Lipodystrophy,1,0.03571429,0.32306434,0.9639,1,1,hsa-mir-196b
