Category,Term,Count,Percent,Fold,P-value,Bonferroni,FDR,miRNA
Disease,"Carcinoma, Gastric",56,0.20363636,3.01636364,2.61E-20,1.53E-17,3.10E-17,"hsa-mir-96,hsa-mir-200c,hsa-mir-194-2,hsa-mir-181a-1,hsa-mir-486-1,hsa-mir-203b,hsa-mir-129-1,hsa-mir-101-1,hsa-mir-196b,hsa-mir-99a,hsa-mir-383,hsa-mir-181b-1,hsa-mir-144,hsa-mir-181a-2,hsa-mir-135b,hsa-mir-181c,hsa-mir-429,hsa-mir-222,hsa-mir-451a,hsa-mir-378a,hsa-mir-10b,hsa-mir-182,hsa-mir-122,hsa-mir-192,hsa-mir-139,hsa-mir-34b,hsa-mir-221,hsa-mir-101-2,hsa-mir-218-2,hsa-mir-23a,hsa-mir-194-1,hsa-mir-30b,hsa-mir-675,hsa-mir-625,hsa-mir-187,hsa-mir-183,hsa-mir-196a-1,hsa-mir-490,hsa-mir-486-2,hsa-mir-483,hsa-let-7c,hsa-mir-551b,hsa-mir-148a,hsa-mir-149,hsa-mir-200b,hsa-mir-31,hsa-mir-34c,hsa-mir-21,hsa-mir-141,hsa-mir-181b-2,hsa-mir-218-1,hsa-mir-320b-2,hsa-mir-505,hsa-mir-92b,hsa-mir-27a,hsa-mir-378c"
Disease,"Carcinoma, Lung. Non-Small-Cell",49,0.22374429,3.31421233,9.40E-19,5.50E-16,5.57E-16,"hsa-mir-454,hsa-mir-200c,hsa-mir-181a-1,hsa-mir-486-1,hsa-mir-203b,hsa-mir-129-1,hsa-mir-330,hsa-mir-101-1,hsa-mir-196b,hsa-mir-99a,hsa-mir-181b-1,hsa-mir-144,hsa-mir-181a-2,hsa-mir-135b,hsa-mir-429,hsa-mir-222,hsa-mir-378a,hsa-mir-10b,hsa-mir-182,hsa-mir-122,hsa-mir-192,hsa-mir-139,hsa-mir-708,hsa-mir-221,hsa-mir-101-2,hsa-mir-218-2,hsa-mir-23a,hsa-mir-30b,hsa-mir-675,hsa-mir-187,hsa-mir-196a-1,hsa-mir-486-2,hsa-mir-483,hsa-mir-200a,hsa-let-7c,hsa-mir-148a,hsa-mir-149,hsa-let-7e,hsa-mir-200b,hsa-mir-31,hsa-mir-34c,hsa-mir-21,hsa-mir-141,hsa-mir-181b-2,hsa-mir-218-1,hsa-mir-320b-2,hsa-mir-92b,hsa-mir-27a,hsa-mir-378c"
Disease,"Carcinoma, Breast",59,0.16954023,2.51131466,1.00E-18,5.87E-16,3.97E-16,"hsa-mir-181a-1,hsa-mir-135b,hsa-mir-451a,hsa-mir-10b,hsa-mir-708,hsa-mir-183,hsa-mir-486-2,hsa-mir-27a,hsa-mir-200c,hsa-mir-486-1,hsa-mir-196b,hsa-mir-99a,hsa-mir-429,hsa-mir-101-2,hsa-mir-23a,hsa-mir-30b,hsa-mir-181d,hsa-let-7c,hsa-mir-1258,hsa-mir-200b,hsa-mir-320b-2,hsa-mir-92b,hsa-mir-378c,hsa-mir-96,hsa-mir-203b,hsa-mir-129-1,hsa-mir-330,hsa-mir-144,hsa-mir-3200,hsa-mir-181c,hsa-mir-378a,hsa-mir-182,hsa-mir-122,hsa-mir-139,hsa-mir-34b,hsa-mir-221,hsa-mir-625,hsa-mir-196a-1,hsa-mir-561,hsa-mir-149,hsa-let-7e,hsa-mir-31,hsa-mir-34c,hsa-mir-21,hsa-mir-141,hsa-mir-181b-2,hsa-mir-218-1,hsa-mir-101-1,hsa-mir-181b-1,hsa-mir-181a-2,hsa-mir-621,hsa-mir-222,hsa-mir-105-1,hsa-mir-192,hsa-mir-218-2,hsa-mir-675,hsa-mir-200a,hsa-mir-148a,hsa-mir-505"
Disease,"Carcinoma, Colon",57,0.18095238,2.68035714,5.22E-18,3.05E-15,1.55E-15,"hsa-mir-454,hsa-mir-96,hsa-mir-200c,hsa-mir-194-2,hsa-mir-181a-1,hsa-mir-486-1,hsa-mir-203b,hsa-mir-129-1,hsa-mir-330,hsa-mir-1295b,hsa-mir-101-1,hsa-mir-885,hsa-mir-196b,hsa-mir-99a,hsa-mir-181b-1,hsa-mir-144,hsa-mir-181a-2,hsa-mir-135b,hsa-mir-429,hsa-mir-222,hsa-mir-451a,hsa-mir-378a,hsa-mir-10b,hsa-mir-182,hsa-mir-122,hsa-mir-192,hsa-mir-139,hsa-mir-34b,hsa-mir-221,hsa-mir-101-2,hsa-mir-218-2,hsa-mir-23a,hsa-mir-194-1,hsa-mir-30b,hsa-mir-675,hsa-mir-625,hsa-mir-187,hsa-mir-183,hsa-mir-196a-1,hsa-mir-490,hsa-mir-486-2,hsa-mir-483,hsa-mir-200a,hsa-let-7c,hsa-mir-148a,hsa-mir-149,hsa-let-7e,hsa-mir-200b,hsa-mir-31,hsa-mir-34c,hsa-mir-21,hsa-mir-141,hsa-mir-181b-2,hsa-mir-218-1,hsa-mir-320b-2,hsa-mir-27a,hsa-mir-378c"
Disease,"Carcinoma, Esophageal",28,0.42424242,6.28409091,6.51E-18,3.81E-15,1.54E-15,"hsa-mir-34b,hsa-mir-483,hsa-mir-200a,hsa-mir-221,hsa-mir-96,hsa-mir-200c,hsa-mir-101-2,hsa-mir-181a-1,hsa-mir-181c,hsa-mir-429,hsa-mir-218-2,hsa-mir-203b,hsa-mir-31,hsa-mir-34c,hsa-mir-30b,hsa-mir-101-1,hsa-mir-451a,hsa-mir-625,hsa-mir-21,hsa-mir-141,hsa-mir-122,hsa-mir-218-1,hsa-mir-183,hsa-mir-196a-1,hsa-mir-144,hsa-mir-27a,hsa-mir-192,hsa-mir-181a-2"
Disease,"Carcinoma, Hepatocellular",58,0.17109145,2.53429204,8.33E-18,4.87E-15,1.65E-15,"hsa-mir-96,hsa-mir-200c,hsa-mir-194-2,hsa-mir-181a-1,hsa-mir-486-1,hsa-mir-203b,hsa-mir-129-1,hsa-mir-330,hsa-mir-101-1,hsa-mir-885,hsa-mir-99a,hsa-mir-144,hsa-mir-181a-2,hsa-mir-135b,hsa-mir-181c,hsa-mir-429,hsa-mir-222,hsa-mir-451a,hsa-mir-105-1,hsa-mir-378a,hsa-mir-10b,hsa-mir-182,hsa-mir-122,hsa-mir-192,hsa-mir-139,hsa-mir-34b,hsa-mir-708,hsa-mir-221,hsa-mir-101-2,hsa-mir-218-2,hsa-mir-23a,hsa-mir-194-1,hsa-mir-30b,hsa-mir-675,hsa-mir-625,hsa-mir-181d,hsa-mir-187,hsa-mir-183,hsa-mir-196a-1,hsa-mir-490,hsa-mir-486-2,hsa-mir-483,hsa-mir-200a,hsa-let-7c,hsa-mir-148a,hsa-mir-149,hsa-let-7e,hsa-mir-200b,hsa-mir-31,hsa-mir-34c,hsa-mir-1468,hsa-mir-21,hsa-mir-141,hsa-mir-218-1,hsa-mir-505,hsa-mir-92b,hsa-mir-27a,hsa-mir-378c"
Disease,"Adenocarcinoma, Pancreatic Ductal",28,0.3943662,5.8415493,7.00E-17,4.10E-14,1.19E-14,"hsa-mir-483,hsa-mir-200a,hsa-mir-96,hsa-mir-221,hsa-mir-200c,hsa-mir-148a,hsa-mir-194-2,hsa-mir-429,hsa-mir-218-2,hsa-mir-23a,hsa-mir-194-1,hsa-mir-200b,hsa-mir-31,hsa-mir-330,hsa-mir-222,hsa-mir-10b,hsa-mir-141,hsa-mir-181b-2,hsa-mir-196b,hsa-mir-21,hsa-mir-183,hsa-mir-218-1,hsa-mir-378a,hsa-mir-196a-1,hsa-mir-99a,hsa-mir-181b-1,hsa-mir-27a,hsa-mir-378c"
Disease,Glioma,45,0.21634615,3.2046274,3.71E-16,2.17E-13,5.50E-14,"hsa-mir-454,hsa-mir-96,hsa-mir-200c,hsa-mir-194-2,hsa-mir-181a-1,hsa-mir-203b,hsa-mir-101-1,hsa-mir-196b,hsa-mir-383,hsa-mir-181b-1,hsa-mir-144,hsa-mir-181a-2,hsa-mir-135b,hsa-mir-181c,hsa-mir-429,hsa-mir-222,hsa-mir-451a,hsa-mir-105-1,hsa-mir-378a,hsa-mir-10b,hsa-mir-182,hsa-mir-122,hsa-mir-139,hsa-mir-221,hsa-mir-101-2,hsa-mir-218-2,hsa-mir-23a,hsa-mir-194-1,hsa-mir-30b,hsa-mir-675,hsa-mir-181d,hsa-mir-183,hsa-mir-196a-1,hsa-mir-200a,hsa-mir-148a,hsa-mir-149,hsa-mir-200b,hsa-mir-31,hsa-mir-21,hsa-mir-141,hsa-mir-181b-2,hsa-mir-218-1,hsa-mir-320b-2,hsa-mir-92b,hsa-mir-27a"
Disease,"Carcinoma, Pancreatic",40,0.24096386,3.56927711,8.83E-16,5.17E-13,1.16E-13,"hsa-mir-96,hsa-mir-200c,hsa-mir-181a-1,hsa-mir-330,hsa-mir-101-1,hsa-mir-885,hsa-mir-196b,hsa-mir-99a,hsa-mir-181b-1,hsa-mir-181a-2,hsa-mir-135b,hsa-mir-429,hsa-mir-222,hsa-mir-10b,hsa-mir-182,hsa-mir-122,hsa-mir-192,hsa-mir-139,hsa-mir-34b,hsa-mir-221,hsa-mir-101-2,hsa-mir-218-2,hsa-mir-23a,hsa-mir-30b,hsa-mir-181d,hsa-mir-183,hsa-mir-196a-1,hsa-mir-483,hsa-mir-200a,hsa-let-7c,hsa-mir-148a,hsa-let-7e,hsa-mir-200b,hsa-mir-34c,hsa-mir-21,hsa-mir-141,hsa-mir-181b-2,hsa-mir-218-1,hsa-mir-505,hsa-mir-27a"
Disease,Osteosarcoma,39,0.22807018,3.37828947,2.04E-14,1.19E-11,2.42E-12,"hsa-mir-454,hsa-mir-200c,hsa-mir-194-2,hsa-mir-181a-1,hsa-mir-486-1,hsa-mir-203b,hsa-mir-129-1,hsa-mir-101-1,hsa-mir-196b,hsa-mir-181b-1,hsa-mir-144,hsa-mir-181a-2,hsa-mir-135b,hsa-mir-181c,hsa-mir-429,hsa-mir-451a,hsa-mir-10b,hsa-mir-182,hsa-mir-122,hsa-mir-192,hsa-mir-221,hsa-mir-101-2,hsa-mir-218-2,hsa-mir-23a,hsa-mir-194-1,hsa-mir-183,hsa-mir-196a-1,hsa-mir-490,hsa-mir-486-2,hsa-mir-200a,hsa-mir-148a,hsa-mir-200b,hsa-mir-34c,hsa-mir-21,hsa-mir-141,hsa-mir-181b-2,hsa-mir-218-1,hsa-mir-320b-2,hsa-mir-27a"
Disease,"Carcinoma, Lung",43,0.20187793,2.9903169,4.77E-14,2.79E-11,5.14E-12,"hsa-mir-96,hsa-mir-200c,hsa-mir-181a-1,hsa-mir-486-1,hsa-mir-203b,hsa-mir-129-1,hsa-mir-101-1,hsa-mir-99a,hsa-mir-383,hsa-mir-144,hsa-mir-181a-2,hsa-mir-222,hsa-mir-451a,hsa-mir-378a,hsa-mir-10b,hsa-mir-182,hsa-mir-122,hsa-mir-192,hsa-mir-139,hsa-mir-34b,hsa-mir-221,hsa-mir-101-2,hsa-mir-218-2,hsa-mir-30b,hsa-mir-187,hsa-mir-183,hsa-mir-196a-1,hsa-mir-490,hsa-mir-486-2,hsa-mir-200a,hsa-let-7c,hsa-mir-148a,hsa-mir-149,hsa-let-7e,hsa-mir-1258,hsa-mir-200b,hsa-mir-31,hsa-mir-34c,hsa-mir-21,hsa-mir-141,hsa-mir-218-1,hsa-mir-27a,hsa-mir-378c"
Disease,"Carcinoma, Bladder",31,0.25833333,3.8265625,9.24E-13,5.41E-10,9.13E-11,"hsa-mir-96,hsa-mir-200c,hsa-mir-101-1,hsa-mir-99a,hsa-mir-144,hsa-mir-222,hsa-mir-451a,hsa-mir-10b,hsa-mir-182,hsa-mir-192,hsa-mir-139,hsa-mir-34b,hsa-mir-221,hsa-mir-101-2,hsa-mir-218-2,hsa-mir-23a,hsa-mir-30b,hsa-mir-183,hsa-mir-196a-1,hsa-mir-490,hsa-mir-200a,hsa-let-7c,hsa-mir-148a,hsa-mir-200b,hsa-mir-31,hsa-mir-34c,hsa-mir-21,hsa-mir-141,hsa-mir-218-1,hsa-mir-92b,hsa-mir-27a"
Disease,Breast Neoplasms,34,0.22972973,3.40287162,1.95E-12,1.14E-09,1.78E-10,"hsa-mir-96,hsa-mir-200c,hsa-mir-194-2,hsa-mir-486-1,hsa-mir-383,hsa-mir-181b-1,hsa-mir-181a-2,hsa-mir-135b,hsa-mir-429,hsa-mir-222,hsa-mir-451a,hsa-mir-10b,hsa-mir-182,hsa-mir-34b,hsa-mir-221,hsa-mir-218-2,hsa-mir-194-1,hsa-mir-30b,hsa-mir-183,hsa-mir-196a-1,hsa-mir-486-2,hsa-mir-200a,hsa-mir-149,hsa-let-7e,hsa-mir-200b,hsa-mir-31,hsa-mir-34c,hsa-mir-21,hsa-mir-141,hsa-mir-181b-2,hsa-mir-218-1,hsa-mir-320b-2,hsa-mir-505,hsa-mir-27a"
Disease,"Carcinoma, Ovarian",39,0.20103093,2.97777062,2.02E-12,1.18E-09,1.71E-10,"hsa-mir-96,hsa-mir-200c,hsa-mir-181a-1,hsa-mir-203b,hsa-mir-129-1,hsa-mir-101-1,hsa-mir-196b,hsa-mir-99a,hsa-mir-383,hsa-mir-181b-1,hsa-mir-181a-2,hsa-mir-135b,hsa-mir-429,hsa-mir-451a,hsa-mir-378a,hsa-mir-182,hsa-mir-122,hsa-mir-34b,hsa-mir-708,hsa-mir-101-2,hsa-mir-23a,hsa-mir-187,hsa-mir-183,hsa-mir-196a-1,hsa-mir-490,hsa-mir-483,hsa-mir-200a,hsa-mir-551b,hsa-mir-148a,hsa-mir-149,hsa-let-7e,hsa-mir-200b,hsa-mir-31,hsa-mir-34c,hsa-mir-21,hsa-mir-141,hsa-mir-181b-2,hsa-mir-92b,hsa-mir-378c"
Disease,"Carcinoma, Prostate",45,0.17509728,2.5936284,2.43E-12,1.42E-09,1.92E-10,"hsa-mir-96,hsa-mir-200c,hsa-mir-194-2,hsa-mir-181a-1,hsa-mir-129-1,hsa-mir-101-1,hsa-mir-99a,hsa-mir-181b-1,hsa-mir-383,hsa-mir-181a-2,hsa-mir-135b,hsa-mir-181c,hsa-mir-429,hsa-mir-222,hsa-mir-378a,hsa-mir-182,hsa-mir-122,hsa-mir-139,hsa-mir-34b,hsa-mir-708,hsa-mir-221,hsa-mir-101-2,hsa-mir-218-2,hsa-mir-23a,hsa-mir-194-1,hsa-mir-675,hsa-mir-181d,hsa-mir-187,hsa-mir-183,hsa-mir-483,hsa-mir-200a,hsa-let-7c,hsa-mir-148a,hsa-mir-149,hsa-let-7e,hsa-mir-200b,hsa-mir-31,hsa-mir-34c,hsa-mir-21,hsa-mir-141,hsa-mir-181b-2,hsa-mir-218-1,hsa-mir-92b,hsa-mir-27a,hsa-mir-378c"
Disease,Cholangiocarcinoma,17,0.48571429,7.19464286,3.98E-12,2.33E-09,2.95E-10,"hsa-mir-483,hsa-mir-200a,hsa-mir-96,hsa-mir-221,hsa-mir-200c,hsa-mir-194-2,hsa-mir-181c,hsa-mir-429,hsa-mir-203b,hsa-mir-194-1,hsa-mir-200b,hsa-mir-222,hsa-mir-21,hsa-mir-141,hsa-mir-122,hsa-mir-144,hsa-mir-192"
Disease,"Carcinoma, Renal Cell",30,0.25210084,3.7342437,5.13E-12,3.00E-09,3.58E-10,"hsa-mir-96,hsa-mir-454,hsa-mir-200c,hsa-mir-181a-1,hsa-mir-144,hsa-mir-3065,hsa-mir-181a-2,hsa-mir-429,hsa-mir-222,hsa-mir-451a,hsa-mir-378a,hsa-mir-182,hsa-mir-122,hsa-mir-34b,hsa-mir-221,hsa-mir-218-2,hsa-mir-30b,hsa-mir-183,hsa-mir-196a-1,hsa-mir-200a,hsa-let-7c,hsa-mir-148a,hsa-let-7e,hsa-mir-200b,hsa-mir-34c,hsa-mir-21,hsa-mir-141,hsa-mir-218-1,hsa-mir-27a,hsa-mir-378c"
Disease,Prostate Neoplasms,23,0.30666667,4.5425,4.09E-11,2.39E-08,2.55E-09,"hsa-mir-135b,hsa-mir-486-2,hsa-mir-200a,hsa-mir-221,hsa-mir-200c,hsa-mir-148a,hsa-mir-101-2,hsa-mir-194-2,hsa-mir-486-1,hsa-mir-203b,hsa-mir-194-1,hsa-mir-200b,hsa-mir-34c,hsa-mir-330,hsa-mir-101-1,hsa-mir-222,hsa-mir-105-1,hsa-mir-21,hsa-mir-182,hsa-mir-181b-2,hsa-mir-99a,hsa-mir-181b-1,hsa-mir-27a"
Disease,"Carcinoma, Cervical",31,0.22463768,3.32744565,5.66E-11,3.31E-08,3.36E-09,"hsa-mir-96,hsa-mir-181a-1,hsa-mir-203b,hsa-mir-129-1,hsa-mir-101-1,hsa-mir-196b,hsa-mir-99a,hsa-mir-181b-1,hsa-mir-181a-2,hsa-mir-135b,hsa-mir-181c,hsa-mir-429,hsa-mir-222,hsa-mir-182,hsa-mir-139,hsa-mir-101-2,hsa-mir-218-2,hsa-mir-30b,hsa-mir-181d,hsa-mir-187,hsa-mir-183,hsa-mir-196a-1,hsa-mir-200a,hsa-mir-148a,hsa-mir-200b,hsa-mir-31,hsa-mir-21,hsa-mir-141,hsa-mir-181b-2,hsa-mir-218-1,hsa-mir-27a"
Disease,"Carcinoma, Endometrial",20,0.34482759,5.10775862,9.03E-11,5.28E-08,5.10E-09,"hsa-mir-135b,hsa-mir-200a,hsa-let-7c,hsa-mir-200c,hsa-mir-194-2,hsa-mir-181a-1,hsa-mir-429,hsa-let-7e,hsa-mir-203b,hsa-mir-218-2,hsa-mir-194-1,hsa-mir-200b,hsa-mir-31,hsa-mir-34c,hsa-mir-222,hsa-mir-10b,hsa-mir-182,hsa-mir-141,hsa-mir-218-1,hsa-mir-505"
Disease,"Carcinoma, Thyroid, Papillary",19,0.33928571,5.02566964,4.07E-10,2.38E-07,2.19E-08,"hsa-mir-34b,hsa-mir-135b,hsa-mir-96,hsa-mir-221,hsa-mir-181a-1,hsa-let-7e,hsa-mir-31,hsa-mir-34c,hsa-mir-222,hsa-mir-451a,hsa-mir-21,hsa-mir-182,hsa-mir-181b-2,hsa-mir-183,hsa-mir-99a,hsa-mir-181b-1,hsa-mir-144,hsa-mir-192,hsa-mir-181a-2"
Disease,Melanoma,29,0.21969697,3.25426136,5.61E-10,3.28E-07,2.77E-08,"hsa-mir-200c,hsa-mir-194-2,hsa-mir-181a-1,hsa-mir-203b,hsa-mir-101-1,hsa-mir-181a-2,hsa-mir-429,hsa-mir-222,hsa-mir-451a,hsa-mir-378a,hsa-mir-10b,hsa-mir-182,hsa-mir-34b,hsa-mir-221,hsa-mir-101-2,hsa-mir-218-2,hsa-mir-194-1,hsa-mir-625,hsa-mir-183,hsa-mir-196a-1,hsa-mir-200a,hsa-let-7c,hsa-let-7e,hsa-mir-200b,hsa-mir-34c,hsa-mir-21,hsa-mir-141,hsa-mir-218-1,hsa-mir-378c"
Disease,Glioblastoma,33,0.19526627,2.89238166,6.38E-10,3.73E-07,3.02E-08,"hsa-mir-200c,hsa-mir-577,hsa-mir-181a-1,hsa-mir-486-1,hsa-mir-203b,hsa-mir-129-1,hsa-mir-330,hsa-mir-101-1,hsa-mir-181b-1,hsa-mir-144,hsa-mir-181a-2,hsa-mir-135b,hsa-mir-181c,hsa-mir-429,hsa-mir-222,hsa-mir-451a,hsa-mir-10b,hsa-mir-182,hsa-mir-139,hsa-mir-221,hsa-mir-101-2,hsa-mir-218-2,hsa-mir-30b,hsa-mir-181d,hsa-mir-486-2,hsa-let-7c,hsa-mir-148a,hsa-mir-149,hsa-mir-31,hsa-mir-21,hsa-mir-181b-2,hsa-mir-218-1,hsa-mir-92b"
Disease,Choriocarcinoma,19,0.31666667,4.690625,1.59E-09,9.31E-07,7.25E-08,"hsa-mir-200a,hsa-mir-221,hsa-mir-200c,hsa-mir-194-2,hsa-mir-429,hsa-mir-218-2,hsa-mir-203b,hsa-mir-194-1,hsa-mir-200b,hsa-mir-31,hsa-mir-10b,hsa-mir-21,hsa-mir-182,hsa-mir-181b-2,hsa-mir-218-1,hsa-mir-183,hsa-mir-196a-1,hsa-mir-181b-1,hsa-mir-192"
Disease,"Carcinoma, Rectal",17,0.35416667,5.24609375,1.87E-09,1.09E-06,8.20E-08,"hsa-mir-139,hsa-mir-34b,hsa-mir-135b,hsa-mir-486-2,hsa-mir-221,hsa-mir-486-1,hsa-mir-203b,hsa-mir-31,hsa-mir-34c,hsa-mir-141,hsa-mir-181b-2,hsa-mir-21,hsa-mir-183,hsa-mir-196a-1,hsa-mir-92b,hsa-mir-181b-1,hsa-mir-27a"
Disease,Gastrointestinal Neoplasms,22,0.26829268,3.97408537,2.24E-09,1.31E-06,9.50E-08,"hsa-mir-139,hsa-mir-34b,hsa-mir-221,hsa-mir-200c,hsa-mir-148a,hsa-mir-181c,hsa-mir-218-2,hsa-mir-129-1,hsa-mir-200b,hsa-mir-31,hsa-mir-34c,hsa-mir-222,hsa-mir-451a,hsa-mir-378a,hsa-mir-21,hsa-mir-141,hsa-mir-181b-2,hsa-mir-218-1,hsa-mir-196a-1,hsa-mir-181b-1,hsa-mir-27a,hsa-mir-378c"
Disease,Ovarian Neoplasms,25,0.23584906,3.49351415,2.69E-09,1.58E-06,1.10E-07,"hsa-mir-200c,hsa-mir-194-2,hsa-mir-486-1,hsa-mir-99a,hsa-mir-383,hsa-mir-135b,hsa-mir-429,hsa-mir-34b,hsa-mir-218-2,hsa-mir-194-1,hsa-mir-30b,hsa-mir-183,hsa-mir-486-2,hsa-mir-200a,hsa-let-7c,hsa-let-7e,hsa-mir-200b,hsa-mir-31,hsa-mir-34c,hsa-mir-21,hsa-mir-141,hsa-mir-218-1,hsa-mir-320b-2,hsa-mir-92b,hsa-mir-27a"
Disease,"Squamous Cell Carcinoma, Esophageal",29,0.20422535,3.02508803,3.73E-09,2.18E-06,1.47E-07,"hsa-mir-577,hsa-mir-194-2,hsa-mir-181a-1,hsa-mir-203b,hsa-mir-129-1,hsa-mir-101-1,hsa-mir-383,hsa-mir-181a-2,hsa-mir-10b,hsa-mir-139,hsa-mir-34b,hsa-mir-101-2,hsa-mir-218-2,hsa-mir-194-1,hsa-mir-181d,hsa-mir-183,hsa-mir-196a-1,hsa-mir-483,hsa-mir-200a,hsa-let-7c,hsa-mir-148a,hsa-let-7e,hsa-mir-200b,hsa-mir-31,hsa-mir-34c,hsa-mir-21,hsa-mir-218-1,hsa-mir-92b,hsa-mir-27a"
Disease,"Adenocarcinoma, Lung",24,0.23762376,3.51980198,5.28E-09,3.09E-06,2.02E-07,"hsa-mir-200c,hsa-mir-181a-1,hsa-mir-203b,hsa-mir-101-1,hsa-mir-196b,hsa-mir-99a,hsa-mir-181a-2,hsa-mir-451a,hsa-mir-182,hsa-mir-192,hsa-mir-34b,hsa-mir-23a,hsa-mir-187,hsa-mir-183,hsa-mir-483,hsa-mir-200a,hsa-mir-551b,hsa-mir-149,hsa-mir-200b,hsa-mir-31,hsa-mir-34c,hsa-mir-21,hsa-mir-218-1,hsa-mir-27a"
Disease,Pancreatic Neoplasms,19,0.296875,4.39746094,5.50E-09,3.22E-06,2.04E-07,"hsa-mir-34b,hsa-mir-486-2,hsa-mir-200a,hsa-mir-221,hsa-let-7c,hsa-mir-96,hsa-mir-200c,hsa-mir-148a,hsa-let-7e,hsa-mir-203b,hsa-mir-486-1,hsa-mir-200b,hsa-mir-34c,hsa-mir-222,hsa-mir-21,hsa-mir-181b-2,hsa-mir-196a-1,hsa-mir-181b-1,hsa-mir-27a"
Disease,Brain Neoplasms,12,0.5,7.40625,5.55E-09,3.25E-06,1.99E-07,"hsa-mir-181a-1,hsa-mir-181c,hsa-mir-129-1,hsa-mir-222,hsa-mir-451a,hsa-mir-181d,hsa-mir-21,hsa-mir-181b-2,hsa-mir-383,hsa-mir-92b,hsa-mir-181b-1,hsa-mir-181a-2"
Disease,Retinoblastoma,16,0.35555556,5.26666667,5.68E-09,3.32E-06,1.98E-07,"hsa-mir-34b,hsa-mir-200a,hsa-let-7c,hsa-mir-101-2,hsa-mir-181a-1,hsa-let-7e,hsa-mir-218-2,hsa-mir-31,hsa-mir-34c,hsa-mir-101-1,hsa-mir-21,hsa-mir-181b-2,hsa-mir-218-1,hsa-mir-183,hsa-mir-181b-1,hsa-mir-181a-2"
Disease,"Leukemia, Myeloid, Acute",26,0.21848739,3.23634454,7.06E-09,4.13E-06,2.32E-07,"hsa-mir-96,hsa-mir-200c,hsa-mir-181a-1,hsa-mir-203b,hsa-mir-196b,hsa-mir-181b-1,hsa-mir-181a-2,hsa-mir-181c,hsa-mir-222,hsa-mir-378a,hsa-mir-34b,hsa-mir-221,hsa-mir-23a,hsa-mir-30b,hsa-mir-625,hsa-mir-181d,hsa-mir-200a,hsa-let-7c,hsa-mir-551b,hsa-mir-149,hsa-mir-200b,hsa-mir-34c,hsa-mir-21,hsa-mir-181b-2,hsa-mir-27a,hsa-mir-378c"
Disease,Heart Failure,26,0.21666667,3.209375,8.58E-09,5.02E-06,2.75E-07,"hsa-mir-181a-1,hsa-mir-129-1,hsa-mir-181a-2,hsa-mir-181c,hsa-mir-429,hsa-mir-222,hsa-mir-451a,hsa-mir-105-1,hsa-mir-378a,hsa-mir-10b,hsa-mir-182,hsa-mir-122,hsa-mir-192,hsa-mir-139,hsa-mir-34b,hsa-mir-221,hsa-mir-218-2,hsa-mir-30b,hsa-let-7c,hsa-mir-148a,hsa-let-7e,hsa-mir-21,hsa-mir-218-1,hsa-mir-320b-2,hsa-mir-27a,hsa-mir-378c"
Disease,"Carcinoma, Nasopharyngeal",25,0.21929825,3.24835526,1.41E-08,8.24E-06,4.39E-07,"hsa-mir-200c,hsa-mir-181a-1,hsa-mir-203b,hsa-mir-101-1,hsa-mir-181a-2,hsa-mir-451a,hsa-mir-378a,hsa-mir-10b,hsa-mir-34b,hsa-mir-101-2,hsa-mir-23a,hsa-mir-30b,hsa-mir-183,hsa-mir-483,hsa-mir-200a,hsa-let-7c,hsa-mir-148a,hsa-let-7e,hsa-mir-200b,hsa-mir-31,hsa-mir-34c,hsa-mir-21,hsa-mir-320b-2,hsa-mir-27a,hsa-mir-378c"
Disease,Kaposi's Sarcoma,12,0.44444444,6.58333333,3.02E-08,1.77E-05,8.74E-07,"hsa-mir-708,hsa-mir-200a,hsa-mir-221,hsa-let-7c,hsa-mir-200c,hsa-mir-149,hsa-let-7e,hsa-mir-1258,hsa-mir-23a,hsa-mir-200b,hsa-mir-222,hsa-mir-99a"
Disease,"Diabetes Mellitus, Type 2",28,0.19047619,2.82142857,4.21E-08,2.46E-05,1.19E-06,"hsa-mir-454,hsa-mir-96,hsa-mir-200c,hsa-mir-486-1,hsa-mir-101-1,hsa-mir-383,hsa-mir-181b-1,hsa-mir-144,hsa-mir-222,hsa-mir-451a,hsa-mir-182,hsa-mir-122,hsa-mir-192,hsa-mir-221,hsa-mir-101-2,hsa-mir-23a,hsa-mir-187,hsa-mir-196a-1,hsa-mir-486-2,hsa-mir-200a,hsa-let-7c,hsa-mir-148a,hsa-let-7e,hsa-mir-200b,hsa-mir-21,hsa-mir-181b-2,hsa-mir-320b-2,hsa-mir-27a"
Disease,Hepatitis C Virus Infection,21,0.24137931,3.57543103,4.63E-08,2.71E-05,1.28E-06,"hsa-mir-96,hsa-mir-194-2,hsa-mir-181a-1,hsa-mir-885,hsa-mir-196b,hsa-mir-99a,hsa-mir-181a-2,hsa-mir-181c,hsa-mir-182,hsa-mir-122,hsa-mir-192,hsa-mir-221,hsa-mir-23a,hsa-mir-194-1,hsa-mir-200a,hsa-let-7c,hsa-mir-148a,hsa-let-7e,hsa-mir-200b,hsa-mir-21,hsa-mir-27a"
Disease,Osteoarthritis,14,0.34146341,5.05792683,1.07E-07,6.26E-05,2.82E-06,"hsa-mir-139,hsa-mir-483,hsa-mir-148a,hsa-mir-181a-1,hsa-mir-181c,hsa-mir-23a,hsa-mir-30b,hsa-mir-181d,hsa-mir-21,hsa-mir-181b-2,hsa-mir-122,hsa-mir-181b-1,hsa-mir-27a,hsa-mir-181a-2"
Disease,Thyroid Neoplasms,9,0.5625,8.33203125,1.46E-07,8.52E-05,3.75E-06,"hsa-mir-181a-1,hsa-mir-181a-2,hsa-mir-222,hsa-mir-200a,hsa-mir-144,hsa-mir-221,hsa-mir-200b,hsa-mir-21,hsa-mir-141"
Disease,Cardiovascular Diseases [unspecific],17,0.265625,3.93457031,2.57E-07,0.000151,6.49E-06,"hsa-mir-34b,hsa-mir-221,hsa-mir-200c,hsa-mir-148a,hsa-mir-181a-1,hsa-mir-149,hsa-mir-23a,hsa-mir-34c,hsa-mir-222,hsa-mir-451a,hsa-mir-10b,hsa-mir-21,hsa-mir-378a,hsa-mir-122,hsa-mir-99a,hsa-mir-144,hsa-mir-181a-2"
Disease,Hepatitis B Virus Infection,17,0.25373134,3.75839552,5.35E-07,0.000313,1.24E-05,"hsa-mir-34b,hsa-mir-221,hsa-let-7c,hsa-mir-181a-1,hsa-mir-149,hsa-mir-218-2,hsa-mir-31,hsa-mir-34c,hsa-mir-141,hsa-mir-122,hsa-mir-181b-2,hsa-mir-21,hsa-mir-218-1,hsa-mir-99a,hsa-mir-181b-1,hsa-mir-27a,hsa-mir-181a-2"
Disease,Chronic Obstructive Pulmonary Disease,11,0.39285714,5.81919643,5.66E-07,0.000331,1.29E-05,"hsa-mir-34b,hsa-mir-181a-1,hsa-mir-149,hsa-mir-218-2,hsa-mir-23a,hsa-mir-34c,hsa-mir-21,hsa-mir-122,hsa-mir-218-1,hsa-mir-192,hsa-mir-181a-2"
Disease,"Leukemia, Lymphocytic, Chronic, B-Cell",12,0.35294118,5.22794118,6.47E-07,0.000379,1.45E-05,"hsa-mir-34b,hsa-mir-221,hsa-mir-148a,hsa-mir-181a-1,hsa-mir-181c,hsa-mir-34c,hsa-mir-222,hsa-mir-181d,hsa-mir-21,hsa-mir-181b-2,hsa-mir-181b-1,hsa-mir-181a-2"
Disease,Lung Neoplasms,22,0.2,2.9625,7.93E-07,0.000464,1.71E-05,"hsa-mir-181a-1,hsa-mir-486-1,hsa-mir-203b,hsa-mir-181b-1,hsa-mir-181a-2,hsa-mir-181c,hsa-mir-182,hsa-mir-192,hsa-mir-34b,hsa-mir-218-2,hsa-mir-187,hsa-mir-183,hsa-mir-196a-1,hsa-mir-486-2,hsa-let-7c,hsa-let-7e,hsa-mir-1258,hsa-mir-31,hsa-mir-34c,hsa-mir-21,hsa-mir-181b-2,hsa-mir-218-1"
Disease,"Cardiomyopathy, Hypertrophic",15,0.27272727,4.03977273,1.02E-06,0.000594,2.15E-05,"hsa-mir-34b,hsa-mir-708,hsa-mir-96,hsa-mir-23a,hsa-mir-30b,hsa-mir-222,hsa-mir-451a,hsa-mir-10b,hsa-mir-21,hsa-mir-181b-2,hsa-mir-505,hsa-mir-99a,hsa-mir-383,hsa-mir-181b-1,hsa-mir-192"
Disease,Adenovirus Infection,12,0.33333333,4.9375,1.32E-06,0.000773,2.61E-05,"hsa-mir-148a,hsa-mir-101-2,hsa-mir-194-2,hsa-mir-194-1,hsa-mir-30b,hsa-mir-101-1,hsa-mir-378a,hsa-mir-181b-2,hsa-mir-122,hsa-mir-181b-1,hsa-mir-27a,hsa-mir-378c"
Disease,"Carcinoma, Urothelial",8,0.53333333,7.9,1.34E-06,0.000783,2.60E-05,"hsa-mir-183,hsa-mir-101-2,hsa-mir-27a,hsa-mir-99a,hsa-mir-101-1,hsa-mir-96,hsa-mir-21,hsa-mir-182"
Disease,Bladder Neoplasms,12,0.32432432,4.80405405,1.85E-06,0.00108,3.48E-05,"hsa-mir-34b,hsa-mir-708,hsa-mir-101-2,hsa-mir-149,hsa-mir-203b,hsa-mir-200b,hsa-mir-34c,hsa-mir-101-1,hsa-mir-21,hsa-mir-181b-2,hsa-mir-99a,hsa-mir-181b-1"
Disease,"Carcinoma, Oral",12,0.32432432,4.80405405,1.85E-06,0.00108,3.48E-05,"hsa-mir-139,hsa-mir-34b,hsa-mir-135b,hsa-mir-181a-1,hsa-mir-181c,hsa-mir-203b,hsa-mir-31,hsa-mir-181d,hsa-mir-21,hsa-mir-196b,hsa-mir-196a-1,hsa-mir-181a-2"
Disease,"Carcinoma, Skin",6,0.75,11.109375,1.98E-06,0.00116,3.62E-05,"hsa-mir-148a,hsa-mir-383,hsa-mir-200a,hsa-mir-200b,hsa-mir-200c,hsa-mir-21"
Disease,Hepatoblastoma,10,0.38461538,5.69711538,2.47E-06,0.00145,4.44E-05,"hsa-mir-34b,hsa-mir-96,hsa-mir-221,hsa-mir-148a,hsa-mir-181a-1,hsa-mir-34c,hsa-mir-222,hsa-mir-21,hsa-mir-122,hsa-mir-181a-2"
Disease,Chronic Hepatitis B,11,0.34375,5.09179688,2.72E-06,0.00159,4.81E-05,"hsa-mir-200a,hsa-mir-200c,hsa-mir-181a-1,hsa-mir-200b,hsa-mir-30b,hsa-mir-885,hsa-mir-181b-2,hsa-mir-122,hsa-mir-181b-1,hsa-mir-192,hsa-mir-181a-2"
Disease,Leukemia,16,0.23880597,3.53731343,3.00E-06,0.00175,5.22E-05,"hsa-mir-139,hsa-mir-34b,hsa-mir-486-2,hsa-mir-454,hsa-mir-181a-1,hsa-mir-181c,hsa-mir-486-1,hsa-mir-23a,hsa-mir-378a,hsa-mir-196b,hsa-mir-21,hsa-mir-122,hsa-mir-183,hsa-mir-27a,hsa-mir-378c,hsa-mir-181a-2"
Disease,Multiple Myeloma,15,0.25,3.703125,3.45E-06,0.00202,5.93E-05,"hsa-mir-135b,hsa-mir-561,hsa-mir-221,hsa-mir-96,hsa-mir-148a,hsa-mir-194-2,hsa-mir-181a-1,hsa-mir-149,hsa-mir-194-1,hsa-mir-30b,hsa-mir-451a,hsa-mir-182,hsa-mir-21,hsa-mir-192,hsa-mir-181a-2"
Disease,Epilepsy,10,0.37037037,5.48611111,3.71E-06,0.00217,6.29E-05,"hsa-mir-139,hsa-mir-34b,hsa-mir-221,hsa-mir-194-2,hsa-mir-181c,hsa-mir-23a,hsa-mir-194-1,hsa-mir-34c,hsa-mir-30b,hsa-mir-21"
Disease,Acute Kidney Injury,8,0.47058824,6.97058824,4.52E-06,0.00265,7.55E-05,"hsa-mir-194-2,hsa-mir-192,hsa-mir-200a,hsa-mir-194-1,hsa-mir-200c,hsa-mir-200b,hsa-mir-21,hsa-mir-182"
Disease,Human Cytomegalovirus Infection,6,0.66666667,9.875,5.63E-06,0.00329,9.14E-05,"hsa-mir-218-1,hsa-mir-218-2,hsa-mir-200a,hsa-mir-200b,hsa-mir-200c,hsa-mir-21"
Disease,Keloid,7,0.53846154,7.97596154,6.10E-06,0.00357,9.51E-05,"hsa-mir-181a-1,hsa-mir-181c,hsa-mir-181b-1,hsa-mir-200b,hsa-mir-21,hsa-mir-181a-2,hsa-mir-181b-2"
Disease,Nephrosclerosis,5,0.83333333,12.34375,7.07E-06,0.00414,0.000109,"hsa-mir-429,hsa-mir-200a,hsa-mir-200b,hsa-mir-192,hsa-mir-141"
Disease,"Carcinoma, Thyroid",11,0.30555556,4.52604167,1.01E-05,0.00593,0.000152,"hsa-mir-486-2,hsa-mir-200a,hsa-mir-221,hsa-mir-551b,hsa-mir-148a,hsa-mir-149,hsa-mir-486-1,hsa-mir-222,hsa-mir-21,hsa-mir-144,hsa-mir-27a"
Disease,Alzheimer's Disease,19,0.19,2.814375,1.23E-05,0.00719,0.000182,"hsa-mir-200c,hsa-mir-181a-1,hsa-mir-101-1,hsa-mir-885,hsa-mir-181b-1,hsa-mir-181a-2,hsa-mir-181c,hsa-mir-222,hsa-mir-139,hsa-mir-708,hsa-mir-101-2,hsa-mir-181d,hsa-mir-483,hsa-mir-200b,hsa-mir-31,hsa-mir-21,hsa-mir-181b-2,hsa-mir-505,hsa-mir-27a"
Disease,"Cardiomyopathy, Ischemic",8,0.42105263,6.23684211,1.26E-05,0.00736,0.000184,"hsa-mir-30b,hsa-mir-139,hsa-mir-320b-2,hsa-mir-23a,hsa-mir-200a,hsa-mir-483,hsa-mir-21,hsa-mir-141"
Disease,Pituitary Adenoma,8,0.42105263,6.23684211,1.26E-05,0.00736,0.000184,"hsa-mir-181a-1,hsa-mir-383,hsa-mir-181b-1,hsa-mir-200c,hsa-mir-181d,hsa-mir-10b,hsa-mir-181a-2,hsa-mir-181b-2"
Disease,"Carcinoma, Thyroid, Medullary",6,0.54545455,8.07954545,2.77E-05,0.0162,0.000378,"hsa-mir-99a,hsa-mir-129-1,hsa-mir-200b,hsa-mir-200c,hsa-mir-21,hsa-mir-182"
Disease,Barrett's Esophagus,6,0.54545455,8.07954545,2.77E-05,0.0162,0.000378,"hsa-mir-196a-1,hsa-mir-194-2,hsa-mir-203b,hsa-mir-194-1,hsa-mir-192,hsa-mir-21"
Disease,Kidney Transplant Rejection,6,0.54545455,8.07954545,2.77E-05,0.0162,0.000378,"hsa-mir-99a,hsa-mir-486-2,hsa-mir-486-1,hsa-mir-200b,hsa-mir-192,hsa-mir-21"
Disease,Necrotizing Enterocolitis,6,0.54545455,8.07954545,2.77E-05,0.0162,0.000378,"hsa-mir-194-2,hsa-mir-451a,hsa-mir-203b,hsa-mir-194-1,hsa-mir-21,hsa-mir-31"
Disease,Crohn Disease,10,0.3030303,4.48863636,2.91E-05,0.017,0.000379,"hsa-mir-149,hsa-let-7e,hsa-mir-31,hsa-mir-21,hsa-mir-196b,hsa-mir-141,hsa-mir-122,hsa-mir-196a-1,hsa-mir-99a,hsa-mir-192"
Disease,Human Immunodeficiency Virus Infection,12,0.25531915,3.78191489,2.99E-05,0.0175,0.000385,"hsa-let-7c,hsa-mir-181a-1,hsa-let-7e,hsa-mir-34c,hsa-mir-222,hsa-mir-196b,hsa-mir-21,hsa-mir-122,hsa-mir-183,hsa-mir-196a-1,hsa-mir-27a,hsa-mir-181a-2"
Disease,Systemic Lupus Erythematosus,13,0.23636364,3.50113636,3.31E-05,0.0194,0.000422,"hsa-mir-34b,hsa-mir-221,hsa-mir-148a,hsa-mir-181a-1,hsa-mir-181c,hsa-let-7e,hsa-mir-31,hsa-mir-34c,hsa-mir-21,hsa-mir-181b-2,hsa-mir-196a-1,hsa-mir-181b-1,hsa-mir-181a-2"
Disease,Endometriosis,11,0.26829268,3.97408537,4.03E-05,0.0236,0.000508,"hsa-mir-200a,hsa-mir-194-2,hsa-mir-194-1,hsa-mir-200b,hsa-mir-34c,hsa-mir-451a,hsa-mir-10b,hsa-mir-196b,hsa-mir-141,hsa-mir-183,hsa-mir-99a"
Disease,Autism Spectrum Disorder,9,0.32142857,4.76116071,4.49E-05,0.0263,0.00056,"hsa-mir-34b,hsa-mir-486-2,hsa-mir-486-1,hsa-mir-23a,hsa-mir-129-1,hsa-mir-21,hsa-mir-181b-2,hsa-mir-181b-1,hsa-mir-27a"
Disease,Myelodysplastic Syndromes,9,0.32142857,4.76116071,4.49E-05,0.0263,0.00056,"hsa-mir-221,hsa-mir-194-2,hsa-mir-23a,hsa-mir-194-1,hsa-mir-222,hsa-mir-378a,hsa-mir-21,hsa-mir-196b,hsa-mir-378c"
Disease,Liver Cirrhosis,13,0.22807018,3.37828947,5.00E-05,0.0292,0.000611,"hsa-mir-200a,hsa-mir-221,hsa-mir-454,hsa-mir-101-2,hsa-mir-203b,hsa-mir-200b,hsa-mir-101-1,hsa-mir-222,hsa-mir-378a,hsa-mir-10b,hsa-mir-21,hsa-mir-122,hsa-mir-144"
Disease,Preeclampsia,15,0.2027027,3.00253378,5.48E-05,0.0321,0.000656,"hsa-mir-34b,hsa-mir-135b,hsa-mir-101-2,hsa-mir-181a-1,hsa-mir-149,hsa-mir-203b,hsa-mir-34c,hsa-mir-222,hsa-mir-101-1,hsa-mir-885,hsa-mir-182,hsa-mir-21,hsa-mir-92b,hsa-mir-27a,hsa-mir-181a-2"
Disease,"Squamous Cell Carcinoma, Oral",16,0.19277108,2.85542169,5.74E-05,0.0336,0.00068,"hsa-mir-139,hsa-mir-221,hsa-mir-200c,hsa-mir-429,hsa-mir-218-2,hsa-mir-203b,hsa-mir-31,hsa-mir-222,hsa-mir-10b,hsa-mir-21,hsa-mir-218-1,hsa-mir-196a-1,hsa-mir-99a,hsa-mir-92b,hsa-mir-144,hsa-mir-27a"
Disease,Liver Diseases [unspecific],9,0.31034483,4.59698276,6.16E-05,0.036,0.000716,"hsa-mir-139,hsa-mir-200a,hsa-let-7c,hsa-mir-200c,hsa-let-7e,hsa-mir-200b,hsa-mir-21,hsa-mir-122,hsa-mir-27a"
Disease,Polycystic Ovarian Syndrome,9,0.31034483,4.59698276,6.16E-05,0.036,0.000716,"hsa-mir-486-2,hsa-mir-483,hsa-mir-194-2,hsa-mir-486-1,hsa-mir-23a,hsa-mir-194-1,hsa-mir-34c,hsa-mir-21,hsa-mir-122"
Disease,Autoimmune Diseases [unspecific],10,0.27777778,4.11458333,6.76E-05,0.0396,0.000763,"hsa-mir-221,hsa-mir-200c,hsa-mir-181a-1,hsa-mir-149,hsa-mir-23a,hsa-mir-31,hsa-mir-30b,hsa-mir-222,hsa-mir-21,hsa-mir-181a-2"
Disease,Head And Neck Neoplasms,10,0.27777778,4.11458333,6.76E-05,0.0396,0.000763,"hsa-mir-221,hsa-let-7c,hsa-mir-200c,hsa-mir-181a-1,hsa-let-7e,hsa-mir-181d,hsa-mir-21,hsa-mir-181b-2,hsa-mir-181b-1,hsa-mir-181a-2"
Disease,Atherosclerosis,17,0.17894737,2.65065789,8.88E-05,0.0519,0.000983,"hsa-mir-181a-1,hsa-mir-99a,hsa-mir-181b-1,hsa-mir-144,hsa-mir-181a-2,hsa-mir-135b,hsa-mir-222,hsa-mir-378a,hsa-mir-10b,hsa-mir-182,hsa-mir-221,hsa-mir-30b,hsa-mir-490,hsa-mir-21,hsa-mir-181b-2,hsa-mir-27a,hsa-mir-378c"
Disease,Colon Neoplasms,15,0.19480519,2.88555195,8.98E-05,0.0525,0.000985,"hsa-mir-135b,hsa-mir-486-2,hsa-mir-221,hsa-let-7c,hsa-mir-148a,hsa-mir-101-2,hsa-mir-194-2,hsa-let-7e,hsa-mir-486-1,hsa-mir-194-1,hsa-mir-200b,hsa-mir-101-1,hsa-mir-21,hsa-mir-141,hsa-mir-192"
Disease,"Adenocarcinoma, Cervical",4,0.8,11.85,9.18E-05,0.0537,0.000998,"hsa-mir-192,hsa-mir-135b,hsa-mir-194-1,hsa-mir-194-2"
Disease,"Leukemia, Lymphoblastic, Acute",8,0.33333333,4.9375,9.25E-05,0.0541,0.000988,"hsa-mir-708,hsa-mir-221,hsa-mir-181a-1,hsa-mir-149,hsa-mir-222,hsa-mir-196b,hsa-mir-99a,hsa-mir-181a-2"
Disease,Peritoneal Dialysis Failure,9,0.29032258,4.30040323,0.000111,0.0648,0.00117,"hsa-mir-200a,hsa-mir-221,hsa-mir-148a,hsa-mir-129-1,hsa-mir-200b,hsa-mir-31,hsa-mir-30b,hsa-mir-21,hsa-mir-192"
Disease,Osteoporosis,5,0.55555556,8.22916667,0.000126,0.0738,0.00132,"hsa-mir-148a,hsa-mir-34b,hsa-mir-483,hsa-mir-27a,hsa-mir-34c"
Disease,Liver Neoplasms,8,0.32,4.74,0.000129,0.0753,0.00134,"hsa-mir-486-2,hsa-mir-200a,hsa-mir-486-1,hsa-mir-34c,hsa-mir-31,hsa-mir-10b,hsa-mir-21,hsa-mir-122"
Disease,"Carcinoma, Laryngeal",13,0.20634921,3.05654762,0.000153,0.0895,0.00158,"hsa-mir-486-2,hsa-mir-221,hsa-mir-101-2,hsa-mir-486-1,hsa-mir-31,hsa-mir-30b,hsa-mir-101-1,hsa-mir-378a,hsa-mir-10b,hsa-mir-196a-1,hsa-mir-144,hsa-mir-27a,hsa-mir-378c"
Disease,"Tuberculosis, Pulmonary",8,0.30769231,4.55769231,0.000176,0.1028,0.0018,"hsa-mir-200c,hsa-mir-149,hsa-mir-31,hsa-mir-30b,hsa-mir-21,hsa-mir-196b,hsa-mir-196a-1,hsa-mir-192"
Disease,Diabetes Mellitus,14,0.18918919,2.80236486,0.000223,0.1307,0.00222,"hsa-mir-486-2,hsa-mir-708,hsa-mir-200a,hsa-mir-200c,hsa-mir-181c,hsa-mir-429,hsa-mir-149,hsa-mir-486-1,hsa-mir-23a,hsa-mir-200b,hsa-mir-30b,hsa-mir-196b,hsa-mir-21,hsa-mir-196a-1"
Disease,"Leukemia, Lymphocytic, Chronic",10,0.24390244,3.61280488,0.000225,0.1318,0.00223,"hsa-mir-34b,hsa-mir-708,hsa-mir-181a-1,hsa-mir-31,hsa-mir-34c,hsa-mir-21,hsa-mir-181b-2,hsa-mir-122,hsa-mir-181b-1,hsa-mir-181a-2"
Disease,"Carcinoma, Gallbladder",8,0.2962963,4.38888889,0.000236,0.1382,0.00231,"hsa-mir-194-2,hsa-mir-181a-1,hsa-mir-194-1,hsa-mir-21,hsa-mir-182,hsa-mir-187,hsa-mir-27a,hsa-mir-181a-2"
Disease,Alcoholic Hepatitis,5,0.5,7.40625,0.000239,0.1399,0.00232,"hsa-mir-30b,hsa-mir-483,hsa-mir-192,hsa-mir-182,hsa-mir-122"
Disease,Celiac Disease,5,0.5,7.40625,0.000239,0.1399,0.00232,"hsa-mir-194-2,hsa-mir-194-1,hsa-mir-551b,hsa-mir-192,hsa-mir-31"
Disease,Liver Injury,6,0.4,5.925,0.000241,0.141,0.0023,"hsa-mir-200a,hsa-mir-221,hsa-mir-192,hsa-mir-21,hsa-mir-182,hsa-mir-122"
Disease,"Leukemia, Promyelocytic, Acute",6,0.4,5.925,0.000241,0.141,0.0023,"hsa-mir-34c,hsa-mir-181a-1,hsa-mir-34b,hsa-mir-181b-1,hsa-mir-181a-2,hsa-mir-181b-2"
Disease,Granular Corneal Dystrophy,3,1,14.8125,0.000297,0.1737,0.00279,"hsa-mir-21,hsa-mir-181a-2,hsa-mir-181a-1"
Disease,Thyroid Adenomas,3,1,14.8125,0.000297,0.1737,0.00279,"hsa-mir-101-2,hsa-mir-144,hsa-mir-101-1"
Disease,"Squamous Cell Carcinoma, Laryngeal or Hypopharyngeal",8,0.28571429,4.23214286,0.000313,0.183,0.00279,"hsa-mir-139,hsa-mir-148a,hsa-mir-149,hsa-mir-203b,hsa-mir-23a,hsa-mir-34c,hsa-mir-451a,hsa-mir-21"
Disease,Hirschsprung's Disease,7,0.31818182,4.71306818,0.000368,0.215,0.00325,"hsa-mir-34b,hsa-mir-429,hsa-mir-34c,hsa-mir-885,hsa-mir-141,hsa-mir-218-1,hsa-mir-192"
Disease,Lung Fibrosis,7,0.31818182,4.71306818,0.000368,0.215,0.00325,"hsa-mir-34b,hsa-mir-486-2,hsa-mir-221,hsa-mir-149,hsa-mir-486-1,hsa-mir-34c,hsa-mir-21"
Disease,Lymphoma,12,0.2,2.9625,0.000387,0.2267,0.00338,"hsa-mir-486-2,hsa-mir-200c,hsa-mir-194-2,hsa-mir-486-1,hsa-mir-203b,hsa-mir-23a,hsa-mir-194-1,hsa-mir-31,hsa-mir-10b,hsa-mir-21,hsa-mir-122,hsa-mir-144"
Disease,Uveal Melanoma,5,0.45454545,6.73295455,0.000415,0.2429,0.00359,"hsa-mir-181a-1,hsa-mir-454,hsa-mir-144,hsa-mir-21,hsa-mir-181a-2"
Disease,"Squamous Cell Carcinoma, Cerevial",6,0.35294118,5.22794118,0.000534,0.3123,0.00458,"hsa-mir-122,hsa-mir-181a-1,hsa-mir-490,hsa-mir-96,hsa-mir-144,hsa-mir-181a-2"
Disease,Rheumatoid Arthritis,11,0.2037037,3.01736111,0.000589,0.3446,0.00499,"hsa-mir-34b,hsa-mir-221,hsa-mir-149,hsa-mir-203b,hsa-mir-23a,hsa-mir-34c,hsa-mir-222,hsa-mir-451a,hsa-mir-21,hsa-mir-122,hsa-mir-27a"
Disease,"Adenocarcinoma, Gastric",9,0.23684211,3.50822368,0.000606,0.3542,0.00509,"hsa-mir-486-2,hsa-mir-483,hsa-mir-96,hsa-let-7c,hsa-mir-486-1,hsa-mir-203b,hsa-mir-23a,hsa-mir-21,hsa-mir-320b-2"
Disease,Oral Leukoplakia,5,0.41666667,6.171875,0.000674,0.3945,0.00563,"hsa-mir-181b-1,hsa-mir-129-1,hsa-mir-21,hsa-mir-31,hsa-mir-181b-2"
Disease,Renal Fibrosis,5,0.41666667,6.171875,0.000674,0.3945,0.00563,"hsa-mir-196a-1,hsa-mir-378a,hsa-mir-378c,hsa-mir-21,hsa-mir-196b"
Disease,"Leukemia, Lymphoblastic, Acute, Childhood",5,0.41666667,6.171875,0.000674,0.3945,0.00563,"hsa-mir-34c,hsa-mir-181a-1,hsa-mir-34b,hsa-mir-99a,hsa-mir-181a-2"
Disease,Epstein-Barr Virus Infection,6,0.33333333,4.9375,0.000758,0.4434,0.00619,"hsa-mir-183,hsa-mir-222,hsa-mir-221,hsa-mir-96,hsa-mir-10b,hsa-mir-182"
Disease,Coronary Heart Diseases,11,0.19642857,2.90959821,0.000819,0.4792,0.00665,"hsa-mir-486-2,hsa-mir-454,hsa-mir-221,hsa-mir-149,hsa-mir-486-1,hsa-mir-23a,hsa-mir-31,hsa-mir-451a,hsa-mir-21,hsa-mir-122,hsa-mir-320b-2"
Disease,Inflammatory Bowel Diseases,8,0.25,3.703125,0.000847,0.4952,0.00682,"hsa-mir-200a,hsa-mir-200c,hsa-mir-129-1,hsa-mir-200b,hsa-mir-31,hsa-mir-34c,hsa-mir-21,hsa-mir-122"
Disease,Pleural Mesothelioma,8,0.25,3.703125,0.000847,0.4952,0.00682,"hsa-mir-34b,hsa-mir-221,hsa-mir-23a,hsa-mir-31,hsa-mir-34c,hsa-mir-222,hsa-mir-21,hsa-mir-320b-2"
Disease,"Carcinoma, Head And Neck",5,0.38461538,5.69711538,0.00104,0.6074,0.00826,"hsa-mir-196a-1,hsa-mir-149,hsa-mir-203b,hsa-mir-200b,hsa-mir-10b"
Disease,Male Infertility,5,0.38461538,5.69711538,0.00104,0.6074,0.00826,"hsa-mir-885,hsa-mir-34c,hsa-mir-34b,hsa-mir-200a,hsa-mir-122"
Disease,Psoriasis,8,0.24242424,3.59090909,0.00106,0.6182,0.00829,"hsa-mir-194-2,hsa-mir-203b,hsa-mir-194-1,hsa-mir-31,hsa-mir-21,hsa-mir-181b-2,hsa-mir-99a,hsa-mir-181b-1"
Disease,Asthma,9,0.2195122,3.25152439,0.0011,0.6435,0.00852,"hsa-mir-708,hsa-mir-221,hsa-mir-200c,hsa-mir-148a,hsa-mir-149,hsa-let-7e,hsa-mir-187,hsa-mir-122,hsa-mir-21"
Disease,Hyperactivity Disorder,3,0.75,11.109375,0.00113,0.661,0.00869,"hsa-mir-96,hsa-mir-182,hsa-mir-183"
Disease,Pain[unspecific],3,0.75,11.109375,0.00113,0.661,0.00869,"hsa-mir-96,hsa-mir-183,hsa-mir-182"
Disease,"Carcinoma, Salivary Adenoid Cystic",3,0.75,11.109375,0.00113,0.661,0.00869,"hsa-mir-21,hsa-mir-181a-2,hsa-mir-181a-1"
Disease,"Carcinoma, Spindle Cell",3,0.75,11.109375,0.00113,0.661,0.00869,"hsa-mir-200b,hsa-mir-200c,hsa-mir-200a"
Disease,Ovarian Serous Cystadenocarcinoma,3,0.75,11.109375,0.00113,0.661,0.00869,"hsa-mir-200b,hsa-mir-200c,hsa-mir-200a"
Disease,"Diabetes Mellitus, Type 1",3,0.75,11.109375,0.00113,0.661,0.00869,"hsa-mir-101-2,hsa-mir-30b,hsa-mir-101-1"
Disease,Polycythemia Vera,6,0.3,4.44375,0.00142,0.8295,0.0103,"hsa-mir-222,hsa-mir-451a,hsa-mir-221,hsa-mir-378a,hsa-mir-378c,hsa-mir-21"
Disease,Obesity,10,0.19607843,2.90441176,0.00147,0.8574,0.0106,"hsa-mir-200a,hsa-mir-221,hsa-mir-483,hsa-mir-148a,hsa-mir-200b,hsa-mir-378a,hsa-mir-21,hsa-mir-122,hsa-mir-27a,hsa-mir-378c"
Disease,Atrial Fibrillation,11,0.18333333,2.715625,0.00151,0.8811,0.0108,"hsa-mir-486-2,hsa-mir-483,hsa-mir-486-1,hsa-mir-23a,hsa-mir-30b,hsa-mir-451a,hsa-mir-10b,hsa-mir-21,hsa-mir-183,hsa-mir-144,hsa-mir-192"
Disease,Myasthenia Gravis,5,0.35714286,5.29017857,0.00153,0.8952,0.0109,"hsa-mir-181c,hsa-mir-885,hsa-mir-192,hsa-mir-21,hsa-mir-122"
Disease,Myocardial Infarction,10,0.19230769,2.84855769,0.00172,1,0.0121,"hsa-mir-149,hsa-mir-218-2,hsa-mir-23a,hsa-mir-31,hsa-mir-34c,hsa-mir-451a,hsa-mir-21,hsa-mir-218-1,hsa-mir-320b-2,hsa-mir-144"
Disease,Kidney Injury,7,0.25,3.703125,0.00183,1,0.0128,"hsa-let-7c,hsa-mir-200c,hsa-mir-30b,hsa-mir-21,hsa-mir-182,hsa-mir-122,hsa-mir-192"
Disease,Colon Adenoma,6,0.28571429,4.23214286,0.00188,1,0.013,"hsa-mir-320b-2,hsa-mir-378c,hsa-mir-378a,hsa-mir-192,hsa-mir-21,hsa-mir-182"
Disease,Chronic Hepatitis C,8,0.22222222,3.29166667,0.00195,1,0.0133,"hsa-mir-149,hsa-mir-23a,hsa-mir-30b,hsa-mir-222,hsa-mir-196b,hsa-mir-122,hsa-mir-196a-1,hsa-mir-99a"
Disease,"Adenocarcinoma, Gastric-Esophageal Junction",5,0.33333333,4.9375,0.00217,1,0.0148,"hsa-mir-196a-1,hsa-mir-135b,hsa-mir-222,hsa-mir-192,hsa-mir-21"
Disease,Acute Coronary Syndrome,6,0.27272727,4.03977273,0.00245,1,0.0164,"hsa-mir-486-2,hsa-let-7e,hsa-mir-486-1,hsa-mir-21,hsa-mir-122,hsa-mir-92b"
Disease,"Adenocarcinoma, Esophageal",6,0.27272727,4.03977273,0.00245,1,0.0164,"hsa-mir-149,hsa-mir-203b,hsa-mir-330,hsa-mir-378a,hsa-mir-21,hsa-mir-378c"
Disease,Intrahepatic Cholangiocarcinoma,6,0.27272727,4.03977273,0.00245,1,0.0164,"hsa-mir-483,hsa-mir-96,hsa-mir-101-2,hsa-mir-101-1,hsa-mir-675,hsa-mir-505"
Disease,Acute Myocardial Infarction,9,0.19565217,2.89809783,0.00261,1,0.0172,"hsa-mir-486-2,hsa-mir-221,hsa-mir-181a-1,hsa-mir-486-1,hsa-mir-21,hsa-mir-122,hsa-mir-99a,hsa-mir-144,hsa-mir-181a-2"
Disease,Keratitis,3,0.6,8.8875,0.00269,1,0.0176,"hsa-mir-183,hsa-mir-96,hsa-mir-182"
Disease,"Carcinoma, Periampullary",3,0.6,8.8875,0.00269,1,0.0176,"hsa-mir-192,hsa-mir-31,hsa-mir-196a-1"
Disease,Reflux Esophagitis,3,0.6,8.8875,0.00269,1,0.0176,"hsa-mir-194-2,hsa-mir-192,hsa-mir-194-1"
Disease,"Adenocarcinoma, Prostate",3,0.6,8.8875,0.00269,1,0.0176,"hsa-mir-221,hsa-mir-21,hsa-mir-141"
Disease,"Adenocarcinoma, Colon",6,0.26086957,3.86413043,0.00313,1,0.0195,"hsa-mir-135b,hsa-mir-96,hsa-mir-429,hsa-mir-30b,hsa-mir-21,hsa-mir-182"
Disease,"Squamous Cell Carcinoma, Lung",6,0.26086957,3.86413043,0.00313,1,0.0195,"hsa-mir-218-2,hsa-mir-30b,hsa-mir-21,hsa-mir-182,hsa-mir-218-1,hsa-mir-183"
Disease,Ischemia-Reperfusion Injury,6,0.26086957,3.86413043,0.00313,1,0.0195,"hsa-mir-194-2,hsa-mir-194-1,hsa-mir-21,hsa-mir-187,hsa-mir-122,hsa-mir-192"
Disease,"Squamous Cell Carcinoma, Head and Neck",9,0.1875,2.77734375,0.00356,1,0.0218,"hsa-mir-200c,hsa-mir-548b,hsa-mir-200b,hsa-mir-675,hsa-mir-21,hsa-mir-182,hsa-mir-141,hsa-mir-196a-1,hsa-mir-27a"
Disease,"Leukemia, Myeloid, Chronic",11,0.1641791,2.43190299,0.00381,1,0.0233,"hsa-mir-483,hsa-mir-200a,hsa-let-7c,hsa-mir-181a-1,hsa-let-7e,hsa-mir-23a,hsa-mir-378a,hsa-mir-21,hsa-mir-196b,hsa-mir-378c,hsa-mir-181a-2"
Disease,Cardiomyopathy,6,0.25,3.703125,0.00395,1,0.024,"hsa-mir-200a,hsa-mir-200c,hsa-mir-200b,hsa-mir-30b,hsa-mir-451a,hsa-mir-21"
Disease,Astrocytoma,5,0.29411765,4.35661765,0.00402,1,0.0243,"hsa-mir-181b-1,hsa-mir-221,hsa-mir-27a,hsa-mir-21,hsa-mir-181b-2"
Disease,Focal Segmental Glomerulosclerosis,5,0.29411765,4.35661765,0.00402,1,0.0243,"hsa-mir-30b,hsa-mir-196a-1,hsa-mir-34b,hsa-mir-490,hsa-mir-34c"
Disease,Neutropenia,2,1,14.8125,0.0045,1,0.027,"hsa-mir-21,hsa-mir-196b"
Disease,"Adenocarcinoma, Ampullary",2,1,14.8125,0.0045,1,0.027,"hsa-mir-222,hsa-mir-221"
Disease,Idiopathic Asthenospermia,2,1,14.8125,0.0045,1,0.027,"hsa-mir-141,hsa-mir-122"
Disease,Biliary Atresia,3,0.5,7.40625,0.00511,1,0.0272,"hsa-mir-129-1,hsa-mir-200b,hsa-mir-21"
Disease,Chronic Heart Failure,3,0.5,7.40625,0.00511,1,0.0272,"hsa-mir-222,hsa-mir-221,hsa-mir-21"
Disease,Kallmann Syndrome,3,0.5,7.40625,0.00511,1,0.0272,"hsa-mir-200a,hsa-mir-200b,hsa-mir-200c"
Disease,Kawasaki's Syndrome,3,0.5,7.40625,0.00511,1,0.0272,"hsa-mir-483,hsa-mir-200c,hsa-mir-31"
Disease,"Squamous Cell Carcinoma, Skin or Unspecific",5,0.27777778,4.11458333,0.00528,1,0.0274,"hsa-mir-148a,hsa-mir-135b,hsa-mir-490,hsa-mir-21,hsa-mir-31"
Disease,"Leukemia, Myeloid",5,0.27777778,4.11458333,0.00528,1,0.0274,"hsa-mir-139,hsa-mir-34c,hsa-mir-486-2,hsa-mir-486-1,hsa-mir-23a"
Disease,Sepsis,7,0.20588235,3.04963235,0.00596,1,0.0307,"hsa-mir-486-2,hsa-mir-486-1,hsa-mir-31,hsa-mir-182,hsa-mir-21,hsa-mir-122,hsa-mir-27a"
Disease,Hematologic Neoplasms,7,0.20588235,3.04963235,0.00596,1,0.0307,"hsa-mir-221,hsa-mir-148a,hsa-mir-149,hsa-mir-378c,hsa-mir-222,hsa-mir-378a,hsa-mir-21"
Disease,"Colitis, Ulcerative",6,0.23076923,3.41826923,0.00606,1,0.031,"hsa-mir-200c,hsa-mir-429,hsa-mir-200b,hsa-mir-31,hsa-mir-21,hsa-mir-141"
Disease,Endometrial Neoplasms,4,0.33333333,4.9375,0.00629,1,0.032,"hsa-mir-183,hsa-mir-96,hsa-mir-27a,hsa-mir-182"
Disease,Hepatitis [unspecific],4,0.33333333,4.9375,0.00629,1,0.032,"hsa-mir-34b,hsa-mir-21,hsa-mir-34c,hsa-mir-122"
Disease,Down Syndrome,4,0.33333333,4.9375,0.00629,1,0.032,"hsa-mir-99a,hsa-mir-96,hsa-let-7c,hsa-mir-27a"
Disease,"Lymphoma, Large-Cell, Anaplastic",4,0.33333333,4.9375,0.00629,1,0.032,"hsa-mir-101-2,hsa-mir-135b,hsa-mir-708,hsa-mir-101-1"
Disease,Cervical Neoplasms,5,0.26315789,3.89802632,0.00679,1,0.034,"hsa-mir-218-1,hsa-mir-194-2,hsa-mir-218-2,hsa-mir-200a,hsa-mir-194-1"
Disease,"Squamous Cell Carcinoma, Tongue",6,0.22222222,3.29166667,0.00738,1,0.0365,"hsa-mir-483,hsa-mir-96,hsa-mir-203b,hsa-mir-23a,hsa-mir-21,hsa-mir-183"
Disease,"Carcinoma, Biliary Tract",3,0.42857143,6.34821429,0.00851,1,0.0417,"hsa-mir-200a,hsa-mir-21,hsa-mir-141"
Disease,Kidney Diseases [unspecific],3,0.42857143,6.34821429,0.00851,1,0.0417,"hsa-mir-200c,hsa-mir-200b,hsa-mir-21"
Disease,Glomerulonephritis,3,0.42857143,6.34821429,0.00851,1,0.0417,"hsa-mir-429,hsa-mir-200a,hsa-mir-200b"
Disease,"Carcinoma, Endometrioid Endometrial",3,0.42857143,6.34821429,0.00851,1,0.0417,"hsa-mir-200a,hsa-mir-200c,hsa-mir-141"
Disease,"Lymphoma, Primary Effusion",4,0.30769231,4.55769231,0.00862,1,0.0414,"hsa-mir-222,hsa-let-7e,hsa-let-7c,hsa-mir-221"
Disease,Glaucoma,6,0.20689655,3.06465517,0.0106,1,0.0506,"hsa-mir-483,hsa-mir-149,hsa-mir-451a,hsa-mir-21,hsa-mir-182,hsa-mir-144"
Disease,Muscular Dystrophy,6,0.20689655,3.06465517,0.0106,1,0.0506,"hsa-mir-221,hsa-let-7c,hsa-let-7e,hsa-mir-222,hsa-mir-21,hsa-mir-320b-2"
Disease,"Aortic Aneurysm, Abdominal",5,0.23809524,3.52678571,0.0107,1,0.0504,"hsa-mir-194-2,hsa-mir-181b-1,hsa-mir-194-1,hsa-mir-21,hsa-mir-181b-2"
Disease,Chondrosarcoma,5,0.23809524,3.52678571,0.0107,1,0.0504,"hsa-mir-181a-1,hsa-mir-181a-2,hsa-mir-129-1,hsa-mir-200b,hsa-mir-141"
Disease,"Leukemia, Lymphoblastic",5,0.23809524,3.52678571,0.0107,1,0.0504,"hsa-mir-34c,hsa-mir-181a-1,hsa-mir-181c,hsa-mir-221,hsa-mir-181a-2"
Disease,"Lymphoma, Large B-Cell, Diffuse",7,0.18421053,2.72861842,0.0112,1,0.0523,"hsa-mir-200a,hsa-mir-221,hsa-mir-200c,hsa-mir-23a,hsa-mir-200b,hsa-mir-222,hsa-mir-21"
Disease,Mandibular Prognathism,4,0.28571429,4.23214286,0.0115,1,0.0533,"hsa-mir-30b,hsa-mir-194-2,hsa-mir-194-1,hsa-mir-192"
Disease,Chordoma,4,0.28571429,4.23214286,0.0115,1,0.0533,"hsa-mir-148a,hsa-mir-149,hsa-mir-222,hsa-mir-31"
Disease,Bronchiolitis Obliterans Syndrome,2,0.66666667,9.875,0.0129,1,0.0593,"hsa-mir-21,hsa-mir-144"
Disease,"Carcinoma, Renal Cell, Clear-Cell",9,0.15517241,2.29849138,0.0129,1,0.0596,"hsa-mir-101-2,hsa-mir-429,hsa-mir-101-1,hsa-mir-10b,hsa-mir-21,hsa-mir-187,hsa-mir-122,hsa-mir-141,hsa-mir-27a"
Disease,Growth Disorders,2,0.66666667,9.875,0.0129,1,0.0593,"hsa-mir-21,hsa-mir-122"
Disease,Hypertension,7,0.17948718,2.65865385,0.0129,1,0.0572,"hsa-mir-139,hsa-mir-135b,hsa-mir-31,hsa-mir-105-1,hsa-mir-21,hsa-mir-122,hsa-mir-505"
Disease,Heart Transplant Rejection,2,0.66666667,9.875,0.0129,1,0.0593,"hsa-mir-101-2,hsa-mir-101-1"
Disease,Carotid Artery Diseases,2,0.66666667,9.875,0.0129,1,0.0593,"hsa-mir-222,hsa-mir-221"
Disease,Cardiac Myxoma,2,0.66666667,9.875,0.0129,1,0.0593,"hsa-mir-218-1,hsa-mir-218-2"
Disease,Diabetic Foot,2,0.66666667,9.875,0.0129,1,0.0593,"hsa-mir-203b,hsa-mir-31"
Disease,Soft Tissue Sarcoma,3,0.375,5.5546875,0.013,1,0.0571,"hsa-mir-34b,hsa-mir-182,hsa-mir-34c"
Disease,Nephrotic Syndrome,3,0.375,5.5546875,0.013,1,0.0571,"hsa-mir-181a-1,hsa-mir-192,hsa-mir-181a-2"
Disease,"Fatty Liver, Non-Alcoholic",4,0.26666667,3.95,0.0148,1,0.0633,"hsa-mir-149,hsa-mir-577,hsa-mir-21,hsa-mir-122"
Disease,Idiopathic Pulmonary Fibrosis,4,0.26666667,3.95,0.0148,1,0.0633,"hsa-mir-34b,hsa-mir-96,hsa-mir-21,hsa-mir-34c"
Disease,Prolactinoma,4,0.26666667,3.95,0.0148,1,0.0633,"hsa-mir-486-2,hsa-mir-451a,hsa-mir-486-1,hsa-mir-144"
Disease,Parkinson's Disease,7,0.17073171,2.52896341,0.0169,1,0.0712,"hsa-mir-34b,hsa-mir-221,hsa-mir-181a-1,hsa-mir-129-1,hsa-mir-21,hsa-mir-144,hsa-mir-181a-2"
Disease,Retinal Degeneration,3,0.33333333,4.9375,0.0185,1,0.0775,"hsa-mir-183,hsa-mir-96,hsa-mir-182"
Disease,Atopic Dermatitis,3,0.33333333,4.9375,0.0185,1,0.0775,"hsa-mir-148a,hsa-mir-200a,hsa-mir-21"
Disease,Esophageal Neoplasms,3,0.33333333,4.9375,0.0185,1,0.0775,"hsa-mir-203b,hsa-mir-21,hsa-mir-141"
Disease,Systemic Sclerosis,3,0.33333333,4.9375,0.0185,1,0.0775,"hsa-mir-34b,hsa-mir-21,hsa-mir-34c"
Disease,Myocardial Fibrosis,4,0.25,3.703125,0.0188,1,0.0776,"hsa-mir-21,hsa-mir-203b,hsa-mir-378a,hsa-mir-122"
Disease,Schizophrenia,8,0.1509434,2.23584906,0.0222,1,0.0906,"hsa-mir-34b,hsa-mir-23a,hsa-mir-34c,hsa-mir-30b,hsa-mir-181b-2,hsa-mir-122,hsa-mir-183,hsa-mir-181b-1"
Disease,Muscle Atrophy,4,0.23529412,3.48529412,0.0233,1,0.095,"hsa-mir-181a-1,hsa-mir-23a,hsa-mir-21,hsa-mir-181a-2"
Disease,Fatty Liver [unspecific],2,0.5,7.40625,0.0247,1,0.1003,"hsa-mir-182,hsa-mir-183"
Disease,"Carcinoma, Oropharyngeal",2,0.5,7.40625,0.0247,1,0.1003,"hsa-mir-21,hsa-mir-122"
Disease,Cryptosporidium infection,2,0.5,7.40625,0.0247,1,0.1003,"hsa-mir-30b,hsa-mir-21"
Disease,Meningioma,2,0.5,7.40625,0.0247,1,0.1003,"hsa-mir-200a,hsa-mir-21"
Disease,Pheochromocytoma,2,0.5,7.40625,0.0247,1,0.1003,"hsa-mir-101-2,hsa-mir-101-1"
Disease,Rheumatic Heart Diseases,2,0.5,7.40625,0.0247,1,0.1003,"hsa-mir-101-2,hsa-mir-101-1"
Disease,Wilms' Tumor,2,0.5,7.40625,0.0247,1,0.1003,"hsa-mir-101-2,hsa-mir-101-1"
Disease,Marek Disease,2,0.5,7.40625,0.0247,1,0.1003,"hsa-mir-222,hsa-mir-221"
Disease,Allergic Asthma,2,0.5,7.40625,0.0247,1,0.1003,"hsa-mir-34b,hsa-mir-144"
Disease,Graves' Disease,3,0.3,4.44375,0.0252,1,0.0972,"hsa-mir-183,hsa-mir-101-2,hsa-mir-101-1"
Disease,Graft-Versus-Host Disease,4,0.22222222,3.29166667,0.0285,1,0.1092,"hsa-mir-181a-1,hsa-mir-200b,hsa-mir-21,hsa-mir-181a-2"
Disease,Respiratory Syncytial Virus Pneumonia,4,0.22222222,3.29166667,0.0285,1,0.1092,"hsa-mir-34c,hsa-mir-34b,hsa-mir-429,hsa-mir-31"
Disease,Vascular Diseases [unspecific],5,0.18518519,2.74305556,0.0308,1,0.1172,"hsa-mir-483,hsa-mir-181a-1,hsa-mir-23a,hsa-mir-21,hsa-mir-181a-2"
Disease,Pulmonary Sarcoidosis,3,0.27272727,4.03977273,0.033,1,0.1252,"hsa-mir-222,hsa-mir-221,hsa-mir-192"
Disease,Synovial Sarcoma,3,0.27272727,4.03977273,0.033,1,0.1252,"hsa-mir-505,hsa-mir-99a,hsa-let-7e"
Disease,Chronic Hepatitis,3,0.27272727,4.03977273,0.033,1,0.1252,"hsa-mir-122,hsa-mir-101-2,hsa-mir-101-1"
Disease,Kidney Neoplasms,3,0.27272727,4.03977273,0.033,1,0.1252,"hsa-mir-34b,hsa-mir-200c,hsa-mir-34c"
Disease,Machado-Joseph Disease,3,0.27272727,4.03977273,0.033,1,0.1252,"hsa-mir-181a-1,hsa-mir-34b,hsa-mir-181a-2"
Disease,Stroke,6,0.16216216,2.40202703,0.0337,1,0.1259,"hsa-mir-221,hsa-mir-181a-1,hsa-mir-30b,hsa-mir-21,hsa-mir-122,hsa-mir-181a-2"
Disease,Multiple Sclerosis,7,0.14893617,2.20611702,0.0341,1,0.127,"hsa-mir-200a,hsa-mir-96,hsa-mir-23a,hsa-mir-141,hsa-mir-122,hsa-mir-320b-2,hsa-mir-27a"
Disease,Cutaneous Melanoma,4,0.21052632,3.11842105,0.0343,1,0.1273,"hsa-mir-330,hsa-mir-149,hsa-mir-21,hsa-mir-182"
Disease,Neurodegenerative Diseases [unspecific],4,0.21052632,3.11842105,0.0343,1,0.1273,"hsa-mir-139,hsa-mir-34b,hsa-mir-144,hsa-mir-34c"
Disease,HIV-Associated Lipodystrophy,5,0.17857143,2.64508929,0.0355,1,0.1311,"hsa-mir-454,hsa-mir-149,hsa-mir-218-2,hsa-mir-196b,hsa-mir-218-1"
Disease,Heart Diseases [unspecific],6,0.15789474,2.33881579,0.0379,1,0.1394,"hsa-mir-194-2,hsa-mir-194-1,hsa-mir-200b,hsa-mir-21,hsa-mir-122,hsa-mir-505"
Disease,Sickle Cell Disease,2,0.4,5.925,0.0394,1,0.1445,"hsa-mir-27a,hsa-mir-454"
Disease,"Leukemia, T-Cell",2,0.4,5.925,0.0394,1,0.1445,"hsa-mir-181b-1,hsa-mir-181b-2"
Disease,Mycosis Fungoides,2,0.4,5.925,0.0394,1,0.1445,"hsa-mir-181b-1,hsa-mir-181b-2"
Disease,Thyroid Lymphoma,2,0.4,5.925,0.0394,1,0.1445,"hsa-mir-222,hsa-mir-221"
Disease,Neuroblastoma,8,0.13559322,2.00847458,0.0398,1,0.142,"hsa-mir-200a,hsa-mir-181a-1,hsa-mir-181c,hsa-mir-203b,hsa-mir-10b,hsa-mir-21,hsa-mir-192,hsa-mir-181a-2"
Disease,Colitis,3,0.25,3.703125,0.0418,1,0.1485,"hsa-mir-139,hsa-mir-21,hsa-mir-31"
Disease,Adrenal Cortex Neoplasms,3,0.25,3.703125,0.0418,1,0.1485,"hsa-mir-99a,hsa-mir-203b,hsa-mir-200b"
Disease,"Carcinoma, Thyroid, Anaplastic",3,0.25,3.703125,0.0418,1,0.1485,"hsa-mir-99a,hsa-mir-222,hsa-mir-221"
Disease,"Carcinoma, Adrenocortical",5,0.16666667,2.46875,0.0463,1,0.1625,"hsa-mir-139,hsa-mir-483,hsa-mir-203b,hsa-mir-200b,hsa-mir-192"
Disease,"Carcinoma, Lung, Small-Cell",4,0.19047619,2.82142857,0.0478,1,0.1664,"hsa-mir-30b,hsa-mir-181a-1,hsa-mir-34c,hsa-mir-181a-2"
Disease,Spinal Cord Injuries,3,0.23076923,3.41826923,0.0518,1,0.1795,"hsa-mir-383,hsa-mir-23a,hsa-mir-21"
Disease,Vascular Injuries,3,0.23076923,3.41826923,0.0518,1,0.1795,"hsa-mir-27a,hsa-mir-222,hsa-mir-21"
Disease,Intervertebral Disc Degeneration,3,0.23076923,3.41826923,0.0518,1,0.1795,"hsa-mir-27a,hsa-mir-222,hsa-mir-10b"
Disease,Congenital Heart Diseases,4,0.18181818,2.69318182,0.0555,1,0.1905,"hsa-mir-96,hsa-mir-30b,hsa-mir-10b,hsa-mir-27a"
Disease,Fibromyalgia,2,0.33333333,4.9375,0.0565,1,0.1936,"hsa-mir-451a,hsa-mir-21"
Disease,Leiomyoma,2,0.33333333,4.9375,0.0565,1,0.1936,"hsa-mir-200b,hsa-mir-200c"
Disease,"Carcinoma, Gastrointestinal",2,0.33333333,4.9375,0.0565,1,0.1936,"hsa-mir-149,hsa-mir-23a"
Disease,Essential Thrombocythemia,2,0.33333333,4.9375,0.0565,1,0.1936,"hsa-mir-203b,hsa-mir-221"
Disease,Huntington's Disease,2,0.33333333,4.9375,0.0565,1,0.1936,"hsa-mir-196a-1,hsa-mir-10b"
Disease,Acute Ischemic Stroke,3,0.21428571,3.17410714,0.0628,1,0.2097,"hsa-mir-148a,hsa-mir-330,hsa-mir-122"
Disease,Depression Disorder,4,0.17391304,2.57608696,0.0638,1,0.2123,"hsa-mir-34b,hsa-mir-181c,hsa-mir-34c,hsa-mir-451a"
Disease,Human Papilloma Virus Infection,5,0.14705882,2.17830882,0.0733,1,0.2433,"hsa-mir-96,hsa-mir-203b,hsa-mir-21,hsa-mir-196a-1,hsa-mir-27a"
Disease,"Stroke, Ischemic",5,0.14705882,2.17830882,0.0733,1,0.2433,"hsa-mir-149,hsa-let-7e,hsa-mir-200b,hsa-mir-196a-1,hsa-mir-144"
Disease,Behcet's Disease,2,0.28571429,4.23214286,0.0757,1,0.2493,"hsa-mir-139,hsa-mir-182"
Disease,"Carcinoma, Adenoid Cystic",2,0.28571429,4.23214286,0.0757,1,0.2493,"hsa-mir-222,hsa-mir-181a-2"
Disease,Cocaine Abuse,2,0.28571429,4.23214286,0.0757,1,0.2493,"hsa-mir-181a-1,hsa-mir-181a-2"
Disease,Retinal Neovascularization,2,0.28571429,4.23214286,0.0757,1,0.2493,"hsa-mir-451a,hsa-mir-31"
Disease,Aortic Stenosis,4,0.16,2.37,0.0823,1,0.2658,"hsa-mir-148a,hsa-mir-31,hsa-mir-30b,hsa-mir-451a"
Disease,Cystic Fibrosis,3,0.1875,2.77734375,0.0877,1,0.2818,"hsa-mir-708,hsa-let-7e,hsa-mir-31"
Disease,"Lymphoma, T-Cell",4,0.15384615,2.27884615,0.0925,1,0.2954,"hsa-mir-181a-1,hsa-mir-21,hsa-mir-27a,hsa-mir-181a-2"
Disease,Hemophagocytic Lymphohistiocytosis,2,0.25,3.703125,0.0967,1,0.3079,"hsa-mir-144,hsa-mir-21"
Disease,Vasculitis,2,0.25,3.703125,0.0967,1,0.3079,"hsa-mir-383,hsa-mir-221"
Disease,Arteriosclerosis Obliterans,3,0.16666667,2.46875,0.1162,1,0.3661,"hsa-mir-222,hsa-mir-221,hsa-mir-21"
Disease,Rhabdomyosarcoma,3,0.16666667,2.46875,0.1162,1,0.3661,"hsa-mir-203b,hsa-mir-27a,hsa-mir-378a"
Disease,Mesial Temporal Lobe Epilepsy,3,0.16666667,2.46875,0.1162,1,0.3661,"hsa-mir-218-1,hsa-mir-218-2,hsa-mir-196b"
Disease,"Carcinoma, Thyroid, Follicular",2,0.22222222,3.29166667,0.119,1,0.371,"hsa-mir-183,hsa-mir-221"
Disease,Ankylosing Spondylitis,2,0.22222222,3.29166667,0.119,1,0.371,"hsa-mir-10b,hsa-mir-21"
Disease,Metabolic Syndrome,2,0.22222222,3.29166667,0.119,1,0.371,"hsa-mir-21,hsa-mir-122"
Disease,Amyotrophic Lateral Sclerosis,2,0.22222222,3.29166667,0.119,1,0.371,"hsa-mir-200a,hsa-mir-141"
Disease,Alopecia,2,0.22222222,3.29166667,0.119,1,0.371,"hsa-mir-203b,hsa-mir-221"
Disease,"Leukemia-Lymphoma, Precursor B-Cell Lymphoblastic",2,0.22222222,3.29166667,0.119,1,0.371,"hsa-mir-222,hsa-mir-451a"
Disease,Fetal Alcohol Syndrome,1,0.5,7.40625,0.1305,1,0.4007,hsa-mir-21
Disease,Hamartoma Syndrome,1,0.5,7.40625,0.1305,1,0.4007,hsa-mir-21
Disease,Periodontitis,1,0.5,7.40625,0.1305,1,0.4007,hsa-mir-21
Disease,Thyroid-Associated Ophthalmopathy,1,0.5,7.40625,0.1305,1,0.4007,hsa-mir-21
Disease,Type 2 Diabetes Complications,1,0.5,7.40625,0.1305,1,0.4007,hsa-mir-21
Disease,Congenital Diaphragmatic Hernia,1,0.5,7.40625,0.1305,1,0.4007,hsa-mir-200b
Disease,"Adenocarcinoma, Endometrial",1,0.5,7.40625,0.1305,1,0.4007,hsa-mir-200a
Disease,Thrombocytopenia,1,0.5,7.40625,0.1305,1,0.4007,hsa-mir-99a
Disease,Silicosis,1,0.5,7.40625,0.1305,1,0.4007,hsa-mir-181c
Disease,Leiomyosarcoma,1,0.5,7.40625,0.1305,1,0.4007,hsa-mir-200c
Disease,"Carcinoma, Embryonal",1,0.5,7.40625,0.1305,1,0.4007,hsa-mir-383
Disease,Uterine Leiomyosarcoma,1,0.5,7.40625,0.1305,1,0.4007,hsa-mir-31
Disease,Essential Hypertension,3,0.15789474,2.33881579,0.1315,1,0.3599,"hsa-mir-483,hsa-let-7c,hsa-mir-21"
Disease,Medulloblastoma,4,0.13333333,1.975,0.1386,1,0.3784,"hsa-mir-135b,hsa-mir-31,hsa-mir-10b,hsa-mir-192"
Disease,"Carcinoma, Basal Cell",2,0.2,2.9625,0.1424,1,0.3871,"hsa-mir-92b,hsa-mir-21"
Disease,Helicobacter Pylori Infection,2,0.2,2.9625,0.1424,1,0.3871,"hsa-mir-181c,hsa-mir-203b"
Disease,Carotid Atherosclerosis,2,0.2,2.9625,0.1424,1,0.3871,"hsa-mir-320b-2,hsa-mir-221"
Disease,Viral Myocarditis,2,0.2,2.9625,0.1424,1,0.3871,"hsa-mir-222,hsa-mir-221"
Disease,Allergy,3,0.14285714,2.11607143,0.1642,1,0.4402,"hsa-mir-31,hsa-mir-221,hsa-mir-21"
Disease,Diabetic Retinopathy,3,0.14285714,2.11607143,0.1642,1,0.4402,"hsa-mir-320b-2,hsa-mir-200b,hsa-mir-21"
Disease,Allergic Rhinitis,3,0.14285714,2.11607143,0.1642,1,0.4402,"hsa-mir-149,hsa-let-7e,hsa-mir-187"
Disease,ACTH-Secreting Pituitary Adenoma,2,0.18181818,2.69318182,0.1668,1,0.4441,"hsa-mir-21,hsa-mir-141"
Disease,Gastric Neoplasms,2,0.18181818,2.69318182,0.1668,1,0.4441,"hsa-mir-34b,hsa-mir-21"
Disease,Mesothelioma,2,0.18181818,2.69318182,0.1668,1,0.4441,"hsa-mir-31,hsa-mir-21"
Disease,"Lymphoma, Hodgkin",3,0.13636364,2.01988636,0.1814,1,0.4744,"hsa-mir-96,hsa-mir-21,hsa-mir-196a-1"
Disease,Chronic Atrial Fibrillation,1,0.33333333,4.9375,0.1893,1,0.4941,hsa-mir-21
Disease,Nevus,1,0.33333333,4.9375,0.1893,1,0.4941,hsa-let-7c
Disease,Erythropoiesis,1,0.33333333,4.9375,0.1893,1,0.4941,hsa-mir-27a
Disease,Primary Biliary Cirrhosis,1,0.33333333,4.9375,0.1893,1,0.4941,hsa-mir-505
Disease,Acute Megakaryoblastic Leukemia,1,0.33333333,4.9375,0.1893,1,0.4941,hsa-mir-99a
Disease,Hereditary Breast Carcinoma,1,0.33333333,4.9375,0.1893,1,0.4941,hsa-mir-221
Disease,Laryngeal Neoplasms,1,0.33333333,4.9375,0.1893,1,0.4941,hsa-mir-34c
Disease,Coxsackievirus Infection,1,0.33333333,4.9375,0.1893,1,0.4941,hsa-mir-490
Disease,"Carcinoma, Merkel Cell",1,0.33333333,4.9375,0.1893,1,0.4941,hsa-mir-203b
Disease,Endometrial Stromal Sarcoma,1,0.33333333,4.9375,0.1893,1,0.4941,hsa-mir-31
Disease,"Scleroderma, Localized",1,0.33333333,4.9375,0.1893,1,0.4941,hsa-mir-196a-1
Disease,"Leukemia, Lymphoblastic, Acute, T-Cell",2,0.16666667,2.46875,0.1917,1,0.4754,"hsa-mir-101-2,hsa-mir-101-1"
Disease,"Diabetes Mellitus, Gestational",3,0.13043478,1.93206522,0.199,1,0.4902,"hsa-mir-148a,hsa-mir-222,hsa-mir-27a"
Disease,"Carcinoma, Ovarian, Serous",3,0.125,1.8515625,0.217,1,0.5335,"hsa-mir-483,hsa-mir-21,hsa-mir-505"
Disease,Diabetic Nephropathy,3,0.125,1.8515625,0.217,1,0.5335,"hsa-mir-218-2,hsa-mir-21,hsa-mir-218-1"
Disease,Hemoglobin Diseases,2,0.15384615,2.27884615,0.2172,1,0.5318,"hsa-let-7e,hsa-let-7c"
Disease,"Lymphoma, Burkitt's",2,0.15384615,2.27884615,0.2172,1,0.5318,"hsa-mir-101-2,hsa-mir-101-1"
Disease,Rhinosinusitis,2,0.15384615,2.27884615,0.2172,1,0.5318,"hsa-mir-181b-1,hsa-mir-181b-2"
Disease,"Leukemia, Lymphoblastic, Acute, B-Cell",2,0.15384615,2.27884615,0.2172,1,0.5318,"hsa-mir-451a,hsa-mir-221"
Disease,Ectopic Pregnancy,2,0.15384615,2.27884615,0.2172,1,0.5318,"hsa-mir-451a,hsa-mir-196b"
Disease,Pulmonary Hypertension,4,0.11111111,1.64583333,0.2211,1,0.5359,"hsa-mir-96,hsa-mir-23a,hsa-mir-21,hsa-mir-27a"
Disease,Coronary Atherosclerosis,2,0.14285714,2.11607143,0.2429,1,0.5875,"hsa-mir-221,hsa-mir-21"
Disease,Bladder Outlet Obstruction,2,0.14285714,2.11607143,0.2429,1,0.5875,"hsa-mir-30b,hsa-mir-221"
Disease,Habitual Abortion,2,0.14285714,2.11607143,0.2429,1,0.5875,"hsa-mir-149,hsa-mir-187"
Disease,"Carcinoma, Ovarian, Clear Cell",1,0.25,3.703125,0.2442,1,0.5857,hsa-mir-21
Disease,Cholesteatoma,1,0.25,3.703125,0.2442,1,0.5857,hsa-mir-21
Disease,Chronic Pancreatitis,1,0.25,3.703125,0.2442,1,0.5857,hsa-mir-21
Disease,Diabetic Vasculopathy,1,0.25,3.703125,0.2442,1,0.5857,hsa-mir-181c
Disease,Non-Alcoholic Steatohepatitis,1,0.25,3.703125,0.2442,1,0.5857,hsa-mir-144
Disease,HELLP Syndrome,1,0.25,3.703125,0.2442,1,0.5857,hsa-mir-122
Disease,Fungal Keratitis,1,0.25,3.703125,0.2442,1,0.5857,hsa-mir-451a
Disease,Liposarcoma,1,0.25,3.703125,0.2442,1,0.5857,hsa-mir-451a
Disease,Plasmodium vivax Infection,1,0.25,3.703125,0.2442,1,0.5857,hsa-mir-451a
Disease,Aortic Insufficiency,1,0.25,3.703125,0.2442,1,0.5857,hsa-mir-30b
Disease,"Lymphoma, Follicular",1,0.25,3.703125,0.2442,1,0.5857,hsa-mir-31
Disease,"Cardiomyopathy, Dilated",1,0.25,3.703125,0.2442,1,0.5857,hsa-mir-196a-1
Disease,Influenza,3,0.11538462,1.70913462,0.254,1,0.5891,"hsa-mir-30b,hsa-mir-144,hsa-mir-192"
Disease,Dengue Virus Infection,2,0.13333333,1.975,0.2688,1,0.6221,"hsa-mir-378a,hsa-mir-378c"
Disease,Maternal Obesity During Childbirth,2,0.13333333,1.975,0.2688,1,0.6221,"hsa-mir-221,hsa-mir-122"
Disease,Bronchopulmonary Dysplasia,2,0.125,1.8515625,0.2946,1,0.678,"hsa-mir-181a-1,hsa-mir-21"
Disease,Pituitary Neoplasms,2,0.125,1.8515625,0.2946,1,0.678,"hsa-let-7e,hsa-let-7c"
Disease,"Carcinoma, Supraglottic",1,0.2,2.9625,0.2954,1,0.677,hsa-mir-21
Disease,IgA Nephropathy,1,0.2,2.9625,0.2954,1,0.677,hsa-mir-21
Disease,Panic Disorder,1,0.2,2.9625,0.2954,1,0.677,hsa-mir-148a
Disease,Gallstones,1,0.2,2.9625,0.2954,1,0.677,hsa-mir-429
Disease,Pediatric Astrocytoma,1,0.2,2.9625,0.2954,1,0.677,hsa-mir-221
Disease,Cholestatic Liver Injury,1,0.2,2.9625,0.2954,1,0.677,hsa-mir-122
Disease,Varicella,1,0.2,2.9625,0.2954,1,0.677,hsa-mir-122
Disease,Ossification of Posterior Longitudinal Ligament,1,0.2,2.9625,0.2954,1,0.677,hsa-mir-149
Disease,Cerebral Cavernous Malformations,1,0.2,2.9625,0.2954,1,0.677,hsa-mir-181a-2
Disease,"Leukemia, Biphenotypic, Acute",1,0.16666667,2.46875,0.3432,1,0.7629,hsa-mir-182
Disease,Acute Cerebral Infarction,1,0.16666667,2.46875,0.3432,1,0.7629,hsa-mir-21
Disease,Chronic Brucellosis,1,0.16666667,2.46875,0.3432,1,0.7629,hsa-mir-139
Disease,Non-Traumatic Osteonecrosis,1,0.16666667,2.46875,0.3432,1,0.7629,hsa-let-7c
Disease,Pancreatic Intraductal Papillary Mucinous Neoplasms,1,0.16666667,2.46875,0.3432,1,0.7629,hsa-mir-99a
Disease,Digeorge Syndrome,1,0.16666667,2.46875,0.3432,1,0.7629,hsa-mir-181c
Disease,Germ Cell Tumor,1,0.16666667,2.46875,0.3432,1,0.7629,hsa-mir-122
Disease,Nasopharyngeal Neoplasms,1,0.16666667,2.46875,0.3432,1,0.7629,hsa-mir-10b
Disease,Costello Syndrome,1,0.16666667,2.46875,0.3432,1,0.7629,hsa-mir-330
Disease,Cervical Dysplasia,1,0.16666667,2.46875,0.3432,1,0.7629,hsa-mir-196a-1
Disease,"Lymphoma, Non-Hodgkin",1,0.16666667,2.46875,0.3432,1,0.7629,hsa-mir-196a-1
Disease,Neuroendocrine Tumors,1,0.16666667,2.46875,0.3432,1,0.7629,hsa-mir-196a-1
Disease,"Muscular Dystrophy, Facioscapulohumeral",2,0.11111111,1.64583333,0.3459,1,0.748,"hsa-mir-330,hsa-mir-625"
Disease,Prediabetes,1,0.14285714,2.11607143,0.3877,1,0.8369,hsa-mir-192
Disease,Enterovirus Infection,1,0.14285714,2.11607143,0.3877,1,0.8369,hsa-mir-135b
Disease,Acute Pancreatitis,1,0.14285714,2.11607143,0.3877,1,0.8369,hsa-mir-122
Disease,Arrhythmia,1,0.125,1.8515625,0.4293,1,0.9199,hsa-mir-21
Disease,Bipolar Disorder,1,0.125,1.8515625,0.4293,1,0.9199,hsa-mir-708
Disease,Waldenstrom Macroglobulinemia,1,0.125,1.8515625,0.4293,1,0.9199,hsa-mir-320b-2
Disease,Muscle Diseases [unspecific],1,0.125,1.8515625,0.4293,1,0.9199,hsa-mir-30b
Disease,Salivary Gland Neoplasms,1,0.11111111,1.64583333,0.4681,1,0.9905,hsa-mir-21
Disease,"Lymphoma, B-Cell",2,0.08333333,1.234375,0.4904,1,1,"hsa-mir-92b,hsa-mir-181a-2"
Disease,Aortic Aneurysm,1,0.09090909,1.34659091,0.538,1,1,hsa-mir-378a
Disease,Cerebral Ischemia,1,0.09090909,1.34659091,0.538,1,1,hsa-let-7c
Disease,Azoospermia,1,0.09090909,1.34659091,0.538,1,1,hsa-mir-383
Disease,Interstitial Cystitis,1,0.09090909,1.34659091,0.538,1,1,hsa-mir-320b-2
Disease,Lofgren's Syndrome,1,0.08333333,1.234375,0.5695,1,1,hsa-mir-21
Disease,Traumatic Brain Injury,1,0.08333333,1.234375,0.5695,1,1,hsa-mir-23a
Disease,Ewing's Sarcoma,1,0.08333333,1.234375,0.5695,1,1,hsa-mir-31
Disease,Tuberculosis,1,0.07692308,1.13942308,0.5989,1,1,hsa-mir-183
Disease,Mycobacterium Tuberculosis Infection,1,0.07692308,1.13942308,0.5989,1,1,hsa-mir-21
Disease,Lupus Nephritis,1,0.07692308,1.13942308,0.5989,1,1,hsa-mir-148a
Disease,Immune Thrombocytopenic Purpura,1,0.07692308,1.13942308,0.5989,1,1,hsa-mir-483
Disease,Macular Degeneration,1,0.07142857,1.05803571,0.6262,1,1,hsa-mir-23a
Disease,Chronic Kidney Disease,2,0.0625,0.92578125,0.6496,1,1,"hsa-mir-30b,hsa-mir-21"
Disease,Myocardial Ischemic-Reperfusion Injury,1,0.0625,0.92578125,0.6756,1,1,hsa-mir-21
