Category,Term,Count,Percent,Fold,P-value,Bonferroni,FDR,miRNA
Disease,"Carcinoma, Hepatocellular",73,0.21533923,1.94791596,8.29E-13,5.38E-10,9.82E-10,"hsa-mir-3664,hsa-mir-203a,hsa-mir-9-1,hsa-mir-33b,hsa-mir-96,hsa-mir-133b,hsa-mir-573,hsa-mir-486-1,hsa-mir-203b,hsa-mir-125b-1,hsa-mir-100,hsa-mir-499a,hsa-mir-449a,hsa-mir-9-2,hsa-mir-210,hsa-mir-99a,hsa-mir-1-2,hsa-mir-375,hsa-mir-452,hsa-mir-144,hsa-mir-135b,hsa-mir-7-3,hsa-mir-190b,hsa-mir-429,hsa-mir-615,hsa-mir-1-1,hsa-mir-335,hsa-mir-206,hsa-mir-449b,hsa-mir-451a,hsa-mir-105-1,hsa-mir-378a,hsa-mir-10b,hsa-mir-196a-2,hsa-mir-182,hsa-mir-133a-2,hsa-mir-492,hsa-mir-195,hsa-mir-204,hsa-mir-592,hsa-mir-192,hsa-mir-877,hsa-mir-33a,hsa-mir-139,hsa-mir-940,hsa-mir-105-2,hsa-mir-184,hsa-mir-449c,hsa-mir-145,hsa-mir-125b-2,hsa-mir-187,hsa-mir-183,hsa-mir-196a-1,hsa-mir-1269b,hsa-mir-511,hsa-mir-486-2,hsa-mir-342,hsa-mir-133a-1,hsa-mir-483,hsa-mir-200a,hsa-let-7c,hsa-mir-301a,hsa-mir-130b,hsa-mir-200b,hsa-mir-211,hsa-mir-760,hsa-mir-1269a,hsa-mir-21,hsa-mir-141,hsa-mir-9-3,hsa-mir-92b,hsa-mir-142,hsa-mir-378c"
Disease,Osteosarcoma,49,0.28654971,2.59207178,1.94E-12,1.26E-09,1.15E-09,"hsa-mir-203a,hsa-mir-9-1,hsa-mir-33b,hsa-mir-454,hsa-mir-133b,hsa-mir-486-1,hsa-mir-203b,hsa-mir-125b-1,hsa-mir-208b,hsa-mir-100,hsa-mir-449a,hsa-mir-9-2,hsa-mir-210,hsa-mir-1-2,hsa-mir-375,hsa-mir-144,hsa-mir-135b,hsa-mir-7-3,hsa-mir-429,hsa-mir-335,hsa-mir-1-1,hsa-mir-206,hsa-mir-451a,hsa-mir-10b,hsa-mir-196a-2,hsa-mir-182,hsa-mir-133a-2,hsa-mir-195,hsa-mir-204,hsa-mir-192,hsa-mir-488,hsa-mir-33a,hsa-mir-802,hsa-mir-145,hsa-mir-125b-2,hsa-mir-381,hsa-mir-183,hsa-mir-196a-1,hsa-mir-486-2,hsa-mir-133a-1,hsa-mir-200a,hsa-mir-301a,hsa-mir-130b,hsa-mir-200b,hsa-mir-21,hsa-mir-9-3,hsa-mir-141,hsa-mir-1247,hsa-mir-142"
Disease,"Carcinoma, Gastric",63,0.22909091,2.0723109,2.42E-11,1.57E-08,7.16E-09,"hsa-mir-203a,hsa-mir-9-1,hsa-mir-33b,hsa-mir-96,hsa-mir-133b,hsa-mir-573,hsa-mir-486-1,hsa-mir-203b,hsa-mir-125b-1,hsa-mir-100,hsa-mir-499a,hsa-mir-449a,hsa-mir-9-2,hsa-mir-210,hsa-mir-99a,hsa-mir-383,hsa-mir-1-2,hsa-mir-375,hsa-mir-144,hsa-mir-135b,hsa-mir-4758,hsa-mir-7-3,hsa-mir-190b,hsa-mir-429,hsa-mir-4732,hsa-mir-1-1,hsa-mir-335,hsa-mir-206,hsa-mir-451a,hsa-mir-378a,hsa-mir-10b,hsa-mir-196a-2,hsa-mir-182,hsa-mir-133a-2,hsa-mir-204,hsa-mir-192,hsa-mir-488,hsa-mir-139,hsa-mir-940,hsa-mir-449c,hsa-mir-145,hsa-mir-125b-2,hsa-mir-187,hsa-mir-381,hsa-mir-183,hsa-mir-196a-1,hsa-mir-486-2,hsa-mir-133a-1,hsa-mir-483,hsa-let-7c,hsa-mir-301a,hsa-mir-337,hsa-mir-551b,hsa-mir-130b,hsa-mir-200b,hsa-mir-760,hsa-mir-21,hsa-mir-141,hsa-mir-9-3,hsa-mir-495,hsa-mir-92b,hsa-mir-142,hsa-mir-378c"
Disease,"Carcinoma, Breast",70,0.20114943,1.81955778,4.32E-11,2.80E-08,1.02E-08,"hsa-mir-33b,hsa-mir-573,hsa-mir-125b-1,hsa-mir-449a,hsa-mir-375,hsa-mir-135b,hsa-mir-451a,hsa-mir-10b,hsa-mir-196a-2,hsa-mir-492,hsa-mir-184,hsa-mir-183,hsa-mir-486-2,hsa-mir-342,hsa-mir-130b,hsa-mir-495,hsa-mir-486-1,hsa-mir-499a,hsa-mir-210,hsa-mir-99a,hsa-mir-1-2,hsa-mir-190b,hsa-mir-429,hsa-mir-335,hsa-mir-1-1,hsa-mir-449b,hsa-mir-133a-2,hsa-mir-195,hsa-mir-33a,hsa-mir-940,hsa-mir-105-2,hsa-mir-802,hsa-mir-381,hsa-let-7c,hsa-mir-301a,hsa-mir-1258,hsa-mir-200b,hsa-mir-760,hsa-mir-92b,hsa-mir-142,hsa-mir-378c,hsa-mir-203a,hsa-mir-9-1,hsa-mir-96,hsa-mir-133b,hsa-mir-203b,hsa-mir-100,hsa-mir-144,hsa-mir-3200,hsa-mir-206,hsa-mir-378a,hsa-mir-182,hsa-mir-204,hsa-mir-488,hsa-mir-139,hsa-mir-145,hsa-mir-125b-2,hsa-mir-196a-1,hsa-mir-21,hsa-mir-141,hsa-mir-9-2,hsa-mir-452,hsa-mir-7-3,hsa-mir-4728,hsa-mir-105-1,hsa-mir-592,hsa-mir-192,hsa-mir-133a-1,hsa-mir-200a,hsa-mir-9-3"
Disease,"Carcinoma, Lung",53,0.24882629,2.25083324,8.81E-11,5.72E-08,1.74E-08,"hsa-mir-203a,hsa-mir-9-1,hsa-mir-33b,hsa-mir-96,hsa-mir-133b,hsa-mir-486-1,hsa-mir-203b,hsa-mir-125b-1,hsa-mir-937,hsa-mir-100,hsa-mir-499a,hsa-mir-449a,hsa-mir-9-2,hsa-mir-99a,hsa-mir-383,hsa-mir-1-2,hsa-mir-375,hsa-mir-144,hsa-mir-7-3,hsa-mir-1-1,hsa-mir-335,hsa-mir-206,hsa-mir-451a,hsa-mir-378a,hsa-mir-10b,hsa-mir-196a-2,hsa-mir-182,hsa-mir-133a-2,hsa-mir-592,hsa-mir-3662,hsa-mir-192,hsa-mir-33a,hsa-mir-139,hsa-mir-301b,hsa-mir-145,hsa-mir-125b-2,hsa-mir-187,hsa-mir-183,hsa-mir-196a-1,hsa-mir-486-2,hsa-mir-342,hsa-mir-133a-1,hsa-mir-200a,hsa-let-7c,hsa-mir-1258,hsa-mir-130b,hsa-mir-200b,hsa-mir-21,hsa-mir-141,hsa-mir-9-3,hsa-mir-495,hsa-mir-142,hsa-mir-378c"
Disease,"Carcinoma, Prostate",59,0.22957198,2.07666261,1.60E-10,1.04E-07,2.71E-08,"hsa-mir-203a,hsa-mir-9-1,hsa-mir-96,hsa-mir-133b,hsa-mir-665,hsa-mir-125b-1,hsa-mir-208b,hsa-mir-100,hsa-mir-499a,hsa-mir-449a,hsa-mir-9-2,hsa-mir-210,hsa-mir-99a,hsa-mir-1-2,hsa-mir-375,hsa-mir-383,hsa-mir-452,hsa-mir-135b,hsa-mir-7-3,hsa-mir-429,hsa-mir-3176,hsa-mir-1-1,hsa-mir-335,hsa-mir-449b,hsa-mir-378a,hsa-mir-196a-2,hsa-mir-182,hsa-mir-133a-2,hsa-mir-195,hsa-mir-204,hsa-mir-488,hsa-mir-33a,hsa-mir-139,hsa-mir-940,hsa-mir-301b,hsa-mir-3677,hsa-mir-1301,hsa-mir-449c,hsa-mir-145,hsa-mir-125b-2,hsa-mir-187,hsa-mir-381,hsa-mir-183,hsa-mir-3619,hsa-mir-342,hsa-mir-133a-1,hsa-mir-483,hsa-mir-200a,hsa-let-7c,hsa-mir-301a,hsa-mir-130b,hsa-mir-200b,hsa-mir-9-3,hsa-mir-21,hsa-mir-141,hsa-mir-495,hsa-mir-1247,hsa-mir-92b,hsa-mir-378c"
Disease,"Carcinoma, Lung. Non-Small-Cell",52,0.23744292,2.14786155,1.05E-09,6.84E-07,1.56E-07,"hsa-mir-203a,hsa-mir-9-1,hsa-mir-454,hsa-mir-486-1,hsa-mir-203b,hsa-mir-125b-1,hsa-mir-499a,hsa-mir-449a,hsa-mir-210,hsa-mir-99a,hsa-mir-1-2,hsa-mir-375,hsa-mir-452,hsa-mir-144,hsa-mir-135b,hsa-mir-7-3,hsa-mir-429,hsa-mir-1-1,hsa-mir-378a,hsa-mir-10b,hsa-mir-196a-2,hsa-mir-182,hsa-mir-133a-2,hsa-mir-592,hsa-mir-195,hsa-mir-204,hsa-mir-192,hsa-mir-139,hsa-mir-33a,hsa-mir-301b,hsa-mir-184,hsa-mir-145,hsa-mir-125b-2,hsa-mir-187,hsa-mir-196a-1,hsa-mir-3619,hsa-mir-486-2,hsa-mir-342,hsa-mir-133a-1,hsa-mir-483,hsa-mir-200a,hsa-let-7c,hsa-mir-301a,hsa-mir-200b,hsa-mir-21,hsa-mir-141,hsa-mir-1254-2,hsa-mir-495,hsa-mir-92b,hsa-mir-142,hsa-mir-585,hsa-mir-378c"
Disease,"Carcinoma, Bladder",36,0.3,2.71374046,1.15E-09,7.48E-07,1.52E-07,"hsa-mir-9-1,hsa-mir-96,hsa-mir-133b,hsa-mir-573,hsa-mir-125b-1,hsa-mir-100,hsa-mir-9-2,hsa-mir-210,hsa-mir-99a,hsa-mir-1-2,hsa-mir-375,hsa-mir-144,hsa-mir-335,hsa-mir-1-1,hsa-mir-451a,hsa-mir-10b,hsa-mir-196a-2,hsa-mir-182,hsa-mir-133a-2,hsa-mir-195,hsa-mir-192,hsa-mir-139,hsa-mir-145,hsa-mir-125b-2,hsa-mir-183,hsa-mir-196a-1,hsa-mir-133a-1,hsa-mir-200a,hsa-let-7c,hsa-mir-130b,hsa-mir-200b,hsa-mir-21,hsa-mir-9-3,hsa-mir-141,hsa-mir-495,hsa-mir-92b"
Disease,"Carcinoma, Ovarian",48,0.24742268,2.23813646,1.42E-09,9.20E-07,1.68E-07,"hsa-mir-203a,hsa-mir-9-1,hsa-mir-96,hsa-mir-133b,hsa-mir-203b,hsa-mir-125b-1,hsa-mir-100,hsa-mir-499a,hsa-mir-449a,hsa-mir-9-2,hsa-mir-210,hsa-mir-99a,hsa-mir-383,hsa-mir-1-2,hsa-mir-135b,hsa-mir-7-3,hsa-mir-429,hsa-mir-1-1,hsa-mir-335,hsa-mir-206,hsa-mir-451a,hsa-mir-378a,hsa-mir-196a-2,hsa-mir-182,hsa-mir-133a-2,hsa-mir-195,hsa-mir-204,hsa-mir-940,hsa-mir-184,hsa-mir-145,hsa-mir-125b-2,hsa-mir-187,hsa-mir-381,hsa-mir-183,hsa-mir-196a-1,hsa-mir-133a-1,hsa-mir-483,hsa-mir-200a,hsa-mir-551b,hsa-mir-130b,hsa-mir-200b,hsa-mir-211,hsa-mir-760,hsa-mir-21,hsa-mir-141,hsa-mir-9-3,hsa-mir-92b,hsa-mir-378c"
Disease,"Adenocarcinoma, Pancreatic Ductal",26,0.36619718,3.31254704,3.40E-09,2.20E-06,3.66E-07,"hsa-mir-483,hsa-mir-200a,hsa-mir-96,hsa-mir-301a,hsa-mir-337,hsa-mir-940,hsa-mir-429,hsa-mir-615,hsa-mir-125b-1,hsa-mir-200b,hsa-mir-211,hsa-mir-206,hsa-mir-145,hsa-mir-100,hsa-mir-10b,hsa-mir-125b-2,hsa-mir-196a-2,hsa-mir-141,hsa-mir-21,hsa-mir-183,hsa-mir-378a,hsa-mir-196a-1,hsa-mir-210,hsa-mir-99a,hsa-mir-375,hsa-mir-378c"
Disease,Bladder Neoplasms,18,0.48648649,4.4006602,5.73E-09,3.72E-06,5.66E-07,"hsa-mir-203a,hsa-mir-133a-1,hsa-mir-9-1,hsa-mir-133b,hsa-mir-1224,hsa-mir-203b,hsa-mir-125b-1,hsa-mir-200b,hsa-mir-1-1,hsa-mir-145,hsa-mir-125b-2,hsa-mir-21,hsa-mir-9-3,hsa-mir-133a-2,hsa-mir-9-2,hsa-mir-210,hsa-mir-99a,hsa-mir-1-2"
Disease,Glioma,49,0.23557692,2.13098209,5.80E-09,3.77E-06,5.29E-07,"hsa-mir-584,hsa-mir-203a,hsa-mir-9-1,hsa-mir-454,hsa-mir-96,hsa-mir-133b,hsa-mir-1224,hsa-mir-203b,hsa-mir-125b-1,hsa-mir-767,hsa-mir-449a,hsa-mir-9-2,hsa-mir-210,hsa-mir-383,hsa-mir-144,hsa-mir-135b,hsa-mir-7-3,hsa-mir-429,hsa-mir-335,hsa-mir-451a,hsa-mir-105-1,hsa-mir-378a,hsa-mir-10b,hsa-mir-196a-2,hsa-mir-182,hsa-mir-133a-2,hsa-mir-592,hsa-mir-195,hsa-mir-204,hsa-mir-33a,hsa-mir-139,hsa-mir-105-2,hsa-mir-184,hsa-mir-145,hsa-mir-125b-2,hsa-mir-381,hsa-mir-183,hsa-mir-196a-1,hsa-mir-342,hsa-mir-133a-1,hsa-mir-200a,hsa-mir-130b,hsa-mir-200b,hsa-mir-21,hsa-mir-9-3,hsa-mir-141,hsa-mir-495,hsa-mir-92b,hsa-mir-142"
Disease,"Cardiomyopathy, Hypertrophic",22,0.4,3.61832061,9.68E-09,6.28E-06,8.19E-07,"hsa-mir-133a-1,hsa-mir-9-1,hsa-mir-96,hsa-mir-133b,hsa-mir-125b-1,hsa-mir-1-1,hsa-mir-208b,hsa-mir-451a,hsa-mir-184,hsa-mir-145,hsa-mir-10b,hsa-mir-125b-2,hsa-mir-21,hsa-mir-9-3,hsa-mir-133a-2,hsa-mir-9-2,hsa-mir-195,hsa-mir-204,hsa-mir-99a,hsa-mir-383,hsa-mir-1-2,hsa-mir-192"
Disease,"Adenocarcinoma, Lung",31,0.30693069,2.77643413,1.22E-08,7.93E-06,9.66E-07,"hsa-mir-203a,hsa-mir-9-1,hsa-mir-33b,hsa-mir-133b,hsa-mir-203b,hsa-mir-9-2,hsa-mir-210,hsa-mir-99a,hsa-mir-375,hsa-mir-452,hsa-mir-7-3,hsa-mir-206,hsa-mir-449b,hsa-mir-451a,hsa-mir-182,hsa-mir-133a-2,hsa-mir-592,hsa-mir-195,hsa-mir-192,hsa-mir-145,hsa-mir-187,hsa-mir-183,hsa-mir-511,hsa-mir-342,hsa-mir-133a-1,hsa-mir-483,hsa-mir-200a,hsa-mir-551b,hsa-mir-200b,hsa-mir-21,hsa-mir-9-3"
Disease,"Carcinoma, Cervical",37,0.26811594,2.4253236,2.18E-08,1.41E-05,1.61E-06,"hsa-mir-3156-2,hsa-mir-203a,hsa-mir-9-1,hsa-mir-96,hsa-mir-3156-1,hsa-mir-203b,hsa-mir-125b-1,hsa-mir-100,hsa-mir-9-2,hsa-mir-99a,hsa-mir-375,hsa-mir-135b,hsa-mir-3156-3,hsa-mir-429,hsa-mir-335,hsa-mir-206,hsa-mir-196a-2,hsa-mir-182,hsa-mir-133a-2,hsa-mir-195,hsa-mir-33a,hsa-mir-139,hsa-mir-145,hsa-mir-125b-2,hsa-mir-187,hsa-mir-183,hsa-mir-196a-1,hsa-mir-342,hsa-mir-133a-1,hsa-mir-200a,hsa-mir-337,hsa-mir-200b,hsa-mir-211,hsa-mir-21,hsa-mir-9-3,hsa-mir-141,hsa-mir-142"
Disease,Breast Neoplasms,38,0.25675676,2.32257066,4.97E-08,3.23E-05,3.46E-06,"hsa-mir-9-1,hsa-mir-96,hsa-mir-133b,hsa-mir-486-1,hsa-mir-125b-1,hsa-mir-499a,hsa-mir-9-2,hsa-mir-210,hsa-mir-383,hsa-mir-1-2,hsa-mir-135b,hsa-mir-7-3,hsa-mir-429,hsa-mir-190b,hsa-mir-1-1,hsa-mir-335,hsa-mir-206,hsa-mir-451a,hsa-mir-10b,hsa-mir-196a-2,hsa-mir-182,hsa-mir-133a-2,hsa-mir-195,hsa-mir-204,hsa-mir-488,hsa-mir-184,hsa-mir-145,hsa-mir-125b-2,hsa-mir-183,hsa-mir-196a-1,hsa-mir-486-2,hsa-mir-342,hsa-mir-133a-1,hsa-mir-200a,hsa-mir-200b,hsa-mir-21,hsa-mir-141,hsa-mir-142"
Disease,Essential Hypertension,12,0.63157895,5.71313781,5.30E-08,3.44E-05,3.49E-06,"hsa-mir-1-1,hsa-mir-133a-2,hsa-mir-9-2,hsa-mir-208b,hsa-mir-133a-1,hsa-mir-9-3,hsa-mir-1-2,hsa-mir-483,hsa-mir-9-1,hsa-let-7c,hsa-mir-21,hsa-mir-499a"
Disease,"Carcinoma, Adrenocortical",15,0.5,4.52290076,7.65E-08,4.96E-05,4.77E-06,"hsa-mir-139,hsa-mir-203a,hsa-mir-483,hsa-mir-7-3,hsa-mir-203b,hsa-mir-125b-1,hsa-mir-200b,hsa-mir-335,hsa-mir-145,hsa-mir-100,hsa-mir-125b-2,hsa-mir-210,hsa-mir-195,hsa-mir-375,hsa-mir-192"
Disease,Melanoma,35,0.26515152,2.39850798,8.21E-08,5.33E-05,4.87E-06,"hsa-mir-203a,hsa-mir-9-1,hsa-mir-33b,hsa-mir-203b,hsa-mir-125b-1,hsa-mir-767,hsa-mir-9-2,hsa-mir-210,hsa-mir-375,hsa-mir-452,hsa-mir-429,hsa-mir-206,hsa-mir-451a,hsa-mir-378a,hsa-mir-10b,hsa-mir-196a-2,hsa-mir-182,hsa-mir-204,hsa-mir-488,hsa-mir-33a,hsa-mir-145,hsa-mir-125b-2,hsa-mir-183,hsa-mir-196a-1,hsa-mir-342,hsa-mir-200a,hsa-let-7c,hsa-mir-301a,hsa-mir-200b,hsa-mir-211,hsa-mir-21,hsa-mir-141,hsa-mir-9-3,hsa-mir-142,hsa-mir-378c"
Disease,"Squamous Cell Carcinoma, Oral",26,0.31325301,2.83362457,1.49E-07,9.70E-05,8.43E-06,"hsa-mir-139,hsa-mir-203a,hsa-mir-133a-1,hsa-mir-9-1,hsa-mir-133b,hsa-mir-429,hsa-mir-203b,hsa-mir-125b-1,hsa-mir-211,hsa-mir-184,hsa-mir-145,hsa-mir-10b,hsa-mir-125b-2,hsa-mir-196a-2,hsa-mir-21,hsa-mir-133a-2,hsa-mir-9-3,hsa-mir-196a-1,hsa-mir-9-2,hsa-mir-210,hsa-mir-204,hsa-mir-99a,hsa-mir-92b,hsa-mir-142,hsa-mir-144,hsa-mir-375"
Disease,Retinal Degeneration,8,0.88888889,8.04071247,1.50E-07,9.73E-05,8.08E-06,"hsa-mir-183,hsa-mir-1-1,hsa-mir-204,hsa-mir-1-2,hsa-mir-142,hsa-mir-96,hsa-mir-133b,hsa-mir-182"
Disease,Heart Failure,32,0.26666667,2.41221374,3.03E-07,0.000196,1.49E-05,"hsa-mir-133b,hsa-mir-665,hsa-mir-125b-1,hsa-mir-208b,hsa-mir-499a,hsa-mir-210,hsa-mir-1-2,hsa-mir-375,hsa-mir-429,hsa-mir-1-1,hsa-mir-451a,hsa-mir-105-1,hsa-mir-378a,hsa-mir-10b,hsa-mir-182,hsa-mir-133a-2,hsa-mir-195,hsa-mir-204,hsa-mir-192,hsa-mir-33a,hsa-mir-139,hsa-mir-105-2,hsa-mir-145,hsa-mir-125b-2,hsa-mir-342,hsa-mir-133a-1,hsa-let-7c,hsa-mir-130b,hsa-mir-211,hsa-mir-21,hsa-mir-142,hsa-mir-378c"
Disease,Rhabdomyosarcoma,11,0.61111111,5.52798982,3.28E-07,0.000213,1.55E-05,"hsa-mir-1-1,hsa-mir-133a-2,hsa-mir-9-2,hsa-mir-206,hsa-mir-203a,hsa-mir-133a-1,hsa-mir-1-2,hsa-mir-203b,hsa-mir-9-1,hsa-mir-9-3,hsa-mir-378a"
Disease,"Carcinoma, Colon",60,0.19047619,1.72300981,3.79E-07,0.000246,1.73E-05,"hsa-mir-584,hsa-mir-203a,hsa-mir-9-1,hsa-mir-454,hsa-mir-96,hsa-mir-133b,hsa-mir-486-1,hsa-mir-203b,hsa-mir-125b-1,hsa-mir-100,hsa-mir-499a,hsa-mir-9-2,hsa-mir-210,hsa-mir-99a,hsa-mir-1-2,hsa-mir-375,hsa-mir-144,hsa-mir-135b,hsa-mir-7-3,hsa-mir-429,hsa-mir-1-1,hsa-mir-335,hsa-mir-206,hsa-mir-451a,hsa-mir-378a,hsa-mir-10b,hsa-mir-196a-2,hsa-mir-182,hsa-mir-133a-2,hsa-mir-492,hsa-mir-195,hsa-mir-204,hsa-mir-592,hsa-mir-192,hsa-mir-877,hsa-mir-139,hsa-mir-301b,hsa-mir-145,hsa-mir-125b-2,hsa-mir-187,hsa-mir-183,hsa-mir-196a-1,hsa-mir-486-2,hsa-mir-342,hsa-mir-133a-1,hsa-mir-483,hsa-mir-200a,hsa-let-7c,hsa-mir-301a,hsa-mir-337,hsa-mir-130b,hsa-mir-200b,hsa-mir-211,hsa-mir-760,hsa-mir-1269a,hsa-mir-21,hsa-mir-141,hsa-mir-9-3,hsa-mir-142,hsa-mir-378c"
Disease,Lung Neoplasms,29,0.26363636,2.38480222,1.64E-06,0.00107,6.96E-05,"hsa-mir-203a,hsa-mir-9-1,hsa-mir-133b,hsa-mir-486-1,hsa-mir-203b,hsa-mir-125b-1,hsa-mir-499a,hsa-mir-9-2,hsa-mir-210,hsa-mir-1-2,hsa-mir-375,hsa-mir-1-1,hsa-mir-206,hsa-mir-196a-2,hsa-mir-182,hsa-mir-192,hsa-mir-33a,hsa-mir-145,hsa-mir-125b-2,hsa-mir-187,hsa-mir-381,hsa-mir-183,hsa-mir-196a-1,hsa-mir-486-2,hsa-let-7c,hsa-mir-1258,hsa-mir-21,hsa-mir-495,hsa-mir-142"
Disease,"Muscular Dystrophy, Duchenne",6,1,9.04580153,1.65E-06,0.00107,6.73E-05,"hsa-mir-1-1,hsa-mir-133a-2,hsa-mir-206,hsa-mir-133a-1,hsa-mir-1-2,hsa-mir-133b"
Disease,Spinal Muscular Atrophy,6,1,9.04580153,1.65E-06,0.00107,6.73E-05,"hsa-mir-335,hsa-mir-9-2,hsa-mir-206,hsa-mir-208b,hsa-mir-9-1,hsa-mir-9-3"
Disease,Endometriosis,16,0.3902439,3.53006889,1.90E-06,0.00123,7.27E-05,"hsa-mir-200a,hsa-mir-125b-1,hsa-mir-200b,hsa-mir-1-1,hsa-mir-449b,hsa-mir-451a,hsa-mir-145,hsa-mir-100,hsa-mir-10b,hsa-mir-125b-2,hsa-mir-141,hsa-mir-183,hsa-mir-99a,hsa-mir-195,hsa-mir-1-2,hsa-mir-142"
Disease,Ovarian Neoplasms,28,0.26415094,2.38945701,2.49E-06,0.00162,8.94E-05,"hsa-mir-9-1,hsa-mir-133b,hsa-mir-486-1,hsa-mir-125b-1,hsa-mir-100,hsa-mir-499a,hsa-mir-9-2,hsa-mir-99a,hsa-mir-383,hsa-mir-1-2,hsa-mir-135b,hsa-mir-429,hsa-mir-335,hsa-mir-1-1,hsa-mir-133a-2,hsa-mir-488,hsa-mir-145,hsa-mir-125b-2,hsa-mir-183,hsa-mir-486-2,hsa-mir-133a-1,hsa-mir-200a,hsa-let-7c,hsa-mir-200b,hsa-mir-21,hsa-mir-9-3,hsa-mir-141,hsa-mir-92b"
Disease,"Carcinoma, Renal Cell",30,0.25210084,2.28045417,2.97E-06,0.00193,0.000104,"hsa-mir-203a,hsa-mir-96,hsa-mir-454,hsa-mir-133b,hsa-mir-210,hsa-mir-452,hsa-mir-144,hsa-mir-3065,hsa-mir-7-3,hsa-mir-429,hsa-mir-206,hsa-mir-451a,hsa-mir-378a,hsa-mir-196a-2,hsa-mir-182,hsa-mir-195,hsa-mir-204,hsa-mir-184,hsa-mir-145,hsa-mir-381,hsa-mir-183,hsa-mir-196a-1,hsa-mir-200a,hsa-let-7c,hsa-mir-200b,hsa-mir-21,hsa-mir-141,hsa-mir-495,hsa-mir-142,hsa-mir-378c"
Disease,"Carcinoma, Laryngeal",20,0.31746032,2.87168302,4.06E-06,0.00264,0.000138,"hsa-mir-486-2,hsa-mir-133a-1,hsa-mir-9-1,hsa-mir-486-1,hsa-mir-1-1,hsa-mir-206,hsa-mir-378a,hsa-mir-10b,hsa-mir-196a-2,hsa-mir-1277,hsa-mir-9-3,hsa-mir-133a-2,hsa-mir-196a-1,hsa-mir-9-2,hsa-mir-210,hsa-mir-195,hsa-mir-1-2,hsa-mir-375,hsa-mir-144,hsa-mir-378c"
Disease,"Carcinoma, Renal Cell, Clear-Cell",19,0.32758621,2.96327981,4.30E-06,0.00279,0.000142,"hsa-mir-9-1,hsa-mir-429,hsa-mir-125b-1,hsa-mir-335,hsa-mir-1-1,hsa-mir-145,hsa-mir-10b,hsa-mir-125b-2,hsa-mir-21,hsa-mir-187,hsa-mir-141,hsa-mir-9-3,hsa-mir-492,hsa-mir-210,hsa-mir-195,hsa-mir-204,hsa-mir-9-2,hsa-mir-142,hsa-mir-452"
Disease,"Carcinoma, Endometrial",19,0.32758621,2.96327981,4.30E-06,0.00279,0.000142,"hsa-mir-135b,hsa-mir-203a,hsa-mir-200a,hsa-let-7c,hsa-mir-429,hsa-mir-203b,hsa-mir-125b-1,hsa-mir-200b,hsa-mir-1-1,hsa-mir-145,hsa-mir-10b,hsa-mir-125b-2,hsa-mir-196a-2,hsa-mir-182,hsa-mir-141,hsa-mir-499a,hsa-mir-449a,hsa-mir-204,hsa-mir-1-2"
Disease,Diabetes Mellitus,22,0.2972973,2.68929235,4.35E-06,0.00282,0.000136,"hsa-mir-486-2,hsa-mir-133a-1,hsa-mir-342,hsa-mir-200a,hsa-mir-9-1,hsa-mir-7-3,hsa-mir-429,hsa-mir-486-1,hsa-mir-130b,hsa-mir-200b,hsa-mir-1-1,hsa-mir-145,hsa-mir-196a-2,hsa-mir-21,hsa-mir-9-3,hsa-mir-133a-2,hsa-mir-495,hsa-mir-196a-1,hsa-mir-9-2,hsa-mir-204,hsa-mir-1-2,hsa-mir-375"
Disease,"Diabetes Mellitus, Type 2",34,0.23129252,2.0922262,4.78E-06,0.0031,0.000145,"hsa-mir-9-1,hsa-mir-33b,hsa-mir-454,hsa-mir-96,hsa-mir-133b,hsa-mir-665,hsa-mir-486-1,hsa-mir-9-2,hsa-mir-383,hsa-mir-1-2,hsa-mir-375,hsa-mir-144,hsa-mir-7-3,hsa-mir-1-1,hsa-mir-206,hsa-mir-451a,hsa-mir-196a-2,hsa-mir-182,hsa-mir-133a-2,hsa-mir-195,hsa-mir-192,hsa-mir-33a,hsa-mir-802,hsa-mir-145,hsa-mir-187,hsa-mir-196a-1,hsa-mir-486-2,hsa-mir-133a-1,hsa-mir-200a,hsa-let-7c,hsa-mir-200b,hsa-mir-21,hsa-mir-9-3,hsa-mir-142"
Disease,Choriocarcinoma,19,0.31666667,2.86450382,7.64E-06,0.00496,0.000226,"hsa-mir-203a,hsa-mir-133a-1,hsa-mir-200a,hsa-mir-429,hsa-mir-203b,hsa-mir-200b,hsa-mir-145,hsa-mir-10b,hsa-mir-196a-2,hsa-mir-21,hsa-mir-182,hsa-mir-183,hsa-mir-133a-2,hsa-mir-449a,hsa-mir-196a-1,hsa-mir-210,hsa-mir-195,hsa-mir-204,hsa-mir-192"
Disease,Acute Myocardial Infarction,16,0.34782609,3.14636575,1.12E-05,0.00727,0.000309,"hsa-mir-486-2,hsa-mir-133a-1,hsa-mir-133b,hsa-mir-486-1,hsa-mir-125b-1,hsa-mir-1-1,hsa-mir-208b,hsa-mir-145,hsa-mir-125b-2,hsa-mir-21,hsa-mir-499a,hsa-mir-133a-2,hsa-mir-99a,hsa-mir-204,hsa-mir-1-2,hsa-mir-144"
Disease,"Carcinoma, Pancreatic",36,0.21686747,1.96174009,1.18E-05,0.00767,0.000318,"hsa-mir-96,hsa-mir-208b,hsa-mir-100,hsa-mir-210,hsa-mir-99a,hsa-mir-375,hsa-mir-135b,hsa-mir-7-3,hsa-mir-429,hsa-mir-335,hsa-mir-206,hsa-mir-10b,hsa-mir-196a-2,hsa-mir-182,hsa-mir-133a-2,hsa-mir-195,hsa-mir-204,hsa-mir-192,hsa-mir-33a,hsa-mir-139,hsa-mir-940,hsa-mir-301b,hsa-mir-145,hsa-mir-183,hsa-mir-196a-1,hsa-mir-133a-1,hsa-mir-483,hsa-mir-200a,hsa-let-7c,hsa-mir-301a,hsa-mir-130b,hsa-mir-200b,hsa-mir-211,hsa-mir-21,hsa-mir-141,hsa-mir-1247"
Disease,"Carcinoma, Head And Neck",8,0.61538462,5.56664709,1.45E-05,0.00943,0.000383,"hsa-mir-196a-1,hsa-mir-203a,hsa-mir-203b,hsa-mir-375,hsa-mir-200b,hsa-mir-10b,hsa-mir-196a-2,hsa-mir-499a"
Disease,Distal Myopathy,5,1,9.04580153,1.54E-05,0.01,0.000397,"hsa-mir-1-2,hsa-mir-206,hsa-mir-1-1,hsa-mir-133a-2,hsa-mir-133a-1"
Disease,Musculoskeletal Abnormalities [unspecific],5,1,9.04580153,1.54E-05,0.01,0.000397,"hsa-mir-1-2,hsa-mir-206,hsa-mir-1-1,hsa-mir-133a-2,hsa-mir-133a-1"
Disease,Ventricular Tachycardia,5,1,9.04580153,1.54E-05,0.01,0.000397,"hsa-mir-1-2,hsa-mir-1-1,hsa-mir-133a-2,hsa-mir-133b,hsa-mir-133a-1"
Disease,"Squamous Cell Carcinoma, Esophageal",32,0.22535211,2.03849048,1.81E-05,0.0117,0.000404,"hsa-mir-203a,hsa-mir-9-1,hsa-mir-33b,hsa-mir-133b,hsa-mir-203b,hsa-mir-100,hsa-mir-9-2,hsa-mir-383,hsa-mir-1-2,hsa-mir-375,hsa-mir-7-3,hsa-mir-335,hsa-mir-1-1,hsa-mir-449b,hsa-mir-10b,hsa-mir-196a-2,hsa-mir-133a-2,hsa-mir-195,hsa-mir-139,hsa-mir-145,hsa-mir-183,hsa-mir-196a-1,hsa-mir-133a-1,hsa-mir-483,hsa-mir-200a,hsa-let-7c,hsa-mir-337,hsa-mir-130b,hsa-mir-200b,hsa-mir-21,hsa-mir-9-3,hsa-mir-92b"
Disease,"Carcinoma, Rectal",16,0.33333333,3.01526718,2.09E-05,0.0136,0.000459,"hsa-mir-139,hsa-mir-135b,hsa-mir-203a,hsa-mir-486-2,hsa-mir-486-1,hsa-mir-203b,hsa-mir-145,hsa-mir-125b-2,hsa-mir-141,hsa-mir-196a-2,hsa-mir-21,hsa-mir-183,hsa-mir-196a-1,hsa-mir-492,hsa-mir-195,hsa-mir-92b"
Disease,Acute Kidney Injury,9,0.52941176,4.78895375,2.13E-05,0.0138,0.000459,"hsa-mir-449a,hsa-mir-192,hsa-mir-200a,hsa-mir-125b-1,hsa-mir-145,hsa-mir-200b,hsa-mir-125b-2,hsa-mir-21,hsa-mir-182"
Disease,Hypertension,14,0.35897436,3.2472108,2.77E-05,0.018,0.000586,"hsa-mir-584,hsa-mir-139,hsa-mir-135b,hsa-mir-133a-1,hsa-mir-105-2,hsa-mir-1-1,hsa-mir-208b,hsa-mir-105-1,hsa-mir-196a-2,hsa-mir-21,hsa-mir-499a,hsa-mir-133a-2,hsa-mir-204,hsa-mir-1-2"
Disease,Gastrointestinal Neoplasms,22,0.26829268,2.42692236,2.78E-05,0.0181,0.000579,"hsa-mir-139,hsa-mir-9-1,hsa-mir-133b,hsa-mir-7-3,hsa-mir-130b,hsa-mir-200b,hsa-mir-335,hsa-mir-451a,hsa-mir-9-3,hsa-mir-145,hsa-mir-100,hsa-mir-378a,hsa-mir-658,hsa-mir-196a-2,hsa-mir-21,hsa-mir-141,hsa-mir-196a-1,hsa-mir-9-2,hsa-mir-210,hsa-mir-195,hsa-mir-375,hsa-mir-378c"
Disease,"Carcinoma, Esophageal",19,0.28787879,2.60409438,3.59E-05,0.0233,0.000721,"hsa-mir-203a,hsa-mir-133a-1,hsa-mir-483,hsa-mir-200a,hsa-mir-96,hsa-mir-429,hsa-mir-203b,hsa-mir-451a,hsa-mir-145,hsa-mir-196a-2,hsa-mir-21,hsa-mir-141,hsa-mir-183,hsa-mir-133a-2,hsa-mir-196a-1,hsa-mir-204,hsa-mir-375,hsa-mir-144,hsa-mir-192"
Disease,Cholangiocarcinoma,13,0.37142857,3.35986914,3.60E-05,0.0234,0.000712,"hsa-mir-203a,hsa-mir-483,hsa-mir-200a,hsa-mir-96,hsa-mir-429,hsa-mir-203b,hsa-mir-200b,hsa-mir-1-1,hsa-mir-21,hsa-mir-141,hsa-mir-1-2,hsa-mir-144,hsa-mir-192"
Disease,"Colitis, Ulcerative",11,0.42307692,3.82706988,3.62E-05,0.0235,0.000704,"hsa-mir-342,hsa-mir-429,hsa-mir-4732,hsa-mir-200b,hsa-mir-335,hsa-mir-196a-2,hsa-mir-21,hsa-mir-141,hsa-mir-499a,hsa-mir-195,hsa-mir-142"
Disease,"Carcinoma, Nasopharyngeal",27,0.23684211,2.14242668,3.70E-05,0.024,0.000707,"hsa-mir-203a,hsa-mir-9-1,hsa-mir-203b,hsa-mir-125b-1,hsa-mir-449a,hsa-mir-9-2,hsa-mir-1-2,hsa-mir-1-1,hsa-mir-451a,hsa-mir-378a,hsa-mir-10b,hsa-mir-195,hsa-mir-204,hsa-mir-940,hsa-mir-4501,hsa-mir-184,hsa-mir-145,hsa-mir-125b-2,hsa-mir-183,hsa-mir-483,hsa-mir-200a,hsa-let-7c,hsa-mir-200b,hsa-mir-21,hsa-mir-9-3,hsa-mir-142,hsa-mir-378c"
Disease,Epstein-Barr Virus Infection,9,0.5,4.52290076,3.87E-05,0.0251,0.000716,"hsa-mir-183,hsa-mir-7-3,hsa-mir-9-2,hsa-mir-9-3,hsa-mir-142,hsa-mir-9-1,hsa-mir-96,hsa-mir-10b,hsa-mir-182"
Disease,Kidney Transplant Rejection,7,0.63636364,5.75641915,3.91E-05,0.0254,0.000714,"hsa-mir-99a,hsa-mir-486-2,hsa-mir-486-1,hsa-mir-142,hsa-mir-200b,hsa-mir-192,hsa-mir-21"
Disease,Aortic Aneurysm,7,0.63636364,5.75641915,3.91E-05,0.0254,0.000714,"hsa-mir-1-1,hsa-mir-195,hsa-mir-1-2,hsa-mir-125b-1,hsa-mir-145,hsa-mir-378a,hsa-mir-125b-2"
Disease,Glioblastoma,35,0.20710059,1.87339085,4.87E-05,0.0316,0.000849,"hsa-mir-203a,hsa-mir-9-1,hsa-mir-133b,hsa-mir-486-1,hsa-mir-203b,hsa-mir-125b-1,hsa-mir-100,hsa-mir-449a,hsa-mir-9-2,hsa-mir-210,hsa-mir-1-2,hsa-mir-452,hsa-mir-144,hsa-mir-147b,hsa-mir-135b,hsa-mir-7-3,hsa-mir-429,hsa-mir-1-1,hsa-mir-206,hsa-mir-451a,hsa-mir-10b,hsa-mir-182,hsa-mir-195,hsa-mir-139,hsa-mir-770,hsa-mir-145,hsa-mir-125b-2,hsa-mir-486-2,hsa-let-7c,hsa-mir-130b,hsa-mir-21,hsa-mir-9-3,hsa-mir-1247,hsa-mir-92b,hsa-mir-142"
Disease,Nephrosclerosis,5,0.83333333,7.53816794,8.43E-05,0.0547,0.00143,"hsa-mir-429,hsa-mir-200a,hsa-mir-200b,hsa-mir-192,hsa-mir-141"
Disease,Kallmann Syndrome,5,0.83333333,7.53816794,8.43E-05,0.0547,0.00143,"hsa-mir-9-2,hsa-mir-200a,hsa-mir-9-1,hsa-mir-200b,hsa-mir-9-3"
Disease,Adrenal Cortex Neoplasms,7,0.58333333,5.27671756,8.53E-05,0.0554,0.0014,"hsa-mir-210,hsa-mir-99a,hsa-mir-203a,hsa-mir-203b,hsa-mir-142,hsa-mir-200b,hsa-mir-100"
Disease,"Adenocarcinoma, Gastric",13,0.34210526,3.09461631,9.84E-05,0.0638,0.0016,"hsa-mir-203a,hsa-mir-486-2,hsa-mir-483,hsa-mir-96,hsa-let-7c,hsa-mir-486-1,hsa-mir-203b,hsa-mir-125b-1,hsa-mir-145,hsa-mir-100,hsa-mir-125b-2,hsa-mir-21,hsa-mir-381"
Disease,Cardiomyopathy,10,0.41666667,3.76908397,9.88E-05,0.0641,0.00158,"hsa-mir-133a-1,hsa-mir-200a,hsa-mir-9-1,hsa-mir-133b,hsa-mir-200b,hsa-mir-451a,hsa-mir-21,hsa-mir-9-3,hsa-mir-133a-2,hsa-mir-9-2"
Disease,Amyotrophic Lateral Sclerosis,6,0.66666667,6.03053435,0.000104,0.0674,0.00164,"hsa-mir-9-2,hsa-mir-206,hsa-mir-200a,hsa-mir-125b-1,hsa-mir-125b-2,hsa-mir-141"
Disease,Atherosclerosis,23,0.24210526,2.19003616,0.000108,0.0701,0.00168,"hsa-mir-9-1,hsa-mir-33b,hsa-mir-133b,hsa-mir-100,hsa-mir-499a,hsa-mir-9-2,hsa-mir-210,hsa-mir-99a,hsa-mir-144,hsa-mir-135b,hsa-mir-206,hsa-mir-378a,hsa-mir-10b,hsa-mir-182,hsa-mir-133a-2,hsa-mir-33a,hsa-mir-145,hsa-mir-133a-1,hsa-mir-21,hsa-mir-9-3,hsa-mir-495,hsa-mir-142,hsa-mir-378c"
Disease,Cerebral Aneurysm,9,0.45,4.07061069,0.00011,0.0713,0.00169,"hsa-mir-1-1,hsa-mir-133a-2,hsa-mir-9-2,hsa-mir-133a-1,hsa-mir-9-3,hsa-mir-1-2,hsa-mir-9-1,hsa-mir-145,hsa-mir-133b"
Disease,Human Papilloma Virus Infection,12,0.35294118,3.19263583,0.000132,0.0855,0.002,"hsa-mir-3156-2,hsa-mir-203a,hsa-mir-3156-3,hsa-mir-96,hsa-mir-3156-1,hsa-mir-203b,hsa-mir-125b-1,hsa-mir-145,hsa-mir-196a-2,hsa-mir-21,hsa-mir-125b-2,hsa-mir-196a-1"
Disease,"Carcinoma, Ovarian, Clear Cell",4,1,9.04580153,0.000143,0.093,0.00215,"hsa-mir-9-1,hsa-mir-21,hsa-mir-9-3,hsa-mir-9-2"
Disease,Non-Alcoholic Steatohepatitis,4,1,9.04580153,0.000143,0.093,0.00215,"hsa-mir-9-3,hsa-mir-9-1,hsa-mir-144,hsa-mir-9-2"
Disease,Long QT Syndrome,4,1,9.04580153,0.000143,0.093,0.00215,"hsa-mir-1-2,hsa-mir-1-1,hsa-mir-133a-2,hsa-mir-133a-1"
Disease,Aortic Stenosis,10,0.4,3.61832061,0.000149,0.0969,0.00216,"hsa-mir-133a-1,hsa-mir-133b,hsa-mir-1-1,hsa-mir-211,hsa-mir-451a,hsa-mir-133a-2,hsa-mir-210,hsa-mir-195,hsa-mir-204,hsa-mir-1-2"
Disease,"Carcinoma, Thyroid, Papillary",16,0.28571429,2.58451472,0.000176,0.1141,0.00251,"hsa-mir-135b,hsa-mir-9-1,hsa-mir-96,hsa-mir-7-3,hsa-mir-130b,hsa-mir-451a,hsa-mir-21,hsa-mir-182,hsa-mir-9-3,hsa-mir-183,hsa-mir-9-2,hsa-mir-99a,hsa-mir-204,hsa-mir-375,hsa-mir-144,hsa-mir-192"
Disease,Preeclampsia,19,0.25675676,2.32257066,0.000203,0.1316,0.00286,"hsa-mir-135b,hsa-mir-203a,hsa-mir-342,hsa-mir-301a,hsa-mir-133b,hsa-mir-203b,hsa-mir-125b-1,hsa-mir-335,hsa-mir-1301,hsa-mir-206,hsa-mir-125b-2,hsa-mir-182,hsa-mir-21,hsa-mir-495,hsa-mir-210,hsa-mir-195,hsa-mir-204,hsa-mir-92b,hsa-mir-142"
Disease,"Carcinoma, Thyroid",12,0.33333333,3.01526718,0.000247,0.1604,0.00344,"hsa-mir-584,hsa-mir-486-2,hsa-mir-200a,hsa-mir-551b,hsa-mir-7-3,hsa-mir-486-1,hsa-mir-449b,hsa-mir-145,hsa-mir-21,hsa-mir-204,hsa-mir-142,hsa-mir-144"
Disease,Congenital Heart Diseases,9,0.40909091,3.70055517,0.000268,0.1738,0.00369,"hsa-mir-133a-1,hsa-mir-96,hsa-mir-1-1,hsa-mir-10b,hsa-mir-196a-2,hsa-mir-499a,hsa-mir-133a-2,hsa-mir-195,hsa-mir-1-2"
Disease,Arteriosclerosis Obliterans,8,0.44444444,4.02035623,0.000304,0.1973,0.00414,"hsa-mir-1-1,hsa-mir-133a-2,hsa-mir-133a-1,hsa-mir-1-2,hsa-mir-142,hsa-mir-125b-1,hsa-mir-125b-2,hsa-mir-21"
Disease,Myotonic Muscular Dystrophy,7,0.5,4.52290076,0.000305,0.198,0.00411,"hsa-mir-335,hsa-mir-1-1,hsa-mir-133a-2,hsa-mir-206,hsa-mir-133a-1,hsa-mir-1-2,hsa-mir-133b"
Disease,Heart Diseases [unspecific],12,0.31578947,2.8565689,0.000439,0.2849,0.00578,"hsa-mir-133a-1,hsa-mir-301a,hsa-mir-133b,hsa-mir-200b,hsa-mir-1-1,hsa-mir-208b,hsa-mir-184,hsa-mir-100,hsa-mir-21,hsa-mir-499a,hsa-mir-133a-2,hsa-mir-1-2"
Disease,Barrett's Esophagus,6,0.54545455,4.93407356,0.000473,0.3069,0.00616,"hsa-mir-196a-1,hsa-mir-203a,hsa-mir-203b,hsa-mir-192,hsa-mir-196a-2,hsa-mir-21"
Disease,"Carcinoma, Urothelial",7,0.46666667,4.22137405,0.00052,0.3373,0.00669,"hsa-mir-183,hsa-mir-99a,hsa-mir-96,hsa-mir-145,hsa-mir-100,hsa-mir-21,hsa-mir-182"
Disease,"Adenocarcinoma, Gastric-Esophageal Junction",7,0.46666667,4.22137405,0.00052,0.3373,0.00669,"hsa-mir-196a-1,hsa-mir-135b,hsa-mir-549a,hsa-mir-192,hsa-mir-196a-2,hsa-mir-21,hsa-mir-381"
Disease,Muscular Dystrophy,10,0.34482759,3.11924191,0.000618,0.4012,0.00771,"hsa-mir-133a-1,hsa-let-7c,hsa-mir-1-1,hsa-mir-206,hsa-mir-145,hsa-mir-21,hsa-mir-381,hsa-mir-133a-2,hsa-mir-195,hsa-mir-1-2"
Disease,Coronary Heart Diseases,15,0.26785714,2.42298255,0.00062,0.4024,0.00765,"hsa-mir-486-2,hsa-mir-133a-1,hsa-mir-454,hsa-mir-486-1,hsa-mir-125b-1,hsa-mir-1-1,hsa-mir-206,hsa-mir-451a,hsa-mir-145,hsa-mir-196a-2,hsa-mir-125b-2,hsa-mir-21,hsa-mir-133a-2,hsa-mir-1-2,hsa-mir-585"
Disease,Arrhythmia,5,0.625,5.65362595,0.000653,0.4238,0.0079,"hsa-mir-1-1,hsa-mir-133a-2,hsa-mir-133a-1,hsa-mir-1-2,hsa-mir-21"
Disease,Keratitis,4,0.8,7.23664122,0.000655,0.4251,0.00776,"hsa-mir-183,hsa-mir-96,hsa-mir-182,hsa-mir-145"
Disease,"Carcinoma, Supraglottic",4,0.8,7.23664122,0.000655,0.4251,0.00776,"hsa-mir-206,hsa-mir-21,hsa-mir-33a,hsa-mir-375"
Disease,"Carcinoma, Periampullary",4,0.8,7.23664122,0.000655,0.4251,0.00776,"hsa-mir-192,hsa-mir-196a-2,hsa-mir-196a-1,hsa-mir-375"
Disease,Prostate Neoplasms,18,0.24,2.17099237,0.00075,0.4867,0.00823,"hsa-mir-135b,hsa-mir-203a,hsa-mir-486-2,hsa-mir-200a,hsa-mir-133b,hsa-mir-105-2,hsa-mir-486-1,hsa-mir-130b,hsa-mir-203b,hsa-mir-125b-1,hsa-mir-200b,hsa-mir-145,hsa-mir-105-1,hsa-mir-100,hsa-mir-125b-2,hsa-mir-21,hsa-mir-182,hsa-mir-99a"
Disease,Medulloblastoma,10,0.33333333,3.01526718,0.000841,0.5457,0.00914,"hsa-mir-135b,hsa-mir-9-1,hsa-mir-125b-1,hsa-mir-206,hsa-mir-10b,hsa-mir-125b-2,hsa-mir-9-3,hsa-mir-495,hsa-mir-9-2,hsa-mir-192"
Disease,Endometrial Neoplasms,6,0.5,4.52290076,0.00086,0.5584,0.00927,"hsa-mir-183,hsa-mir-9-2,hsa-mir-9-3,hsa-mir-9-1,hsa-mir-96,hsa-mir-182"
Disease,Hepatitis [unspecific],6,0.5,4.52290076,0.00086,0.5584,0.00927,"hsa-mir-9-2,hsa-mir-499a,hsa-mir-208b,hsa-mir-9-1,hsa-mir-21,hsa-mir-9-3"
Disease,Cardiovascular Diseases [unspecific],16,0.25,2.26145038,0.000936,0.6077,0.00973,"hsa-mir-33a,hsa-mir-133a-1,hsa-mir-33b,hsa-mir-1-1,hsa-mir-451a,hsa-mir-145,hsa-mir-100,hsa-mir-10b,hsa-mir-21,hsa-mir-378a,hsa-mir-499a,hsa-mir-133a-2,hsa-mir-210,hsa-mir-99a,hsa-mir-1-2,hsa-mir-144"
Disease,Allergy,8,0.38095238,3.44601963,0.00106,0.6864,0.0109,"hsa-mir-210,hsa-mir-301a,hsa-mir-615,hsa-mir-142,hsa-mir-375,hsa-mir-145,hsa-mir-452,hsa-mir-21"
Disease,"Tuberculosis, Pulmonary",9,0.34615385,3.13123899,0.00114,0.7394,0.0115,"hsa-mir-125b-1,hsa-mir-206,hsa-mir-196a-2,hsa-mir-21,hsa-mir-125b-2,hsa-mir-499a,hsa-mir-196a-1,hsa-mir-204,hsa-mir-192"
Disease,Chronic Atrial Fibrillation,3,1,9.04580153,0.00132,0.859,0.0133,"hsa-mir-1-2,hsa-mir-1-1,hsa-mir-21"
Disease,Acute Megakaryoblastic Leukemia,3,1,9.04580153,0.00132,0.859,0.0133,"hsa-mir-99a,hsa-mir-125b-2,hsa-mir-125b-1"
Disease,Nevus,3,1,9.04580153,0.00132,0.859,0.0133,"hsa-mir-125b-1,hsa-mir-125b-2,hsa-let-7c"
Disease,"Carcinoma, Merkel Cell",3,1,9.04580153,0.00132,0.859,0.0133,"hsa-mir-203b,hsa-mir-375,hsa-mir-203a"
Disease,MELAS Syndrome,3,1,9.04580153,0.00132,0.859,0.0133,"hsa-mir-9-1,hsa-mir-9-3,hsa-mir-9-2"
Disease,Esophageal Neoplasms,5,0.55555556,5.02544529,0.00134,0.8693,0.0118,"hsa-mir-203a,hsa-mir-203b,hsa-mir-145,hsa-mir-21,hsa-mir-141"
Disease,"Adenocarcinoma, Esophageal",8,0.36363636,3.28938237,0.00151,0.9793,0.013,"hsa-mir-203a,hsa-mir-203b,hsa-mir-145,hsa-mir-378a,hsa-mir-21,hsa-mir-210,hsa-mir-452,hsa-mir-378c"
Disease,"Squamous Cell Carcinoma, Tongue",9,0.33333333,3.01526718,0.00155,1,0.0132,"hsa-mir-203a,hsa-mir-483,hsa-mir-96,hsa-mir-940,hsa-mir-203b,hsa-mir-21,hsa-mir-183,hsa-mir-195,hsa-mir-375"
Disease,"Carcinoma, Gallbladder",9,0.33333333,3.01526718,0.00155,1,0.0132,"hsa-mir-125b-1,hsa-mir-335,hsa-mir-1-1,hsa-mir-145,hsa-mir-125b-2,hsa-mir-21,hsa-mir-182,hsa-mir-187,hsa-mir-1-2"
Disease,Alzheimer's Disease,21,0.21,1.89961832,0.00177,1,0.0149,"hsa-mir-9-1,hsa-mir-33b,hsa-mir-125b-1,hsa-mir-937,hsa-mir-100,hsa-mir-9-2,hsa-mir-375,hsa-mir-7-3,hsa-mir-206,hsa-mir-195,hsa-mir-33a,hsa-mir-139,hsa-mir-125b-2,hsa-mir-511,hsa-mir-342,hsa-mir-483,hsa-mir-301a,hsa-mir-200b,hsa-mir-21,hsa-mir-9-3,hsa-mir-142"
Disease,"Leukemia, Biphenotypic, Acute",4,0.66666667,6.03053435,0.0018,1,0.015,"hsa-mir-584,hsa-mir-125b-1,hsa-mir-125b-2,hsa-mir-182"
Disease,Cervical Dysplasia,4,0.66666667,6.03053435,0.0018,1,0.015,"hsa-mir-196a-1,hsa-mir-125b-2,hsa-mir-125b-1,hsa-mir-196a-2"
Disease,Neuroendocrine Tumors,4,0.66666667,6.03053435,0.0018,1,0.015,"hsa-mir-133a-2,hsa-mir-196a-1,hsa-mir-133a-1,hsa-mir-196a-2"
Disease,Essential Thrombocythemia,4,0.66666667,6.03053435,0.0018,1,0.015,"hsa-mir-203a,hsa-mir-203b,hsa-mir-125b-1,hsa-mir-125b-2"
Disease,Kidney Injury,9,0.32142857,2.90757906,0.00207,1,0.0167,"hsa-let-7c,hsa-mir-125b-1,hsa-mir-211,hsa-mir-125b-2,hsa-mir-21,hsa-mir-182,hsa-mir-210,hsa-mir-204,hsa-mir-192"
Disease,Liver Cirrhosis,14,0.24561404,2.22177581,0.00239,1,0.0189,"hsa-mir-33a,hsa-mir-203a,hsa-mir-200a,hsa-mir-454,hsa-mir-9-1,hsa-mir-203b,hsa-mir-200b,hsa-mir-145,hsa-mir-378a,hsa-mir-10b,hsa-mir-21,hsa-mir-9-3,hsa-mir-9-2,hsa-mir-144"
Disease,Sepsis,10,0.29411765,2.66052986,0.00248,1,0.0195,"hsa-mir-486-2,hsa-mir-342,hsa-mir-133a-1,hsa-mir-486-1,hsa-mir-145,hsa-mir-182,hsa-mir-21,hsa-mir-133a-2,hsa-mir-210,hsa-mir-375"
Disease,Colon Neoplasms,17,0.22077922,1.99712501,0.00287,1,0.0224,"hsa-mir-584,hsa-mir-135b,hsa-mir-486-2,hsa-let-7c,hsa-mir-133b,hsa-mir-615,hsa-mir-486-1,hsa-mir-125b-1,hsa-mir-200b,hsa-mir-145,hsa-mir-125b-2,hsa-mir-21,hsa-mir-141,hsa-mir-449a,hsa-mir-210,hsa-mir-142,hsa-mir-192"
Disease,Myocardial Infarction,13,0.25,2.26145038,0.0029,1,0.0225,"hsa-mir-133b,hsa-mir-125b-1,hsa-mir-1-1,hsa-mir-206,hsa-mir-208b,hsa-mir-451a,hsa-mir-125b-2,hsa-mir-196a-2,hsa-mir-21,hsa-mir-499a,hsa-mir-210,hsa-mir-1-2,hsa-mir-144"
Disease,Osteoarthritis,11,0.26829268,2.42692236,0.0034,1,0.0258,"hsa-mir-139,hsa-mir-483,hsa-mir-9-1,hsa-mir-125b-1,hsa-mir-335,hsa-mir-145,hsa-mir-125b-2,hsa-mir-21,hsa-mir-9-3,hsa-mir-9-2,hsa-mir-204"
Disease,Parkinson's Disease,11,0.26829268,2.42692236,0.0034,1,0.0258,"hsa-mir-9-1,hsa-mir-133b,hsa-mir-7-3,hsa-mir-1-1,hsa-mir-21,hsa-mir-9-3,hsa-mir-495,hsa-mir-9-2,hsa-mir-195,hsa-mir-1-2,hsa-mir-144"
Disease,"Fatty Liver, Non-Alcoholic",6,0.4,3.61832061,0.00351,1,0.0263,"hsa-mir-9-2,hsa-mir-9-3,hsa-mir-9-1,hsa-mir-125b-1,hsa-mir-125b-2,hsa-mir-21"
Disease,Liver Neoplasms,8,0.32,2.89465649,0.00382,1,0.0285,"hsa-mir-486-2,hsa-mir-200a,hsa-mir-133b,hsa-mir-486-1,hsa-mir-10b,hsa-mir-21,hsa-mir-210,hsa-mir-375"
Disease,Behcet's Disease,4,0.57142857,5.16902944,0.00383,1,0.0284,"hsa-mir-139,hsa-mir-196a-2,hsa-mir-182,hsa-mir-499a"
Disease,Kidney Diseases [unspecific],4,0.57142857,5.16902944,0.00383,1,0.0284,"hsa-mir-125b-1,hsa-mir-200b,hsa-mir-125b-2,hsa-mir-21"
Disease,Head And Neck Neoplasms,10,0.27777778,2.51272265,0.00396,1,0.0288,"hsa-mir-133a-1,hsa-let-7c,hsa-mir-130b,hsa-mir-1-1,hsa-mir-21,hsa-mir-499a,hsa-mir-133a-2,hsa-mir-204,hsa-mir-1-2,hsa-mir-142"
Disease,Multiple Myeloma,14,0.23333333,2.11068702,0.00402,1,0.029,"hsa-mir-135b,hsa-mir-342,hsa-mir-33b,hsa-mir-9-1,hsa-mir-301a,hsa-mir-96,hsa-mir-335,hsa-mir-451a,hsa-mir-145,hsa-mir-182,hsa-mir-21,hsa-mir-9-3,hsa-mir-9-2,hsa-mir-192"
Disease,"Carcinoma, Thyroid, Medullary",5,0.45454545,4.11172797,0.00408,1,0.0293,"hsa-mir-99a,hsa-mir-375,hsa-mir-200b,hsa-mir-21,hsa-mir-182"
Disease,Machado-Joseph Disease,5,0.45454545,4.11172797,0.00408,1,0.0293,"hsa-mir-9-2,hsa-mir-9-1,hsa-mir-125b-1,hsa-mir-125b-2,hsa-mir-9-3"
Disease,"Squamous Cell Carcinoma, Head and Neck",12,0.25,2.26145038,0.00423,1,0.0298,"hsa-mir-147b,hsa-mir-200b,hsa-mir-1-1,hsa-mir-206,hsa-mir-196a-2,hsa-mir-21,hsa-mir-182,hsa-mir-141,hsa-mir-196a-1,hsa-mir-210,hsa-mir-1-2,hsa-mir-375"
Disease,Leukemia,15,0.2238806,2.02517945,0.00445,1,0.0312,"hsa-mir-139,hsa-mir-486-2,hsa-mir-9-1,hsa-mir-454,hsa-mir-486-1,hsa-mir-125b-1,hsa-mir-378a,hsa-mir-125b-2,hsa-mir-21,hsa-mir-183,hsa-mir-9-3,hsa-mir-9-2,hsa-mir-195,hsa-mir-511,hsa-mir-378c"
Disease,Fatty Liver [unspecific],3,0.75,6.78435115,0.00486,1,0.0339,"hsa-mir-1224,hsa-mir-182,hsa-mir-183"
Disease,Hyperactivity Disorder,3,0.75,6.78435115,0.00486,1,0.0339,"hsa-mir-96,hsa-mir-182,hsa-mir-183"
Disease,Pain[unspecific],3,0.75,6.78435115,0.00486,1,0.0339,"hsa-mir-96,hsa-mir-183,hsa-mir-182"
Disease,Fungal Keratitis,3,0.75,6.78435115,0.00486,1,0.0339,"hsa-mir-142,hsa-mir-511,hsa-mir-451a"
Disease,"Cardiomyopathy, Dilated",3,0.75,6.78435115,0.00486,1,0.0339,"hsa-mir-499a,hsa-mir-196a-2,hsa-mir-196a-1"
Disease,Knee Osteoarthritis,3,0.75,6.78435115,0.00486,1,0.0339,"hsa-mir-9-1,hsa-mir-9-3,hsa-mir-9-2"
Disease,"Carcinoma, Oral",10,0.27027027,2.44481122,0.00492,1,0.0324,"hsa-mir-139,hsa-mir-135b,hsa-mir-203a,hsa-mir-203b,hsa-mir-145,hsa-mir-196a-2,hsa-mir-21,hsa-mir-196a-1,hsa-mir-1269b,hsa-mir-142"
Disease,Myocardial Fibrosis,6,0.375,3.39217557,0.00512,1,0.0335,"hsa-mir-203a,hsa-mir-21,hsa-mir-203b,hsa-mir-125b-1,hsa-mir-378a,hsa-mir-125b-2"
Disease,Down Syndrome,5,0.41666667,3.76908397,0.00639,1,0.0416,"hsa-mir-802,hsa-mir-99a,hsa-mir-96,hsa-let-7c,hsa-mir-125b-2"
Disease,Renal Fibrosis,5,0.41666667,3.76908397,0.00639,1,0.0416,"hsa-mir-196a-1,hsa-mir-378a,hsa-mir-378c,hsa-mir-196a-2,hsa-mir-21"
Disease,"Leukemia, Lymphoblastic, Acute, Childhood",5,0.41666667,3.76908397,0.00639,1,0.0416,"hsa-mir-210,hsa-mir-99a,hsa-mir-125b-1,hsa-mir-100,hsa-mir-125b-2"
Disease,"Carcinoma, Skin",4,0.5,4.52290076,0.00701,1,0.0449,"hsa-mir-383,hsa-mir-200a,hsa-mir-200b,hsa-mir-21"
Disease,Muscle Diseases [unspecific],4,0.5,4.52290076,0.00701,1,0.0449,"hsa-mir-133a-2,hsa-mir-206,hsa-mir-133a-1,hsa-mir-133b"
Disease,Waldenstrom Macroglobulinemia,4,0.5,4.52290076,0.00701,1,0.0449,"hsa-mir-9-2,hsa-mir-206,hsa-mir-9-1,hsa-mir-9-3"
Disease,Intrahepatic Cholangiocarcinoma,7,0.31818182,2.87820958,0.00706,1,0.0443,"hsa-mir-483,hsa-mir-96,hsa-mir-1-1,hsa-mir-145,hsa-mir-195,hsa-mir-204,hsa-mir-1-2"
Disease,Crohn Disease,9,0.27272727,2.46703678,0.00713,1,0.0442,"hsa-mir-301a,hsa-mir-196a-2,hsa-mir-21,hsa-mir-141,hsa-mir-495,hsa-mir-196a-1,hsa-mir-99a,hsa-mir-142,hsa-mir-192"
Disease,Psoriasis,9,0.27272727,2.46703678,0.00713,1,0.0442,"hsa-mir-33a,hsa-mir-203a,hsa-mir-33b,hsa-mir-203b,hsa-mir-125b-1,hsa-mir-125b-2,hsa-mir-21,hsa-mir-210,hsa-mir-99a"
Disease,Obesity,12,0.23529412,2.12842389,0.00717,1,0.044,"hsa-mir-33a,hsa-mir-342,hsa-mir-200a,hsa-mir-33b,hsa-mir-483,hsa-mir-130b,hsa-mir-200b,hsa-mir-335,hsa-mir-378a,hsa-mir-21,hsa-mir-210,hsa-mir-378c"
Disease,Pancreatic Neoplasms,14,0.21875,1.97876908,0.00747,1,0.0454,"hsa-mir-203a,hsa-mir-486-2,hsa-mir-200a,hsa-let-7c,hsa-mir-96,hsa-mir-133b,hsa-mir-203b,hsa-mir-486-1,hsa-mir-200b,hsa-mir-145,hsa-mir-196a-2,hsa-mir-21,hsa-mir-196a-1,hsa-mir-210"
Disease,Chronic Obstructive Pulmonary Disease,8,0.28571429,2.58451472,0.00823,1,0.0498,"hsa-mir-9-1,hsa-mir-1-1,hsa-mir-196a-2,hsa-mir-21,hsa-mir-9-3,hsa-mir-9-2,hsa-mir-1-2,hsa-mir-192"
Disease,Myelodysplastic Syndromes,8,0.28571429,2.58451472,0.00823,1,0.0498,"hsa-mir-125b-1,hsa-mir-1-1,hsa-mir-145,hsa-mir-378a,hsa-mir-125b-2,hsa-mir-21,hsa-mir-1-2,hsa-mir-378c"
Disease,"Squamous Cell Carcinoma, Lung",7,0.30434783,2.75307003,0.00923,1,0.0552,"hsa-mir-133a-1,hsa-mir-206,hsa-mir-21,hsa-mir-182,hsa-mir-183,hsa-mir-133a-2,hsa-mir-375"
Disease,Tuberculosis,5,0.38461538,3.47915443,0.00947,1,0.0561,"hsa-mir-183,hsa-mir-125b-1,hsa-mir-337,hsa-mir-125b-2,hsa-mir-381"
Disease,Male Infertility,5,0.38461538,3.47915443,0.00947,1,0.0561,"hsa-mir-335,hsa-mir-449a,hsa-mir-210,hsa-mir-200a,hsa-mir-145"
Disease,"Leukemia, Myeloid",6,0.33333333,3.01526718,0.00984,1,0.0577,"hsa-mir-139,hsa-mir-449b,hsa-mir-486-2,hsa-mir-486-1,hsa-mir-125b-1,hsa-mir-125b-2"
Disease,Asthma,10,0.24390244,2.20629306,0.0107,1,0.0624,"hsa-mir-9-1,hsa-mir-125b-1,hsa-mir-145,hsa-mir-125b-2,hsa-mir-196a-2,hsa-mir-187,hsa-mir-21,hsa-mir-499a,hsa-mir-9-3,hsa-mir-9-2"
Disease,Atrial Fibrillation,13,0.21666667,1.95992366,0.0108,1,0.0622,"hsa-mir-486-2,hsa-mir-483,hsa-mir-486-1,hsa-mir-1-1,hsa-mir-208b,hsa-mir-451a,hsa-mir-10b,hsa-mir-196a-2,hsa-mir-21,hsa-mir-183,hsa-mir-1-2,hsa-mir-144,hsa-mir-192"
Disease,IgA Nephropathy,3,0.6,5.42748092,0.0112,1,0.0643,"hsa-mir-100,hsa-mir-21,hsa-mir-877"
Disease,Gallstones,3,0.6,5.42748092,0.0112,1,0.0643,"hsa-mir-210,hsa-mir-375,hsa-mir-429"
Disease,"Adenocarcinoma, Cervical",3,0.6,5.42748092,0.0112,1,0.0643,"hsa-mir-9-1,hsa-mir-192,hsa-mir-135b"
Disease,Atopic Dermatitis,4,0.44444444,4.02035623,0.0116,1,0.0643,"hsa-mir-200a,hsa-mir-125b-1,hsa-mir-125b-2,hsa-mir-21"
Disease,Rheumatoid Arthritis,12,0.22222222,2.01017812,0.0116,1,0.0646,"hsa-mir-203a,hsa-mir-342,hsa-mir-9-1,hsa-mir-573,hsa-mir-203b,hsa-mir-125b-1,hsa-mir-451a,hsa-mir-125b-2,hsa-mir-21,hsa-mir-499a,hsa-mir-9-3,hsa-mir-9-2"
Disease,"Leukemia-Lymphoma, Precursor B-Cell Lymphoblastic",4,0.44444444,4.02035623,0.0116,1,0.0643,"hsa-mir-451a,hsa-mir-142,hsa-mir-125b-1,hsa-mir-125b-2"
Disease,Alopecia,4,0.44444444,4.02035623,0.0116,1,0.0643,"hsa-mir-203a,hsa-mir-203b,hsa-mir-125b-1,hsa-mir-125b-2"
Disease,Brain Neoplasms,7,0.29166667,2.63835878,0.0119,1,0.0647,"hsa-mir-9-1,hsa-mir-451a,hsa-mir-21,hsa-mir-9-3,hsa-mir-9-2,hsa-mir-383,hsa-mir-92b"
Disease,Fetal Alcohol Syndrome,2,1,9.04580153,0.0121,1,0.066,"hsa-mir-335,hsa-mir-21"
Disease,Periodontitis,2,1,9.04580153,0.0121,1,0.066,"hsa-mir-21,hsa-mir-495"
Disease,"Cardiomyopathy, Ischemic",6,0.31578947,2.8565689,0.0131,1,0.0647,"hsa-mir-139,hsa-mir-499a,hsa-mir-200a,hsa-mir-483,hsa-mir-21,hsa-mir-141"
Disease,Habitual Abortion,5,0.35714286,3.2306434,0.0134,1,0.0658,"hsa-mir-499a,hsa-mir-196a-2,hsa-mir-184,hsa-mir-125b-2,hsa-mir-187"
Disease,Polycystic Kidney Disease,5,0.35714286,3.2306434,0.0134,1,0.0658,"hsa-mir-1-1,hsa-mir-133a-2,hsa-mir-133a-1,hsa-mir-1-2,hsa-mir-133b"
Disease,"Leukemia, Myeloid, Acute",21,0.17647059,1.59631792,0.0154,1,0.0741,"hsa-mir-203a,hsa-mir-9-1,hsa-mir-96,hsa-mir-203b,hsa-mir-125b-1,hsa-mir-9-2,hsa-mir-210,hsa-mir-7-3,hsa-mir-335,hsa-mir-378a,hsa-mir-204,hsa-mir-301b,hsa-mir-125b-2,hsa-mir-200a,hsa-let-7c,hsa-mir-551b,hsa-mir-200b,hsa-mir-21,hsa-mir-9-3,hsa-mir-142,hsa-mir-378c"
Disease,Polycythemia Vera,6,0.3,2.71374046,0.017,1,0.0814,"hsa-mir-451a,hsa-mir-125b-1,hsa-mir-378a,hsa-mir-125b-2,hsa-mir-378c,hsa-mir-21"
Disease,Aplastic Anemia,4,0.4,3.61832061,0.0176,1,0.0836,"hsa-mir-1-1,hsa-mir-204,hsa-mir-1-2,hsa-mir-145"
Disease,Carotid Atherosclerosis,4,0.4,3.61832061,0.0176,1,0.0836,"hsa-mir-133a-2,hsa-mir-133a-1,hsa-mir-145,hsa-mir-100"
Disease,Nervous System Diseases [unspecific],4,0.4,3.61832061,0.0176,1,0.0836,"hsa-mir-9-2,hsa-mir-9-1,hsa-mir-145,hsa-mir-9-3"
Disease,Viral Myocarditis,4,0.4,3.61832061,0.0176,1,0.0836,"hsa-mir-1-1,hsa-mir-208b,hsa-mir-1-2,hsa-mir-499a"
Disease,Liver Injury,5,0.33333333,3.01526718,0.0184,1,0.0859,"hsa-mir-877,hsa-mir-200a,hsa-mir-192,hsa-mir-21,hsa-mir-182"
Disease,Prolactinoma,5,0.33333333,3.01526718,0.0184,1,0.0859,"hsa-mir-486-2,hsa-mir-451a,hsa-mir-486-1,hsa-mir-142,hsa-mir-144"
Disease,Fibromyalgia,3,0.5,4.52290076,0.0206,1,0.0948,"hsa-mir-451a,hsa-mir-145,hsa-mir-21"
Disease,Pancreatic Intraductal Papillary Mucinous Neoplasms,3,0.5,4.52290076,0.0206,1,0.0948,"hsa-mir-99a,hsa-mir-342,hsa-mir-100"
Disease,Huntington's Disease,3,0.5,4.52290076,0.0206,1,0.0948,"hsa-mir-196a-1,hsa-mir-10b,hsa-mir-196a-2"
Disease,Nasopharyngeal Neoplasms,3,0.5,4.52290076,0.0206,1,0.0948,"hsa-mir-204,hsa-mir-100,hsa-mir-10b"
Disease,Colon Adenoma,6,0.28571429,2.58451472,0.0217,1,0.098,"hsa-mir-378c,hsa-mir-145,hsa-mir-378a,hsa-mir-192,hsa-mir-21,hsa-mir-182"
Disease,Kaposi's Sarcoma,7,0.25925926,2.3452078,0.0229,1,0.1028,"hsa-mir-200a,hsa-let-7c,hsa-mir-1258,hsa-mir-200b,hsa-mir-335,hsa-mir-100,hsa-mir-99a"
Disease,Hepatitis C Virus Infection,16,0.18390805,1.66359568,0.0234,1,0.1047,"hsa-mir-96,hsa-mir-133b,hsa-mir-125b-1,hsa-mir-449a,hsa-mir-99a,hsa-mir-182,hsa-mir-195,hsa-mir-192,hsa-mir-145,hsa-mir-125b-2,hsa-mir-200a,hsa-let-7c,hsa-mir-549a,hsa-mir-200b,hsa-mir-21,hsa-mir-142"
Disease,Thyroid Neoplasms,5,0.3125,2.82681298,0.0244,1,0.1089,"hsa-mir-200a,hsa-mir-144,hsa-mir-200b,hsa-mir-21,hsa-mir-141"
Disease,Gastric Neoplasms,4,0.36363636,3.28938237,0.0254,1,0.1126,"hsa-mir-9-2,hsa-mir-9-1,hsa-mir-100,hsa-mir-21"
Disease,Necrotizing Enterocolitis,4,0.36363636,3.28938237,0.0254,1,0.1126,"hsa-mir-203a,hsa-mir-451a,hsa-mir-203b,hsa-mir-21"
Disease,Uveal Melanoma,4,0.36363636,3.28938237,0.0254,1,0.1126,"hsa-mir-454,hsa-mir-144,hsa-mir-145,hsa-mir-21"
Disease,"Stroke, Ischemic",8,0.23529412,2.12842389,0.0271,1,0.119,"hsa-mir-130b,hsa-mir-200b,hsa-mir-196a-2,hsa-mir-499a,hsa-mir-495,hsa-mir-196a-1,hsa-mir-210,hsa-mir-144"
Disease,"Lymphoma, Hodgkin",6,0.27272727,2.46703678,0.0273,1,0.1192,"hsa-mir-9-1,hsa-mir-96,hsa-mir-21,hsa-mir-9-3,hsa-mir-196a-1,hsa-mir-9-2"
Disease,Acute Coronary Syndrome,6,0.27272727,2.46703678,0.0273,1,0.1192,"hsa-mir-486-2,hsa-mir-486-1,hsa-mir-100,hsa-mir-21,hsa-mir-499a,hsa-mir-92b"
Disease,Hirschsprung's Disease,6,0.27272727,2.46703678,0.0273,1,0.1192,"hsa-mir-429,hsa-mir-206,hsa-mir-141,hsa-mir-195,hsa-mir-142,hsa-mir-192"
Disease,"Squamous Cell Carcinoma, Laryngeal or Hypopharyngeal",7,0.25,2.26145038,0.0278,1,0.1198,"hsa-mir-139,hsa-mir-203a,hsa-mir-203b,hsa-mir-206,hsa-mir-451a,hsa-mir-21,hsa-mir-375"
Disease,"Carcinoma, Biliary Tract",3,0.42857143,3.87677208,0.0331,1,0.1411,"hsa-mir-200a,hsa-mir-21,hsa-mir-141"
Disease,"Carcinoma, Endometrioid Endometrial",3,0.42857143,3.87677208,0.0331,1,0.1411,"hsa-mir-200a,hsa-mir-145,hsa-mir-141"
Disease,Glomerulonephritis,3,0.42857143,3.87677208,0.0331,1,0.1411,"hsa-mir-429,hsa-mir-200a,hsa-mir-200b"
Disease,"Adenocarcinoma, Colon",6,0.26086957,2.35977431,0.0336,1,0.1407,"hsa-mir-135b,hsa-mir-96,hsa-mir-429,hsa-mir-145,hsa-mir-21,hsa-mir-182"
Disease,"Diabetes Mellitus, Gestational",6,0.26086957,2.35977431,0.0336,1,0.1407,"hsa-mir-33a,hsa-mir-9-1,hsa-mir-130b,hsa-mir-9-3,hsa-mir-9-2,hsa-mir-452"
Disease,Bronchiolitis Obliterans Syndrome,2,0.66666667,6.03053435,0.0338,1,0.1404,"hsa-mir-21,hsa-mir-144"
Disease,"Osteoporosis, Postmenopausal",2,0.66666667,6.03053435,0.0338,1,0.1404,"hsa-mir-210,hsa-mir-145"
Disease,Hypercholesterolaemia,2,0.66666667,6.03053435,0.0338,1,0.1404,"hsa-mir-33b,hsa-mir-33a"
Disease,"Scleroderma, Localized",2,0.66666667,6.03053435,0.0338,1,0.1404,"hsa-mir-196a-2,hsa-mir-196a-1"
Disease,Rectal Neoplasms,2,0.66666667,6.03053435,0.0338,1,0.1404,"hsa-mir-125b-2,hsa-mir-125b-1"
Disease,Diabetic Foot,2,0.66666667,6.03053435,0.0338,1,0.1404,"hsa-mir-203b,hsa-mir-203a"
Disease,"Carcinoma, Thyroid, Anaplastic",4,0.33333333,3.01526718,0.0349,1,0.1386,"hsa-mir-99a,hsa-mir-206,hsa-mir-125b-1,hsa-mir-125b-2"
Disease,"Muscular Dystrophy, Facioscapulohumeral",5,0.27777778,2.51272265,0.04,1,0.1576,"hsa-mir-1-1,hsa-mir-133a-2,hsa-mir-206,hsa-mir-133a-1,hsa-mir-1-2"
Disease,Spinal Cord Injuries,4,0.30769231,2.78332355,0.0461,1,0.1811,"hsa-mir-383,hsa-mir-142,hsa-mir-145,hsa-mir-21"
Disease,Hemoglobin Diseases,4,0.30769231,2.78332355,0.0461,1,0.1811,"hsa-mir-210,hsa-mir-4726,hsa-let-7c,hsa-mir-940"
Disease,Peritoneal Dialysis Failure,7,0.22580645,2.04260034,0.0466,1,0.1816,"hsa-mir-200a,hsa-mir-200b,hsa-mir-335,hsa-mir-100,hsa-mir-21,hsa-mir-142,hsa-mir-192"
Disease,Hemophagocytic Lymphohistiocytosis,3,0.375,3.39217557,0.0488,1,0.1894,"hsa-mir-142,hsa-mir-144,hsa-mir-21"
Disease,Soft Tissue Sarcoma,3,0.375,3.39217557,0.0488,1,0.1894,"hsa-mir-206,hsa-mir-182,hsa-mir-381"
Disease,Neuroblastoma,11,0.18644068,1.68650537,0.0521,1,0.1998,"hsa-mir-203a,hsa-mir-200a,hsa-mir-337,hsa-mir-203b,hsa-mir-125b-1,hsa-mir-335,hsa-mir-10b,hsa-mir-21,hsa-mir-204,hsa-mir-375,hsa-mir-192"
Disease,Chronic Kidney Disease,7,0.21875,1.97876908,0.0543,1,0.2077,"hsa-mir-133a-1,hsa-mir-125b-1,hsa-mir-125b-2,hsa-mir-21,hsa-mir-133a-2,hsa-mir-210,hsa-mir-204"
Disease,Inflammatory Bowel Diseases,7,0.21875,1.97876908,0.0543,1,0.2077,"hsa-mir-200a,hsa-mir-301a,hsa-mir-125b-1,hsa-mir-200b,hsa-mir-206,hsa-mir-125b-2,hsa-mir-21"
Disease,"Leukemia, Myeloid, Chronic",12,0.17910448,1.62014356,0.0568,1,0.2156,"hsa-mir-483,hsa-mir-200a,hsa-let-7c,hsa-mir-9-1,hsa-mir-665,hsa-mir-145,hsa-mir-378a,hsa-mir-21,hsa-mir-9-3,hsa-mir-9-2,hsa-mir-142,hsa-mir-378c"
Disease,Lymphoma,11,0.18333333,1.65839695,0.0579,1,0.2193,"hsa-mir-203a,hsa-mir-486-2,hsa-mir-133b,hsa-mir-486-1,hsa-mir-203b,hsa-mir-125b-1,hsa-mir-10b,hsa-mir-125b-2,hsa-mir-21,hsa-mir-499a,hsa-mir-144"
Disease,Hepatoblastoma,6,0.23076923,2.08749266,0.0582,1,0.2195,"hsa-mir-96,hsa-mir-145,hsa-mir-21,hsa-mir-492,hsa-mir-210,hsa-mir-195"
Disease,Schizophrenia,10,0.18867925,1.70675501,0.0585,1,0.2202,"hsa-mir-9-1,hsa-mir-7-3,hsa-mir-130b,hsa-mir-335,hsa-mir-206,hsa-mir-9-3,hsa-mir-183,hsa-mir-449a,hsa-mir-9-2,hsa-mir-195"
Disease,"Carcinoma, Oropharyngeal",2,0.5,4.52290076,0.0627,1,0.2343,"hsa-mir-21,hsa-mir-499a"
Disease,Meningioma,2,0.5,4.52290076,0.0627,1,0.2343,"hsa-mir-200a,hsa-mir-21"
Disease,Liposarcoma,2,0.5,4.52290076,0.0627,1,0.2343,"hsa-mir-451a,hsa-mir-145"
Disease,Epithelioid Sarcoma,2,0.5,4.52290076,0.0627,1,0.2343,"hsa-mir-206,hsa-mir-381"
Disease,HELLP Syndrome,2,0.5,4.52290076,0.0627,1,0.2343,"hsa-mir-133a-1,hsa-mir-133a-2"
Disease,"Carcinoma, Spindle Cell",2,0.5,4.52290076,0.0627,1,0.2343,"hsa-mir-200b,hsa-mir-200a"
Disease,Ovarian Serous Cystadenocarcinoma,2,0.5,4.52290076,0.0627,1,0.2343,"hsa-mir-200b,hsa-mir-200a"
Disease,Human Immunodeficiency Virus Infection,9,0.19148936,1.73217476,0.0657,1,0.2387,"hsa-let-7c,hsa-mir-7-3,hsa-mir-125b-1,hsa-mir-125b-2,hsa-mir-196a-2,hsa-mir-21,hsa-mir-183,hsa-mir-196a-1,hsa-mir-210"
Disease,"Carcinoma, Thyroid, Follicular",3,0.33333333,3.01526718,0.0674,1,0.2441,"hsa-mir-183,hsa-mir-375,hsa-mir-100"
Disease,Human Cytomegalovirus Infection,3,0.33333333,3.01526718,0.0674,1,0.2441,"hsa-mir-200a,hsa-mir-200b,hsa-mir-21"
Disease,Metabolic Syndrome,3,0.33333333,3.01526718,0.0674,1,0.2441,"hsa-mir-33a,hsa-mir-145,hsa-mir-21"
Disease,"Carcinoma, Vulvar",3,0.33333333,3.01526718,0.0674,1,0.2441,"hsa-mir-133a-2,hsa-mir-133a-1,hsa-mir-100"
Disease,Vascular Diseases [unspecific],6,0.22222222,2.01017812,0.0682,1,0.2428,"hsa-mir-483,hsa-mir-145,hsa-mir-196a-2,hsa-mir-21,hsa-mir-499a,hsa-mir-210"
Disease,Chondrosarcoma,5,0.23809524,2.15376227,0.0726,1,0.2576,"hsa-mir-206,hsa-mir-200b,hsa-mir-145,hsa-mir-100,hsa-mir-141"
Disease,Dengue Virus Infection,4,0.26666667,2.41221374,0.0741,1,0.262,"hsa-mir-133a-2,hsa-mir-133a-1,hsa-mir-378a,hsa-mir-378c"
Disease,"Carcinoma, Basal Cell",3,0.3,2.71374046,0.0887,1,0.3118,"hsa-mir-92b,hsa-mir-375,hsa-mir-21"
Disease,Alcoholic Hepatitis,3,0.3,2.71374046,0.0887,1,0.3118,"hsa-mir-483,hsa-mir-192,hsa-mir-182"
Disease,Helicobacter Pylori Infection,3,0.3,2.71374046,0.0887,1,0.3118,"hsa-mir-203a,hsa-mir-203b,hsa-mir-375"
Disease,Myocardial Ischemic-Reperfusion Injury,4,0.25,2.26145038,0.0906,1,0.313,"hsa-mir-1-1,hsa-mir-1-2,hsa-mir-21,hsa-mir-499a"
Disease,Polycystic Ovarian Syndrome,6,0.20689655,1.87154514,0.0912,1,0.3142,"hsa-mir-486-2,hsa-mir-483,hsa-mir-486-1,hsa-mir-21,hsa-mir-592,hsa-mir-375"
Disease,Glaucoma,6,0.20689655,1.87154514,0.0912,1,0.3142,"hsa-mir-483,hsa-mir-451a,hsa-mir-184,hsa-mir-21,hsa-mir-182,hsa-mir-144"
Disease,Pulmonary Hypertension,7,0.19444444,1.75890585,0.0929,1,0.3182,"hsa-mir-96,hsa-mir-130b,hsa-mir-206,hsa-mir-145,hsa-mir-21,hsa-mir-210,hsa-mir-204"
Disease,"Adenocarcinoma, Prostate",2,0.4,3.61832061,0.097,1,0.3312,"hsa-mir-21,hsa-mir-141"
Disease,Reflux Esophagitis,2,0.4,3.61832061,0.097,1,0.3312,"hsa-mir-192,hsa-mir-145"
Disease,Ossification of Posterior Longitudinal Ligament,2,0.4,3.61832061,0.097,1,0.3312,"hsa-mir-196a-2,hsa-mir-499a"
Disease,Cardiomegaly,2,0.4,3.61832061,0.097,1,0.3312,"hsa-mir-1-2,hsa-mir-1-1"
Disease,Sickle Cell Disease,2,0.4,3.61832061,0.097,1,0.3312,"hsa-mir-454,hsa-mir-301a"
Disease,Muscle Atrophy,4,0.23529412,2.12842389,0.1087,1,0.362,"hsa-mir-335,hsa-mir-208b,hsa-mir-100,hsa-mir-21"
Disease,ACTH-Secreting Pituitary Adenoma,3,0.27272727,2.46703678,0.1124,1,0.3731,"hsa-mir-145,hsa-mir-21,hsa-mir-141"
Disease,Diabetic Nephropathy,5,0.20833333,1.88454198,0.1162,1,0.3814,"hsa-mir-342,hsa-mir-130b,hsa-mir-125b-1,hsa-mir-125b-2,hsa-mir-21"
Disease,"Lymphoma, Large B-Cell, Diffuse",7,0.18421053,1.66633186,0.1168,1,0.3822,"hsa-mir-147b,hsa-mir-33a,hsa-mir-342,hsa-mir-200a,hsa-mir-200b,hsa-mir-21,hsa-mir-511"
Disease,Respiratory Syncytial Virus Pneumonia,4,0.22222222,2.01017812,0.1284,1,0.4191,"hsa-mir-429,hsa-mir-203a,hsa-mir-125b-1,hsa-mir-125b-2"
Disease,Chronic Hepatitis B,6,0.1875,1.69608779,0.1326,1,0.4305,"hsa-mir-200a,hsa-mir-200b,hsa-mir-196a-2,hsa-mir-210,hsa-mir-511,hsa-mir-192"
Disease,Acute Cerebral Infarction,2,0.33333333,3.01526718,0.1352,1,0.4378,"hsa-mir-210,hsa-mir-21"
Disease,Biliary Atresia,2,0.33333333,3.01526718,0.1352,1,0.4378,"hsa-mir-200b,hsa-mir-21"
Disease,Non-Traumatic Osteonecrosis,2,0.33333333,3.01526718,0.1352,1,0.4378,"hsa-mir-335,hsa-let-7c"
Disease,"Lymphoma, Non-Hodgkin",2,0.33333333,3.01526718,0.1352,1,0.4378,"hsa-mir-196a-1,hsa-mir-196a-2"
Disease,Costello Syndrome,2,0.33333333,3.01526718,0.1352,1,0.4378,"hsa-mir-206,hsa-mir-342"
Disease,Colitis,3,0.25,2.26145038,0.1383,1,0.4381,"hsa-mir-139,hsa-mir-145,hsa-mir-21"
Disease,Lofgren's Syndrome,3,0.25,2.26145038,0.1383,1,0.4381,"hsa-mir-1-1,hsa-mir-1-2,hsa-mir-21"
Disease,Neurodegenerative Diseases [unspecific],4,0.21052632,1.90437927,0.1494,1,0.4683,"hsa-mir-139,hsa-mir-337,hsa-mir-342,hsa-mir-144"
Disease,Cervical Neoplasms,4,0.21052632,1.90437927,0.1494,1,0.4683,"hsa-mir-200a,hsa-mir-125b-1,hsa-mir-145,hsa-mir-125b-2"
Disease,"Lymphoma, T-Cell",5,0.19230769,1.73957722,0.1508,1,0.4702,"hsa-mir-342,hsa-mir-145,hsa-mir-21,hsa-mir-142,hsa-mir-511"
Disease,Keloid,3,0.23076923,2.08749266,0.1659,1,0.5133,"hsa-mir-145,hsa-mir-200b,hsa-mir-21"
Disease,Vascular Injuries,3,0.23076923,2.08749266,0.1659,1,0.5133,"hsa-mir-147b,hsa-mir-100,hsa-mir-21"
Disease,Lupus Nephritis,3,0.23076923,2.08749266,0.1659,1,0.5133,"hsa-mir-1224,hsa-mir-130b,hsa-mir-145"
Disease,Intervertebral Disc Degeneration,3,0.23076923,2.08749266,0.1659,1,0.5133,"hsa-mir-7-3,hsa-mir-100,hsa-mir-10b"
Disease,Epilepsy,5,0.18518519,1.67514843,0.1696,1,0.5192,"hsa-mir-139,hsa-mir-342,hsa-mir-301a,hsa-mir-21,hsa-mir-4446"
Disease,Retinal Neovascularization,2,0.28571429,2.58451472,0.1761,1,0.5363,"hsa-mir-451a,hsa-mir-184"
Disease,Peripheral Vascular Disease,3,0.21428571,1.93838604,0.195,1,0.5925,"hsa-mir-335,hsa-mir-195,hsa-mir-145"
Disease,Bladder Outlet Obstruction,3,0.21428571,1.93838604,0.195,1,0.5925,"hsa-mir-1-1,hsa-mir-204,hsa-mir-1-2"
Disease,"Leukemia, B-Cell",3,0.21428571,1.93838604,0.195,1,0.5925,"hsa-mir-142,hsa-mir-125b-1,hsa-mir-125b-2"
Disease,Adenovirus Infection,6,0.16666667,1.50763359,0.1992,1,0.6005,"hsa-mir-125b-1,hsa-mir-378a,hsa-mir-125b-2,hsa-mir-210,hsa-mir-452,hsa-mir-378c"
Disease,Chronic Hepatitis C,6,0.16666667,1.50763359,0.1992,1,0.6005,"hsa-mir-33a,hsa-mir-1-1,hsa-mir-196a-2,hsa-mir-196a-1,hsa-mir-99a,hsa-mir-1-2"
Disease,Hamartoma Syndrome,1,0.5,4.52290076,0.209,1,0.6269,hsa-mir-21
Disease,Neutropenia,1,0.5,4.52290076,0.209,1,0.6269,hsa-mir-21
Disease,Thyroid-Associated Ophthalmopathy,1,0.5,4.52290076,0.209,1,0.6269,hsa-mir-21
Disease,Type 2 Diabetes Complications,1,0.5,4.52290076,0.209,1,0.6269,hsa-mir-21
Disease,Hypoxic-Ischemic Encephalopathy,1,0.5,4.52290076,0.209,1,0.6269,hsa-mir-210
Disease,Thrombocytopenia,1,0.5,4.52290076,0.209,1,0.6269,hsa-mir-99a
Disease,Hyperglycemia,1,0.5,4.52290076,0.209,1,0.6269,hsa-mir-33b
Disease,Vitiligo,1,0.5,4.52290076,0.209,1,0.6269,hsa-mir-196a-2
Disease,"Carcinoma, Embryonal",1,0.5,4.52290076,0.209,1,0.6269,hsa-mir-383
Disease,Fever,1,0.5,4.52290076,0.209,1,0.6269,hsa-mir-142
Disease,Idiopathic Asthenospermia,1,0.5,4.52290076,0.209,1,0.6269,hsa-mir-141
Disease,"Adenocarcinoma, Endometrial",1,0.5,4.52290076,0.209,1,0.6269,hsa-mir-200a
Disease,Prion Diseases,1,0.5,4.52290076,0.209,1,0.6269,hsa-mir-342
Disease,Dermatomyositis,1,0.5,4.52290076,0.209,1,0.6269,hsa-mir-206
Disease,Combined Pituitary Hormone Deficiency,1,0.5,4.52290076,0.209,1,0.6269,hsa-mir-511
Disease,Congenital Diaphragmatic Hernia,1,0.5,4.52290076,0.209,1,0.6269,hsa-mir-200b
Disease,Cataract,1,0.5,4.52290076,0.209,1,0.6269,hsa-mir-184
Disease,Liver Diseases [unspecific],5,0.17241379,1.55962095,0.2096,1,0.5251,"hsa-mir-139,hsa-mir-200a,hsa-let-7c,hsa-mir-200b,hsa-mir-21"
Disease,Nephrotic Syndrome,2,0.25,2.26145038,0.2185,1,0.5462,"hsa-mir-210,hsa-mir-192"
Disease,Vasculitis,2,0.25,2.26145038,0.2185,1,0.5462,"hsa-mir-383,hsa-mir-142"
Disease,Bipolar Disorder,2,0.25,2.26145038,0.2185,1,0.5462,"hsa-mir-449a,hsa-mir-206"
Disease,Lung Fibrosis,4,0.18181818,1.64469119,0.2191,1,0.5387,"hsa-mir-486-2,hsa-mir-130b,hsa-mir-486-1,hsa-mir-21"
Disease,Retinoblastoma,7,0.15555556,1.40712468,0.2216,1,0.5426,"hsa-mir-200a,hsa-let-7c,hsa-mir-125b-1,hsa-mir-125b-2,hsa-mir-21,hsa-mir-183,hsa-mir-204"
Disease,Idiopathic Pulmonary Fibrosis,3,0.2,1.80916031,0.2252,1,0.5503,"hsa-mir-210,hsa-mir-96,hsa-mir-21"
Disease,"Leukemia, Promyelocytic, Acute",3,0.2,1.80916031,0.2252,1,0.5503,"hsa-mir-142,hsa-mir-125b-1,hsa-mir-125b-2"
Disease,Ischemia-Reperfusion Injury,4,0.17391304,1.57318287,0.2441,1,0.5927,"hsa-mir-7-3,hsa-mir-21,hsa-mir-187,hsa-mir-192"
Disease,Depression Disorder,4,0.17391304,1.57318287,0.2441,1,0.5927,"hsa-mir-335,hsa-mir-451a,hsa-mir-145,hsa-mir-511"
Disease,Systemic Lupus Erythematosus,8,0.14545455,1.31575295,0.2556,1,0.6182,"hsa-mir-342,hsa-mir-7-3,hsa-mir-335,hsa-mir-145,hsa-mir-196a-2,hsa-mir-21,hsa-mir-196a-1,hsa-mir-142"
Disease,Bronchopulmonary Dysplasia,3,0.1875,1.69608779,0.2563,1,0.6186,"hsa-mir-206,hsa-mir-130b,hsa-mir-21"
Disease,Multiple Sclerosis,7,0.14893617,1.34724704,0.2565,1,0.6165,"hsa-mir-200a,hsa-mir-96,hsa-mir-145,hsa-mir-100,hsa-mir-141,hsa-mir-499a,hsa-mir-142"
Disease,Ankylosing Spondylitis,2,0.22222222,2.01017812,0.2617,1,0.6277,"hsa-mir-10b,hsa-mir-21"
Disease,Salivary Gland Neoplasms,2,0.22222222,2.01017812,0.2617,1,0.6277,"hsa-mir-375,hsa-mir-21"
Disease,"Lymphoma, B-Cell",4,0.16666667,1.50763359,0.2697,1,0.6442,"hsa-mir-195,hsa-mir-204,hsa-mir-92b,hsa-mir-142"
Disease,"Leukemia, Lymphoblastic, Acute",4,0.16666667,1.50763359,0.2697,1,0.6442,"hsa-mir-100,hsa-mir-196a-2,hsa-mir-99a,hsa-mir-142"
Disease,"Squamous Cell Carcinoma, Cerevial",3,0.17647059,1.59631792,0.2879,1,0.6851,"hsa-mir-96,hsa-mir-144,hsa-mir-145"
Disease,Astrocytoma,3,0.17647059,1.59631792,0.2879,1,0.6851,"hsa-mir-210,hsa-mir-206,hsa-mir-21"
Disease,Focal Segmental Glomerulosclerosis,3,0.17647059,1.59631792,0.2879,1,0.6851,"hsa-mir-196a-1,hsa-mir-342,hsa-mir-196a-2"
Disease,"Leukemia, Lymphocytic, Chronic",6,0.14634146,1.32377583,0.2957,1,0.6981,"hsa-mir-9-1,hsa-mir-125b-1,hsa-mir-125b-2,hsa-mir-21,hsa-mir-9-3,hsa-mir-9-2"
Disease,Granular Corneal Dystrophy,1,0.33333333,3.01526718,0.2966,1,0.6986,hsa-mir-21
Disease,Growth Disorders,1,0.33333333,3.01526718,0.2966,1,0.6986,hsa-mir-21
Disease,Malignant Peripheral Nerve Sheath Tumor,1,0.33333333,3.01526718,0.2966,1,0.6986,hsa-mir-210
Disease,Thyroid Adenomas,1,0.33333333,3.01526718,0.2966,1,0.6986,hsa-mir-144
Disease,"Scleroderma, Systemic",1,0.33333333,3.01526718,0.2966,1,0.6986,hsa-mir-130b
Disease,Testicular Neoplasms,1,0.33333333,3.01526718,0.2966,1,0.6986,hsa-mir-133b
Disease,Endometrial Stromal Sarcoma,1,0.33333333,3.01526718,0.2966,1,0.6986,hsa-mir-142
Disease,Heart Transplant Rejection,1,0.33333333,3.01526718,0.2966,1,0.6986,hsa-mir-142
Disease,Liver Failure,1,0.33333333,3.01526718,0.2966,1,0.6986,hsa-mir-375
Disease,"Carcinoma, Gastric, Signet Ring Cell",1,0.33333333,3.01526718,0.2966,1,0.6986,hsa-mir-665
Disease,Endomyocardial Fibrosis,1,0.33333333,3.01526718,0.2966,1,0.6986,hsa-mir-208b
Disease,Celiac Disease,2,0.2,1.80916031,0.3049,1,0.6909,"hsa-mir-551b,hsa-mir-192"
Disease,Hepatitis B Virus Infection,9,0.13432836,1.21510767,0.3172,1,0.716,"hsa-mir-203a,hsa-let-7c,hsa-mir-125b-1,hsa-mir-125b-2,hsa-mir-196a-2,hsa-mir-141,hsa-mir-21,hsa-mir-499a,hsa-mir-99a"
Disease,"Squamous Cell Carcinoma, Skin or Unspecific",3,0.16666667,1.50763359,0.3198,1,0.7205,"hsa-mir-204,hsa-mir-135b,hsa-mir-21"
Disease,Hematologic Neoplasms,5,0.14705882,1.33026493,0.32,1,0.7195,"hsa-mir-378c,hsa-mir-125b-1,hsa-mir-378a,hsa-mir-125b-2,hsa-mir-21"
Disease,Influenza,4,0.15384615,1.39166177,0.322,1,0.7227,"hsa-mir-33a,hsa-mir-449b,hsa-mir-144,hsa-mir-192"
Disease,Chronic Hepatitis,2,0.18181818,1.64469119,0.3477,1,0.7789,"hsa-mir-203a,hsa-mir-145"
Disease,Synovial Sarcoma,2,0.18181818,1.64469119,0.3477,1,0.7789,"hsa-mir-195,hsa-mir-99a"
Disease,Cutaneous Melanoma,3,0.15789474,1.42828445,0.3518,1,0.7851,"hsa-mir-125b-1,hsa-mir-21,hsa-mir-182"
Disease,Pituitary Adenoma,3,0.15789474,1.42828445,0.3518,1,0.7851,"hsa-mir-383,hsa-mir-130b,hsa-mir-10b"
Disease,"Carcinoma, Salivary Adenoid Cystic",1,0.25,2.26145038,0.3745,1,0.8311,hsa-mir-21
Disease,Cholesteatoma,1,0.25,2.26145038,0.3745,1,0.8311,hsa-mir-21
Disease,Chronic Pancreatitis,1,0.25,2.26145038,0.3745,1,0.8311,hsa-mir-21
Disease,Cryptosporidium infection,1,0.25,2.26145038,0.3745,1,0.8311,hsa-mir-21
Disease,Aortic Insufficiency,1,0.25,2.26145038,0.3745,1,0.8311,hsa-mir-195
Disease,"Carcinoma, Renal Cell, Chromophobe",1,0.25,2.26145038,0.3745,1,0.8311,hsa-mir-210
Disease,Pheochromocytoma,1,0.25,2.26145038,0.3745,1,0.8311,hsa-mir-210
Disease,Plasmodium vivax Infection,1,0.25,2.26145038,0.3745,1,0.8311,hsa-mir-451a
Disease,Allergic Asthma,1,0.25,2.26145038,0.3745,1,0.8311,hsa-mir-144
Disease,"Lymphoma, Follicular",1,0.25,2.26145038,0.3745,1,0.8311,hsa-mir-142
Disease,Sjogren's Syndrome,1,0.25,2.26145038,0.3745,1,0.8311,hsa-mir-335
Disease,Japanese Encephalitis Virus Infection,1,0.25,2.26145038,0.3745,1,0.8311,hsa-mir-33a
Disease,Ewing's Sarcoma,2,0.16666667,1.50763359,0.3896,1,0.8259,"hsa-mir-125b-1,hsa-mir-125b-2"
Disease,Traumatic Brain Injury,2,0.16666667,1.50763359,0.3896,1,0.8259,"hsa-mir-499a,hsa-mir-142"
Disease,Diabetic Retinopathy,3,0.14285714,1.29225736,0.415,1,0.8751,"hsa-mir-195,hsa-mir-200b,hsa-mir-21"
Disease,Allergic Rhinitis,3,0.14285714,1.29225736,0.415,1,0.8751,"hsa-mir-499a,hsa-mir-196a-2,hsa-mir-187"
Disease,Mycobacterium Tuberculosis Infection,2,0.15384615,1.39166177,0.4303,1,0.904,"hsa-mir-206,hsa-mir-21"
Disease,Ectopic Pregnancy,2,0.15384615,1.39166177,0.4303,1,0.904,"hsa-mir-451a,hsa-mir-337"
Disease,Rhinosinusitis,2,0.15384615,1.39166177,0.4303,1,0.904,"hsa-mir-125b-1,hsa-mir-125b-2"
Disease,Wounds and Injuries [unspecific],1,0.2,1.80916031,0.4439,1,0.9277,hsa-mir-145
Disease,Panic Disorder,1,0.2,1.80916031,0.4439,1,0.9277,hsa-mir-488
Disease,Coronary Atherosclerosis,2,0.14285714,1.29225736,0.4695,1,0.9726,"hsa-mir-100,hsa-mir-21"
Disease,Myasthenia Gravis,2,0.14285714,1.29225736,0.4695,1,0.9726,"hsa-mir-192,hsa-mir-21"
Disease,Acute Ischemic Stroke,2,0.14285714,1.29225736,0.4695,1,0.9726,"hsa-mir-335,hsa-mir-145"
Disease,Chordoma,2,0.14285714,1.29225736,0.4695,1,0.9726,"hsa-mir-1-1,hsa-mir-1-2"
Disease,Mandibular Prognathism,2,0.14285714,1.29225736,0.4695,1,0.9726,"hsa-mir-342,hsa-mir-192"
Disease,Chronic Brucellosis,1,0.16666667,1.50763359,0.5056,1,1,hsa-mir-139
Disease,Chronic Heart Failure,1,0.16666667,1.50763359,0.5056,1,1,hsa-mir-21
Disease,Lupus Vulgaris,1,0.16666667,1.50763359,0.5056,1,1,hsa-mir-210
Disease,Digeorge Syndrome,1,0.16666667,1.50763359,0.5056,1,1,hsa-mir-130b
Disease,Irritable Bowel Syndrome,1,0.16666667,1.50763359,0.5056,1,1,hsa-mir-342
Disease,Kawasaki's Syndrome,1,0.16666667,1.50763359,0.5056,1,1,hsa-mir-483
Disease,Leiomyoma,1,0.16666667,1.50763359,0.5056,1,1,hsa-mir-200b
Disease,"Carcinoma, Gastrointestinal",1,0.16666667,1.50763359,0.5056,1,1,hsa-mir-499a
Disease,Pituitary Neoplasms,2,0.125,1.13072519,0.5428,1,1,"hsa-let-7c,hsa-mir-381"
Disease,Giant Cell Tumor of Bone,1,0.14285714,1.29225736,0.5606,1,1,hsa-mir-210
Disease,Prediabetes,1,0.14285714,1.29225736,0.5606,1,1,hsa-mir-192
Disease,Enterovirus Infection,1,0.14285714,1.29225736,0.5606,1,1,hsa-mir-135b
Disease,Autoimmune Diseases [unspecific],4,0.11111111,1.00508906,0.5767,1,1,"hsa-mir-584,hsa-mir-301a,hsa-mir-21,hsa-mir-142"
Disease,Stroke,4,0.10810811,0.97792449,0.5994,1,1,"hsa-mir-133a-1,hsa-mir-145,hsa-mir-21,hsa-mir-133a-2"
Disease,Graft-Versus-Host Disease,2,0.11111111,1.00508906,0.609,1,1,"hsa-mir-200b,hsa-mir-21"
Disease,Mesial Temporal Lobe Epilepsy,2,0.11111111,1.00508906,0.609,1,1,"hsa-mir-204,hsa-mir-145"
Disease,Medulloepithelioma,1,0.125,1.13072519,0.6094,1,1,hsa-mir-211
Disease,Autism Spectrum Disorder,3,0.10714286,0.96919302,0.6145,1,1,"hsa-mir-486-2,hsa-mir-486-1,hsa-mir-21"
Disease,HIV-Associated Lipodystrophy,3,0.10714286,0.96919302,0.6145,1,1,"hsa-mir-342,hsa-mir-454,hsa-mir-452"
Disease,Systemic Sclerosis,1,0.11111111,1.00508906,0.6529,1,1,hsa-mir-21
Disease,"Leukemia-Lymphoma, Adult T-Cell",1,0.11111111,1.00508906,0.6529,1,1,hsa-mir-145
Disease,Myeloproliferative Neoplasms,1,0.11111111,1.00508906,0.6529,1,1,hsa-mir-375
Disease,Osteoporosis,1,0.11111111,1.00508906,0.6529,1,1,hsa-mir-483
Disease,Graves' Disease,1,0.1,0.90458015,0.6916,1,1,hsa-mir-183
Disease,Testicular Germ Cell Tumor,1,0.1,0.90458015,0.6916,1,1,hsa-mir-142
Disease,"Carcinoma, Lung, Small-Cell",2,0.0952381,0.86150491,0.6942,1,1,"hsa-mir-335,hsa-mir-495"
Disease,Pleural Mesothelioma,3,0.09375,0.84804389,0.7061,1,1,"hsa-mir-335,hsa-mir-145,hsa-mir-21"
Disease,Mesothelioma,1,0.09090909,0.82234559,0.726,1,1,hsa-mir-21
Disease,Cerebral Ischemia,1,0.09090909,0.82234559,0.726,1,1,hsa-let-7c
Disease,Azoospermia,1,0.09090909,0.82234559,0.726,1,1,hsa-mir-383
Disease,Pulmonary Sarcoidosis,1,0.09090909,0.82234559,0.726,1,1,hsa-mir-192
Disease,Non-Traumatic Subarachnoid Hemorrhage,1,0.09090909,0.82234559,0.726,1,1,hsa-mir-142
Disease,Interstitial Cystitis,1,0.09090909,0.82234559,0.726,1,1,hsa-mir-449b
Disease,Mild Cognitive Impairment,1,0.09090909,0.82234559,0.726,1,1,hsa-mir-206
Disease,Oral Leukoplakia,1,0.08333333,0.75381679,0.7565,1,1,hsa-mir-21
Disease,"Leukemia, Lymphoblastic, Acute, T-Cell",1,0.08333333,0.75381679,0.7565,1,1,hsa-mir-204
Disease,"Lymphoma, Large-Cell, Anaplastic",1,0.08333333,0.75381679,0.7565,1,1,hsa-mir-135b
Disease,"Carcinoma, Ovarian, Serous",2,0.08333333,0.75381679,0.7636,1,1,"hsa-mir-483,hsa-mir-21"
Disease,"Lymphoma, Burkitt's",1,0.07692308,0.69583089,0.7837,1,1,hsa-mir-145
Disease,"Leukemia, Lymphoblastic, Acute, B-Cell",1,0.07692308,0.69583089,0.7837,1,1,hsa-mir-451a
Disease,"Lymphoma, Primary Effusion",1,0.07692308,0.69583089,0.7837,1,1,hsa-let-7c
Disease,Immune Thrombocytopenic Purpura,1,0.07692308,0.69583089,0.7837,1,1,hsa-mir-483
Disease,Macular Degeneration,1,0.07142857,0.64612868,0.8079,1,1,hsa-mir-184
Disease,Maternal Obesity During Childbirth,1,0.06666667,0.60305344,0.8294,1,1,hsa-mir-375
Disease,"Leukemia, Lymphocytic, Chronic, B-Cell",2,0.05882353,0.53210597,0.9059,1,1,"hsa-mir-21,hsa-mir-195"
Disease,"Aortic Aneurysm, Abdominal",1,0.04761905,0.43075245,0.9165,1,1,hsa-mir-21
Disease,"Leukemia, Lymphoblastic",1,0.04761905,0.43075245,0.9165,1,1,hsa-mir-449b
