Category,Term,Count,Percent,Fold,P-value,Bonferroni,FDR,miRNA
Disease,Choriocarcinoma,19,0.31666667,9.62179487,3.97E-16,1.79E-13,4.71E-13,"hsa-mir-203a,hsa-mir-215,hsa-mir-133a-1,hsa-mir-200c,hsa-mir-106a,hsa-mir-429,hsa-mir-203b,hsa-mir-31,hsa-mir-135a-1,hsa-mir-145,hsa-mir-10b,hsa-mir-182,hsa-mir-183,hsa-mir-133a-2,hsa-mir-210,hsa-mir-204,hsa-mir-205,hsa-mir-135a-2,hsa-mir-192"
Disease,"Carcinoma, Gastric",30,0.10909091,3.31468531,6.95E-13,3.14E-10,4.12E-10,"hsa-mir-203a,hsa-mir-200c,hsa-mir-224,hsa-mir-203b,hsa-mir-129-1,hsa-mir-210,hsa-mir-383,hsa-mir-135a-2,hsa-mir-1-2,hsa-mir-135b,hsa-mir-215,hsa-mir-429,hsa-mir-129-2,hsa-mir-1-1,hsa-mir-10b,hsa-mir-182,hsa-mir-133a-2,hsa-mir-204,hsa-mir-192,hsa-mir-139,hsa-mir-135a-1,hsa-mir-145,hsa-mir-363,hsa-mir-183,hsa-mir-205,hsa-mir-133a-1,hsa-mir-106a,hsa-mir-31,hsa-mir-141,hsa-mir-142"
Disease,"Carcinoma, Breast",32,0.09195402,2.79398762,1.12E-12,5.07E-10,4.44E-10,"hsa-mir-18b,hsa-mir-135b,hsa-mir-215,hsa-mir-10b,hsa-mir-135a-1,hsa-mir-183,hsa-mir-200c,hsa-mir-224,hsa-mir-20b,hsa-mir-210,hsa-mir-135a-2,hsa-mir-1-2,hsa-mir-873,hsa-mir-429,hsa-mir-1-1,hsa-mir-133a-2,hsa-mir-106a,hsa-mir-142,hsa-mir-203a,hsa-mir-203b,hsa-mir-129-1,hsa-mir-129-2,hsa-mir-182,hsa-mir-204,hsa-mir-139,hsa-mir-145,hsa-mir-363,hsa-mir-205,hsa-mir-31,hsa-mir-141,hsa-mir-192,hsa-mir-133a-1"
Disease,"Carcinoma, Colon",31,0.0984127,2.99023199,3.25E-12,1.47E-09,9.64E-10,"hsa-mir-203a,hsa-mir-200c,hsa-mir-18b,hsa-mir-224,hsa-mir-20b,hsa-mir-203b,hsa-mir-129-1,hsa-mir-210,hsa-mir-135a-2,hsa-mir-1-2,hsa-mir-135b,hsa-mir-215,hsa-mir-429,hsa-mir-129-2,hsa-mir-1-1,hsa-mir-10b,hsa-mir-182,hsa-mir-133a-2,hsa-mir-204,hsa-mir-192,hsa-mir-139,hsa-mir-135a-1,hsa-mir-145,hsa-mir-363,hsa-mir-183,hsa-mir-205,hsa-mir-133a-1,hsa-mir-106a,hsa-mir-31,hsa-mir-141,hsa-mir-142"
Disease,"Carcinoma, Cervical",22,0.15942029,4.84392419,5.45E-12,2.46E-09,1.29E-09,"hsa-mir-203a,hsa-mir-224,hsa-mir-20b,hsa-mir-203b,hsa-mir-129-1,hsa-mir-135a-2,hsa-mir-944,hsa-mir-135b,hsa-mir-215,hsa-mir-429,hsa-mir-129-2,hsa-mir-182,hsa-mir-133a-2,hsa-mir-139,hsa-mir-135a-1,hsa-mir-145,hsa-mir-183,hsa-mir-205,hsa-mir-133a-1,hsa-mir-31,hsa-mir-141,hsa-mir-142"
Disease,Glioma,26,0.125,3.79807692,5.56E-12,2.51E-09,1.10E-09,"hsa-mir-203a,hsa-mir-200c,hsa-mir-203b,hsa-mir-210,hsa-mir-383,hsa-mir-135a-2,hsa-mir-873,hsa-mir-135b,hsa-mir-215,hsa-mir-429,hsa-mir-129-2,hsa-mir-10b,hsa-mir-182,hsa-mir-133a-2,hsa-mir-204,hsa-mir-139,hsa-mir-135a-1,hsa-mir-145,hsa-mir-363,hsa-mir-183,hsa-mir-205,hsa-mir-133a-1,hsa-mir-106a,hsa-mir-31,hsa-mir-141,hsa-mir-142"
Disease,"Carcinoma, Lung",26,0.12206573,3.70892019,1.01E-11,4.54E-09,1.71E-09,"hsa-mir-203a,hsa-mir-200c,hsa-mir-224,hsa-mir-203b,hsa-mir-129-1,hsa-mir-383,hsa-mir-135a-2,hsa-mir-1-2,hsa-mir-944,hsa-mir-215,hsa-mir-129-2,hsa-mir-1-1,hsa-mir-10b,hsa-mir-182,hsa-mir-133a-2,hsa-mir-192,hsa-mir-139,hsa-mir-135a-1,hsa-mir-145,hsa-mir-183,hsa-mir-205,hsa-mir-133a-1,hsa-mir-106a,hsa-mir-31,hsa-mir-141,hsa-mir-142"
Disease,"Carcinoma, Ovarian",25,0.12886598,3.91554322,1.04E-11,4.70E-09,1.54E-09,"hsa-mir-203a,hsa-mir-200c,hsa-mir-224,hsa-mir-203b,hsa-mir-129-1,hsa-mir-210,hsa-mir-383,hsa-mir-135a-2,hsa-mir-1-2,hsa-mir-873,hsa-mir-135b,hsa-mir-429,hsa-mir-129-2,hsa-mir-1-1,hsa-mir-182,hsa-mir-133a-2,hsa-mir-204,hsa-mir-135a-1,hsa-mir-145,hsa-mir-183,hsa-mir-205,hsa-mir-133a-1,hsa-mir-106a,hsa-mir-31,hsa-mir-141"
Disease,"Carcinoma, Hepatocellular",31,0.09144543,2.77853415,1.29E-11,5.83E-09,1.70E-09,"hsa-mir-203a,hsa-mir-200c,hsa-mir-18b,hsa-mir-224,hsa-mir-20b,hsa-mir-203b,hsa-mir-129-1,hsa-mir-210,hsa-mir-135a-2,hsa-mir-1-2,hsa-mir-135b,hsa-mir-215,hsa-mir-429,hsa-mir-129-2,hsa-mir-1-1,hsa-mir-10b,hsa-mir-182,hsa-mir-133a-2,hsa-mir-204,hsa-mir-192,hsa-mir-139,hsa-mir-135a-1,hsa-mir-145,hsa-mir-363,hsa-mir-183,hsa-mir-205,hsa-mir-133a-1,hsa-mir-106a,hsa-mir-31,hsa-mir-141,hsa-mir-142"
Disease,Breast Neoplasms,22,0.14864865,4.51663202,2.47E-11,1.11E-08,2.92E-09,"hsa-mir-200c,hsa-mir-18b,hsa-mir-20b,hsa-mir-210,hsa-mir-383,hsa-mir-1-2,hsa-mir-135b,hsa-mir-215,hsa-mir-429,hsa-mir-129-2,hsa-mir-1-1,hsa-mir-10b,hsa-mir-182,hsa-mir-133a-2,hsa-mir-204,hsa-mir-145,hsa-mir-183,hsa-mir-205,hsa-mir-133a-1,hsa-mir-31,hsa-mir-141,hsa-mir-142"
Disease,"Carcinoma, Endometrial",15,0.25862069,7.85809019,3.59E-11,1.62E-08,3.87E-09,"hsa-mir-135b,hsa-mir-203a,hsa-mir-200c,hsa-mir-429,hsa-mir-203b,hsa-mir-31,hsa-mir-1-1,hsa-mir-145,hsa-mir-10b,hsa-mir-182,hsa-mir-141,hsa-mir-204,hsa-mir-205,hsa-mir-1-2,hsa-mir-944"
Disease,"Carcinoma, Bladder",20,0.16666667,5.06410256,3.82E-11,1.72E-08,3.77E-09,"hsa-mir-200c,hsa-mir-224,hsa-mir-20b,hsa-mir-210,hsa-mir-135a-2,hsa-mir-1-2,hsa-mir-1-1,hsa-mir-10b,hsa-mir-182,hsa-mir-133a-2,hsa-mir-192,hsa-mir-139,hsa-mir-135a-1,hsa-mir-145,hsa-mir-183,hsa-mir-205,hsa-mir-133a-1,hsa-mir-106a,hsa-mir-31,hsa-mir-141"
Disease,Osteosarcoma,23,0.13450292,4.08681961,5.65E-11,2.55E-08,5.15E-09,"hsa-mir-203a,hsa-mir-200c,hsa-mir-224,hsa-mir-203b,hsa-mir-129-1,hsa-mir-210,hsa-mir-1-2,hsa-mir-135b,hsa-mir-429,hsa-mir-129-2,hsa-mir-1-1,hsa-mir-10b,hsa-mir-182,hsa-mir-133a-2,hsa-mir-204,hsa-mir-192,hsa-mir-145,hsa-mir-183,hsa-mir-205,hsa-mir-133a-1,hsa-mir-106a,hsa-mir-141,hsa-mir-142"
Disease,"Carcinoma, Lung. Non-Small-Cell",25,0.11415525,3.4685634,1.86E-10,8.38E-08,1.47E-08,"hsa-mir-203a,hsa-mir-200c,hsa-mir-20b,hsa-mir-203b,hsa-mir-129-1,hsa-mir-210,hsa-mir-135a-2,hsa-mir-1-2,hsa-mir-135b,hsa-mir-429,hsa-mir-129-2,hsa-mir-1-1,hsa-mir-10b,hsa-mir-182,hsa-mir-133a-2,hsa-mir-204,hsa-mir-192,hsa-mir-139,hsa-mir-135a-1,hsa-mir-145,hsa-mir-205,hsa-mir-133a-1,hsa-mir-31,hsa-mir-141,hsa-mir-142"
Disease,"Carcinoma, Esophageal",15,0.22727273,6.90559441,2.76E-10,1.24E-07,2.04E-08,"hsa-mir-203a,hsa-mir-133a-1,hsa-mir-200c,hsa-mir-106a,hsa-mir-20b,hsa-mir-429,hsa-mir-203b,hsa-mir-31,hsa-mir-145,hsa-mir-141,hsa-mir-183,hsa-mir-133a-2,hsa-mir-204,hsa-mir-205,hsa-mir-192"
Disease,"Squamous Cell Carcinoma, Oral",16,0.19277108,5.85727525,8.27E-10,3.73E-07,5.77E-08,"hsa-mir-139,hsa-mir-203a,hsa-mir-133a-1,hsa-mir-200c,hsa-mir-224,hsa-mir-429,hsa-mir-203b,hsa-mir-31,hsa-mir-145,hsa-mir-10b,hsa-mir-3651,hsa-mir-133a-2,hsa-mir-210,hsa-mir-204,hsa-mir-205,hsa-mir-142"
Disease,Cholangiocarcinoma,11,0.31428571,9.54945055,2.65E-09,1.19E-06,1.74E-07,"hsa-mir-203a,hsa-mir-200c,hsa-mir-106a,hsa-mir-224,hsa-mir-429,hsa-mir-203b,hsa-mir-1-1,hsa-mir-141,hsa-mir-205,hsa-mir-1-2,hsa-mir-192"
Disease,Heart Failure,18,0.15,4.55769231,3.75E-09,1.69E-06,2.34E-07,"hsa-mir-129-1,hsa-mir-210,hsa-mir-135a-2,hsa-mir-1-2,hsa-mir-429,hsa-mir-129-2,hsa-mir-1-1,hsa-mir-10b,hsa-mir-182,hsa-mir-133a-2,hsa-mir-204,hsa-mir-192,hsa-mir-139,hsa-mir-135a-1,hsa-mir-145,hsa-mir-205,hsa-mir-133a-1,hsa-mir-142"
Disease,Glioblastoma,20,0.1183432,3.59581247,2.55E-08,1.15E-05,1.51E-06,"hsa-mir-203a,hsa-mir-200c,hsa-mir-224,hsa-mir-203b,hsa-mir-129-1,hsa-mir-210,hsa-mir-1-2,hsa-mir-873,hsa-mir-135b,hsa-mir-429,hsa-mir-129-2,hsa-mir-1-1,hsa-mir-10b,hsa-mir-182,hsa-mir-139,hsa-mir-145,hsa-mir-205,hsa-mir-106a,hsa-mir-31,hsa-mir-142"
Disease,"Carcinoma, Renal Cell",17,0.14285714,4.34065934,2.76E-08,1.24E-05,1.56E-06,"hsa-mir-203a,hsa-mir-200c,hsa-mir-224,hsa-mir-210,hsa-mir-135a-2,hsa-mir-429,hsa-mir-129-2,hsa-mir-182,hsa-mir-204,hsa-mir-135a-1,hsa-mir-145,hsa-mir-363,hsa-mir-183,hsa-mir-205,hsa-mir-106a,hsa-mir-141,hsa-mir-142"
Disease,"Squamous Cell Carcinoma, Esophageal",18,0.12676056,3.85157096,6.38E-08,2.88E-05,3.43E-06,"hsa-mir-203a,hsa-mir-224,hsa-mir-203b,hsa-mir-129-1,hsa-mir-3651,hsa-mir-383,hsa-mir-1-2,hsa-mir-129-2,hsa-mir-1-1,hsa-mir-10b,hsa-mir-133a-2,hsa-mir-139,hsa-mir-145,hsa-mir-183,hsa-mir-205,hsa-mir-133a-1,hsa-mir-106a,hsa-mir-31"
Disease,Retinal Degeneration,6,0.66666667,20.25641026,6.71E-08,3.03E-05,3.46E-06,"hsa-mir-183,hsa-mir-1-1,hsa-mir-204,hsa-mir-1-2,hsa-mir-142,hsa-mir-182"
Disease,"Carcinoma, Rectal",11,0.22916667,6.96314103,1.07E-07,4.83E-05,5.28E-06,"hsa-mir-139,hsa-mir-135b,hsa-mir-203a,hsa-mir-18b,hsa-mir-203b,hsa-mir-31,hsa-mir-135a-1,hsa-mir-145,hsa-mir-141,hsa-mir-183,hsa-mir-135a-2"
Disease,"Adenocarcinoma, Lung",15,0.14851485,4.51256664,1.50E-07,6.74E-05,7.09E-06,"hsa-mir-203a,hsa-mir-200c,hsa-mir-224,hsa-mir-203b,hsa-mir-210,hsa-mir-215,hsa-mir-182,hsa-mir-133a-2,hsa-mir-192,hsa-mir-145,hsa-mir-183,hsa-mir-205,hsa-mir-133a-1,hsa-mir-106a,hsa-mir-31"
Disease,"Carcinoma, Prostate",23,0.08949416,2.71924573,2.94E-07,0.000132,1.34E-05,"hsa-mir-203a,hsa-mir-200c,hsa-mir-224,hsa-mir-129-1,hsa-mir-210,hsa-mir-135a-2,hsa-mir-1-2,hsa-mir-383,hsa-mir-135b,hsa-mir-429,hsa-mir-129-2,hsa-mir-1-1,hsa-mir-182,hsa-mir-133a-2,hsa-mir-204,hsa-mir-139,hsa-mir-135a-1,hsa-mir-145,hsa-mir-183,hsa-mir-205,hsa-mir-133a-1,hsa-mir-31,hsa-mir-141"
Disease,Aortic Stenosis,8,0.32,9.72307692,4.72E-07,0.000213,2.07E-05,"hsa-mir-133a-1,hsa-mir-106a,hsa-mir-31,hsa-mir-1-1,hsa-mir-133a-2,hsa-mir-210,hsa-mir-204,hsa-mir-1-2"
Disease,Lung Neoplasms,15,0.13636364,4.14335664,4.90E-07,0.000221,2.07E-05,"hsa-mir-203a,hsa-mir-224,hsa-mir-203b,hsa-mir-210,hsa-mir-1-2,hsa-mir-129-2,hsa-mir-1-1,hsa-mir-182,hsa-mir-192,hsa-mir-145,hsa-mir-183,hsa-mir-205,hsa-mir-106a,hsa-mir-31,hsa-mir-142"
Disease,"Adenocarcinoma, Pancreatic Ductal",12,0.16901408,5.13542795,9.09E-07,0.00041,3.59E-05,"hsa-mir-200c,hsa-mir-106a,hsa-mir-224,hsa-mir-429,hsa-mir-31,hsa-mir-135a-1,hsa-mir-145,hsa-mir-10b,hsa-mir-141,hsa-mir-183,hsa-mir-210,hsa-mir-135a-2"
Disease,Melanoma,16,0.12121212,3.68298368,9.44E-07,0.000426,3.61E-05,"hsa-mir-203a,hsa-mir-200c,hsa-mir-18b,hsa-mir-224,hsa-mir-20b,hsa-mir-203b,hsa-mir-210,hsa-mir-429,hsa-mir-10b,hsa-mir-182,hsa-mir-204,hsa-mir-145,hsa-mir-183,hsa-mir-205,hsa-mir-141,hsa-mir-142"
Disease,Long QT Syndrome,4,1,30.38461538,1.01E-06,0.000454,3.73E-05,"hsa-mir-1-2,hsa-mir-1-1,hsa-mir-133a-2,hsa-mir-133a-1"
Disease,Bladder Neoplasms,9,0.24324324,7.39085239,1.11E-06,0.000501,3.99E-05,"hsa-mir-203a,hsa-mir-133a-1,hsa-mir-203b,hsa-mir-1-1,hsa-mir-145,hsa-mir-133a-2,hsa-mir-210,hsa-mir-205,hsa-mir-1-2"
Disease,Preeclampsia,12,0.16216216,4.92723493,1.46E-06,0.000657,5.08E-05,"hsa-mir-135b,hsa-mir-203a,hsa-mir-106a,hsa-mir-18b,hsa-mir-224,hsa-mir-203b,hsa-mir-182,hsa-mir-363,hsa-mir-210,hsa-mir-204,hsa-mir-205,hsa-mir-142"
Disease,Ovarian Neoplasms,14,0.13207547,4.01306241,2.06E-06,0.000928,6.97E-05,"hsa-mir-200c,hsa-mir-224,hsa-mir-383,hsa-mir-1-2,hsa-mir-135b,hsa-mir-215,hsa-mir-429,hsa-mir-1-1,hsa-mir-133a-2,hsa-mir-145,hsa-mir-183,hsa-mir-133a-1,hsa-mir-31,hsa-mir-141"
Disease,"Adenocarcinoma, Esophageal",7,0.31818182,9.66783217,2.86E-06,0.00129,9.15E-05,"hsa-mir-203a,hsa-mir-224,hsa-mir-203b,hsa-mir-145,hsa-mir-210,hsa-mir-205,hsa-mir-944"
Disease,"Carcinoma, Pancreatic",17,0.10240964,3.11167748,4.44E-06,0.002,0.000135,"hsa-mir-200c,hsa-mir-210,hsa-mir-135b,hsa-mir-215,hsa-mir-429,hsa-mir-10b,hsa-mir-182,hsa-mir-133a-2,hsa-mir-204,hsa-mir-192,hsa-mir-139,hsa-mir-145,hsa-mir-183,hsa-mir-205,hsa-mir-133a-1,hsa-mir-106a,hsa-mir-141"
Disease,"Cardiomyopathy, Hypertrophic",10,0.18181818,5.52447552,4.56E-06,0.00206,0.000135,"hsa-mir-133a-1,hsa-mir-106a,hsa-mir-1-1,hsa-mir-145,hsa-mir-10b,hsa-mir-133a-2,hsa-mir-204,hsa-mir-383,hsa-mir-1-2,hsa-mir-192"
Disease,Distal Myopathy,4,0.8,24.30769231,4.91E-06,0.00222,0.000142,"hsa-mir-1-2,hsa-mir-1-1,hsa-mir-133a-2,hsa-mir-133a-1"
Disease,Musculoskeletal Abnormalities [unspecific],4,0.8,24.30769231,4.91E-06,0.00222,0.000142,"hsa-mir-1-2,hsa-mir-1-1,hsa-mir-133a-2,hsa-mir-133a-1"
Disease,Ventricular Tachycardia,4,0.8,24.30769231,4.91E-06,0.00222,0.000142,"hsa-mir-1-2,hsa-mir-1-1,hsa-mir-133a-2,hsa-mir-133a-1"
Disease,Sepsis,8,0.23529412,7.14932127,6.38E-06,0.00288,0.000158,"hsa-mir-133a-1,hsa-mir-31,hsa-mir-135a-1,hsa-mir-145,hsa-mir-182,hsa-mir-133a-2,hsa-mir-210,hsa-mir-135a-2"
Disease,Head And Neck Neoplasms,8,0.22222222,6.75213675,1.01E-05,0.00457,0.000245,"hsa-mir-133a-1,hsa-mir-200c,hsa-mir-1-1,hsa-mir-133a-2,hsa-mir-204,hsa-mir-205,hsa-mir-1-2,hsa-mir-142"
Disease,Barrett's Esophagus,5,0.45454545,13.81118881,1.19E-05,0.00537,0.000282,"hsa-mir-203a,hsa-mir-205,hsa-mir-215,hsa-mir-203b,hsa-mir-192"
Disease,Rhabdomyosarcoma,6,0.33333333,10.12820513,1.19E-05,0.00537,0.000277,"hsa-mir-1-1,hsa-mir-133a-2,hsa-mir-203a,hsa-mir-133a-1,hsa-mir-1-2,hsa-mir-203b"
Disease,Arteriosclerosis Obliterans,6,0.33333333,10.12820513,1.19E-05,0.00537,0.000277,"hsa-mir-1-1,hsa-mir-1298,hsa-mir-133a-2,hsa-mir-133a-1,hsa-mir-1-2,hsa-mir-142"
Disease,"Carcinoma, Oral",8,0.21621622,6.56964657,1.26E-05,0.0057,0.000282,"hsa-mir-139,hsa-mir-135b,hsa-mir-203a,hsa-mir-203b,hsa-mir-31,hsa-mir-145,hsa-mir-205,hsa-mir-142"
Disease,Nephrosclerosis,4,0.66666667,20.25641026,1.44E-05,0.00649,0.000316,"hsa-mir-429,hsa-mir-205,hsa-mir-192,hsa-mir-141"
Disease,"Muscular Dystrophy, Duchenne",4,0.66666667,20.25641026,1.44E-05,0.00649,0.000316,"hsa-mir-1-1,hsa-mir-133a-2,hsa-mir-133a-1,hsa-mir-1-2"
Disease,Hypertension,8,0.20512821,6.23274162,1.92E-05,0.00865,0.000392,"hsa-mir-139,hsa-mir-135b,hsa-mir-133a-1,hsa-mir-31,hsa-mir-1-1,hsa-mir-133a-2,hsa-mir-204,hsa-mir-1-2"
Disease,"Carcinoma, Adrenocortical",7,0.23333333,7.08974359,2.81E-05,0.0127,0.000555,"hsa-mir-139,hsa-mir-203a,hsa-mir-203b,hsa-mir-145,hsa-mir-210,hsa-mir-205,hsa-mir-192"
Disease,"Carcinoma, Nasopharyngeal",13,0.11403509,3.46491228,2.92E-05,0.0132,0.000568,"hsa-mir-203a,hsa-mir-200c,hsa-mir-18b,hsa-mir-203b,hsa-mir-1-2,hsa-mir-1-1,hsa-mir-10b,hsa-mir-204,hsa-mir-145,hsa-mir-183,hsa-mir-205,hsa-mir-31,hsa-mir-142"
Disease,Gastrointestinal Neoplasms,11,0.13414634,4.07598499,3.05E-05,0.0138,0.000583,"hsa-mir-139,hsa-mir-106a,hsa-mir-200c,hsa-mir-18b,hsa-mir-20b,hsa-mir-129-1,hsa-mir-31,hsa-mir-129-2,hsa-mir-145,hsa-mir-141,hsa-mir-210"
Disease,"Carcinoma, Endometrioid Endometrial",4,0.57142857,17.36263736,3.28E-05,0.0148,0.000616,"hsa-mir-205,hsa-mir-145,hsa-mir-200c,hsa-mir-141"
Disease,Diabetic Foot,3,1,30.38461538,3.30E-05,0.0149,0.000602,"hsa-mir-203b,hsa-mir-203a,hsa-mir-31"
Disease,Polycystic Kidney Disease,5,0.35714286,10.85164835,4.80E-05,0.0216,0.000836,"hsa-mir-1-1,hsa-mir-133a-2,hsa-mir-205,hsa-mir-133a-1,hsa-mir-1-2"
Disease,Arrhythmia,4,0.5,15.19230769,6.40E-05,0.0289,0.0011,"hsa-mir-1-1,hsa-mir-133a-2,hsa-mir-133a-1,hsa-mir-1-2"
Disease,Atrial Fibrillation,9,0.15,4.55769231,7.66E-05,0.0345,0.00128,"hsa-mir-215,hsa-mir-106a,hsa-mir-18b,hsa-mir-1-1,hsa-mir-10b,hsa-mir-363,hsa-mir-183,hsa-mir-1-2,hsa-mir-192"
Disease,"Squamous Cell Carcinoma, Head and Neck",8,0.16666667,5.06410256,9.48E-05,0.0427,0.00156,"hsa-mir-200c,hsa-mir-106a,hsa-mir-20b,hsa-mir-1-1,hsa-mir-182,hsa-mir-141,hsa-mir-210,hsa-mir-1-2"
Disease,Esophageal Neoplasms,4,0.44444444,13.5042735,0.000112,0.0507,0.0018,"hsa-mir-203a,hsa-mir-203b,hsa-mir-145,hsa-mir-141"
Disease,"Carcinoma, Laryngeal",9,0.14285714,4.34065934,0.000114,0.0515,0.0018,"hsa-mir-133a-1,hsa-mir-20b,hsa-mir-31,hsa-mir-1-1,hsa-mir-10b,hsa-mir-133a-2,hsa-mir-210,hsa-mir-205,hsa-mir-1-2"
Disease,"Colitis, Ulcerative",6,0.23076923,7.01183432,0.000122,0.0548,0.0019,"hsa-mir-200c,hsa-mir-18b,hsa-mir-429,hsa-mir-31,hsa-mir-141,hsa-mir-142"
Disease,Aplastic Anemia,4,0.4,12.15384615,0.000183,0.0825,0.00271,"hsa-mir-1-1,hsa-mir-204,hsa-mir-1-2,hsa-mir-145"
Disease,Endometriosis,7,0.17073171,5.18761726,0.000238,0.1071,0.00347,"hsa-mir-1-1,hsa-mir-145,hsa-mir-10b,hsa-mir-141,hsa-mir-183,hsa-mir-1-2,hsa-mir-142"
Disease,Chronic Hepatitis,4,0.36363636,11.04895105,0.000281,0.1266,0.00406,"hsa-mir-224,hsa-mir-203a,hsa-mir-215,hsa-mir-145"
Disease,"Carcinoma, Thyroid, Medullary",4,0.36363636,11.04895105,0.000281,0.1266,0.00406,"hsa-mir-129-2,hsa-mir-129-1,hsa-mir-200c,hsa-mir-182"
Disease,Medulloblastoma,6,0.2,6.07692308,0.000284,0.1283,0.00397,"hsa-mir-135b,hsa-mir-31,hsa-mir-135a-1,hsa-mir-10b,hsa-mir-135a-2,hsa-mir-192"
Disease,Keratitis,3,0.6,18.23076923,0.000315,0.1423,0.00435,"hsa-mir-183,hsa-mir-182,hsa-mir-145"
Disease,Cerebral Aneurysm,5,0.25,7.59615385,0.000321,0.1448,0.00414,"hsa-mir-1-1,hsa-mir-133a-2,hsa-mir-133a-1,hsa-mir-1-2,hsa-mir-145"
Disease,Peritoneal Dialysis Failure,6,0.19354839,5.8808933,0.000344,0.1552,0.00439,"hsa-mir-129-1,hsa-mir-31,hsa-mir-129-2,hsa-mir-205,hsa-mir-142,hsa-mir-192"
Disease,"Carcinoma, Renal Cell, Clear-Cell",8,0.13793103,4.19098143,0.000378,0.1705,0.00472,"hsa-mir-429,hsa-mir-1-1,hsa-mir-145,hsa-mir-10b,hsa-mir-141,hsa-mir-210,hsa-mir-204,hsa-mir-142"
Disease,Oral Leukoplakia,4,0.33333333,10.12820513,0.000411,0.1854,0.00508,"hsa-mir-129-2,hsa-mir-205,hsa-mir-129-1,hsa-mir-31"
Disease,Allergy,5,0.23809524,7.23443223,0.000411,0.1855,0.00487,"hsa-mir-31,hsa-mir-210,hsa-mir-142,hsa-mir-145,hsa-mir-106a"
Disease,Colitis,4,0.33333333,10.12820513,0.000411,0.1854,0.00508,"hsa-mir-18b,hsa-mir-139,hsa-mir-145,hsa-mir-31"
Disease,Adrenal Cortex Neoplasms,4,0.33333333,10.12820513,0.000411,0.1854,0.00508,"hsa-mir-210,hsa-mir-203a,hsa-mir-203b,hsa-mir-142"
Disease,Lymphoma,8,0.13333333,4.05128205,0.000481,0.2169,0.00564,"hsa-mir-203a,hsa-mir-200c,hsa-mir-18b,hsa-mir-224,hsa-mir-20b,hsa-mir-203b,hsa-mir-31,hsa-mir-10b"
Disease,Hirschsprung's Disease,5,0.22727273,6.90559441,0.000519,0.2343,0.00604,"hsa-mir-215,hsa-mir-429,hsa-mir-141,hsa-mir-142,hsa-mir-192"
Disease,Congenital Heart Diseases,5,0.22727273,6.90559441,0.000519,0.2343,0.00604,"hsa-mir-133a-1,hsa-mir-1-1,hsa-mir-10b,hsa-mir-133a-2,hsa-mir-1-2"
Disease,"Carcinoma, Head And Neck",4,0.30769231,9.34911243,0.00058,0.2615,0.00661,"hsa-mir-203a,hsa-mir-203b,hsa-mir-363,hsa-mir-10b"
Disease,"Squamous Cell Carcinoma, Lung",5,0.2173913,6.60535117,0.000648,0.2922,0.00724,"hsa-mir-133a-1,hsa-mir-182,hsa-mir-183,hsa-mir-133a-2,hsa-mir-205"
Disease,"Adenocarcinoma, Colon",5,0.2173913,6.60535117,0.000648,0.2922,0.00724,"hsa-mir-135b,hsa-mir-224,hsa-mir-429,hsa-mir-145,hsa-mir-182"
Disease,Cardiovascular Diseases [unspecific],8,0.125,3.79807692,0.000755,0.3405,0.00828,"hsa-mir-133a-1,hsa-mir-200c,hsa-mir-1-1,hsa-mir-145,hsa-mir-10b,hsa-mir-133a-2,hsa-mir-210,hsa-mir-1-2"
Disease,Myotonic Muscular Dystrophy,4,0.28571429,8.68131868,0.000793,0.3575,0.00862,"hsa-mir-1-1,hsa-mir-133a-2,hsa-mir-133a-1,hsa-mir-1-2"
Disease,"Carcinoma, Urothelial",4,0.26666667,8.1025641,0.00106,0.4759,0.0112,"hsa-mir-129-2,hsa-mir-183,hsa-mir-145,hsa-mir-182"
Disease,"Adenocarcinoma, Gastric",6,0.15789474,4.79757085,0.00109,0.4907,0.0103,"hsa-mir-203a,hsa-mir-106a,hsa-mir-20b,hsa-mir-203b,hsa-mir-145,hsa-mir-205"
Disease,"Carcinoma, Skin",3,0.375,11.39423077,0.00165,0.7435,0.0154,"hsa-mir-383,hsa-mir-205,hsa-mir-200c"
Disease,Kidney Injury,5,0.17857143,5.42582418,0.00168,0.7558,0.0153,"hsa-mir-200c,hsa-mir-182,hsa-mir-210,hsa-mir-204,hsa-mir-192"
Disease,Coronary Heart Diseases,7,0.125,3.79807692,0.0017,0.7666,0.0154,"hsa-mir-133a-1,hsa-mir-224,hsa-mir-31,hsa-mir-1-1,hsa-mir-145,hsa-mir-133a-2,hsa-mir-1-2"
Disease,Acute Kidney Injury,4,0.23529412,7.14932127,0.00175,0.7911,0.0157,"hsa-mir-192,hsa-mir-200c,hsa-mir-145,hsa-mir-182"
Disease,Muscular Dystrophy,5,0.17241379,5.23872679,0.00198,0.8914,0.0173,"hsa-mir-133a-1,hsa-mir-1-1,hsa-mir-145,hsa-mir-133a-2,hsa-mir-1-2"
Disease,Diabetes Mellitus,8,0.10810811,3.28482328,0.00202,0.9094,0.0176,"hsa-mir-133a-1,hsa-mir-200c,hsa-mir-429,hsa-mir-1-1,hsa-mir-145,hsa-mir-133a-2,hsa-mir-204,hsa-mir-1-2"
Disease,Prostate Neoplasms,8,0.10666667,3.24102564,0.0022,0.9935,0.0186,"hsa-mir-135b,hsa-mir-203a,hsa-mir-200c,hsa-mir-106a,hsa-mir-203b,hsa-mir-145,hsa-mir-182,hsa-mir-205"
Disease,"Squamous Cell Carcinoma, Skin or Unspecific",4,0.22222222,6.75213675,0.0022,0.9932,0.019,"hsa-mir-204,hsa-mir-135b,hsa-mir-205,hsa-mir-31"
Disease,"Muscular Dystrophy, Facioscapulohumeral",4,0.22222222,6.75213675,0.0022,0.9932,0.019,"hsa-mir-1-1,hsa-mir-133a-2,hsa-mir-133a-1,hsa-mir-1-2"
Disease,Epstein-Barr Virus Infection,4,0.22222222,6.75213675,0.0022,0.9932,0.019,"hsa-mir-183,hsa-mir-142,hsa-mir-10b,hsa-mir-182"
Disease,Neuroblastoma,7,0.11864407,3.60495437,0.00232,1,0.0194,"hsa-mir-203a,hsa-mir-203b,hsa-mir-10b,hsa-mir-363,hsa-mir-204,hsa-mir-205,hsa-mir-192"
Disease,Colon Neoplasms,8,0.1038961,3.15684316,0.00262,1,0.0215,"hsa-mir-135b,hsa-mir-106a,hsa-mir-145,hsa-mir-141,hsa-mir-210,hsa-mir-205,hsa-mir-142,hsa-mir-192"
Disease,Essential Hypertension,4,0.21052632,6.39676113,0.00272,1,0.0223,"hsa-mir-1-1,hsa-mir-133a-2,hsa-mir-133a-1,hsa-mir-1-2"
Disease,Acute Myocardial Infarction,6,0.13043478,3.9632107,0.00304,1,0.0246,"hsa-mir-133a-1,hsa-mir-1-1,hsa-mir-145,hsa-mir-133a-2,hsa-mir-204,hsa-mir-1-2"
Disease,Endometrial Stromal Sarcoma,2,0.66666667,20.25641026,0.0031,1,0.025,"hsa-mir-142,hsa-mir-31"
Disease,"Carcinoma, Merkel Cell",2,0.66666667,20.25641026,0.0031,1,0.025,"hsa-mir-203b,hsa-mir-203a"
Disease,"Osteoporosis, Postmenopausal",2,0.66666667,20.25641026,0.0031,1,0.025,"hsa-mir-210,hsa-mir-145"
Disease,Chronic Post-Traumatic Headache,2,0.66666667,20.25641026,0.0031,1,0.025,"hsa-mir-135a-2,hsa-mir-135a-1"
Disease,Chronic Atrial Fibrillation,2,0.66666667,20.25641026,0.0031,1,0.025,"hsa-mir-1-2,hsa-mir-1-1"
Disease,Inflammatory Bowel Diseases,5,0.15625,4.74759615,0.00312,1,0.0234,"hsa-mir-200c,hsa-mir-18b,hsa-mir-129-1,hsa-mir-31,hsa-mir-129-2"
Disease,Viral Myocarditis,3,0.3,9.11538462,0.00337,1,0.025,"hsa-mir-1-1,hsa-mir-20b,hsa-mir-1-2"
Disease,Carotid Atherosclerosis,3,0.3,9.11538462,0.00337,1,0.025,"hsa-mir-133a-2,hsa-mir-133a-1,hsa-mir-145"
Disease,Crohn Disease,5,0.15151515,4.6037296,0.00358,1,0.0261,"hsa-mir-18b,hsa-mir-31,hsa-mir-141,hsa-mir-142,hsa-mir-192"
Disease,Psoriasis,5,0.15151515,4.6037296,0.00358,1,0.0261,"hsa-mir-203a,hsa-mir-106a,hsa-mir-203b,hsa-mir-31,hsa-mir-210"
Disease,"Leukemia, Myeloid, Acute",10,0.08403361,2.55332902,0.00364,1,0.0262,"hsa-mir-203a,hsa-mir-200c,hsa-mir-224,hsa-mir-203b,hsa-mir-210,hsa-mir-135a-2,hsa-mir-215,hsa-mir-204,hsa-mir-135a-1,hsa-mir-142"
Disease,Pancreatic Neoplasms,7,0.109375,3.32331731,0.00374,1,0.0267,"hsa-mir-203a,hsa-mir-200c,hsa-mir-106a,hsa-mir-224,hsa-mir-203b,hsa-mir-145,hsa-mir-210"
Disease,Chondrosarcoma,4,0.19047619,5.78754579,0.00401,1,0.0285,"hsa-mir-129-2,hsa-mir-129-1,hsa-mir-145,hsa-mir-141"
Disease,Necrotizing Enterocolitis,3,0.27272727,8.28671329,0.00453,1,0.0316,"hsa-mir-203a,hsa-mir-203b,hsa-mir-31"
Disease,Aortic Aneurysm,3,0.27272727,8.28671329,0.00453,1,0.0316,"hsa-mir-1-1,hsa-mir-1-2,hsa-mir-145"
Disease,Intrahepatic Cholangiocarcinoma,4,0.18181818,5.52447552,0.00479,1,0.0328,"hsa-mir-1-1,hsa-mir-145,hsa-mir-204,hsa-mir-1-2"
Disease,"Diabetes Mellitus, Type 2",11,0.07482993,2.2736787,0.00558,1,0.0376,"hsa-mir-200c,hsa-mir-20b,hsa-mir-383,hsa-mir-1-2,hsa-mir-1-1,hsa-mir-182,hsa-mir-133a-2,hsa-mir-192,hsa-mir-145,hsa-mir-133a-1,hsa-mir-142"
Disease,"Carcinoma, Spindle Cell",2,0.5,15.19230769,0.00608,1,0.0405,"hsa-mir-200c,hsa-mir-205"
Disease,"Lymphoma, Follicular",2,0.5,15.19230769,0.00608,1,0.0405,"hsa-mir-142,hsa-mir-31"
Disease,HELLP Syndrome,2,0.5,15.19230769,0.00608,1,0.0405,"hsa-mir-133a-1,hsa-mir-133a-2"
Disease,Fatty Liver [unspecific],2,0.5,15.19230769,0.00608,1,0.0405,"hsa-mir-182,hsa-mir-183"
Disease,Hyperactivity Disorder,2,0.5,15.19230769,0.00608,1,0.0405,"hsa-mir-182,hsa-mir-183"
Disease,Pain[unspecific],2,0.5,15.19230769,0.00608,1,0.0405,"hsa-mir-183,hsa-mir-182"
Disease,Heart Diseases [unspecific],5,0.13157895,3.99797571,0.00671,1,0.0432,"hsa-mir-873,hsa-mir-133a-1,hsa-mir-1-1,hsa-mir-133a-2,hsa-mir-1-2"
Disease,Spinal Cord Injuries,3,0.23076923,7.01183432,0.00751,1,0.0481,"hsa-mir-383,hsa-mir-142,hsa-mir-145"
Disease,"Carcinoma, Thyroid, Papillary",6,0.10714286,3.25549451,0.00824,1,0.0525,"hsa-mir-135b,hsa-mir-31,hsa-mir-182,hsa-mir-183,hsa-mir-204,hsa-mir-192"
Disease,"Tuberculosis, Pulmonary",4,0.15384615,4.67455621,0.00889,1,0.0563,"hsa-mir-200c,hsa-mir-31,hsa-mir-204,hsa-mir-192"
Disease,Parkinson's Disease,5,0.12195122,3.7054409,0.00932,1,0.0588,"hsa-mir-106a,hsa-mir-129-1,hsa-mir-129-2,hsa-mir-1-1,hsa-mir-1-2"
Disease,Chordoma,3,0.21428571,6.51098901,0.00934,1,0.0585,"hsa-mir-1-1,hsa-mir-1-2,hsa-mir-31"
Disease,Peripheral Vascular Disease,3,0.21428571,6.51098901,0.00934,1,0.0585,"hsa-mir-20b,hsa-mir-145,hsa-mir-363"
Disease,Bladder Outlet Obstruction,3,0.21428571,6.51098901,0.00934,1,0.0585,"hsa-mir-1-1,hsa-mir-204,hsa-mir-1-2"
Disease,Atherosclerosis,8,0.08421053,2.55870445,0.00974,1,0.0598,"hsa-mir-210,hsa-mir-135b,hsa-mir-10b,hsa-mir-182,hsa-mir-133a-2,hsa-mir-145,hsa-mir-133a-1,hsa-mir-142"
Disease,"Carcinoma, Periampullary",2,0.4,12.15384615,0.00992,1,0.0603,"hsa-mir-192,hsa-mir-31"
Disease,"Adenocarcinoma, Cervical",2,0.4,12.15384615,0.00992,1,0.0603,"hsa-mir-192,hsa-mir-135b"
Disease,Gallstones,2,0.4,12.15384615,0.00992,1,0.0603,"hsa-mir-210,hsa-mir-429"
Disease,Cardiomegaly,2,0.4,12.15384615,0.00992,1,0.0603,"hsa-mir-1-2,hsa-mir-1-1"
Disease,Reflux Esophagitis,2,0.4,12.15384615,0.00992,1,0.0603,"hsa-mir-192,hsa-mir-145"
Disease,"Carcinoma, Gallbladder",4,0.14814815,4.5014245,0.0102,1,0.0601,"hsa-mir-1-1,hsa-mir-145,hsa-mir-182,hsa-mir-1-2"
Disease,Myelodysplastic Syndromes,4,0.14285714,4.34065934,0.0116,1,0.0681,"hsa-mir-1-1,hsa-mir-145,hsa-mir-205,hsa-mir-1-2"
Disease,"Squamous Cell Carcinoma, Laryngeal or Hypopharyngeal",4,0.14285714,4.34065934,0.0116,1,0.0681,"hsa-mir-139,hsa-mir-203a,hsa-mir-203b,hsa-mir-205"
Disease,Autism Spectrum Disorder,4,0.14285714,4.34065934,0.0116,1,0.0681,"hsa-mir-106a,hsa-mir-129-1,hsa-mir-129-2,hsa-mir-363"
Disease,Chronic Obstructive Pulmonary Disease,4,0.14285714,4.34065934,0.0116,1,0.0681,"hsa-mir-106a,hsa-mir-1-1,hsa-mir-1-2,hsa-mir-192"
Disease,Kawasaki's Syndrome,2,0.33333333,10.12820513,0.0146,1,0.0834,"hsa-mir-200c,hsa-mir-31"
Disease,Essential Thrombocythemia,2,0.33333333,10.12820513,0.0146,1,0.0834,"hsa-mir-203a,hsa-mir-203b"
Disease,Neuroendocrine Tumors,2,0.33333333,10.12820513,0.0146,1,0.0834,"hsa-mir-133a-2,hsa-mir-133a-1"
Disease,Nasopharyngeal Neoplasms,2,0.33333333,10.12820513,0.0146,1,0.0834,"hsa-mir-204,hsa-mir-10b"
Disease,Biliary Atresia,2,0.33333333,10.12820513,0.0146,1,0.0834,"hsa-mir-129-2,hsa-mir-129-1"
Disease,Chronic Hepatitis B,4,0.125,3.79807692,0.0185,1,0.1032,"hsa-mir-200c,hsa-mir-106a,hsa-mir-210,hsa-mir-192"
Disease,Chronic Kidney Disease,4,0.125,3.79807692,0.0185,1,0.1032,"hsa-mir-133a-1,hsa-mir-133a-2,hsa-mir-210,hsa-mir-204"
Disease,Respiratory Syncytial Virus Pneumonia,3,0.16666667,5.06410256,0.0191,1,0.1053,"hsa-mir-429,hsa-mir-203a,hsa-mir-31"
Disease,"Carcinoma, Biliary Tract",2,0.28571429,8.68131868,0.02,1,0.1096,"hsa-mir-205,hsa-mir-141"
Disease,Retinal Neovascularization,2,0.28571429,8.68131868,0.02,1,0.1096,"hsa-mir-106a,hsa-mir-31"
Disease,Acute Pancreatitis,2,0.28571429,8.68131868,0.02,1,0.1096,"hsa-mir-135a-1,hsa-mir-135a-2"
Disease,Behcet's Disease,2,0.28571429,8.68131868,0.02,1,0.1096,"hsa-mir-139,hsa-mir-182"
Disease,Pituitary Adenoma,3,0.15789474,4.79757085,0.0222,1,0.1195,"hsa-mir-383,hsa-mir-200c,hsa-mir-10b"
Disease,Human Papilloma Virus Infection,4,0.11764706,3.57466063,0.0228,1,0.1218,"hsa-mir-203a,hsa-mir-203b,hsa-mir-145,hsa-mir-205"
Disease,Myocardial Infarction,5,0.09615385,2.92159763,0.0248,1,0.1316,"hsa-mir-106a,hsa-mir-31,hsa-mir-1-1,hsa-mir-210,hsa-mir-1-2"
Disease,Muscle Diseases [unspecific],2,0.25,7.59615385,0.0261,1,0.1374,"hsa-mir-133a-2,hsa-mir-133a-1"
Disease,Nephrotic Syndrome,2,0.25,7.59615385,0.0261,1,0.1374,"hsa-mir-210,hsa-mir-192"
Disease,Vasculitis,2,0.25,7.59615385,0.0261,1,0.1374,"hsa-mir-383,hsa-mir-142"
Disease,"Carcinoma, Thyroid",4,0.11111111,3.37606838,0.0276,1,0.1424,"hsa-mir-145,hsa-mir-204,hsa-mir-205,hsa-mir-142"
Disease,Autoimmune Diseases [unspecific],4,0.11111111,3.37606838,0.0276,1,0.1424,"hsa-mir-200c,hsa-mir-106a,hsa-mir-31,hsa-mir-142"
Disease,Colon Adenoma,3,0.14285714,4.34065934,0.0291,1,0.1486,"hsa-mir-145,hsa-mir-192,hsa-mir-182"
Disease,Systemic Lupus Erythematosus,5,0.09090909,2.76223776,0.0308,1,0.1568,"hsa-mir-18b,hsa-mir-224,hsa-mir-31,hsa-mir-145,hsa-mir-142"
Disease,Alopecia,2,0.22222222,6.75213675,0.0328,1,0.1663,"hsa-mir-203a,hsa-mir-203b"
Disease,"Carcinoma, Vulvar",2,0.22222222,6.75213675,0.0328,1,0.1663,"hsa-mir-133a-2,hsa-mir-133a-1"
Disease,Amyotrophic Lateral Sclerosis,2,0.22222222,6.75213675,0.0328,1,0.1663,"hsa-mir-129-2,hsa-mir-141"
Disease,Depression Disorder,3,0.13043478,3.9632107,0.037,1,0.1828,"hsa-mir-135a-1,hsa-mir-145,hsa-mir-135a-2"
Disease,Celiac Disease,2,0.2,6.07692308,0.0402,1,0.1969,"hsa-mir-192,hsa-mir-31"
Disease,Helicobacter Pylori Infection,2,0.2,6.07692308,0.0402,1,0.1969,"hsa-mir-203a,hsa-mir-203b"
Disease,Graves' Disease,2,0.2,6.07692308,0.0402,1,0.1969,"hsa-mir-183,hsa-mir-224"
Disease,Alcoholic Hepatitis,2,0.2,6.07692308,0.0402,1,0.1969,"hsa-mir-192,hsa-mir-182"
Disease,Cardiomyopathy,3,0.125,3.79807692,0.0414,1,0.1984,"hsa-mir-133a-1,hsa-mir-200c,hsa-mir-133a-2"
Disease,"Lymphoma, B-Cell",3,0.125,3.79807692,0.0414,1,0.1984,"hsa-mir-224,hsa-mir-204,hsa-mir-142"
Disease,Brain Neoplasms,3,0.125,3.79807692,0.0414,1,0.1984,"hsa-mir-129-1,hsa-mir-129-2,hsa-mir-383"
Disease,Multiple Myeloma,5,0.08333333,2.53205128,0.0429,1,0.2034,"hsa-mir-135b,hsa-mir-215,hsa-mir-145,hsa-mir-182,hsa-mir-192"
Disease,Liver Neoplasms,3,0.12,3.64615385,0.0459,1,0.2169,"hsa-mir-31,hsa-mir-10b,hsa-mir-210"
Disease,Mesothelioma,2,0.18181818,5.52447552,0.0481,1,0.2255,"hsa-mir-31,hsa-mir-106a"
Disease,ACTH-Secreting Pituitary Adenoma,2,0.18181818,5.52447552,0.0481,1,0.2255,"hsa-mir-145,hsa-mir-141"
Disease,Kidney Transplant Rejection,2,0.18181818,5.52447552,0.0481,1,0.2255,"hsa-mir-142,hsa-mir-192"
Disease,Hepatoblastoma,3,0.11538462,3.50591716,0.0508,1,0.2341,"hsa-mir-224,hsa-mir-145,hsa-mir-210"
Disease,"Squamous Cell Carcinoma, Tongue",3,0.11111111,3.37606838,0.0558,1,0.2555,"hsa-mir-203a,hsa-mir-203b,hsa-mir-183"
Disease,Retinoblastoma,4,0.08888889,2.7008547,0.0565,1,0.2576,"hsa-mir-215,hsa-mir-31,hsa-mir-183,hsa-mir-204"
Disease,Endometrial Neoplasms,2,0.16666667,5.06410256,0.0566,1,0.2559,"hsa-mir-183,hsa-mir-182"
Disease,Lofgren's Syndrome,2,0.16666667,5.06410256,0.0566,1,0.2559,"hsa-mir-1-1,hsa-mir-1-2"
Disease,Hepatitis C Virus Infection,6,0.06896552,2.09549072,0.0601,1,0.2698,"hsa-mir-224,hsa-mir-215,hsa-mir-182,hsa-mir-192,hsa-mir-145,hsa-mir-142"
Disease,Hepatitis B Virus Infection,5,0.07462687,2.26750861,0.0641,1,0.2866,"hsa-mir-203a,hsa-mir-215,hsa-mir-31,hsa-mir-141,hsa-mir-205"
Disease,Uterine Leiomyosarcoma,1,0.5,15.19230769,0.0648,1,0.2885,hsa-mir-31
Disease,Idiopathic Asthenospermia,1,0.5,15.19230769,0.0648,1,0.2885,hsa-mir-141
Disease,Hypoxic-Ischemic Encephalopathy,1,0.5,15.19230769,0.0648,1,0.2885,hsa-mir-210
Disease,Leiomyosarcoma,1,0.5,15.19230769,0.0648,1,0.2885,hsa-mir-200c
Disease,Craniofacial Abnormalities,1,0.5,15.19230769,0.0648,1,0.2885,hsa-mir-873
Disease,"Carcinoma, Embryonal",1,0.5,15.19230769,0.0648,1,0.2885,hsa-mir-383
Disease,Fever,1,0.5,15.19230769,0.0648,1,0.2885,hsa-mir-142
Disease,Keloid,2,0.15384615,4.67455621,0.0655,1,0.264,"hsa-mir-205,hsa-mir-145"
Disease,Male Infertility,2,0.15384615,4.67455621,0.0655,1,0.264,"hsa-mir-210,hsa-mir-145"
Disease,Myasthenia Gravis,2,0.14285714,4.34065934,0.0749,1,0.2997,"hsa-mir-20b,hsa-mir-192"
Disease,"Adenocarcinoma, Gastric-Esophageal Junction",2,0.13333333,4.05128205,0.0846,1,0.3354,"hsa-mir-135b,hsa-mir-192"
Disease,Dengue Virus Infection,2,0.13333333,4.05128205,0.0846,1,0.3354,"hsa-mir-133a-2,hsa-mir-133a-1"
Disease,Liver Injury,2,0.13333333,4.05128205,0.0846,1,0.3354,"hsa-mir-192,hsa-mir-182"
Disease,"Leukemia, Promyelocytic, Acute",2,0.13333333,4.05128205,0.0846,1,0.3354,"hsa-mir-18b,hsa-mir-142"
Disease,Myocardial Fibrosis,2,0.125,3.79807692,0.0948,1,0.3694,"hsa-mir-203a,hsa-mir-203b"
Disease,Myocardial Ischemic-Reperfusion Injury,2,0.125,3.79807692,0.0948,1,0.3694,"hsa-mir-1-1,hsa-mir-1-2"
Disease,Malignant Peripheral Nerve Sheath Tumor,1,0.33333333,10.12820513,0.0956,1,0.3702,hsa-mir-210
Disease,Heart Transplant Rejection,1,0.33333333,10.12820513,0.0956,1,0.3702,hsa-mir-142
Disease,Liver Transplant Rejection,1,0.33333333,10.12820513,0.0956,1,0.3702,hsa-mir-18b
Disease,Rheumatoid Arthritis,4,0.07407407,2.25071225,0.0972,1,0.362,"hsa-mir-203a,hsa-mir-106a,hsa-mir-203b,hsa-mir-363"
Disease,Alzheimer's Disease,6,0.06,1.82307692,0.1033,1,0.3839,"hsa-mir-200c,hsa-mir-135a-2,hsa-mir-139,hsa-mir-135a-1,hsa-mir-31,hsa-mir-142"
Disease,"Squamous Cell Carcinoma, Cerevial",2,0.11764706,3.57466063,0.1052,1,0.3896,"hsa-mir-205,hsa-mir-145"
Disease,Astrocytoma,2,0.11764706,3.57466063,0.1052,1,0.3896,"hsa-mir-210,hsa-mir-106a"
Disease,Pulmonary Hypertension,3,0.08333333,2.53205128,0.1114,1,0.4088,"hsa-mir-145,hsa-mir-210,hsa-mir-204"
Disease,Chronic Hepatitis C,3,0.08333333,2.53205128,0.1114,1,0.4088,"hsa-mir-224,hsa-mir-1-1,hsa-mir-1-2"
Disease,Liver Cirrhosis,4,0.07017544,2.13225371,0.1131,1,0.4126,"hsa-mir-203a,hsa-mir-203b,hsa-mir-145,hsa-mir-10b"
Disease,Mesial Temporal Lobe Epilepsy,2,0.11111111,3.37606838,0.116,1,0.4216,"hsa-mir-204,hsa-mir-145"
Disease,Stroke,3,0.08108108,2.46361746,0.1186,1,0.4297,"hsa-mir-133a-1,hsa-mir-145,hsa-mir-133a-2"
Disease,Diabetic Vasculopathy,1,0.25,7.59615385,0.1254,1,0.4532,hsa-mir-20b
Disease,Encephalomyelitis,1,0.25,7.59615385,0.1254,1,0.4532,hsa-mir-20b
Disease,"Carcinoma, Renal Cell, Chromophobe",1,0.25,7.59615385,0.1254,1,0.4532,hsa-mir-210
Disease,Pheochromocytoma,1,0.25,7.59615385,0.1254,1,0.4532,hsa-mir-210
Disease,Meningioma,1,0.25,7.59615385,0.1254,1,0.4532,hsa-mir-224
Disease,Ovarian Serous Cystadenocarcinoma,1,0.25,7.59615385,0.1254,1,0.4532,hsa-mir-200c
Disease,Liposarcoma,1,0.25,7.59615385,0.1254,1,0.4532,hsa-mir-145
Disease,Fungal Keratitis,1,0.25,7.59615385,0.1254,1,0.4532,hsa-mir-142
Disease,Cutaneous Melanoma,2,0.10526316,3.19838057,0.127,1,0.4414,"hsa-mir-205,hsa-mir-182"
Disease,Cervical Neoplasms,2,0.10526316,3.19838057,0.127,1,0.4414,"hsa-mir-215,hsa-mir-145"
Disease,"Cardiomyopathy, Ischemic",2,0.10526316,3.19838057,0.127,1,0.4414,"hsa-mir-139,hsa-mir-141"
Disease,Asthma,3,0.07317073,2.22326454,0.1489,1,0.5114,"hsa-mir-200c,hsa-mir-224,hsa-mir-145"
Disease,Osteoarthritis,3,0.07317073,2.22326454,0.1489,1,0.5114,"hsa-mir-139,hsa-mir-145,hsa-mir-204"
Disease,Diabetic Retinopathy,2,0.0952381,2.89377289,0.1498,1,0.5116,"hsa-mir-20b,hsa-mir-106a"
Disease,Varicella,1,0.2,6.07692308,0.1543,1,0.5255,hsa-mir-363
Disease,"Adenocarcinoma, Prostate",1,0.2,6.07692308,0.1543,1,0.5255,hsa-mir-141
Disease,Wounds and Injuries [unspecific],1,0.2,6.07692308,0.1543,1,0.5255,hsa-mir-145
Disease,"Lymphoma, Mantle-Cell",1,0.16666667,5.06410256,0.1823,1,0.6101,hsa-mir-20b
Disease,Acute Cerebral Infarction,1,0.16666667,5.06410256,0.1823,1,0.6101,hsa-mir-210
Disease,Lupus Vulgaris,1,0.16666667,5.06410256,0.1823,1,0.6101,hsa-mir-210
Disease,"Leukemia, Biphenotypic, Acute",1,0.16666667,5.06410256,0.1823,1,0.6101,hsa-mir-182
Disease,Kallmann Syndrome,1,0.16666667,5.06410256,0.1823,1,0.6101,hsa-mir-200c
Disease,Leiomyoma,1,0.16666667,5.06410256,0.1823,1,0.6101,hsa-mir-200c
Disease,Fibromyalgia,1,0.16666667,5.06410256,0.1823,1,0.6101,hsa-mir-145
Disease,Chronic Brucellosis,1,0.16666667,5.06410256,0.1823,1,0.6101,hsa-mir-139
Disease,Huntington's Disease,1,0.16666667,5.06410256,0.1823,1,0.6101,hsa-mir-10b
Disease,Diabetic Nephropathy,2,0.08333333,2.53205128,0.1853,1,0.605,"hsa-mir-135a-1,hsa-mir-135a-2"
Disease,Multiple Sclerosis,3,0.06382979,1.93944354,0.1984,1,0.646,"hsa-mir-145,hsa-mir-141,hsa-mir-142"
Disease,Enterovirus Infection,1,0.14285714,4.34065934,0.2093,1,0.6796,hsa-mir-135b
Disease,Giant Cell Tumor of Bone,1,0.14285714,4.34065934,0.2093,1,0.6796,hsa-mir-210
Disease,Kidney Diseases [unspecific],1,0.14285714,4.34065934,0.2093,1,0.6796,hsa-mir-200c
Disease,Prediabetes,1,0.14285714,4.34065934,0.2093,1,0.6796,hsa-mir-192
Disease,Glomerulonephritis,1,0.14285714,4.34065934,0.2093,1,0.6796,hsa-mir-429
Disease,Influenza,2,0.07692308,2.33727811,0.2097,1,0.6661,"hsa-mir-106a,hsa-mir-192"
Disease,"Lymphoma, T-Cell",2,0.07692308,2.33727811,0.2097,1,0.6661,"hsa-mir-145,hsa-mir-142"
Disease,Vascular Diseases [unspecific],2,0.07407407,2.25071225,0.222,1,0.6996,"hsa-mir-145,hsa-mir-210"
Disease,Soft Tissue Sarcoma,1,0.125,3.79807692,0.2355,1,0.7383,hsa-mir-182
Disease,Hemophagocytic Lymphohistiocytosis,1,0.125,3.79807692,0.2355,1,0.7383,hsa-mir-142
Disease,Glaucoma,2,0.06896552,2.09549072,0.2468,1,0.7596,"hsa-mir-182,hsa-mir-205"
Disease,Liver Diseases [unspecific],2,0.06896552,2.09549072,0.2468,1,0.7596,"hsa-mir-139,hsa-mir-200c"
Disease,"Carcinoma, Thyroid, Follicular",1,0.11111111,3.37606838,0.2608,1,0.7987,hsa-mir-183
Disease,Human Cytomegalovirus Infection,1,0.11111111,3.37606838,0.2608,1,0.7987,hsa-mir-200c
Disease,"Leukemia-Lymphoma, Adult T-Cell",1,0.11111111,3.37606838,0.2608,1,0.7987,hsa-mir-145
Disease,Metabolic Syndrome,1,0.11111111,3.37606838,0.2608,1,0.7987,hsa-mir-145
Disease,"Leukemia-Lymphoma, Precursor B-Cell Lymphoblastic",1,0.11111111,3.37606838,0.2608,1,0.7987,hsa-mir-142
Disease,Ankylosing Spondylitis,1,0.11111111,3.37606838,0.2608,1,0.7987,hsa-mir-10b
Disease,Pleural Mesothelioma,2,0.0625,1.89903846,0.2842,1,0.8525,"hsa-mir-31,hsa-mir-145"
Disease,Nervous System Diseases [unspecific],1,0.1,3.03846154,0.2853,1,0.8539,hsa-mir-145
Disease,Testicular Germ Cell Tumor,1,0.1,3.03846154,0.2853,1,0.8539,hsa-mir-142
Disease,Cerebral Ischemia,1,0.09090909,2.76223776,0.3091,1,0.9133,hsa-mir-224
Disease,Kidney Neoplasms,1,0.09090909,2.76223776,0.3091,1,0.9133,hsa-mir-200c
Disease,Pulmonary Sarcoidosis,1,0.09090909,2.76223776,0.3091,1,0.9133,hsa-mir-192
Disease,Gastric Neoplasms,1,0.09090909,2.76223776,0.3091,1,0.9133,hsa-mir-129-2
Disease,Azoospermia,1,0.09090909,2.76223776,0.3091,1,0.9133,hsa-mir-383
Disease,Uveal Melanoma,1,0.09090909,2.76223776,0.3091,1,0.9133,hsa-mir-145
Disease,Non-Traumatic Subarachnoid Hemorrhage,1,0.09090909,2.76223776,0.3091,1,0.9133,hsa-mir-142
Disease,Ewing's Sarcoma,1,0.08333333,2.53205128,0.332,1,0.962,hsa-mir-31
Disease,"Lymphoma, Large-Cell, Anaplastic",1,0.08333333,2.53205128,0.332,1,0.962,hsa-mir-135b
Disease,"Leukemia, Lymphoblastic, Acute, Childhood",1,0.08333333,2.53205128,0.332,1,0.962,hsa-mir-210
Disease,"Leukemia, Lymphoblastic, Acute, T-Cell",1,0.08333333,2.53205128,0.332,1,0.962,hsa-mir-204
Disease,Traumatic Brain Injury,1,0.08333333,2.53205128,0.332,1,0.962,hsa-mir-142
Disease,Hemoglobin Diseases,1,0.07692308,2.33727811,0.3542,1,1,hsa-mir-210
Disease,Tuberculosis,1,0.07692308,2.33727811,0.3542,1,1,hsa-mir-183
Disease,Ectopic Pregnancy,1,0.07692308,2.33727811,0.3542,1,1,hsa-mir-873
Disease,Lupus Nephritis,1,0.07692308,2.33727811,0.3542,1,1,hsa-mir-145
Disease,"Lymphoma, Burkitt's",1,0.07692308,2.33727811,0.3542,1,1,hsa-mir-145
Disease,Intervertebral Disc Degeneration,1,0.07692308,2.33727811,0.3542,1,1,hsa-mir-10b
Disease,"Lymphoma, Large B-Cell, Diffuse",2,0.05263158,1.59919028,0.3584,1,1,"hsa-mir-200c,hsa-mir-224"
Disease,Mandibular Prognathism,1,0.07142857,2.17032967,0.3757,1,1,hsa-mir-192
Disease,Acute Ischemic Stroke,1,0.07142857,2.17032967,0.3757,1,1,hsa-mir-145
Disease,"Leukemia, B-Cell",1,0.07142857,2.17032967,0.3757,1,1,hsa-mir-142
Disease,"Leukemia, Myeloid, Chronic",3,0.04477612,1.36050517,0.3809,1,1,"hsa-mir-224,hsa-mir-145,hsa-mir-142"
Disease,"Leukemia, Lymphocytic, Chronic",2,0.04878049,1.48217636,0.3946,1,1,"hsa-mir-31,hsa-mir-363"
Disease,Idiopathic Pulmonary Fibrosis,1,0.06666667,2.02564103,0.3965,1,1,hsa-mir-210
Disease,Prolactinoma,1,0.06666667,2.02564103,0.3965,1,1,hsa-mir-142
Disease,Cystic Fibrosis,1,0.0625,1.89903846,0.4166,1,1,hsa-mir-31
Disease,Thyroid Neoplasms,1,0.0625,1.89903846,0.4166,1,1,hsa-mir-141
Disease,"Leukemia, Myeloid",1,0.05555556,1.68803419,0.4549,1,1,hsa-mir-139
Disease,Human Immunodeficiency Virus Infection,2,0.04255319,1.29296236,0.4642,1,1,"hsa-mir-183,hsa-mir-210"
Disease,Neurodegenerative Diseases [unspecific],1,0.05263158,1.59919028,0.4731,1,1,hsa-mir-139
Disease,"Aortic Aneurysm, Abdominal",1,0.04761905,1.44688645,0.5078,1,1,hsa-mir-205
Disease,Allergic Rhinitis,1,0.04761905,1.44688645,0.5078,1,1,hsa-mir-224
Disease,Ischemia-Reperfusion Injury,1,0.04347826,1.32107023,0.5402,1,1,hsa-mir-192
Disease,"Carcinoma, Ovarian, Serous",1,0.04166667,1.26602564,0.5557,1,1,hsa-mir-106a
Disease,"Leukemia, Lymphoblastic, Acute",1,0.04166667,1.26602564,0.5557,1,1,hsa-mir-142
Disease,Kaposi's Sarcoma,1,0.03703704,1.12535613,0.599,1,1,hsa-mir-200c
Disease,Epilepsy,1,0.03703704,1.12535613,0.599,1,1,hsa-mir-139
Disease,Polycystic Ovarian Syndrome,1,0.03448276,1.04774536,0.6256,1,1,hsa-mir-18b
Disease,Leukemia,2,0.02985075,0.90700344,0.66,1,1,"hsa-mir-139,hsa-mir-183"
Disease,"Stroke, Ischemic",1,0.02941176,0.89366516,0.6847,1,1,hsa-mir-210
Disease,Adenovirus Infection,1,0.02777778,0.84401709,0.7057,1,1,hsa-mir-210
Disease,Obesity,1,0.01960784,0.59577677,0.8253,1,1,hsa-mir-210
Disease,Schizophrenia,1,0.01886792,0.57329463,0.8371,1,1,hsa-mir-183
